model,variant,protocol,method,test_batch,train_batches,n_test,n_train_used,toluene_in_train,accuracy,macro_precision,macro_recall,macro_f1,macro_f1_gases1to5,toluene_recall
Naive Bayes,LDA,P1,baseline,4,1-3,161,3275,79,0.7950310559006211,0.8377926421404682,0.8523013565891471,0.8139772936745142,0.8139772936745142,
Naive Bayes,LDA,P1,baseline,5,1-3,197,3275,79,0.9644670050761421,0.9896551724137931,0.970952380952381,0.9797927750080859,0.9797927750080859,
Naive Bayes,LDA,P1,baseline,6,1-3,2300,3275,79,0.9291304347826087,0.8639200838655042,0.9281879613311514,0.8787772328546811,0.8741907990837369,0.9036402569593148
Naive Bayes,LDA,P1,baseline,7,1-3,3613,3275,79,0.6545806808746194,0.7351135954841768,0.6871066741798311,0.6842915878099619,0.7232015268147075,0.6514084507042254
Naive Bayes,LDA,P1,baseline,8,1-3,294,3275,79,0.23129251700680273,0.3907657797892035,0.30346089096089096,0.2637152546546752,0.314296143423448,0.05555555555555555
Naive Bayes,LDA,P1,baseline,9,1-3,470,3275,79,0.4531914893617021,0.5329937139174918,0.4465131071745257,0.3703616761731959,0.44133323621403664,0.009900990099009901
Naive Bayes,LDA,P1,baseline,10,1-3,3600,3275,79,0.3983333333333333,0.5230503697024956,0.39833333333333326,0.35421711995987565,0.33724328506860207,0.5766666666666667
Naive Bayes,LDA,P1,batch-std,4,1-3,161,3275,79,0.5652173913043478,0.6230854162433109,0.7001065891472867,0.6029155404097123,0.6029155404097123,
Naive Bayes,LDA,P1,batch-std,5,1-3,197,3275,79,0.9847715736040609,0.9798776418242493,0.9836507936507937,0.9816912280701754,0.9816912280701754,
Naive Bayes,LDA,P1,batch-std,6,1-3,2300,3275,79,0.6930434782608695,0.6945360705363511,0.7513911684711174,0.6348970337355354,0.6431264404826426,0.4475374732334047
Naive Bayes,LDA,P1,batch-std,7,1-3,3613,3275,79,0.5009687240520343,0.5294648097920782,0.5282440765451097,0.46934154518250115,0.5088062867719556,0.2147887323943662
Naive Bayes,LDA,P1,batch-std,8,1-3,294,3275,79,0.6054421768707483,0.3950205434053071,0.44128787878787884,0.3824707601792625,0.428964912215115,0.16666666666666666
Naive Bayes,LDA,P1,batch-std,9,1-3,470,3275,79,0.33617021276595743,0.34472904247971964,0.2879112640141694,0.2852082646200293,0.28770446299858066,0.2079207920792079
Naive Bayes,LDA,P1,batch-std,10,1-3,3600,3275,79,0.32055555555555554,0.3701191752856814,0.32055555555555554,0.3248583916426971,0.31047930351496966,0.36666666666666664
Naive Bayes,LDA,P1,coral,4,1-3,161,3275,79,0.7888198757763976,0.7951288515406162,0.8491763565891471,0.7943972860658066,0.7943972860658066,
Naive Bayes,LDA,P1,coral,5,1-3,197,3275,79,0.9847715736040609,0.9848044909020519,0.9796825396825397,0.9820851987518655,0.9820851987518655,
Naive Bayes,LDA,P1,coral,6,1-3,2300,3275,79,0.938695652173913,0.8877690321517532,0.9412303067047286,0.9037884769285024,0.8995149872830177,0.9528907922912205
Naive Bayes,LDA,P1,coral,7,1-3,3613,3275,79,0.6360365347356767,0.7225725659786039,0.6653486604792296,0.6603338331766532,0.6961580157645216,0.6426056338028169
Naive Bayes,LDA,P1,coral,8,1-3,294,3275,79,0.20068027210884354,0.3838483848384839,0.2895914270914271,0.21480054451113775,0.2555748610636385,0.05555555555555555
Naive Bayes,LDA,P1,coral,9,1-3,470,3275,79,0.5702127659574469,0.4115274854995701,0.4817297183690626,0.40002299329032004,0.35870627062706273,1.0
Naive Bayes,LDA,P1,coral,10,1-3,3600,3275,79,0.47305555555555556,0.5703330086776472,0.47305555555555556,0.4243539000701917,0.4014907698624885,0.83
Naive Bayes,LDA,P3,baseline,2,1-1,1244,445,74,0.4059485530546624,0.4353470028686792,0.4899111241543952,0.35239023702381306,0.418049007320142,0.2
Naive Bayes,LDA,P3,baseline,3,1-2,1586,1689,79,0.6279949558638083,0.8537414667850637,0.6928441558441558,0.7285447871778622,0.7285447871778622,
Naive Bayes,LDA,P3,baseline,4,1-3,161,3275,79,0.7950310559006211,0.8377926421404682,0.8523013565891471,0.8139772936745142,0.8139772936745142,
Naive Bayes,LDA,P3,baseline,5,1-4,197,3436,79,0.9847715736040609,0.9898776418242491,0.9836507936507937,0.9865630229419704,0.9865630229419704,
Naive Bayes,LDA,P3,baseline,6,1-5,2300,3633,79,0.8943478260869565,0.8128735872738239,0.9128314166302545,0.8247171239238119,0.8220627833454458,0.8029978586723768
Naive Bayes,LDA,P3,baseline,7,1-6,3613,5933,546,0.9261001937448105,0.9361461865400377,0.9264310125044775,0.9291819814179231,0.9266099140400541,0.9014084507042254
Naive Bayes,LDA,P3,baseline,8,1-7,294,9546,1114,0.9421768707482994,0.9493190022601788,0.9106481481481481,0.9260203865837671,0.9283673210433776,0.8888888888888888
Naive Bayes,LDA,P3,baseline,9,1-8,470,9840,1132,0.7659574468085106,0.8153084150326797,0.808974435905129,0.7632052040401557,0.8880201578916651,0.07920792079207921
Naive Bayes,LDA,P3,baseline,10,1-9,3600,10310,1233,0.7325,0.7671532102737255,0.7325,0.7251354579651533,0.7228121222077567,0.7183333333333334
Naive Bayes,LDA,P3,batch-std,2,1-1,1244,445,74,0.23633440514469453,0.25071580661381726,0.24939281263643642,0.16418814426215286,0.1970257731145834,0.0
Naive Bayes,LDA,P3,batch-std,3,1-2,1586,1689,79,0.5687263556116016,0.6613117443763338,0.6491784582381451,0.6027699820573819,0.6027699820573819,
Naive Bayes,LDA,P3,batch-std,4,1-3,161,3275,79,0.5652173913043478,0.6230854162433109,0.7001065891472867,0.6029155404097123,0.6029155404097123,
Naive Bayes,LDA,P3,batch-std,5,1-4,197,3436,79,0.9796954314720813,0.9733879781420764,0.9804761904761905,0.9766518353726363,0.9766518353726363,
Naive Bayes,LDA,P3,batch-std,6,1-5,2300,3633,79,0.8608695652173913,0.761629518503519,0.885221926954276,0.7668618834298903,0.776446564096568,0.6381156316916489
Naive Bayes,LDA,P3,batch-std,7,1-6,3613,5933,546,0.919734292831442,0.9358336179288739,0.9221648932421878,0.9233173850715931,0.9205159415994757,0.8820422535211268
Naive Bayes,LDA,P3,batch-std,8,1-7,294,9546,1114,0.9115646258503401,0.8874880368225799,0.8708721833721834,0.875561727608515,0.8840074064635515,0.8333333333333334
Naive Bayes,LDA,P3,batch-std,9,1-8,470,9840,1132,0.6808510638297872,0.7191944058072876,0.7151951676882694,0.6443713450292398,0.7510233918128655,0.0594059405940594
Naive Bayes,LDA,P3,batch-std,10,1-9,3600,10310,1233,0.6763888888888889,0.7154880732837929,0.6763888888888889,0.682818579804722,0.6714639284187276,0.755
Naive Bayes,LDA,P3,coral,2,1-1,1244,445,74,0.34646302250803857,0.3737078500973174,0.44175822716965696,0.3428824112050302,0.39040626186708893,0.6
Naive Bayes,LDA,P3,coral,3,1-2,1586,1689,79,0.8675914249684742,0.9165574068413722,0.8774785837124389,0.8813015235118528,0.8813015235118528,
Naive Bayes,LDA,P3,coral,4,1-3,161,3275,79,0.7888198757763976,0.7951288515406162,0.8491763565891471,0.7943972860658066,0.7943972860658066,
Naive Bayes,LDA,P3,coral,5,1-4,197,3436,79,0.9898477157360406,0.9899288451012589,0.9868253968253968,0.988188419767367,0.988188419767367,
Naive Bayes,LDA,P3,coral,6,1-5,2300,3633,79,0.9165217391304348,0.833619864818957,0.9321111663513943,0.8661078342569591,0.8567031384820885,0.9678800856531049
Naive Bayes,LDA,P3,coral,7,1-6,3613,5933,546,0.8989759202878495,0.9161378738803464,0.9052905029937065,0.9041697122121856,0.9005905091147165,0.8644366197183099
Naive Bayes,LDA,P3,coral,8,1-7,294,9546,1114,0.7619047619047619,0.7050776583034647,0.6351139601139602,0.5716312168983945,0.5843701586907718,0.8888888888888888
Naive Bayes,LDA,P3,coral,9,1-8,470,9840,1132,0.7212765957446808,0.7292650656833083,0.6648511660749934,0.6283275094591417,0.6316688523295634,0.9900990099009901
Naive Bayes,LDA,P3,coral,10,1-9,3600,10310,1233,0.7436111111111111,0.7853923906981976,0.743611111111111,0.7376510966306831,0.7476813159568196,0.8066666666666666
Naive Bayes,LDA,P3,recency-h1,2,1-1,1244,445,74,0.4059485530546624,0.4353470028686792,0.4899111241543952,0.35239023702381306,0.418049007320142,0.2
Naive Bayes,LDA,P3,recency-h1,3,1-2,1586,1689,79,0.6172761664564943,0.8662724107820928,0.6818302242441185,0.72306334927361,0.72306334927361,
Naive Bayes,LDA,P3,recency-h1,4,1-3,161,3275,79,0.7453416149068323,0.855813953488372,0.8257751937984497,0.7833973621315394,0.7833973621315394,
Naive Bayes,LDA,P3,recency-h1,5,1-4,197,3436,79,0.9796954314720813,0.9898776418242491,0.9793029675638371,0.9843652207441682,0.9843652207441682,
Naive Bayes,LDA,P3,recency-h1,6,1-5,2300,3633,79,0.9178260869565218,0.8639929934536733,0.9225074739466156,0.886992400015702,0.8799966295054954,0.961456102783726
Naive Bayes,LDA,P3,recency-h1,7,1-6,3613,5933,546,0.8826460005535566,0.9242753568686695,0.8859244485080221,0.89465447248315,0.8871920771382144,0.8802816901408451
Naive Bayes,LDA,P3,recency-h1,8,1-7,294,9546,1114,0.9217687074829932,0.9095589363633797,0.8871050246050247,0.8935810770469502,0.9161997314807305,0.8888888888888888
Naive Bayes,LDA,P3,recency-h1,9,1-8,470,9840,1132,0.8212765957446808,0.8439654944298907,0.8468542894642553,0.8296471178055224,0.8917790730121965,0.40594059405940597
Naive Bayes,LDA,P3,recency-h1,10,1-9,3600,10310,1233,0.6666666666666666,0.7777185436157269,0.6666666666666666,0.6445184518577286,0.6289416227487549,0.7416666666666667
Naive Bayes,LDA,P3,recency-h2,2,1-1,1244,445,74,0.4059485530546624,0.4353470028686792,0.4899111241543952,0.35239023702381306,0.418049007320142,0.2
Naive Bayes,LDA,P3,recency-h2,3,1-2,1586,1689,79,0.6229508196721312,0.8579396195012846,0.6875581323438467,0.7265968211951754,0.7265968211951754,
Naive Bayes,LDA,P3,recency-h2,4,1-3,161,3275,79,0.7577639751552795,0.8578947368421053,0.8335513565891471,0.7949065255731923,0.7949065255731923,
Naive Bayes,LDA,P3,recency-h2,5,1-4,197,3436,79,0.9847715736040609,0.9898776418242491,0.9836507936507937,0.9865630229419704,0.9865630229419704,
Naive Bayes,LDA,P3,recency-h2,6,1-5,2300,3633,79,0.918695652173913,0.8538898376299663,0.9330013922412498,0.8768886537221361,0.8701047895032895,0.9293361884368309
Naive Bayes,LDA,P3,recency-h2,7,1-6,3613,5933,546,0.9200110711320233,0.9400302623926565,0.9213442989304589,0.9255382788265324,0.9232618900649371,0.8890845070422535
Naive Bayes,LDA,P3,recency-h2,8,1-7,294,9546,1114,0.9319727891156463,0.9297830803861505,0.9032666407666406,0.9138880799779683,0.9236927230005889,0.8888888888888888
Naive Bayes,LDA,P3,recency-h2,9,1-8,470,9840,1132,0.7936170212765957,0.8348731229055774,0.828772448493273,0.8030362316851806,0.8969768113555501,0.22772277227722773
Naive Bayes,LDA,P3,recency-h2,10,1-9,3600,10310,1233,0.6922222222222222,0.7795366619974645,0.6922222222222222,0.676940342709472,0.6683154662675477,0.7416666666666667
Naive Bayes,LDA,P3,window-1,2,1-1,1244,445,74,0.4059485530546624,0.4353470028686792,0.4899111241543952,0.35239023702381306,0.418049007320142,0.2
Naive Bayes,LDA,P3,window-1,3,1-2,1586,1244,5,0.7162673392181589,0.8027133551736346,0.8066260409518726,0.7285378943530141,0.7285378943530141,
Naive Bayes,LDA,P3,window-1,4,1-3,161,1586,0,0.5714285714285714,0.6837537066108494,0.6935852713178294,0.6201508901815618,0.6201508901815618,
Naive Bayes,LDA,P3,window-1,5,1-4,197,161,0,0.9847715736040609,0.983440860215054,0.9836507936507937,0.983175243147657,0.983175243147657,
Naive Bayes,LDA,P3,window-1,6,1-5,2300,197,0,0.4752173913043478,0.4753960917398594,0.6050879268704809,0.3757473518615921,0.4508968222339105,0.0
Naive Bayes,LDA,P3,window-1,7,1-6,3613,2300,467,0.871298090229726,0.9038489741026949,0.8420402072746825,0.8536050923842797,0.855220419804225,0.7323943661971831
Naive Bayes,LDA,P3,window-1,8,1-7,294,3613,568,0.8843537414965986,0.8625812940368922,0.8086408961408962,0.8275327890851174,0.8555393469021408,0.6111111111111112
Naive Bayes,LDA,P3,window-1,9,1-8,470,294,18,0.5723404255319149,0.6901927437641723,0.6132643648980283,0.6210589178677127,0.5462657263168772,0.9900990099009901
Naive Bayes,LDA,P3,window-1,10,1-9,3600,470,101,0.4172222222222222,0.6031384102623839,0.4172222222222222,0.3952565693700183,0.47430788324402195,0.0
Naive Bayes,LDA,P3,window-2,2,1-1,1244,445,74,0.4059485530546624,0.4353470028686792,0.4899111241543952,0.35239023702381306,0.418049007320142,0.2
Naive Bayes,LDA,P3,window-2,3,1-2,1586,1689,79,0.6279949558638083,0.8537414667850637,0.6928441558441558,0.7285447871778622,0.7285447871778622,
Naive Bayes,LDA,P3,window-2,4,1-3,161,2830,5,0.7267080745341615,0.7427838827838829,0.8194525193798448,0.7045546892812113,0.7045546892812113,
Naive Bayes,LDA,P3,window-2,5,1-4,197,1747,0,0.9898477157360406,0.9938461538461538,0.9800000000000001,0.9863486842105263,0.9863486842105263,
Naive Bayes,LDA,P3,window-2,6,1-5,2300,358,0,0.6865217391304348,0.556498704250096,0.7490227094537976,0.5652490906143245,0.6782989087371893,0.0
Naive Bayes,LDA,P3,window-2,7,1-6,3613,2497,467,0.8771104345419319,0.9007601647496957,0.8677884501689599,0.8768062484017448,0.8837679058292907,0.727112676056338
Naive Bayes,LDA,P3,window-2,8,1-7,294,5913,1035,0.9217687074829932,0.8919047619047619,0.8692890442890443,0.8785771674361804,0.9312156778464933,0.6666666666666666
Naive Bayes,LDA,P3,window-2,9,1-8,470,3907,586,0.8659574468085106,0.9263731619092552,0.866997776700747,0.8646565311298723,0.850785806898994,0.9108910891089109
Naive Bayes,LDA,P3,window-2,10,1-9,3600,764,119,0.30527777777777776,0.5441451586079643,0.30527777777777776,0.29812204337971754,0.24051956129935848,0.465
Naive Bayes,LDA,P3,window-2 + batch-std,2,1-1,1244,445,74,0.23633440514469453,0.25071580661381726,0.24939281263643642,0.16418814426215286,0.1970257731145834,0.0
Naive Bayes,LDA,P3,window-2 + batch-std,3,1-2,1586,1689,79,0.5687263556116016,0.6613117443763338,0.6491784582381451,0.6027699820573819,0.6027699820573819,
Naive Bayes,LDA,P3,window-2 + batch-std,4,1-3,161,2830,5,0.484472049689441,0.5286796536796536,0.5040649224806202,0.4546296296296296,0.4546296296296296,
Naive Bayes,LDA,P3,window-2 + batch-std,5,1-4,197,1747,0,0.9847715736040609,0.990909090909091,0.9756521739130435,0.9826247192220265,0.9826247192220265,
Naive Bayes,LDA,P3,window-2 + batch-std,6,1-5,2300,358,0,0.5173913043478261,0.4528838333389522,0.612445576202011,0.43501536383820333,0.522018436605844,0.0
Naive Bayes,LDA,P3,window-2 + batch-std,7,1-6,3613,2497,467,0.8682535289233324,0.9091775471460868,0.85037979622021,0.8541494418654533,0.895777899964408,0.477112676056338
Naive Bayes,LDA,P3,window-2 + batch-std,8,1-7,294,5913,1035,0.8809523809523809,0.8376449994969396,0.8434990934990937,0.8237496023868065,0.8339540683187133,0.9444444444444444
Naive Bayes,LDA,P3,window-2 + batch-std,9,1-8,470,3907,586,0.8574468085106383,0.9057981453883094,0.8470481165392706,0.8430604248528456,0.8536079936943824,0.9702970297029703
Naive Bayes,LDA,P3,window-2 + batch-std,10,1-9,3600,764,119,0.22777777777777777,0.34198820938717844,0.22777777777777777,0.2401778287661147,0.28821339451933764,0.0
Naive Bayes,LDA,P3,window-3,2,1-1,1244,445,74,0.4059485530546624,0.4353470028686792,0.4899111241543952,0.35239023702381306,0.418049007320142,0.2
Naive Bayes,LDA,P3,window-3,3,1-2,1586,1689,79,0.6279949558638083,0.8537414667850637,0.6928441558441558,0.7285447871778622,0.7285447871778622,
Naive Bayes,LDA,P3,window-3,4,1-3,161,3275,79,0.7950310559006211,0.8377926421404682,0.8523013565891471,0.8139772936745142,0.8139772936745142,
Naive Bayes,LDA,P3,window-3,5,1-4,197,2991,5,0.9898477157360406,0.9968253968253968,0.9868253968253968,0.9916971916971917,0.9916971916971917,
Naive Bayes,LDA,P3,window-3,6,1-5,2300,1944,0,0.7521739130434782,0.6212238140438401,0.7922699648725432,0.6517239038224624,0.7820686845869548,0.0
Naive Bayes,LDA,P3,window-3,7,1-6,3613,2658,467,0.876003321339607,0.89748869607585,0.8692230779793527,0.8762018602877975,0.8842291175912586,0.7183098591549296
Naive Bayes,LDA,P3,window-3,8,1-7,294,6110,1035,0.9387755102040817,0.9253994360902257,0.9023989898989898,0.9108558549839234,0.9391808721345543,0.8333333333333334
Naive Bayes,LDA,P3,window-3,9,1-8,470,6207,1053,0.9617021276595744,0.9664929774578898,0.962718381548117,0.9634157260753774,0.9704529382760988,0.9603960396039604
Naive Bayes,LDA,P3,window-3,10,1-9,3600,4377,687,0.5877777777777777,0.6623662473879343,0.5877777777777778,0.5830067463502959,0.5691733130116595,0.6
Naive Bayes,raw,P1,baseline,4,1-3,161,3275,79,0.8074534161490683,0.8879310344827587,0.8195930232558138,0.8076766610872571,0.8076766610872571,
Naive Bayes,raw,P1,baseline,5,1-3,197,3275,79,0.8527918781725888,0.8699004920721706,0.8628226363008972,0.8474075916698867,0.8474075916698867,
Naive Bayes,raw,P1,baseline,6,1-3,2300,3275,79,0.4973913043478261,0.5330786799251902,0.5495043892579999,0.45550387486703575,0.5428960405689198,0.014989293361884369
Naive Bayes,raw,P1,baseline,7,1-3,3613,3275,79,0.5397176861334071,0.5650461225596427,0.5584502817242506,0.5131132662631389,0.6157359195157668,0.0
Naive Bayes,raw,P1,baseline,8,1-3,294,3275,79,0.16666666666666666,0.06283110828565375,0.22803030303030303,0.09851441818654934,0.11821730182385921,0.0
Naive Bayes,raw,P1,baseline,9,1-3,470,3275,79,0.3574468085106383,0.30876178118974246,0.31709401709401713,0.2157440392472086,0.25889284709665034,0.0
Naive Bayes,raw,P1,baseline,10,1-3,3600,3275,79,0.31916666666666665,0.3439982109926454,0.31916666666666665,0.2920594680892542,0.3136292564439472,0.11666666666666667
Naive Bayes,raw,P1,batch-std,4,1-3,161,3275,79,0.7701863354037267,0.7857397504456328,0.8438905038759689,0.7740861162250183,0.7740861162250183,
Naive Bayes,raw,P1,batch-std,5,1-3,197,3275,79,0.7969543147208121,0.8293049640418062,0.7899999999999999,0.7671965689242379,0.7671965689242379,
Naive Bayes,raw,P1,batch-std,6,1-3,2300,3275,79,0.6621739130434783,0.594902434434358,0.6137595784385442,0.5560488933008937,0.5663613638852998,0.5417558886509636
Naive Bayes,raw,P1,batch-std,7,1-3,3613,3275,79,0.5945197896484915,0.6356410542943006,0.6176889581513896,0.5947992371106515,0.6356576821595348,0.31866197183098594
Naive Bayes,raw,P1,batch-std,8,1-3,294,3275,79,0.336734693877551,0.3005110420165483,0.2931170681170681,0.2500085132225923,0.2955657714226664,0.05555555555555555
Naive Bayes,raw,P1,batch-std,9,1-3,470,3275,79,0.4297872340425532,0.2745441510458221,0.4317094017094017,0.32992304191519617,0.3959076502982354,0.0
Naive Bayes,raw,P1,batch-std,10,1-3,3600,3275,79,0.3,0.3288730551717651,0.3,0.27046039639380076,0.23837065749074277,0.395
Naive Bayes,raw,P1,coral,4,1-3,161,3275,79,0.7950310559006211,0.8839311226408,0.8189583333333333,0.8030969732022364,0.8030969732022364,
Naive Bayes,raw,P1,coral,5,1-3,197,3275,79,0.6649746192893401,0.5128494857308417,0.6058661145617668,0.5299417122040072,0.5299417122040072,
Naive Bayes,raw,P1,coral,6,1-3,2300,3275,79,0.21695652173913044,0.34167618836313585,0.17879516137956156,0.1675832278823343,0.19026654012546781,0.027837259100642397
Naive Bayes,raw,P1,coral,7,1-3,3613,3275,79,0.4157210074730141,0.3770566790604944,0.3762817634533437,0.3423078609382783,0.41076943312593395,0.0
Naive Bayes,raw,P1,coral,8,1-3,294,3275,79,0.1870748299319728,0.07294305281921382,0.1958041958041958,0.0783907117864396,0.09406885414372752,0.0
Naive Bayes,raw,P1,coral,9,1-3,470,3275,79,0.12978723404255318,0.024206349206349207,0.16666666666666666,0.04227304227304227,0.05072765072765073,0.0
Naive Bayes,raw,P1,coral,10,1-3,3600,3275,79,0.35,0.38641231448332847,0.3499999999999999,0.34680465480197215,0.3335234966686646,0.4483333333333333
Naive Bayes,raw,P3,baseline,2,1-1,1244,445,74,0.659967845659164,0.5614682195506506,0.6478822750611011,0.5382631357243685,0.6213003782538575,0.8
Naive Bayes,raw,P3,baseline,3,1-2,1586,1689,79,0.8127364438839849,0.8438671469984553,0.8161599877255453,0.8115860268642008,0.8115860268642008,
Naive Bayes,raw,P3,baseline,4,1-3,161,3275,79,0.8074534161490683,0.8879310344827587,0.8195930232558138,0.8076766610872571,0.8076766610872571,
Naive Bayes,raw,P3,baseline,5,1-4,197,3436,79,0.8578680203045685,0.8741370764686056,0.8765562456866804,0.864794946104773,0.864794946104773,
Naive Bayes,raw,P3,baseline,6,1-5,2300,3633,79,0.42434782608695654,0.5103047784742741,0.5660805968796098,0.38248135366216046,0.45833142084047296,0.0021413276231263384
Naive Bayes,raw,P3,baseline,7,1-6,3613,5933,546,0.5358427899252699,0.6729897432579258,0.5744638099327565,0.5382485000539727,0.5370870112535785,0.6848591549295775
Naive Bayes,raw,P3,baseline,8,1-7,294,9546,1114,0.1564625850340136,0.16147480497575376,0.2778910903910904,0.1189497716894977,0.10940639269406391,0.9444444444444444
Naive Bayes,raw,P3,baseline,9,1-8,470,9840,1132,0.24893617021276596,0.21216154430340506,0.20101210121012103,0.12983279590473792,0.1455865891282387,0.0594059405940594
Naive Bayes,raw,P3,baseline,10,1-9,3600,10310,1233,0.36583333333333334,0.3634494226184512,0.3658333333333334,0.3446487173051002,0.3137533878798228,0.7133333333333334
Naive Bayes,raw,P3,batch-std,2,1-1,1244,445,74,0.18810289389067525,0.12639588791383852,0.2187649000550156,0.10847075426835813,0.11963858933255608,0.6
Naive Bayes,raw,P3,batch-std,3,1-2,1586,1689,79,0.7118537200504413,0.7974798495065208,0.7153244390602512,0.7373303612694908,0.7373303612694908,
Naive Bayes,raw,P3,batch-std,4,1-3,161,3275,79,0.7701863354037267,0.7857397504456328,0.8438905038759689,0.7740861162250183,0.7740861162250183,
Naive Bayes,raw,P3,batch-std,5,1-4,197,3436,79,0.7918781725888325,0.8135478619349588,0.7868253968253968,0.7606526197325227,0.7606526197325227,
Naive Bayes,raw,P3,batch-std,6,1-5,2300,3633,79,0.6334782608695653,0.5789259719690664,0.5952969145099478,0.5283326942552066,0.5342004403497086,0.5310492505353319
Naive Bayes,raw,P3,batch-std,7,1-6,3613,5933,546,0.6166620536949903,0.6672921576493528,0.6436689682615356,0.6235000484987051,0.6546711539706636,0.477112676056338
Naive Bayes,raw,P3,batch-std,8,1-7,294,9546,1114,0.30612244897959184,0.26905855619264385,0.2666796166796167,0.23532625165342572,0.27809042671529366,0.05555555555555555
Naive Bayes,raw,P3,batch-std,9,1-8,470,9840,1132,0.46808510638297873,0.30517515483300156,0.46346153846153854,0.356961045553361,0.42835325466403323,0.0
Naive Bayes,raw,P3,batch-std,10,1-9,3600,10310,1233,0.3672222222222222,0.44691603156462656,0.36722222222222217,0.34115179160248177,0.30427676350611627,0.935
Naive Bayes,raw,P3,coral,2,1-1,1244,445,74,0.542604501607717,0.3681937870479593,0.4464412546628731,0.3546782020566673,0.383508579310106,0.8
Naive Bayes,raw,P3,coral,3,1-2,1586,1689,79,0.6134930643127364,0.6663434327087447,0.5708255488441398,0.58707401393045,0.58707401393045,
Naive Bayes,raw,P3,coral,4,1-3,161,3275,79,0.7950310559006211,0.8839311226408,0.8189583333333333,0.8030969732022364,0.8030969732022364,
Naive Bayes,raw,P3,coral,5,1-4,197,3436,79,0.8020304568527918,0.8354064823074637,0.8160386473429952,0.7945885273325779,0.7945885273325779,
Naive Bayes,raw,P3,coral,6,1-5,2300,3633,79,0.19869565217391305,0.33504185929961755,0.26795947383362945,0.1733512816401304,0.20294754219648628,0.01284796573875803
Naive Bayes,raw,P3,coral,7,1-6,3613,5933,546,0.4630500968724052,0.5280677965791055,0.43146736572199584,0.4475860581123372,0.4457758361064861,0.45422535211267606
Naive Bayes,raw,P3,coral,8,1-7,294,9546,1114,0.3163265306122449,0.10672897196261681,0.2400932400932401,0.13903043657898362,0.16683652389478035,0.0
Naive Bayes,raw,P3,coral,9,1-8,470,9840,1132,0.13617021276595745,0.19824016563146998,0.17333333333333334,0.06591015598848497,0.07909218718618197,0.0
Naive Bayes,raw,P3,coral,10,1-9,3600,10310,1233,0.3938888888888889,0.48926766509295017,0.3938888888888889,0.37757732474250155,0.3545909170318258,0.8766666666666667
Naive Bayes,raw,P3,recency-h1,2,1-1,1244,445,74,0.659967845659164,0.5614682195506506,0.6478822750611011,0.5382631357243685,0.6213003782538575,0.8
Naive Bayes,raw,P3,recency-h1,3,1-2,1586,1689,79,0.8354350567465322,0.8589743589743589,0.8409835631499037,0.8374939320770224,0.8374939320770224,
Naive Bayes,raw,P3,recency-h1,4,1-3,161,3275,79,0.782608695652174,0.8604334365325077,0.8035513565891472,0.7770693702213967,0.7770693702213967,
Naive Bayes,raw,P3,recency-h1,5,1-4,197,3436,79,0.9035532994923858,0.9085842513259894,0.9086473429951691,0.9014484676348523,0.9014484676348523,
Naive Bayes,raw,P3,recency-h1,6,1-5,2300,3633,79,0.3382608695652174,0.3993051965091499,0.4978418073610751,0.2772264526945976,0.3326717432335171,0.0
Naive Bayes,raw,P3,recency-h1,7,1-6,3613,5933,546,0.5671187378909494,0.6045278157956455,0.5959122368376989,0.5764063463048376,0.5809629778846457,0.6725352112676056
Naive Bayes,raw,P3,recency-h1,8,1-7,294,9546,1114,0.21768707482993196,0.2061610563765736,0.3471963221963222,0.1995197293848354,0.2073249098297037,0.7222222222222222
Naive Bayes,raw,P3,recency-h1,9,1-8,470,9840,1132,0.26170212765957446,0.09319473555014257,0.21777777777777776,0.1299875037400778,0.15598500448809335,0.0
Naive Bayes,raw,P3,recency-h1,10,1-9,3600,10310,1233,0.4186111111111111,0.43691270425292356,0.41861111111111104,0.41412468181636025,0.3963586792433224,0.6383333333333333
Naive Bayes,raw,P3,recency-h2,2,1-1,1244,445,74,0.659967845659164,0.5614682195506506,0.6478822750611011,0.5382631357243685,0.6213003782538575,0.8
Naive Bayes,raw,P3,recency-h2,3,1-2,1586,1689,79,0.8297604035308953,0.8544572819257116,0.836571638479662,0.8318948143452307,0.8318948143452307,
Naive Bayes,raw,P3,recency-h2,4,1-3,161,3275,79,0.7950310559006211,0.8768086544962813,0.8098013565891472,0.7910191584235766,0.7910191584235766,
Naive Bayes,raw,P3,recency-h2,5,1-4,197,3436,79,0.8781725888324873,0.889333520078433,0.8916011042097999,0.8819347083215149,0.8819347083215149,
Naive Bayes,raw,P3,recency-h2,6,1-5,2300,3633,79,0.3456521739130435,0.434133320935896,0.5028984033282953,0.2891355737673258,0.34696268852079093,0.0
Naive Bayes,raw,P3,recency-h2,7,1-6,3613,5933,546,0.5231109880985331,0.6620589390456018,0.5629222409893985,0.5276932853305164,0.5266041201096568,0.6443661971830986
Naive Bayes,raw,P3,recency-h2,8,1-7,294,9546,1114,0.22108843537414966,0.21954111833412612,0.36908184408184413,0.20749526627422277,0.21243517974412107,0.9444444444444444
Naive Bayes,raw,P3,recency-h2,9,1-8,470,9840,1132,0.26382978723404255,0.11289308176100628,0.22,0.14293710413904845,0.17152452496685816,0.0
Naive Bayes,raw,P3,recency-h2,10,1-9,3600,10310,1233,0.3925,0.41197465335326106,0.3925,0.38481443950216715,0.36558810269826425,0.61
Naive Bayes,raw,P3,window-1,2,1-1,1244,445,74,0.659967845659164,0.5614682195506506,0.6478822750611011,0.5382631357243685,0.6213003782538575,0.8
Naive Bayes,raw,P3,window-1,3,1-2,1586,1244,5,0.9010088272383354,0.8921378762793711,0.8955795128622916,0.8912237217604877,0.8912237217604877,
Naive Bayes,raw,P3,window-1,4,1-3,161,1586,0,0.639751552795031,0.7867861142217245,0.7316763565891472,0.6612982662296163,0.6612982662296163,
Naive Bayes,raw,P3,window-1,5,1-4,197,161,0,0.4467005076142132,0.3583789704271632,0.4706521739130435,0.3341297410262928,0.3341297410262928,
Naive Bayes,raw,P3,window-1,6,1-5,2300,197,0,0.5147826086956522,0.4401731277621051,0.45829579297359496,0.407353399065746,0.48882407887889523,0.0
Naive Bayes,raw,P3,window-1,7,1-6,3613,2300,467,0.5834486576252422,0.744497747298703,0.5868480176101992,0.5694080216539836,0.5795638435704734,0.6126760563380281
Naive Bayes,raw,P3,window-1,8,1-7,294,3613,568,0.23129251700680273,0.21713144345070842,0.3944023569023569,0.22652151822823396,0.2239384979302188,0.9444444444444444
Naive Bayes,raw,P3,window-1,9,1-8,470,294,18,0.18085106382978725,0.1945046999276934,0.1823076923076923,0.07974756167527251,0.09569707401032702,0.0
Naive Bayes,raw,P3,window-1,10,1-9,3600,470,101,0.21416666666666667,0.08162066213934892,0.2141666666666667,0.10900839934212288,0.13081007921054746,0.0
Naive Bayes,raw,P3,window-2,2,1-1,1244,445,74,0.659967845659164,0.5614682195506506,0.6478822750611011,0.5382631357243685,0.6213003782538575,0.8
Naive Bayes,raw,P3,window-2,3,1-2,1586,1689,79,0.8127364438839849,0.8438671469984553,0.8161599877255453,0.8115860268642008,0.8115860268642008,
Naive Bayes,raw,P3,window-2,4,1-3,161,2830,5,0.8260869565217391,0.8928571428571429,0.839593023255814,0.8328764478764479,0.8328764478764479,
Naive Bayes,raw,P3,window-2,5,1-4,197,1747,0,0.8477157360406091,0.8664514393327952,0.8358661145617667,0.8297796033101911,0.8297796033101911,
Naive Bayes,raw,P3,window-2,6,1-5,2300,358,0,0.348695652173913,0.39381137755510615,0.4969428481255361,0.30655692591277056,0.3678683110953247,0.0
Naive Bayes,raw,P3,window-2,7,1-6,3613,2497,467,0.5970107943537226,0.688400633006674,0.6067577486730212,0.5536671710082538,0.5541349914267027,0.676056338028169
Naive Bayes,raw,P3,window-2,8,1-7,294,5913,1035,0.22789115646258504,0.2638464171756885,0.35475912975912977,0.21584886221415664,0.22824940388775716,0.6666666666666666
Naive Bayes,raw,P3,window-2,9,1-8,470,3907,586,0.3702127659574468,0.28214543119783203,0.32835364305661335,0.22712092768767622,0.16366937358024108,0.9108910891089109
Naive Bayes,raw,P3,window-2,10,1-9,3600,764,119,0.18194444444444444,0.3953198130512517,0.18194444444444446,0.0769401763312602,0.09232821159751223,0.0
Naive Bayes,raw,P3,window-2 + batch-std,2,1-1,1244,445,74,0.18810289389067525,0.12639588791383852,0.2187649000550156,0.10847075426835813,0.11963858933255608,0.6
Naive Bayes,raw,P3,window-2 + batch-std,3,1-2,1586,1689,79,0.7118537200504413,0.7974798495065208,0.7153244390602512,0.7373303612694908,0.7373303612694908,
Naive Bayes,raw,P3,window-2 + batch-std,4,1-3,161,2830,5,0.8136645962732919,0.8495384615384616,0.8622238372093023,0.8066769865841072,0.8066769865841072,
Naive Bayes,raw,P3,window-2 + batch-std,5,1-4,197,1747,0,0.7309644670050761,0.6196433186869992,0.7427329192546585,0.6643465963383404,0.6643465963383404,
Naive Bayes,raw,P3,window-2 + batch-std,6,1-5,2300,358,0,0.4234782608695652,0.3442887536852286,0.32546130571385545,0.29463610396328616,0.3535633247559434,0.0
Naive Bayes,raw,P3,window-2 + batch-std,7,1-6,3613,2497,467,0.6645446996955439,0.6953402312012106,0.6815919044674459,0.6715470942824742,0.6941886534396133,0.6866197183098591
Naive Bayes,raw,P3,window-2 + batch-std,8,1-7,294,5913,1035,0.2619047619047619,0.2356527144941779,0.1782860657860658,0.18896348609686667,0.2224551080474228,0.05555555555555555
Naive Bayes,raw,P3,window-2 + batch-std,9,1-8,470,3907,586,0.4851063829787234,0.3713194059440547,0.47910256410256413,0.4050092703863973,0.4860111244636768,0.0
Naive Bayes,raw,P3,window-2 + batch-std,10,1-9,3600,764,119,0.19694444444444445,0.32847157518233727,0.19694444444444445,0.11992116735954465,0.1439054008314536,0.0
Naive Bayes,raw,P3,window-3,2,1-1,1244,445,74,0.659967845659164,0.5614682195506506,0.6478822750611011,0.5382631357243685,0.6213003782538575,0.8
Naive Bayes,raw,P3,window-3,3,1-2,1586,1689,79,0.8127364438839849,0.8438671469984553,0.8161599877255453,0.8115860268642008,0.8115860268642008,
Naive Bayes,raw,P3,window-3,4,1-3,161,3275,79,0.8074534161490683,0.8879310344827587,0.8195930232558138,0.8076766610872571,0.8076766610872571,
Naive Bayes,raw,P3,window-3,5,1-4,197,2991,5,0.9086294416243654,0.9128006456820017,0.9049965493443753,0.9008294127387666,0.9008294127387666,
Naive Bayes,raw,P3,window-3,6,1-5,2300,1944,0,0.47956521739130437,0.4947983659602464,0.6034022941113687,0.4125393113779034,0.49504717365348405,0.0
Naive Bayes,raw,P3,window-3,7,1-6,3613,2658,467,0.6089122612787158,0.6798525857114726,0.6205556956869841,0.5920991454199915,0.6000754838029885,0.6795774647887324
Naive Bayes,raw,P3,window-3,8,1-7,294,6110,1035,0.21768707482993196,0.20815751348538233,0.3391025641025642,0.18881769589212297,0.19695160544091794,0.6666666666666666
Naive Bayes,raw,P3,window-3,9,1-8,470,6207,1053,0.27872340425531916,0.21908128103780278,0.2347863247863248,0.16353439738363387,0.19624127686036066,0.0
Naive Bayes,raw,P3,window-3,10,1-9,3600,4377,687,0.45305555555555554,0.4915485736231631,0.45305555555555554,0.44307604614362245,0.43060429885060775,0.62
Random Forest,LDA,P1,baseline,4,1-3,161,3275,79,0.8385093167701864,0.8144563279857397,0.8741763565891472,0.8297513802066907,0.8297513802066907,
Random Forest,LDA,P1,baseline,5,1-3,197,3275,79,0.9847715736040609,0.983440860215054,0.9836507936507937,0.983175243147657,0.983175243147657,
Random Forest,LDA,P1,baseline,6,1-3,2300,3275,79,0.7386956521739131,0.7581812769323769,0.7783415811741355,0.6505471750258808,0.7637211261600892,0.044967880085653104
Random Forest,LDA,P1,baseline,7,1-3,3613,3275,79,0.7290340437309715,0.7725448793959461,0.735644374537293,0.7394326472626451,0.7732222604156147,0.45598591549295775
Random Forest,LDA,P1,baseline,8,1-3,294,3275,79,0.42517006802721086,0.6133903133903134,0.4641705516705517,0.4181973561800913,0.5018368274161096,0.0
Random Forest,LDA,P1,baseline,9,1-3,470,3275,79,0.5234042553191489,0.5510683827915043,0.5350932400932401,0.46780159545534267,0.5613619145464112,0.0
Random Forest,LDA,P1,baseline,10,1-3,3600,3275,79,0.2916666666666667,0.48910789363382473,0.2916666666666667,0.2843727985020216,0.2636569967566428,0.2683333333333333
Random Forest,LDA,P1,batch-std,4,1-3,161,3275,79,0.6583850931677019,0.6737713675213676,0.7543362403100776,0.6703115452604045,0.6703115452604045,
Random Forest,LDA,P1,batch-std,5,1-3,197,3275,79,0.9593908629441624,0.9664831211547215,0.943968253968254,0.9515931656906901,0.9515931656906901,
Random Forest,LDA,P1,batch-std,6,1-3,2300,3275,79,0.6613043478260869,0.7256522641219437,0.7126621073093345,0.594954206387911,0.6747142784347239,0.10920770877944326
Random Forest,LDA,P1,batch-std,7,1-3,3613,3275,79,0.44976473844450593,0.6493143550972128,0.47590684153065843,0.43998281997621885,0.5027825335777619,0.07042253521126761
Random Forest,LDA,P1,batch-std,8,1-3,294,3275,79,0.47619047619047616,0.44476939203354293,0.40562354312354315,0.3587632494852196,0.43051589938226353,0.0
Random Forest,LDA,P1,batch-std,9,1-3,470,3275,79,0.2978723404255319,0.36069713677415116,0.26310793311361397,0.2403026137112856,0.28455361264401896,0.009900990099009901
Random Forest,LDA,P1,batch-std,10,1-3,3600,3275,79,0.35638888888888887,0.4150936596550208,0.35638888888888887,0.3420405589130839,0.37287960992221997,0.11333333333333333
Random Forest,LDA,P1,coral,4,1-3,161,3275,79,0.7701863354037267,0.7695062000146745,0.8277858527131784,0.7699035169623405,0.7699035169623405,
Random Forest,LDA,P1,coral,5,1-3,197,3275,79,0.9746192893401016,0.9751796007609961,0.9653968253968254,0.9696534612197263,0.9696534612197263,
Random Forest,LDA,P1,coral,6,1-3,2300,3275,79,0.7617391304347826,0.7781694871940849,0.7808147255945692,0.6679706041872588,0.7764173772840426,0.06852248394004283
Random Forest,LDA,P1,coral,7,1-3,3613,3275,79,0.7791309161361749,0.8146055957111416,0.7782893269300052,0.7874336924071842,0.8127587437181466,0.6619718309859155
Random Forest,LDA,P1,coral,8,1-3,294,3275,79,0.36394557823129253,0.4790337214546845,0.4172526547526547,0.39279618056225707,0.45597080129009304,0.3888888888888889
Random Forest,LDA,P1,coral,9,1-3,470,3275,79,0.5531914893617021,0.5011984930110658,0.5185837089383591,0.46625127741200517,0.46203960396039606,0.4752475247524752
Random Forest,LDA,P1,coral,10,1-3,3600,3275,79,0.35777777777777775,0.38596354668291527,0.3577777777777778,0.2990653944977593,0.3563548140913175,0.006666666666666667
Random Forest,LDA,P3,baseline,2,1-1,1244,445,74,0.36897106109324757,0.32911452770414035,0.4035926679558543,0.2612981175929748,0.30254856679964315,0.6
Random Forest,LDA,P3,baseline,3,1-2,1586,1689,79,0.7528373266078184,0.8860533652534791,0.7725848518735017,0.7513513246140565,0.7513513246140565,
Random Forest,LDA,P3,baseline,4,1-3,161,3275,79,0.8385093167701864,0.8144563279857397,0.8741763565891472,0.8297513802066907,0.8297513802066907,
Random Forest,LDA,P3,baseline,5,1-4,197,3436,79,0.9949238578680203,0.996875,0.99,0.9932969917221885,0.9932969917221885,
Random Forest,LDA,P3,baseline,6,1-5,2300,3633,79,0.7365217391304347,0.6823912938281622,0.7770652421648173,0.6419720574368376,0.7654685097405316,0.01284796573875803
Random Forest,LDA,P3,baseline,7,1-6,3613,5933,546,0.9039579296983117,0.9215328347920901,0.9056863668266443,0.9043092531682726,0.901637656117536,0.9419014084507042
Random Forest,LDA,P3,baseline,8,1-7,294,9546,1114,0.9081632653061225,0.9034227245802199,0.8338804713804713,0.8561346561468776,0.8894305528934945,0.5555555555555556
Random Forest,LDA,P3,baseline,9,1-8,470,9840,1132,0.9361702127659575,0.9354082026293943,0.935096124997115,0.9316188755765014,0.9285706700154732,0.9702970297029703
Random Forest,LDA,P3,baseline,10,1-9,3600,10310,1233,0.7022222222222222,0.7384294689062023,0.7022222222222222,0.6961246039981237,0.6991391404417133,0.8416666666666667
Random Forest,LDA,P3,batch-std,2,1-1,1244,445,74,0.17845659163987138,0.35560509711792765,0.3325645314891628,0.13118358967281,0.15009430028136467,1.0
Random Forest,LDA,P3,batch-std,3,1-2,1586,1689,79,0.7717528373266078,0.792448710803223,0.805958503589619,0.7725947514252289,0.7725947514252289,
Random Forest,LDA,P3,batch-std,4,1-3,161,3275,79,0.6583850931677019,0.6737713675213676,0.7543362403100776,0.6703115452604045,0.6703115452604045,
Random Forest,LDA,P3,batch-std,5,1-4,197,3436,79,0.9898477157360406,0.9899288451012589,0.9868253968253968,0.988188419767367,0.988188419767367,
Random Forest,LDA,P3,batch-std,6,1-5,2300,3633,79,0.7373913043478261,0.7634856763506047,0.7812109587266955,0.6497853438734101,0.7393614602671399,0.11349036402569593
Random Forest,LDA,P3,batch-std,7,1-6,3613,5933,546,0.9083863825076114,0.9272625054222295,0.9085908693197711,0.9108620432501785,0.9079824178415576,0.8609154929577465
Random Forest,LDA,P3,batch-std,8,1-7,294,9546,1114,0.9183673469387755,0.9035368041885938,0.8613183113183114,0.870429639469779,0.9065845328809763,0.5555555555555556
Random Forest,LDA,P3,batch-std,9,1-8,470,9840,1132,0.725531914893617,0.7410877383293584,0.7615073758321608,0.7011784944039304,0.8041260576914961,0.10891089108910891
Random Forest,LDA,P3,batch-std,10,1-9,3600,10310,1233,0.6625,0.6609535807840218,0.6625,0.6537604873080259,0.6381307791183561,0.885
Random Forest,LDA,P3,coral,2,1-1,1244,445,74,0.45980707395498394,0.3335689396269101,0.45164114028289143,0.30905699415398963,0.3410176467161309,1.0
Random Forest,LDA,P3,coral,3,1-2,1586,1689,79,0.7503152585119798,0.7749494475654665,0.7761710973305885,0.6911759743397219,0.6911759743397219,
Random Forest,LDA,P3,coral,4,1-3,161,3275,79,0.7701863354037267,0.7695062000146745,0.8277858527131784,0.7699035169623405,0.7699035169623405,
Random Forest,LDA,P3,coral,5,1-4,197,3436,79,0.9847715736040609,0.9848044909020519,0.9796825396825397,0.9820851987518655,0.9820851987518655,
Random Forest,LDA,P3,coral,6,1-5,2300,3633,79,0.7239130434782609,0.6891090359896747,0.7735950698857721,0.6383067125921396,0.7535166932428632,0.034261241970021415
Random Forest,LDA,P3,coral,7,1-6,3613,5933,546,0.8793246609465818,0.9112393845293677,0.8900976691088572,0.8834615843023021,0.876021381546372,0.9295774647887324
Random Forest,LDA,P3,coral,8,1-7,294,9546,1114,0.8197278911564626,0.7373790797552408,0.7029299404299406,0.6937708822080683,0.6808009207186475,0.6111111111111112
Random Forest,LDA,P3,coral,9,1-8,470,9840,1132,0.5702127659574469,0.47975810738968633,0.4876205369591184,0.45399719522717574,0.4274945814866872,0.9900990099009901
Random Forest,LDA,P3,coral,10,1-9,3600,10310,1233,0.7108333333333333,0.7401411132659294,0.7108333333333333,0.6934465942247986,0.6900843233876948,0.9866666666666667
Random Forest,LDA,P3,recency-h1,2,1-1,1244,445,74,0.36897106109324757,0.32911452770414035,0.4035926679558543,0.2612981175929748,0.30254856679964315,0.6
Random Forest,LDA,P3,recency-h1,3,1-2,1586,1689,79,0.7534678436317781,0.889499586844766,0.772130098863954,0.7555569523989851,0.7555569523989851,
Random Forest,LDA,P3,recency-h1,4,1-3,161,3275,79,0.8385093167701864,0.8142908072319838,0.8741763565891472,0.826856641409315,0.826856641409315,
Random Forest,LDA,P3,recency-h1,5,1-4,197,3436,79,0.9746192893401016,0.973056508808053,0.9773015873015873,0.9744216844111495,0.9744216844111495,
Random Forest,LDA,P3,recency-h1,6,1-5,2300,3633,79,0.7291304347826087,0.6403054476146745,0.7719254957579597,0.6241101942630748,0.746458006311566,0.006423982869379015
Random Forest,LDA,P3,recency-h1,7,1-6,3613,5933,546,0.924439523941323,0.9395292539662368,0.9213255552728238,0.9247059111857595,0.9182801869480912,0.9366197183098591
Random Forest,LDA,P3,recency-h1,8,1-7,294,9546,1114,0.9081632653061225,0.9046853508428462,0.838973063973064,0.860731586387324,0.8862112369981222,0.6111111111111112
Random Forest,LDA,P3,recency-h1,9,1-8,470,9840,1132,0.9234042553191489,0.925387790548896,0.9217627916637817,0.91666408351578,0.9106249195426075,0.9702970297029703
Random Forest,LDA,P3,recency-h1,10,1-9,3600,10310,1233,0.6986111111111111,0.7397200628355387,0.6986111111111111,0.6861128092369384,0.6845263361767285,0.845
Random Forest,LDA,P3,recency-h2,2,1-1,1244,445,74,0.36897106109324757,0.32911452770414035,0.4035926679558543,0.2612981175929748,0.30254856679964315,0.6
Random Forest,LDA,P3,recency-h2,3,1-2,1586,1689,79,0.757250945775536,0.8869988885245823,0.7767791233554442,0.7568327457842303,0.7568327457842303,
Random Forest,LDA,P3,recency-h2,4,1-3,161,3275,79,0.8385093167701864,0.8144563279857397,0.8741763565891472,0.8297513802066907,0.8297513802066907,
Random Forest,LDA,P3,recency-h2,5,1-4,197,3436,79,0.9898477157360406,0.9899288451012589,0.9868253968253968,0.988188419767367,0.988188419767367,
Random Forest,LDA,P3,recency-h2,6,1-5,2300,3633,79,0.73,0.643446428707736,0.7778722474259192,0.6322523981828354,0.7570635335571074,0.004282655246252677
Random Forest,LDA,P3,recency-h2,7,1-6,3613,5933,546,0.9144755051203985,0.9326258164365986,0.9129654655528127,0.9153969846041946,0.9086640490853553,0.9348591549295775
Random Forest,LDA,P3,recency-h2,8,1-7,294,9546,1114,0.9081632653061225,0.9052213885319221,0.8352693602693603,0.8571398011960625,0.8906367269525164,0.5555555555555556
Random Forest,LDA,P3,recency-h2,9,1-8,470,9840,1132,0.9319148936170213,0.9316184619041697,0.9306516805526708,0.9266404961292326,0.9225966146787506,0.9702970297029703
Random Forest,LDA,P3,recency-h2,10,1-9,3600,10310,1233,0.7002777777777778,0.7407322595580442,0.7002777777777777,0.6868131240955155,0.6801410417562673,0.83
Random Forest,LDA,P3,window-1,2,1-1,1244,445,74,0.36897106109324757,0.32911452770414035,0.4035926679558543,0.2612981175929748,0.30254856679964315,0.6
Random Forest,LDA,P3,window-1,3,1-2,1586,1244,5,0.5889029003783102,0.6547007197958068,0.6207534251281805,0.5541925739329037,0.5541925739329037,
Random Forest,LDA,P3,window-1,4,1-3,161,1586,0,0.6086956521739131,0.7442424242424243,0.6977374031007753,0.6315612001552882,0.6315612001552882,
Random Forest,LDA,P3,window-1,5,1-4,197,161,0,0.9289340101522843,0.9415110356536502,0.9286507936507936,0.9295550624133149,0.9295550624133149,
Random Forest,LDA,P3,window-1,6,1-5,2300,197,0,0.38956521739130434,0.42305313499950103,0.5388670060557655,0.36831519411970914,0.44197823294365096,0.0
Random Forest,LDA,P3,window-1,7,1-6,3613,2300,467,0.835870467755328,0.8612408412024545,0.8146941118569985,0.8230649416649723,0.8592241331086713,0.6179577464788732
Random Forest,LDA,P3,window-1,8,1-7,294,3613,568,0.7687074829931972,0.6326453152111047,0.6946063196063196,0.6485259989984108,0.6362957149271252,0.6111111111111112
Random Forest,LDA,P3,window-1,9,1-8,470,294,18,0.4531914893617021,0.6007908305462654,0.4873581242109078,0.47260990895330607,0.4311841783256667,0.5148514851485149
Random Forest,LDA,P3,window-1,10,1-9,3600,470,101,0.3466666666666667,0.36711527303424824,0.3466666666666666,0.32775110569241855,0.39294608704404616,0.0016666666666666668
Random Forest,LDA,P3,window-2,2,1-1,1244,445,74,0.36897106109324757,0.32911452770414035,0.4035926679558543,0.2612981175929748,0.30254856679964315,0.6
Random Forest,LDA,P3,window-2,3,1-2,1586,1689,79,0.7528373266078184,0.8860533652534791,0.7725848518735017,0.7513513246140565,0.7513513246140565,
Random Forest,LDA,P3,window-2,4,1-3,161,2830,5,0.7204968944099379,0.6934453781512605,0.7892441860465116,0.6909931633205291,0.6909931633205291,
Random Forest,LDA,P3,window-2,5,1-4,197,1747,0,0.9847715736040609,0.9868534482758621,0.9768253968253967,0.9812405028318828,0.9812405028318828,
Random Forest,LDA,P3,window-2,6,1-5,2300,358,0,0.43130434782608695,0.4648332585025941,0.5783207162620301,0.33805768738599756,0.4056692248631971,0.0
Random Forest,LDA,P3,window-2,7,1-6,3613,2497,467,0.9130916136174924,0.9340097096585581,0.9126334383231826,0.9166355801553238,0.9130468083359213,0.8802816901408451
Random Forest,LDA,P3,window-2,8,1-7,294,5913,1035,0.8741496598639455,0.8440878079035974,0.790909090909091,0.7933569424840737,0.8278903999464058,0.5
Random Forest,LDA,P3,window-2,9,1-8,470,3907,586,0.8106382978723404,0.8707621199039964,0.7979072623529692,0.7851798618470439,0.7547158342164527,0.8910891089108911
Random Forest,LDA,P3,window-2,10,1-9,3600,764,119,0.4513888888888889,0.40035214760393684,0.45138888888888884,0.4095834813932635,0.40112980730154585,0.7116666666666667
Random Forest,LDA,P3,window-2 + batch-std,2,1-1,1244,445,74,0.17845659163987138,0.35560509711792765,0.3325645314891628,0.13118358967281,0.15009430028136467,1.0
Random Forest,LDA,P3,window-2 + batch-std,3,1-2,1586,1689,79,0.7717528373266078,0.792448710803223,0.805958503589619,0.7725947514252289,0.7725947514252289,
Random Forest,LDA,P3,window-2 + batch-std,4,1-3,161,2830,5,0.484472049689441,0.4967228677754994,0.5169815891472869,0.4337931075295344,0.4337931075295344,
Random Forest,LDA,P3,window-2 + batch-std,5,1-4,197,1747,0,0.883248730964467,0.8907280872437667,0.896287094547964,0.8847396501286662,0.8847396501286662,
Random Forest,LDA,P3,window-2 + batch-std,6,1-5,2300,358,0,0.5917391304347827,0.4289827487567332,0.564812857900964,0.4214600137830569,0.5057520165396683,0.0
Random Forest,LDA,P3,window-2 + batch-std,7,1-6,3613,2497,467,0.8372543592582341,0.9078369631526613,0.7981871730079081,0.808710395279823,0.830907019790333,0.5404929577464789
Random Forest,LDA,P3,window-2 + batch-std,8,1-7,294,5913,1035,0.8367346938775511,0.7502978240197927,0.7397112147112147,0.7156343373304677,0.7897956875551819,0.2777777777777778
Random Forest,LDA,P3,window-2 + batch-std,9,1-8,470,3907,586,0.5595744680851064,0.5899649292506436,0.6005924438597706,0.5547203408533071,0.5323310756906352,0.9801980198019802
Random Forest,LDA,P3,window-2 + batch-std,10,1-9,3600,764,119,0.4411111111111111,0.4658377799129059,0.44111111111111106,0.42774911858626913,0.4250168035094387,0.3233333333333333
Random Forest,LDA,P3,window-3,2,1-1,1244,445,74,0.36897106109324757,0.32911452770414035,0.4035926679558543,0.2612981175929748,0.30254856679964315,0.6
Random Forest,LDA,P3,window-3,3,1-2,1586,1689,79,0.7528373266078184,0.8860533652534791,0.7725848518735017,0.7513513246140565,0.7513513246140565,
Random Forest,LDA,P3,window-3,4,1-3,161,3275,79,0.8385093167701864,0.8144563279857397,0.8741763565891472,0.8297513802066907,0.8297513802066907,
Random Forest,LDA,P3,window-3,5,1-4,197,2991,5,0.9949238578680203,0.996875,0.99,0.9932969917221885,0.9932969917221885,
Random Forest,LDA,P3,window-3,6,1-5,2300,1944,0,0.7408695652173913,0.6322277990590632,0.7812487814081913,0.635650058263411,0.7627800699160933,0.0
Random Forest,LDA,P3,window-3,7,1-6,3613,2658,467,0.9136451702186549,0.9359605304628983,0.9063331042392845,0.9132703021041834,0.9148068288063304,0.8274647887323944
Random Forest,LDA,P3,window-3,8,1-7,294,6110,1035,0.8741496598639455,0.8470399483557379,0.7875841750841751,0.7890397416935174,0.8325619757465066,0.4444444444444444
Random Forest,LDA,P3,window-3,9,1-8,470,6207,1053,0.7553191489361702,0.7006110534704679,0.8036324786324786,0.7336387805971802,0.8803665367166162,0.0
Random Forest,LDA,P3,window-3,10,1-9,3600,4377,687,0.4761111111111111,0.6000261521307778,0.4761111111111111,0.42841865370224436,0.3620728641474903,0.6866666666666666
Random Forest,raw,P1,baseline,4,1-3,161,3275,79,0.84472049689441,0.9171241830065359,0.8168749999999999,0.8284515261025328,0.8284515261025328,
Random Forest,raw,P1,baseline,5,1-3,197,3275,79,0.7563451776649747,0.7767213114754098,0.7722153209109731,0.7213261648745519,0.7213261648745519,
Random Forest,raw,P1,baseline,6,1-3,2300,3275,79,0.6765217391304348,0.6180180986322096,0.7368960579269467,0.6043642943979838,0.7252371532775805,0.0
Random Forest,raw,P1,baseline,7,1-3,3613,3275,79,0.5646277331857182,0.5319948464960894,0.5735071731035343,0.5196003095463823,0.6235203714556586,0.0
Random Forest,raw,P1,baseline,8,1-3,294,3275,79,0.29591836734693877,0.24892115345835852,0.23448912198912197,0.17533981945746654,0.21040778334895985,0.0
Random Forest,raw,P1,baseline,9,1-3,470,3275,79,0.5255319148936171,0.47488296204049624,0.5195726495726496,0.45325020652826925,0.5439002478339231,0.0
Random Forest,raw,P1,baseline,10,1-3,3600,3275,79,0.3486111111111111,0.35375484366209653,0.34861111111111115,0.3212604134121964,0.38551249609463567,0.0
Random Forest,raw,P1,batch-std,4,1-3,161,3275,79,0.7888198757763976,0.7614973262032085,0.8583333333333332,0.7532166043674995,0.7532166043674995,
Random Forest,raw,P1,batch-std,5,1-3,197,3275,79,0.9847715736040609,0.9835416666666668,0.981304347826087,0.9819559955536062,0.9819559955536062,
Random Forest,raw,P1,batch-std,6,1-3,2300,3275,79,0.7121739130434782,0.6450052980653687,0.6097045864730996,0.5794272156953009,0.6944597803695423,0.0021413276231263384
Random Forest,raw,P1,batch-std,7,1-3,3613,3275,79,0.5942430113479104,0.7179092379917994,0.6001520975317932,0.5614446855404817,0.6716320464664414,0.00528169014084507
Random Forest,raw,P1,batch-std,8,1-3,294,3275,79,0.3707482993197279,0.2843959213101246,0.3762626262626263,0.27902724241040416,0.33483269089248496,0.0
Random Forest,raw,P1,batch-std,9,1-3,470,3275,79,0.4723404255319149,0.39443447745141674,0.5364180264180264,0.4032171652730396,0.4838605983276475,0.0
Random Forest,raw,P1,batch-std,10,1-3,3600,3275,79,0.44222222222222224,0.3328374332418557,0.44222222222222224,0.35606705752161294,0.4272804690259355,0.0
Random Forest,raw,P1,coral,4,1-3,161,3275,79,0.6832298136645962,0.824808429118774,0.735625,0.7347461566706043,0.7347461566706043,
Random Forest,raw,P1,coral,5,1-3,197,3275,79,0.7461928934010152,0.7223969871510855,0.774824016563147,0.700825992875928,0.700825992875928,
Random Forest,raw,P1,coral,6,1-3,2300,3275,79,0.5665217391304348,0.5122775977463975,0.5445588302200404,0.5002930572972925,0.600351668756751,0.0
Random Forest,raw,P1,coral,7,1-3,3613,3275,79,0.4143371159701079,0.35607650435011196,0.43705568722786703,0.35520938243872946,0.42625125892647536,0.0
Random Forest,raw,P1,coral,8,1-3,294,3275,79,0.30272108843537415,0.2764174519109521,0.2504370629370629,0.1616611085816013,0.19399333029792154,0.0
Random Forest,raw,P1,coral,9,1-3,470,3275,79,0.20425531914893616,0.2037322022871156,0.2138426509737985,0.19290877984402263,0.23149053581282714,0.0
Random Forest,raw,P1,coral,10,1-3,3600,3275,79,0.3813888888888889,0.4803495199602576,0.38138888888888883,0.33591101661945916,0.40309321994335096,0.0
Random Forest,raw,P3,baseline,2,1-1,1244,445,74,0.7548231511254019,0.6863453630252049,0.7483601474842357,0.697708480291482,0.6554319945315966,1.0
Random Forest,raw,P3,baseline,3,1-2,1586,1689,79,0.9287515762925599,0.9261928483060355,0.9215681241640146,0.9229940758091801,0.9229940758091801,
Random Forest,raw,P3,baseline,4,1-3,161,3275,79,0.84472049689441,0.9171241830065359,0.8168749999999999,0.8284515261025328,0.8284515261025328,
Random Forest,raw,P3,baseline,5,1-4,197,3436,79,0.9187817258883249,0.9202802087185177,0.9113457556935817,0.9092049527533398,0.9092049527533398,
Random Forest,raw,P3,baseline,6,1-5,2300,3633,79,0.7139130434782609,0.6344105474786773,0.7662284075043169,0.6269307321232948,0.7523168785479537,0.0
Random Forest,raw,P3,baseline,7,1-6,3613,5933,546,0.737890949349571,0.7570874908725552,0.7431879603552876,0.7036325552051409,0.6987092273632476,0.596830985915493
Random Forest,raw,P3,baseline,8,1-7,294,9546,1114,0.8605442176870748,0.8779397556123899,0.7298530173530172,0.723765743564934,0.8285188922779207,0.1111111111111111
Random Forest,raw,P3,baseline,9,1-8,470,9840,1132,0.951063829787234,0.9536608592178699,0.9591859185918592,0.9539164941338854,0.9642650103519668,0.8217821782178217
Random Forest,raw,P3,baseline,10,1-9,3600,10310,1233,0.6002777777777778,0.6318597740520825,0.6002777777777778,0.600293787649678,0.6009647900775728,0.585
Random Forest,raw,P3,batch-std,2,1-1,1244,445,74,0.7379421221864951,0.5635218039938062,0.6876688672901766,0.5604702450853482,0.630011102613056,1.0
Random Forest,raw,P3,batch-std,3,1-2,1586,1689,79,0.7723833543505675,0.7499585150449057,0.7091999013525433,0.7050380060565571,0.7050380060565571,
Random Forest,raw,P3,batch-std,4,1-3,161,3275,79,0.7888198757763976,0.7614973262032085,0.8583333333333332,0.7532166043674995,0.7532166043674995,
Random Forest,raw,P3,batch-std,5,1-4,197,3436,79,0.9847715736040609,0.9856306221889056,0.9756521739130435,0.9800422830441388,0.9800422830441388,
Random Forest,raw,P3,batch-std,6,1-5,2300,3633,79,0.7273913043478261,0.7552887638716138,0.6332332557511288,0.6214030432744577,0.7389750565415085,0.017130620985010708
Random Forest,raw,P3,batch-std,7,1-6,3613,5933,546,0.6963742042623858,0.7649463317079154,0.6973733594214911,0.653218626591777,0.7416576275006836,0.11795774647887323
Random Forest,raw,P3,batch-std,8,1-7,294,9546,1114,0.4965986394557823,0.6150402424806392,0.4683404558404558,0.43159061972085505,0.4968561120860787,0.05555555555555555
Random Forest,raw,P3,batch-std,9,1-8,470,9840,1132,0.674468085106383,0.6482407834544266,0.7180341880341881,0.6328297985861011,0.7593957583033213,0.0
Random Forest,raw,P3,batch-std,10,1-9,3600,10310,1233,0.5711111111111111,0.6400418568526685,0.5711111111111111,0.5330519549651166,0.6288858007917375,0.028333333333333332
Random Forest,raw,P3,coral,2,1-1,1244,445,74,0.6688102893890675,0.469913998686847,0.5327724799804389,0.49185669135598586,0.4084098478090012,1.0
Random Forest,raw,P3,coral,3,1-2,1586,1689,79,0.6387137452711223,0.6253997492359871,0.5442287256122873,0.5518869378837822,0.5518869378837822,
Random Forest,raw,P3,coral,4,1-3,161,3275,79,0.6832298136645962,0.824808429118774,0.735625,0.7347461566706043,0.7347461566706043,
Random Forest,raw,P3,coral,5,1-4,197,3436,79,0.7868020304568528,0.8520031421838177,0.8178191856452726,0.7885885802038252,0.7885885802038252,
Random Forest,raw,P3,coral,6,1-5,2300,3633,79,0.6304347826086957,0.5700173884282383,0.6585278119833716,0.5544691741485601,0.6653630089782722,0.0
Random Forest,raw,P3,coral,7,1-6,3613,5933,546,0.6966509825629671,0.7643992044994369,0.7062780806704022,0.6474507663949004,0.661583358126401,0.43309859154929575
Random Forest,raw,P3,coral,8,1-7,294,9546,1114,0.3707482993197279,0.4413419913419913,0.3591686091686092,0.27519479534875346,0.33023375441850417,0.0
Random Forest,raw,P3,coral,9,1-8,470,9840,1132,0.2170212765957447,0.0462012179196393,0.16996699669966997,0.06939823874755381,0.07827788649706457,0.019801980198019802
Random Forest,raw,P3,coral,10,1-9,3600,10310,1233,0.53,0.5372027076418229,0.5299999999999999,0.5089965796162127,0.5912610118185251,0.07
Random Forest,raw,P3,recency-h1,2,1-1,1244,445,74,0.7548231511254019,0.6863453630252049,0.7483601474842357,0.697708480291482,0.6554319945315966,1.0
Random Forest,raw,P3,recency-h1,3,1-2,1586,1689,79,0.9262295081967213,0.9237839850897582,0.9189637470596373,0.9200430692016898,0.9200430692016898,
Random Forest,raw,P3,recency-h1,4,1-3,161,3275,79,0.84472049689441,0.9007070707070707,0.8168749999999999,0.8216891412543585,0.8216891412543585,
Random Forest,raw,P3,recency-h1,5,1-4,197,3436,79,0.9289340101522843,0.9297797026610587,0.9280400276052451,0.9240331882954834,0.9240331882954834,
Random Forest,raw,P3,recency-h1,6,1-5,2300,3633,79,0.6960869565217391,0.6266159886602168,0.7540661990655741,0.6161147140848376,0.7393376569018051,0.0
Random Forest,raw,P3,recency-h1,7,1-6,3613,5933,546,0.7312482701356213,0.7991248341059806,0.72070405019715,0.6893631816697775,0.6872889623792865,0.6954225352112676
Random Forest,raw,P3,recency-h1,8,1-7,294,9546,1114,0.8673469387755102,0.856950354609929,0.7520752395752396,0.7599928762736226,0.8286581181950137,0.2777777777777778
Random Forest,raw,P3,recency-h1,9,1-8,470,9840,1132,0.7723404255319148,0.7781836914503382,0.8183458673736226,0.754417839249547,0.8977542372881355,0.019801980198019802
Random Forest,raw,P3,recency-h1,10,1-9,3600,10310,1233,0.6169444444444444,0.6632242443780075,0.6169444444444444,0.618339228546228,0.613360851368413,0.7166666666666667
Random Forest,raw,P3,recency-h2,2,1-1,1244,445,74,0.7548231511254019,0.6863453630252049,0.7483601474842357,0.697708480291482,0.6554319945315966,1.0
Random Forest,raw,P3,recency-h2,3,1-2,1586,1689,79,0.9230769230769231,0.9221723765594291,0.9149435450394353,0.9169685452026088,0.9169685452026088,
Random Forest,raw,P3,recency-h2,4,1-3,161,3275,79,0.8385093167701864,0.8873823831406016,0.81375,0.8116062891497707,0.8116062891497707,
Random Forest,raw,P3,recency-h2,5,1-4,197,3436,79,0.9289340101522843,0.9297797026610587,0.9280400276052451,0.9240331882954834,0.9240331882954834,
Random Forest,raw,P3,recency-h2,6,1-5,2300,3633,79,0.7078260869565217,0.6214976797352575,0.7619043169654076,0.6184324485466579,0.7421189382559895,0.0
Random Forest,raw,P3,recency-h2,7,1-6,3613,5933,546,0.7511763077774702,0.7968968343573816,0.7515477744302427,0.7214227626425515,0.7222565473300501,0.698943661971831
Random Forest,raw,P3,recency-h2,8,1-7,294,9546,1114,0.8571428571428571,0.8758658491267187,0.720593758093758,0.7064356536342249,0.8266701527821224,0.05555555555555555
Random Forest,raw,P3,recency-h2,9,1-8,470,9840,1132,0.7957446808510639,0.8605526778937183,0.8359876643402046,0.7927883702846668,0.9065184581347034,0.12871287128712872
Random Forest,raw,P3,recency-h2,10,1-9,3600,10310,1233,0.6169444444444444,0.6521376732382776,0.6169444444444444,0.614446448854859,0.6123357386258308,0.6416666666666667
Random Forest,raw,P3,window-1,2,1-1,1244,445,74,0.7548231511254019,0.6863453630252049,0.7483601474842357,0.697708480291482,0.6554319945315966,1.0
Random Forest,raw,P3,window-1,3,1-2,1586,1244,5,0.9161412358133669,0.9169241746299095,0.9016576726165766,0.9059843479055427,0.9059843479055427,
Random Forest,raw,P3,window-1,4,1-3,161,1586,0,0.7888198757763976,0.8090132090132091,0.8143071705426357,0.7631467809795983,0.7631467809795983,
Random Forest,raw,P3,window-1,5,1-4,197,161,0,0.8274111675126904,0.8968197440887821,0.8169841269841271,0.8186342654863605,0.8186342654863605,
Random Forest,raw,P3,window-1,6,1-5,2300,197,0,0.39956521739130435,0.5305554777068111,0.5142342186318926,0.36026542605336953,0.4323185112640434,0.0
Random Forest,raw,P3,window-1,7,1-6,3613,2300,467,0.6850262939385552,0.7793933016636524,0.6516603074539525,0.5813379503414294,0.561921241501235,0.7112676056338029
Random Forest,raw,P3,window-1,8,1-7,294,3613,568,0.8503401360544217,0.868238604781231,0.7705775705775707,0.76284862434535,0.7404183492144198,0.7777777777777778
Random Forest,raw,P3,window-1,9,1-8,470,294,18,0.9319148936170213,0.9410234254992321,0.9271590109830655,0.93017688828524,0.9298044989519969,0.9504950495049505
Random Forest,raw,P3,window-1,10,1-9,3600,470,101,0.3411111111111111,0.3662639749635033,0.34111111111111114,0.25915301692447856,0.3042230569290926,0.02
Random Forest,raw,P3,window-2,2,1-1,1244,445,74,0.7548231511254019,0.6863453630252049,0.7483601474842357,0.697708480291482,0.6554319945315966,1.0
Random Forest,raw,P3,window-2,3,1-2,1586,1689,79,0.9287515762925599,0.9261928483060355,0.9215681241640146,0.9229940758091801,0.9229940758091801,
Random Forest,raw,P3,window-2,4,1-3,161,2830,5,0.84472049689441,0.8617158931082981,0.8168749999999999,0.7955477855477856,0.7955477855477856,
Random Forest,raw,P3,window-2,5,1-4,197,1747,0,0.934010152284264,0.9341191744546682,0.9243892339544513,0.9234091380811208,0.9234091380811208,
Random Forest,raw,P3,window-2,6,1-5,2300,358,0,0.5113043478260869,0.49900016101989336,0.6165440273218056,0.43239108152732314,0.5188692978327878,0.0
Random Forest,raw,P3,window-2,7,1-6,3613,2497,467,0.6734016053141434,0.7543778695172478,0.6425827837694319,0.5666164613326413,0.5487105177187709,0.6954225352112676
Random Forest,raw,P3,window-2,8,1-7,294,5913,1035,0.8469387755102041,0.8685033928809638,0.7342430717430718,0.7328105593089577,0.7562957480938263,0.4444444444444444
Random Forest,raw,P3,window-2,9,1-8,470,3907,586,0.8,0.8675647234595655,0.839350033363992,0.7981944770887622,0.9103757453878705,0.13861386138613863
Random Forest,raw,P3,window-2,10,1-9,3600,764,119,0.4652777777777778,0.5231835418279559,0.46527777777777773,0.4102892144076687,0.4277599013258997,0.29333333333333333
Random Forest,raw,P3,window-2 + batch-std,2,1-1,1244,445,74,0.7379421221864951,0.5635218039938062,0.6876688672901766,0.5604702450853482,0.630011102613056,1.0
Random Forest,raw,P3,window-2 + batch-std,3,1-2,1586,1689,79,0.7723833543505675,0.7499585150449057,0.7091999013525433,0.7050380060565571,0.7050380060565571,
Random Forest,raw,P3,window-2 + batch-std,4,1-3,161,2830,5,0.8012422360248447,0.8545454545454545,0.8645833333333333,0.8042048517520216,0.8042048517520216,
Random Forest,raw,P3,window-2 + batch-std,5,1-4,197,1747,0,0.9644670050761421,0.964600515318924,0.9617805383022775,0.9620998916098337,0.9620998916098337,
Random Forest,raw,P3,window-2 + batch-std,6,1-5,2300,358,0,0.48739130434782607,0.49320401574032585,0.4784069977634848,0.4009028603794236,0.48108343245530827,0.0
Random Forest,raw,P3,window-2 + batch-std,7,1-6,3613,2497,467,0.7752560199280376,0.8174695808300543,0.7559689721961987,0.7515312909515148,0.7589511622431484,0.6144366197183099
Random Forest,raw,P3,window-2 + batch-std,8,1-7,294,5913,1035,0.47619047619047616,0.42290100250626567,0.43547332297332303,0.385443968969378,0.43396133419182503,0.2222222222222222
Random Forest,raw,P3,window-2 + batch-std,9,1-8,470,3907,586,0.7361702127659574,0.7503621743753323,0.7429422942294229,0.7077716100643466,0.7386876342048756,0.38613861386138615
Random Forest,raw,P3,window-2 + batch-std,10,1-9,3600,764,119,0.3572222222222222,0.37779305927078793,0.35722222222222216,0.32281472007722006,0.37490883616248954,0.041666666666666664
Random Forest,raw,P3,window-3,2,1-1,1244,445,74,0.7548231511254019,0.6863453630252049,0.7483601474842357,0.697708480291482,0.6554319945315966,1.0
Random Forest,raw,P3,window-3,3,1-2,1586,1689,79,0.9287515762925599,0.9261928483060355,0.9215681241640146,0.9229940758091801,0.9229940758091801,
Random Forest,raw,P3,window-3,4,1-3,161,3275,79,0.84472049689441,0.9171241830065359,0.8168749999999999,0.8284515261025328,0.8284515261025328,
Random Forest,raw,P3,window-3,5,1-4,197,2991,5,0.9187817258883249,0.9212513178168843,0.9136922015182884,0.9109720152343103,0.9109720152343103,
Random Forest,raw,P3,window-3,6,1-5,2300,1944,0,0.6908695652173913,0.574993929101599,0.7483701365703213,0.5827728078813502,0.6993273694576202,0.0
Random Forest,raw,P3,window-3,7,1-6,3613,2658,467,0.687240520343205,0.7854375774639841,0.6555137918909503,0.5878039837630138,0.5672013432788854,0.721830985915493
Random Forest,raw,P3,window-3,8,1-7,294,6110,1035,0.8979591836734694,0.8941518769824288,0.8131863506863507,0.8334560926274674,0.8816287926344424,0.4444444444444444
Random Forest,raw,P3,window-3,9,1-8,470,6207,1053,0.7851063829787234,0.8558079368469982,0.8288809536691374,0.7696316387876521,0.9013357443229604,0.0594059405940594
Random Forest,raw,P3,window-3,10,1-9,3600,4377,687,0.5913888888888889,0.649603383021209,0.5913888888888889,0.5867549904844237,0.5868874455349508,0.59
SVM,LDA,P1,baseline,4,1-3,161,3275,79,0.782608695652174,0.8148611119031463,0.8460513565891471,0.7820787498740992,0.7820787498740992,
SVM,LDA,P1,baseline,5,1-3,197,3275,79,0.9949238578680203,0.996875,0.99,0.9932969917221885,0.9932969917221885,
SVM,LDA,P1,baseline,6,1-3,2300,3275,79,0.7473913043478261,0.6856781525105036,0.783704670394613,0.646539908395568,0.7741636795483658,0.004282655246252677
SVM,LDA,P1,baseline,7,1-3,3613,3275,79,0.6695267091060061,0.6502331398207075,0.6737921002717367,0.6428826803038575,0.7694757452902489,0.00528169014084507
SVM,LDA,P1,baseline,8,1-3,294,3275,79,0.5408163265306123,0.4356060606060606,0.5107128982128982,0.42372393737726166,0.508468724852714,0.0
SVM,LDA,P1,baseline,9,1-3,470,3275,79,0.49361702127659574,0.6340218451612699,0.48700466200466197,0.40446886518231623,0.48536263821877945,0.0
SVM,LDA,P1,baseline,10,1-3,3600,3275,79,0.43027777777777776,0.5613104879367835,0.43027777777777776,0.40675751046753367,0.4180009693437535,0.24333333333333335
SVM,LDA,P1,batch-std,4,1-3,161,3275,79,0.6149068322981367,0.6933299139053615,0.7337160852713178,0.6738449804799295,0.6738449804799295,
SVM,LDA,P1,batch-std,5,1-3,197,3275,79,0.9796954314720813,0.9707771407036528,0.9804761904761905,0.9754054688254861,0.9754054688254861,
SVM,LDA,P1,batch-std,6,1-3,2300,3275,79,0.5817391304347826,0.6318908963982318,0.6541936260033263,0.5080969766475051,0.5718785341391683,0.10492505353319058
SVM,LDA,P1,batch-std,7,1-3,3613,3275,79,0.4362026017160255,0.4677430673116105,0.464401255948013,0.43258229895355943,0.5184472929462257,0.0017605633802816902
SVM,LDA,P1,batch-std,8,1-3,294,3275,79,0.3707482993197279,0.5247524752475248,0.2725135975135975,0.1927029822790658,0.23124357873487894,0.0
SVM,LDA,P1,batch-std,9,1-3,470,3275,79,0.13191489361702127,0.2918099431553443,0.14487548250411422,0.09897572386384619,0.11496134482709161,0.009900990099009901
SVM,LDA,P1,batch-std,10,1-3,3600,3275,79,0.385,0.4871251177449798,0.385,0.38822276419464297,0.39875679772598166,0.21
SVM,LDA,P1,coral,4,1-3,161,3275,79,0.7701863354037267,0.7658806106174527,0.8398013565891471,0.7675525143912241,0.7675525143912241,
SVM,LDA,P1,coral,5,1-3,197,3275,79,0.9796954314720813,0.9798941798941799,0.9725396825396825,0.9759100520076129,0.9759100520076129,
SVM,LDA,P1,coral,6,1-3,2300,3275,79,0.7534782608695653,0.7241575086740579,0.7934536017894672,0.6533753929355001,0.7815188259529797,0.006423982869379015
SVM,LDA,P1,coral,7,1-3,3613,3275,79,0.7193468032106283,0.7232777158380989,0.714850904552133,0.6999404692442867,0.8150636982282791,0.08098591549295775
SVM,LDA,P1,coral,8,1-3,294,3275,79,0.6496598639455783,0.44253495972032225,0.5208139083139084,0.4455982196760428,0.5347178636112513,0.0
SVM,LDA,P1,coral,9,1-3,470,3275,79,0.5127659574468085,0.3830776550983246,0.5008771192377749,0.4104022543915827,0.49248270526989923,0.0
SVM,LDA,P1,coral,10,1-3,3600,3275,79,0.5008333333333334,0.6013942444855289,0.5008333333333334,0.4610090016021509,0.45595052794997837,0.355
SVM,LDA,P3,baseline,2,1-1,1244,445,74,0.3183279742765273,0.2455074186023092,0.48137648164706254,0.21562028501129674,0.23464795647138742,1.0
SVM,LDA,P3,baseline,3,1-2,1586,1689,79,0.725094577553594,0.8277915023749156,0.7644965816961904,0.7379105079189803,0.7379105079189803,
SVM,LDA,P3,baseline,4,1-3,161,3275,79,0.782608695652174,0.8148611119031463,0.8460513565891471,0.7820787498740992,0.7820787498740992,
SVM,LDA,P3,baseline,5,1-4,197,3436,79,0.9949238578680203,0.996875,0.99,0.9932969917221885,0.9932969917221885,
SVM,LDA,P3,baseline,6,1-5,2300,3633,79,0.7430434782608696,0.684483745376709,0.7865628838399856,0.6439639863015335,0.7710725730355243,0.004282655246252677
SVM,LDA,P3,baseline,7,1-6,3613,5933,546,0.9036811513977304,0.9281923129202654,0.9071211790154602,0.9079722458278722,0.8999397614174685,0.9172535211267606
SVM,LDA,P3,baseline,8,1-7,294,9546,1114,0.9081632653061225,0.9110695094734808,0.8463383838383839,0.8663493000348425,0.8796191600418111,0.6666666666666666
SVM,LDA,P3,baseline,9,1-8,470,9840,1132,0.9638297872340426,0.9628522794496946,0.963985013886004,0.9624950290001325,0.9628371720550609,0.9702970297029703
SVM,LDA,P3,baseline,10,1-9,3600,10310,1233,0.7147222222222223,0.7429683614892925,0.7147222222222221,0.6927646712009286,0.6902938130835079,0.815
SVM,LDA,P3,batch-std,2,1-1,1244,445,74,0.24115755627009647,0.22601480086510026,0.24492368646166315,0.1408603342996618,0.16903240115959414,0.0
SVM,LDA,P3,batch-std,3,1-2,1586,1689,79,0.6960907944514502,0.7005176776667031,0.7264646346984899,0.672539479064745,0.672539479064745,
SVM,LDA,P3,batch-std,4,1-3,161,3275,79,0.6149068322981367,0.6933299139053615,0.7337160852713178,0.6738449804799295,0.6738449804799295,
SVM,LDA,P3,batch-std,5,1-4,197,3436,79,0.9847715736040609,0.9798776418242493,0.9836507936507937,0.9816912280701754,0.9816912280701754,
SVM,LDA,P3,batch-std,6,1-5,2300,3633,79,0.7482608695652174,0.7450468769712457,0.7936808533196821,0.6392706093092582,0.7244580645044432,0.11991434689507495
SVM,LDA,P3,batch-std,7,1-6,3613,5933,546,0.9194575145308608,0.9417193584512539,0.9242243184314969,0.9254683589970988,0.9216937562139582,0.8961267605633803
SVM,LDA,P3,batch-std,8,1-7,294,9546,1114,0.8809523809523809,0.8943499666961466,0.8182757057757059,0.8345604372668358,0.8497483867891684,0.6111111111111112
SVM,LDA,P3,batch-std,9,1-8,470,9840,1132,0.7361702127659574,0.784729206017515,0.7632614301783267,0.7218496212368134,0.8006457749923728,0.19801980198019803
SVM,LDA,P3,batch-std,10,1-9,3600,10310,1233,0.6611111111111111,0.6700304997291958,0.6611111111111111,0.6429116920485102,0.6270945702692783,0.8916666666666667
SVM,LDA,P3,coral,2,1-1,1244,445,74,0.5434083601286174,0.45921284346326163,0.5741462033426455,0.39860201027800685,0.4426081266193226,1.0
SVM,LDA,P3,coral,3,1-2,1586,1689,79,0.8965952080706179,0.9111222912052988,0.9033281063359342,0.8992688327675851,0.8992688327675851,
SVM,LDA,P3,coral,4,1-3,161,3275,79,0.7701863354037267,0.7658806106174527,0.8398013565891471,0.7675525143912241,0.7675525143912241,
SVM,LDA,P3,coral,5,1-4,197,3436,79,0.9847715736040609,0.9848044909020519,0.9796825396825397,0.9820851987518655,0.9820851987518655,
SVM,LDA,P3,coral,6,1-5,2300,3633,79,0.7439130434782608,0.6785705169571568,0.7865214054313766,0.6433799714698172,0.7703752934948731,0.004282655246252677
SVM,LDA,P3,coral,7,1-6,3613,5933,546,0.873789094934957,0.9140805952327575,0.8850204143317785,0.8797968039725007,0.8658202086828288,0.9137323943661971
SVM,LDA,P3,coral,8,1-7,294,9546,1114,0.8197278911564626,0.7372113997113997,0.7118395493395493,0.7160615919366454,0.7449881960382603,0.6666666666666666
SVM,LDA,P3,coral,9,1-8,470,9840,1132,0.7276595744680852,0.6652037610772639,0.6469514883392501,0.6012629475326302,0.5664767773492339,0.9900990099009901
SVM,LDA,P3,coral,10,1-9,3600,10310,1233,0.7158333333333333,0.7509794545345052,0.7158333333333333,0.6985405145408684,0.6924178201270701,0.9983333333333333
SVM,LDA,P3,recency-h1,2,1-1,1244,445,74,0.3183279742765273,0.2455074186023092,0.48137648164706254,0.21562028501129674,0.23464795647138742,1.0
SVM,LDA,P3,recency-h1,3,1-2,1586,1689,79,0.7919293820933165,0.8992412035020767,0.8098432959734329,0.8010258055858298,0.8010258055858298,
SVM,LDA,P3,recency-h1,4,1-3,161,3275,79,0.7701863354037267,0.8099499977439507,0.8398013565891471,0.775422638324599,0.775422638324599,
SVM,LDA,P3,recency-h1,5,1-4,197,3436,79,0.9949238578680203,0.996875,0.99,0.9932969917221885,0.9932969917221885,
SVM,LDA,P3,recency-h1,6,1-5,2300,3633,79,0.7495652173913043,0.7055649954291138,0.7907157323872219,0.650024221730526,0.7783377341527411,0.004282655246252677
SVM,LDA,P3,recency-h1,7,1-6,3613,5933,546,0.8978688070855245,0.9202212763232162,0.8980751637060701,0.8987310764293839,0.8887792455340884,0.9401408450704225
SVM,LDA,P3,recency-h1,8,1-7,294,9546,1114,0.9081632653061225,0.915470575022462,0.8500420875420875,0.874887730210201,0.8922895186764837,0.7222222222222222
SVM,LDA,P3,recency-h1,9,1-8,470,9840,1132,0.9638297872340426,0.9692834326500739,0.9640470528767883,0.9657988243704746,0.9715189757179996,0.9603960396039604
SVM,LDA,P3,recency-h1,10,1-9,3600,10310,1233,0.6777777777777778,0.7449219850522737,0.6777777777777777,0.6502212612183057,0.6404305547222819,0.7766666666666666
SVM,LDA,P3,recency-h2,2,1-1,1244,445,74,0.3183279742765273,0.2455074186023092,0.48137648164706254,0.21562028501129674,0.23464795647138742,1.0
SVM,LDA,P3,recency-h2,3,1-2,1586,1689,79,0.7490542244640606,0.8473316417676994,0.7815290661719233,0.7591936453339876,0.7591936453339876,
SVM,LDA,P3,recency-h2,4,1-3,161,3275,79,0.7763975155279503,0.8099325082835158,0.8429263565891472,0.7777420358459365,0.7777420358459365,
SVM,LDA,P3,recency-h2,5,1-4,197,3436,79,0.9949238578680203,0.996875,0.99,0.9932969917221885,0.9932969917221885,
SVM,LDA,P3,recency-h2,6,1-5,2300,3633,79,0.7452173913043478,0.6973072826533956,0.7879226888100296,0.6480929724781846,0.7760238032607414,0.004282655246252677
SVM,LDA,P3,recency-h2,7,1-6,3613,5933,546,0.8939939108773872,0.9186459239310278,0.8972093784630416,0.8963950634559961,0.8858006584256763,0.9242957746478874
SVM,LDA,P3,recency-h2,8,1-7,294,9546,1114,0.9081632653061225,0.915470575022462,0.8500420875420875,0.874887730210201,0.8922895186764837,0.7222222222222222
SVM,LDA,P3,recency-h2,9,1-8,470,9840,1132,0.9680851063829787,0.9707633762487421,0.9683205571502925,0.9689991686501132,0.9726029239487632,0.9603960396039604
SVM,LDA,P3,recency-h2,10,1-9,3600,10310,1233,0.6841666666666667,0.7387864971156272,0.6841666666666667,0.6483444867141754,0.6372345449681053,0.7983333333333333
SVM,LDA,P3,window-1,2,1-1,1244,445,74,0.3183279742765273,0.2455074186023092,0.48137648164706254,0.21562028501129674,0.23464795647138742,1.0
SVM,LDA,P3,window-1,3,1-2,1586,1244,5,0.7358133669609079,0.8102026339719188,0.8167352619475908,0.7551778304743393,0.7551778304743393,
SVM,LDA,P3,window-1,4,1-3,161,1586,0,0.6894409937888198,0.7552651405389742,0.7722529069767442,0.7524849086248242,0.7524849086248242,
SVM,LDA,P3,window-1,5,1-4,197,161,0,0.9847715736040609,0.983440860215054,0.9836507936507937,0.983175243147657,0.983175243147657,
SVM,LDA,P3,window-1,6,1-5,2300,197,0,0.4717391304347826,0.4491671901557764,0.6027674627167973,0.3702615826042926,0.4443138991251511,0.0
SVM,LDA,P3,window-1,7,1-6,3613,2300,467,0.8939939108773872,0.9202021368017516,0.873610352112698,0.8808096645962887,0.8655092905219043,0.9278169014084507
SVM,LDA,P3,window-1,8,1-7,294,3613,568,0.8333333333333334,0.7474284104204627,0.7051605801605803,0.7082089970873731,0.7858507965048477,0.2222222222222222
SVM,LDA,P3,window-1,9,1-8,470,294,18,0.6723404255319149,0.7316849816849818,0.7141618007954641,0.6804932926777428,0.6175869760889132,0.9900990099009901
SVM,LDA,P3,window-1,10,1-9,3600,470,101,0.38972222222222225,0.4443920083348776,0.38972222222222225,0.3771075671810518,0.4525290806172622,0.0
SVM,LDA,P3,window-2,2,1-1,1244,445,74,0.3183279742765273,0.2455074186023092,0.48137648164706254,0.21562028501129674,0.23464795647138742,1.0
SVM,LDA,P3,window-2,3,1-2,1586,1689,79,0.725094577553594,0.8277915023749156,0.7644965816961904,0.7379105079189803,0.7379105079189803,
SVM,LDA,P3,window-2,4,1-3,161,2830,5,0.7391304347826086,0.8357592093441151,0.8241763565891471,0.7647285067873303,0.7647285067873303,
SVM,LDA,P3,window-2,5,1-4,197,1747,0,0.9847715736040609,0.9868534482758621,0.9768253968253967,0.9812405028318828,0.9812405028318828,
SVM,LDA,P3,window-2,6,1-5,2300,358,0,0.7026086956521739,0.5786603633376849,0.764331110167376,0.5887089585424211,0.7064507502509054,0.0
SVM,LDA,P3,window-2,7,1-6,3613,2497,467,0.9006365900913368,0.9253052898869193,0.8860270254720525,0.893251223140668,0.8784469223142561,0.9366197183098591
SVM,LDA,P3,window-2,8,1-7,294,5913,1035,0.8843537414965986,0.8511832611832614,0.8084013209013209,0.8164956905251274,0.8672948286301528,0.5
SVM,LDA,P3,window-2,9,1-8,470,3907,586,0.8340425531914893,0.8980982943400756,0.8407920237168734,0.8266316030497696,0.815613837638218,0.8118811881188119
SVM,LDA,P3,window-2,10,1-9,3600,764,119,0.4161111111111111,0.48727848999611706,0.4161111111111111,0.3558283060844929,0.2977778152823891,0.68
SVM,LDA,P3,window-2 + batch-std,2,1-1,1244,445,74,0.24115755627009647,0.22601480086510026,0.24492368646166315,0.1408603342996618,0.16903240115959414,0.0
SVM,LDA,P3,window-2 + batch-std,3,1-2,1586,1689,79,0.6960907944514502,0.7005176776667031,0.7264646346984899,0.672539479064745,0.672539479064745,
SVM,LDA,P3,window-2 + batch-std,4,1-3,161,2830,5,0.484472049689441,0.5447771862368136,0.5135174418604651,0.44710074510216125,0.44710074510216125,
SVM,LDA,P3,window-2 + batch-std,5,1-4,197,1747,0,0.9746192893401016,0.9741935483870968,0.9704761904761904,0.9713041926851027,0.9713041926851027,
SVM,LDA,P3,window-2 + batch-std,6,1-5,2300,358,0,0.5265217391304348,0.46536078435586997,0.6243945301318362,0.45278365394290665,0.5433403847314879,0.0
SVM,LDA,P3,window-2 + batch-std,7,1-6,3613,2497,467,0.8602269582064767,0.9050865148030013,0.8245221971612818,0.8291320540489965,0.8178710862180191,0.8028169014084507
SVM,LDA,P3,window-2 + batch-std,8,1-7,294,5913,1035,0.8401360544217688,0.8180882617103483,0.757038332038332,0.7522807878417669,0.7995111389585075,0.4444444444444444
SVM,LDA,P3,window-2 + batch-std,9,1-8,470,3907,586,0.7170212765957447,0.629685484275437,0.7296483879157146,0.663115546856459,0.629352101605902,0.9801980198019802
SVM,LDA,P3,window-2 + batch-std,10,1-9,3600,764,119,0.19027777777777777,0.3245878070587314,0.19027777777777777,0.19664866711731777,0.2359784005407813,0.0
SVM,LDA,P3,window-3,2,1-1,1244,445,74,0.3183279742765273,0.2455074186023092,0.48137648164706254,0.21562028501129674,0.23464795647138742,1.0
SVM,LDA,P3,window-3,3,1-2,1586,1689,79,0.725094577553594,0.8277915023749156,0.7644965816961904,0.7379105079189803,0.7379105079189803,
SVM,LDA,P3,window-3,4,1-3,161,3275,79,0.782608695652174,0.8148611119031463,0.8460513565891471,0.7820787498740992,0.7820787498740992,
SVM,LDA,P3,window-3,5,1-4,197,2991,5,0.9949238578680203,0.996875,0.99,0.9932969917221885,0.9932969917221885,
SVM,LDA,P3,window-3,6,1-5,2300,1944,0,0.7452173913043478,0.6135832071247068,0.7878541922848313,0.6304297085814717,0.7565156502977661,0.0
SVM,LDA,P3,window-3,7,1-6,3613,2658,467,0.870190977027401,0.9000734140413985,0.8551012411298725,0.8633052087846808,0.8457538775037591,0.9066901408450704
SVM,LDA,P3,window-3,8,1-7,294,6110,1035,0.891156462585034,0.8602107599442442,0.8225297850297851,0.8308034780652817,0.8747419514561157,0.6111111111111112
SVM,LDA,P3,window-3,9,1-8,470,6207,1053,0.9297872340425531,0.9373339862136598,0.9400666933023692,0.9345685019699747,0.9524982451447184,0.7821782178217822
SVM,LDA,P3,window-3,10,1-9,3600,4377,687,0.5775,0.6200127149101355,0.5775,0.5320475692760158,0.47612698604384035,0.6966666666666667
SVM,raw,P1,baseline,4,1-3,161,3275,79,0.8757763975155279,0.9367441860465118,0.8909108527131782,0.9045080973664351,0.9045080973664351,
SVM,raw,P1,baseline,5,1-3,197,3275,79,0.9543147208121827,0.954093361482524,0.9566666666666667,0.9545638490346157,0.9545638490346157,
SVM,raw,P1,baseline,6,1-3,2300,3275,79,0.6969565217391305,0.6368197465758442,0.7556233695198041,0.6214286733662086,0.7457144080394502,0.0
SVM,raw,P1,baseline,7,1-3,3613,3275,79,0.6844727373373928,0.6620957152405974,0.6844195527456277,0.6482798604335648,0.7779358325202776,0.0
SVM,raw,P1,baseline,8,1-3,294,3275,79,0.5510204081632653,0.6084889974720483,0.6536810411810411,0.543149985563094,0.6517799826757128,0.0
SVM,raw,P1,baseline,9,1-3,470,3275,79,0.7425531914893617,0.7128403803086991,0.7898290598290597,0.7235897224622257,0.868307666954671,0.0
SVM,raw,P1,baseline,10,1-3,3600,3275,79,0.43083333333333335,0.5228412012070439,0.43083333333333335,0.43105745769353226,0.5172689492322388,0.0
SVM,raw,P1,batch-std,4,1-3,161,3275,79,0.8633540372670807,0.8339310344827586,0.8943071705426355,0.8441665900888233,0.8441665900888233,
SVM,raw,P1,batch-std,5,1-3,197,3275,79,0.9847715736040609,0.9834920634920635,0.9824775707384402,0.9826028377752516,0.9826028377752516,
SVM,raw,P1,batch-std,6,1-3,2300,3275,79,0.7560869565217392,0.6122793213715726,0.6858350179380824,0.6263674383170593,0.7516409259804713,0.0
SVM,raw,P1,batch-std,7,1-3,3613,3275,79,0.7484085247716579,0.6707677467424622,0.7551650532220164,0.7053838339777011,0.8464606007732414,0.0
SVM,raw,P1,batch-std,8,1-3,294,3275,79,0.4217687074829932,0.4759259259259259,0.4332459207459207,0.4030266442609647,0.48363197311315764,0.0
SVM,raw,P1,batch-std,9,1-3,470,3275,79,0.6127659574468085,0.4607132317774318,0.6538461538461539,0.5229040404040405,0.6274848484848485,0.0
SVM,raw,P1,batch-std,10,1-3,3600,3275,79,0.5641666666666667,0.563628516376144,0.5641666666666666,0.5298919075312009,0.635870289037441,0.0
SVM,raw,P1,coral,4,1-3,161,3275,79,0.7515527950310559,0.9036144578313253,0.8054166666666667,0.8173457261692555,0.8173457261692555,
SVM,raw,P1,coral,5,1-3,197,3275,79,0.9187817258883249,0.9167181423015329,0.9182953761214631,0.9147569727919823,0.9147569727919823,
SVM,raw,P1,coral,6,1-3,2300,3275,79,0.7156521739130435,0.5731051846672971,0.7392522033544825,0.6139732018035609,0.736767842164273,0.0
SVM,raw,P1,coral,7,1-3,3613,3275,79,0.5934126764461666,0.5292305965714414,0.6148537826913989,0.5510883647191698,0.6613060376630038,0.0
SVM,raw,P1,coral,8,1-3,294,3275,79,0.336734693877551,0.31116403796619735,0.3355089355089355,0.23939140781246046,0.28726968937495256,0.0
SVM,raw,P1,coral,9,1-3,470,3275,79,0.26170212765957446,0.24808734811525737,0.2935042735042735,0.20324925571095967,0.2438991068531516,0.0
SVM,raw,P1,coral,10,1-3,3600,3275,79,0.38722222222222225,0.37427753802622626,0.3872222222222222,0.33284535952564503,0.39941443143077404,0.0
SVM,raw,P3,baseline,2,1-1,1244,445,74,0.7620578778135049,0.6055796055796057,0.731976822075636,0.6357642420262143,0.6200599475743143,1.0
SVM,raw,P3,baseline,3,1-2,1586,1689,79,0.8827238335435057,0.8835652100226543,0.8812683714415612,0.877961562475025,0.877961562475025,
SVM,raw,P3,baseline,4,1-3,161,3275,79,0.8757763975155279,0.9367441860465118,0.8909108527131782,0.9045080973664351,0.9045080973664351,
SVM,raw,P3,baseline,5,1-4,197,3436,79,0.9695431472081218,0.9689219974485148,0.9741269841269842,0.9706109186236646,0.9706109186236646,
SVM,raw,P3,baseline,6,1-5,2300,3633,79,0.7239130434782609,0.6341958798786684,0.7727735281154303,0.6315327834669174,0.757839340160301,0.0
SVM,raw,P3,baseline,7,1-6,3613,5933,546,0.8580127318018267,0.892039062521436,0.869959842688148,0.8588295937241011,0.8504655217539723,0.8538732394366197
SVM,raw,P3,baseline,8,1-7,294,9546,1114,0.9081632653061225,0.9151172665878547,0.8593272468272469,0.8782163241077908,0.8962838313535914,0.7222222222222222
SVM,raw,P3,baseline,9,1-8,470,9840,1132,0.7702127659574468,0.7207209696433834,0.817695109990192,0.7502761806869082,0.9003314168242899,0.0
SVM,raw,P3,baseline,10,1-9,3600,10310,1233,0.6677777777777778,0.7159019673310475,0.6677777777777778,0.6697334904269336,0.679151886625528,0.77
SVM,raw,P3,batch-std,2,1-1,1244,445,74,0.8191318327974276,0.5794125711614401,0.7333163399956003,0.6091323673627144,0.6568847667611832,1.0
SVM,raw,P3,batch-std,3,1-2,1586,1689,79,0.8360655737704918,0.8646856008268944,0.7947582934931272,0.81420462377566,0.81420462377566,
SVM,raw,P3,batch-std,4,1-3,161,3275,79,0.8633540372670807,0.8339310344827586,0.8943071705426355,0.8441665900888233,0.8441665900888233,
SVM,raw,P3,batch-std,5,1-4,197,3436,79,0.9898477157360406,0.9899288451012589,0.9868253968253968,0.988188419767367,0.988188419767367,
SVM,raw,P3,batch-std,6,1-5,2300,3633,79,0.7565217391304347,0.6138726815031975,0.6861931663222344,0.627281246605819,0.7527374959269827,0.0
SVM,raw,P3,batch-std,7,1-6,3613,5933,546,0.8023802933849986,0.8472839311311607,0.813360393603976,0.8024136169568364,0.8362776353122326,0.4647887323943662
SVM,raw,P3,batch-std,8,1-7,294,9546,1114,0.5918367346938775,0.7491123839723692,0.6628043253043253,0.6165905985363481,0.667181445516345,0.2222222222222222
SVM,raw,P3,batch-std,9,1-8,470,9840,1132,0.7361702127659574,0.6796258819971558,0.7823931623931624,0.7014943826264582,0.8417932591517499,0.0
SVM,raw,P3,batch-std,10,1-9,3600,10310,1233,0.6341666666666667,0.5860823837847996,0.6341666666666667,0.5920240461395048,0.7097959439750007,0.0016666666666666668
SVM,raw,P3,coral,2,1-1,1244,445,74,0.3842443729903537,0.3433500917316728,0.29958270694993655,0.22805915875001212,0.27367099050001453,0.0
SVM,raw,P3,coral,3,1-2,1586,1689,79,0.8341740226986128,0.8516021590357271,0.8368702578859135,0.8279599919805618,0.8279599919805618,
SVM,raw,P3,coral,4,1-3,161,3275,79,0.7515527950310559,0.9036144578313253,0.8054166666666667,0.8173457261692555,0.8173457261692555,
SVM,raw,P3,coral,5,1-4,197,3436,79,0.9746192893401016,0.973056508808053,0.9773015873015873,0.9744216844111495,0.9744216844111495,
SVM,raw,P3,coral,6,1-5,2300,3633,79,0.717391304347826,0.5753067258678713,0.7569655170177957,0.6196717822572592,0.7436061387087111,0.0
SVM,raw,P3,coral,7,1-6,3613,5933,546,0.796844727373374,0.8773426726120701,0.8061427105043643,0.7989903297989563,0.8036863549424209,0.6355633802816901
SVM,raw,P3,coral,8,1-7,294,9546,1114,0.5272108843537415,0.6546278708307988,0.5786421911421912,0.4934160667784863,0.5235278515627549,0.3333333333333333
SVM,raw,P3,coral,9,1-8,470,9840,1132,0.3553191489361702,0.38383155883155884,0.3067648303291868,0.24517510455870392,0.27681882112261863,0.06930693069306931
SVM,raw,P3,coral,10,1-9,3600,10310,1233,0.5266666666666666,0.6113716964444639,0.5266666666666667,0.5290850566355333,0.5485319101434147,0.5016666666666667
SVM,raw,P3,recency-h1,2,1-1,1244,445,74,0.7620578778135049,0.6055796055796057,0.731976822075636,0.6357642420262143,0.6200599475743143,1.0
SVM,raw,P3,recency-h1,3,1-2,1586,1689,79,0.8972257250945775,0.899153001421509,0.8999509967817207,0.8927290269360514,0.8927290269360514,
SVM,raw,P3,recency-h1,4,1-3,161,3275,79,0.7515527950310559,0.9036144578313253,0.8360416666666666,0.8330241187384043,0.8330241187384043,
SVM,raw,P3,recency-h1,5,1-4,197,3436,79,0.9593908629441624,0.9611363893604981,0.9677777777777777,0.9630356366797045,0.9630356366797045,
SVM,raw,P3,recency-h1,6,1-5,2300,3633,79,0.7282608695652174,0.6000697040719848,0.7738993216286337,0.6116876280715128,0.7340251536858153,0.0
SVM,raw,P3,recency-h1,7,1-6,3613,5933,546,0.817049543315804,0.8553408136361963,0.8269541382103852,0.8085081303110636,0.8228911443858946,0.8221830985915493
SVM,raw,P3,recency-h1,8,1-7,294,9546,1114,0.9013605442176871,0.8821322528301985,0.8610625485625487,0.8645576223427073,0.9041358134779154,0.6666666666666666
SVM,raw,P3,recency-h1,9,1-8,470,9840,1132,0.7723404255319148,0.8803145171111924,0.8199407633071,0.7505401691906393,0.8967266344013162,0.009900990099009901
SVM,raw,P3,recency-h1,10,1-9,3600,10310,1233,0.6469444444444444,0.6823597929277113,0.6469444444444444,0.6361225772387596,0.6401748498116664,0.8283333333333334
SVM,raw,P3,recency-h2,2,1-1,1244,445,74,0.7620578778135049,0.6055796055796057,0.731976822075636,0.6357642420262143,0.6200599475743143,1.0
SVM,raw,P3,recency-h2,3,1-2,1586,1689,79,0.8965952080706179,0.898480591297259,0.899495644168834,0.8921409503444785,0.8921409503444785,
SVM,raw,P3,recency-h2,4,1-3,161,3275,79,0.7577639751552795,0.9048780487804878,0.8391666666666666,0.8367020408163265,0.8367020408163265,
SVM,raw,P3,recency-h2,5,1-4,197,3436,79,0.9644670050761421,0.96495198746907,0.970952380952381,0.9668162659388028,0.9668162659388028,
SVM,raw,P3,recency-h2,6,1-5,2300,3633,79,0.7482608695652174,0.6523019027976066,0.7875480149595783,0.6487795489139524,0.7785354586967429,0.0
SVM,raw,P3,recency-h2,7,1-6,3613,5933,546,0.834763354553003,0.8675861298544381,0.8468722730649128,0.8289052518001907,0.8367829442568709,0.8485915492957746
SVM,raw,P3,recency-h2,8,1-7,294,9546,1114,0.9115646258503401,0.9131398833246035,0.8645590520590521,0.8797114748253269,0.9056537697903921,0.6666666666666666
SVM,raw,P3,recency-h2,9,1-8,470,9840,1132,0.7723404255319148,0.8796492209280687,0.8199407633071,0.7503015441617826,0.8964402843666882,0.009900990099009901
SVM,raw,P3,recency-h2,10,1-9,3600,10310,1233,0.6313888888888889,0.6753398914831211,0.631388888888889,0.6299662425772863,0.6259470377926191,0.87
SVM,raw,P3,window-1,2,1-1,1244,445,74,0.7620578778135049,0.6055796055796057,0.731976822075636,0.6357642420262143,0.6200599475743143,1.0
SVM,raw,P3,window-1,3,1-2,1586,1244,5,0.9016393442622951,0.9085850022130122,0.9061488428220326,0.8983073923581031,0.8983073923581031,
SVM,raw,P3,window-1,4,1-3,161,1586,0,0.6956521739130435,0.8304761904761906,0.8038275193798448,0.7388433072204453,0.7388433072204453,
SVM,raw,P3,window-1,5,1-4,197,161,0,0.8629441624365483,0.880097382836275,0.8600793650793651,0.8623491985726343,0.8623491985726343,
SVM,raw,P3,window-1,6,1-5,2300,197,0,0.5643478260869565,0.47249882566124984,0.626012046382807,0.42371389995404546,0.5084566799448546,0.0
SVM,raw,P3,window-1,7,1-6,3613,2300,467,0.7824522557431497,0.8310269757877196,0.7835734280832534,0.7579400768531959,0.7675341345199076,0.8274647887323944
SVM,raw,P3,window-1,8,1-7,294,3613,568,0.8605442176870748,0.8397752455049788,0.81246114996115,0.816074719695072,0.8562127405571633,0.6666666666666666
SVM,raw,P3,window-1,9,1-8,470,294,18,0.6127659574468085,0.7166666666666667,0.5964466446644664,0.5536444507032743,0.5373463138169021,0.46534653465346537
SVM,raw,P3,window-1,10,1-9,3600,470,101,0.25055555555555553,0.58747952820516,0.2505555555555556,0.17856481706934088,0.21427778048320906,0.0
SVM,raw,P3,window-2,2,1-1,1244,445,74,0.7620578778135049,0.6055796055796057,0.731976822075636,0.6357642420262143,0.6200599475743143,1.0
SVM,raw,P3,window-2,3,1-2,1586,1689,79,0.8827238335435057,0.8835652100226543,0.8812683714415612,0.877961562475025,0.877961562475025,
SVM,raw,P3,window-2,4,1-3,161,2830,5,0.84472049689441,0.9154761904761906,0.8752858527131782,0.8863141123269056,0.8863141123269056,
SVM,raw,P3,window-2,5,1-4,197,1747,0,0.9644670050761421,0.96495198746907,0.970952380952381,0.9668162659388028,0.9668162659388028,
SVM,raw,P3,window-2,6,1-5,2300,358,0,0.45956521739130435,0.61179131743795,0.5907242334206441,0.4753725458278411,0.5704470549934093,0.0
SVM,raw,P3,window-2,7,1-6,3613,2497,467,0.7719346803210628,0.8220893391207801,0.773972993937158,0.7469031856831041,0.7608147152682376,0.7816901408450704
SVM,raw,P3,window-2,8,1-7,294,5913,1035,0.9149659863945578,0.926933575978162,0.8618395493395495,0.8846534288764917,0.91158411465179,0.6666666666666666
SVM,raw,P3,window-2,9,1-8,470,3907,586,0.7680851063829788,0.7085428030861468,0.8160683760683761,0.7440604370391668,0.8928725244470002,0.0
SVM,raw,P3,window-2,10,1-9,3600,764,119,0.30277777777777776,0.594232708114769,0.30277777777777776,0.23883136816846015,0.2865976418021522,0.0
SVM,raw,P3,window-2 + batch-std,2,1-1,1244,445,74,0.8191318327974276,0.5794125711614401,0.7333163399956003,0.6091323673627144,0.6568847667611832,1.0
SVM,raw,P3,window-2 + batch-std,3,1-2,1586,1689,79,0.8360655737704918,0.8646856008268944,0.7947582934931272,0.81420462377566,0.81420462377566,
SVM,raw,P3,window-2 + batch-std,4,1-3,161,2830,5,0.8819875776397516,0.8555555555555555,0.9036821705426356,0.8555387967152672,0.8555387967152672,
SVM,raw,P3,window-2 + batch-std,5,1-4,197,1747,0,0.949238578680203,0.9539318745770359,0.9614285714285714,0.9555082528448147,0.9555082528448147,
SVM,raw,P3,window-2 + batch-std,6,1-5,2300,358,0,0.5191304347826087,0.49029178517843564,0.5531123789949143,0.4275462087309148,0.5130554504770978,0.0
SVM,raw,P3,window-2 + batch-std,7,1-6,3613,2497,467,0.8585662884029892,0.882734344438557,0.8666925995996482,0.8598187141489229,0.8795759623908639,0.8045774647887324
SVM,raw,P3,window-2 + batch-std,8,1-7,294,5913,1035,0.6258503401360545,0.6835325690861587,0.6686383061383062,0.6424506831111013,0.7571477162850457,0.16666666666666666
SVM,raw,P3,window-2 + batch-std,9,1-8,470,3907,586,0.8787234042553191,0.883441533226016,0.8894364051789795,0.8680244266638617,0.873813220042611,0.7227722772277227
SVM,raw,P3,window-2 + batch-std,10,1-9,3600,764,119,0.25805555555555554,0.3562720181564633,0.25805555555555554,0.22328188346458622,0.26793826015750344,0.0
SVM,raw,P3,window-3,2,1-1,1244,445,74,0.7620578778135049,0.6055796055796057,0.731976822075636,0.6357642420262143,0.6200599475743143,1.0
SVM,raw,P3,window-3,3,1-2,1586,1689,79,0.8827238335435057,0.8835652100226543,0.8812683714415612,0.877961562475025,0.877961562475025,
SVM,raw,P3,window-3,4,1-3,161,3275,79,0.8757763975155279,0.9367441860465118,0.8909108527131782,0.9045080973664351,0.9045080973664351,
SVM,raw,P3,window-3,5,1-4,197,2991,5,0.9593908629441624,0.9611363893604981,0.9677777777777777,0.9630356366797045,0.9630356366797045,
SVM,raw,P3,window-3,6,1-5,2300,1944,0,0.7208695652173913,0.5979545161152423,0.7697500153762715,0.6076083593552724,0.7291300312263268,0.0
SVM,raw,P3,window-3,7,1-6,3613,2658,467,0.7835593689454746,0.8172583006549728,0.7919193647847954,0.7632185399515684,0.7759394680191022,0.7975352112676056
SVM,raw,P3,window-3,8,1-7,294,6110,1035,0.9149659863945578,0.926933575978162,0.8618395493395495,0.8846534288764917,0.91158411465179,0.6666666666666666
SVM,raw,P3,window-3,9,1-8,470,6207,1053,0.7680851063829788,0.711297208116842,0.8160683760683761,0.745410819721029,0.8944929836652348,0.0
SVM,raw,P3,window-3,10,1-9,3600,4377,687,0.6547222222222222,0.7143221833347234,0.6547222222222223,0.6533585492859622,0.6563641076748393,0.6883333333333334
kNN,LDA,P1,baseline,4,1-3,161,3275,79,0.8074534161490683,0.8221407270045015,0.8585513565891472,0.8271725134491803,0.8271725134491803,
kNN,LDA,P1,baseline,5,1-3,197,3275,79,0.9847715736040609,0.983440860215054,0.9836507936507937,0.983175243147657,0.983175243147657,
kNN,LDA,P1,baseline,6,1-3,2300,3275,79,0.7186956521739131,0.7187200900465801,0.7687096418786826,0.632999968473233,0.7505650545703437,0.023554603854389723
kNN,LDA,P1,baseline,7,1-3,3613,3275,79,0.6374204262385829,0.6750201081464876,0.6420913835968255,0.6354609720023612,0.7415572040878939,0.06866197183098592
kNN,LDA,P1,baseline,8,1-3,294,3275,79,0.46938775510204084,0.4530234278396043,0.4856772856772856,0.41553864902576065,0.4939952160402151,0.05555555555555555
kNN,LDA,P1,baseline,9,1-3,470,3275,79,0.502127659574468,0.5061249370693477,0.49572541302049494,0.4279732810507905,0.5135679372609486,0.0
kNN,LDA,P1,baseline,10,1-3,3600,3275,79,0.3572222222222222,0.5360381662824192,0.3572222222222223,0.3492856182505461,0.3149677916024446,0.43666666666666665
kNN,LDA,P1,batch-std,4,1-3,161,3275,79,0.6149068322981367,0.6700807958593801,0.7595445736434109,0.6589149265701827,0.6589149265701827,
kNN,LDA,P1,batch-std,5,1-3,197,3275,79,0.9593908629441624,0.9517179324057107,0.9558730158730159,0.9530415042458495,0.9530415042458495,
kNN,LDA,P1,batch-std,6,1-3,2300,3275,79,0.5986956521739131,0.7008765353340506,0.6806807156057649,0.5362264256101824,0.6059238180119124,0.10492505353319058
kNN,LDA,P1,batch-std,7,1-3,3613,3275,79,0.4431220592305563,0.5368381429587509,0.466477570817536,0.42784985906033457,0.5108639203292704,0.007042253521126761
kNN,LDA,P1,batch-std,8,1-3,294,3275,79,0.5714285714285714,0.41536501606292237,0.4483682983682984,0.39081031654679466,0.4689723798561536,0.0
kNN,LDA,P1,batch-std,9,1-3,470,3275,79,0.37446808510638296,0.48586246023432905,0.3391992944565579,0.3250585396775668,0.3825230778017594,0.019801980198019802
kNN,LDA,P1,batch-std,10,1-3,3600,3275,79,0.36444444444444446,0.42553603330666906,0.3644444444444444,0.36047074675828616,0.3812559955863832,0.16333333333333333
kNN,LDA,P1,coral,4,1-3,161,3275,79,0.7577639751552795,0.7607575757575757,0.8366036821705425,0.768558707193773,0.768558707193773,
kNN,LDA,P1,coral,5,1-3,197,3275,79,0.9746192893401016,0.9751796007609961,0.9653968253968254,0.9696534612197263,0.9696534612197263,
kNN,LDA,P1,coral,6,1-3,2300,3275,79,0.7395652173913043,0.7381671997599838,0.7847489660887264,0.6514672511936807,0.7696149524445625,0.032119914346895075
kNN,LDA,P1,coral,7,1-3,3613,3275,79,0.6778300581234431,0.7282056628666745,0.6831634678398641,0.6953714393123772,0.7667877346097969,0.3204225352112676
kNN,LDA,P1,coral,8,1-3,294,3275,79,0.36394557823129253,0.497906975819004,0.43344664594664595,0.40343611027330467,0.47860609094865525,0.1111111111111111
kNN,LDA,P1,coral,9,1-3,470,3275,79,0.5127659574468085,0.45233214626374424,0.490760754511769,0.4390723052302254,0.49277823914448754,0.10891089108910891
kNN,LDA,P1,coral,10,1-3,3600,3275,79,0.4708333333333333,0.5688774461543245,0.4708333333333334,0.4348014058812401,0.40146093517778886,0.5333333333333333
kNN,LDA,P3,baseline,2,1-1,1244,445,74,0.4003215434083601,0.36967106517185927,0.6016195740663759,0.3537931030691824,0.40304634733893285,1.0
kNN,LDA,P3,baseline,3,1-2,1586,1689,79,0.7843631778058008,0.883712528890662,0.8046446277140994,0.791804469027187,0.791804469027187,
kNN,LDA,P3,baseline,4,1-3,161,3275,79,0.8074534161490683,0.8221407270045015,0.8585513565891472,0.8271725134491803,0.8271725134491803,
kNN,LDA,P3,baseline,5,1-4,197,3436,79,0.9898477157360406,0.9925700776764605,0.9868253968253968,0.9895466540627831,0.9895466540627831,
kNN,LDA,P3,baseline,6,1-5,2300,3633,79,0.7308695652173913,0.662231360197104,0.7781487328626651,0.6414333047112736,0.7680839738334874,0.004282655246252677
kNN,LDA,P3,baseline,7,1-6,3613,5933,546,0.9147522834209798,0.9330639204466403,0.917392604461806,0.917869275994306,0.9107454567745625,0.9383802816901409
kNN,LDA,P3,baseline,8,1-7,294,9546,1114,0.9183673469387755,0.9255746069471561,0.8611531986531987,0.8840826824750101,0.8983992189700121,0.7222222222222222
kNN,LDA,P3,baseline,9,1-8,470,9840,1132,0.9446808510638298,0.9454486534643086,0.9474173571203274,0.9458371717382312,0.9528263882640953,0.9108910891089109
kNN,LDA,P3,baseline,10,1-9,3600,10310,1233,0.6761111111111111,0.7429623303118836,0.6761111111111111,0.6633048427613084,0.6529213830542838,0.8183333333333334
kNN,LDA,P3,batch-std,2,1-1,1244,445,74,0.2692926045016077,0.25109620304071384,0.38784910465150757,0.1821723887434423,0.21149575538101964,0.8
kNN,LDA,P3,batch-std,3,1-2,1586,1689,79,0.6746532156368222,0.6854319532074296,0.724775691402893,0.672959305717289,0.672959305717289,
kNN,LDA,P3,batch-std,4,1-3,161,3275,79,0.6149068322981367,0.6700807958593801,0.7595445736434109,0.6589149265701827,0.6589149265701827,
kNN,LDA,P3,batch-std,5,1-4,197,3436,79,0.9847715736040609,0.982518874399451,0.9836507936507937,0.9830494623655914,0.9830494623655914,
kNN,LDA,P3,batch-std,6,1-5,2300,3633,79,0.721304347826087,0.7269649481016366,0.7758909033888908,0.6286251065269751,0.7089125114450331,0.13062098501070663
kNN,LDA,P3,batch-std,7,1-6,3613,5933,546,0.8967616938831996,0.9211576503874935,0.9022331890980239,0.9019015428172437,0.8969988325127678,0.8644366197183099
kNN,LDA,P3,batch-std,8,1-7,294,9546,1114,0.9251700680272109,0.9196701563750128,0.8895590520590521,0.8995986656790542,0.9030478105795711,0.8333333333333334
kNN,LDA,P3,batch-std,9,1-8,470,9840,1132,0.725531914893617,0.7563671043147532,0.7487364448929129,0.7036204942362123,0.7914520310999837,0.15841584158415842
kNN,LDA,P3,batch-std,10,1-9,3600,10310,1233,0.5855555555555556,0.5708875842815837,0.5855555555555555,0.5647951064343325,0.5435006772820522,0.8916666666666667
kNN,LDA,P3,coral,2,1-1,1244,445,74,0.5811897106109325,0.4625648614516445,0.5919740631191498,0.4370904615482057,0.4894208345596012,1.0
kNN,LDA,P3,coral,3,1-2,1586,1689,79,0.8139974779319041,0.8709394067897133,0.831547284418126,0.8163709573850266,0.8163709573850266,
kNN,LDA,P3,coral,4,1-3,161,3275,79,0.7577639751552795,0.7607575757575757,0.8366036821705425,0.768558707193773,0.768558707193773,
kNN,LDA,P3,coral,5,1-4,197,3436,79,0.9796954314720813,0.9798941798941799,0.9725396825396825,0.9759100520076129,0.9759100520076129,
kNN,LDA,P3,coral,6,1-5,2300,3633,79,0.7265217391304348,0.6585420184541416,0.7740652946513024,0.6409501301270107,0.7675528545651114,0.004282655246252677
kNN,LDA,P3,coral,7,1-6,3613,5933,546,0.8895654580680875,0.9205627413198756,0.8982345858603527,0.8948992034554716,0.883643962772244,0.926056338028169
kNN,LDA,P3,coral,8,1-7,294,9546,1114,0.8503401360544217,0.8153073518683355,0.7727823102823103,0.7632657143800211,0.7613734027105709,0.9444444444444444
kNN,LDA,P3,coral,9,1-8,470,9840,1132,0.7553191489361702,0.7081228956228957,0.6923319002770391,0.6795026549677713,0.6825128205128206,0.9900990099009901
kNN,LDA,P3,coral,10,1-9,3600,10310,1233,0.7063888888888888,0.7470500930282805,0.7063888888888888,0.6957858473440434,0.6922095597936808,0.9616666666666667
kNN,LDA,P3,window-1,2,1-1,1244,445,74,0.4003215434083601,0.36967106517185927,0.6016195740663759,0.3537931030691824,0.40304634733893285,1.0
kNN,LDA,P3,window-1,3,1-2,1586,1244,5,0.7389659520807061,0.8255122653697018,0.824331685600766,0.7575046438619626,0.7575046438619626,
kNN,LDA,P3,window-1,4,1-3,161,1586,0,0.5900621118012422,0.6582626518908378,0.7222529069767443,0.6375332597354807,0.6375332597354807,
kNN,LDA,P3,window-1,5,1-4,197,161,0,0.9847715736040609,0.983440860215054,0.9836507936507937,0.983175243147657,0.983175243147657,
kNN,LDA,P3,window-1,6,1-5,2300,197,0,0.47391304347826085,0.47752518411042494,0.604157932774256,0.3713408677694392,0.445609041323327,0.0
kNN,LDA,P3,window-1,7,1-6,3613,2300,467,0.8931635759756436,0.9194719973370306,0.8756280727966903,0.8827173341578165,0.8681942558663168,0.9225352112676056
kNN,LDA,P3,window-1,8,1-7,294,3613,568,0.8843537414965986,0.8500535295989247,0.7993816368816368,0.8110175473867774,0.848221056864133,0.5555555555555556
kNN,LDA,P3,window-1,9,1-8,470,294,18,0.6553191489361702,0.7308447620887257,0.6970677837014471,0.6723055949718802,0.6077617388418781,0.9900990099009901
kNN,LDA,P3,window-1,10,1-9,3600,470,101,0.48944444444444446,0.5426389660649015,0.4894444444444444,0.4395156911686378,0.5274188294023654,0.0
kNN,LDA,P3,window-2,2,1-1,1244,445,74,0.4003215434083601,0.36967106517185927,0.6016195740663759,0.3537931030691824,0.40304634733893285,1.0
kNN,LDA,P3,window-2,3,1-2,1586,1689,79,0.7843631778058008,0.883712528890662,0.8046446277140994,0.791804469027187,0.791804469027187,
kNN,LDA,P3,window-2,4,1-3,161,2830,5,0.7391304347826086,0.7281573498964803,0.8257025193798448,0.716664131830119,0.716664131830119,
kNN,LDA,P3,window-2,5,1-4,197,1747,0,0.9847715736040609,0.9894946808510638,0.9768253968253967,0.9825987371272987,0.9825987371272987,
kNN,LDA,P3,window-2,6,1-5,2300,358,0,0.701304347826087,0.5882646620585129,0.762201344390462,0.5954310629085134,0.714517275490216,0.0
kNN,LDA,P3,window-2,7,1-6,3613,2497,467,0.8939939108773872,0.9178582328565358,0.8827163348621254,0.8895807424009073,0.8746071917015081,0.9313380281690141
kNN,LDA,P3,window-2,8,1-7,294,5913,1035,0.9319727891156463,0.9111251402918069,0.8847643097643098,0.8960149512994943,0.9346774010188525,0.7222222222222222
kNN,LDA,P3,window-2,9,1-8,470,3907,586,0.8659574468085106,0.9083243932918593,0.868761447393163,0.8565222053745664,0.8421123607351939,0.900990099009901
kNN,LDA,P3,window-2,10,1-9,3600,764,119,0.4663888888888889,0.5486697824973251,0.46638888888888896,0.43125202148843905,0.42008458541054006,0.6916666666666667
kNN,LDA,P3,window-2 + batch-std,2,1-1,1244,445,74,0.2692926045016077,0.25109620304071384,0.38784910465150757,0.1821723887434423,0.21149575538101964,0.8
kNN,LDA,P3,window-2 + batch-std,3,1-2,1586,1689,79,0.6746532156368222,0.6854319532074296,0.724775691402893,0.672959305717289,0.672959305717289,
kNN,LDA,P3,window-2 + batch-std,4,1-3,161,2830,5,0.5403726708074534,0.5580540681388835,0.6801114341085271,0.5946552515182404,0.5946552515182404,
kNN,LDA,P3,window-2 + batch-std,5,1-4,197,1747,0,0.9898477157360406,0.9938461538461538,0.9800000000000001,0.9863486842105263,0.9863486842105263,
kNN,LDA,P3,window-2 + batch-std,6,1-5,2300,358,0,0.5130434782608696,0.4512122005404893,0.6156225439838051,0.4409254082815779,0.5291104899378934,0.0
kNN,LDA,P3,window-2 + batch-std,7,1-6,3613,2497,467,0.8472183780791586,0.8970923463425095,0.8084282920339828,0.8089971722343346,0.7959647142700584,0.801056338028169
kNN,LDA,P3,window-2 + batch-std,8,1-7,294,5913,1035,0.935374149659864,0.8952596639266126,0.9243071743071744,0.9048966231054306,0.9277364128427958,0.9444444444444444
kNN,LDA,P3,window-2 + batch-std,9,1-8,470,3907,586,0.7914893617021277,0.8818633835300503,0.7863879080215713,0.7874632505035208,0.8070248661214663,0.9900990099009901
kNN,LDA,P3,window-2 + batch-std,10,1-9,3600,764,119,0.2375,0.3227730794412879,0.23750000000000002,0.2410494105976179,0.28925929271714146,0.0
kNN,LDA,P3,window-3,2,1-1,1244,445,74,0.4003215434083601,0.36967106517185927,0.6016195740663759,0.3537931030691824,0.40304634733893285,1.0
kNN,LDA,P3,window-3,3,1-2,1586,1689,79,0.7843631778058008,0.883712528890662,0.8046446277140994,0.791804469027187,0.791804469027187,
kNN,LDA,P3,window-3,4,1-3,161,3275,79,0.8074534161490683,0.8221407270045015,0.8585513565891472,0.8271725134491803,0.8271725134491803,
kNN,LDA,P3,window-3,5,1-4,197,2991,5,0.9898477157360406,0.9925700776764605,0.9868253968253968,0.9895466540627831,0.9895466540627831,
kNN,LDA,P3,window-3,6,1-5,2300,1944,0,0.7508695652173913,0.6491591942156573,0.7891026272328557,0.6478127985496965,0.7773753582596358,0.0
kNN,LDA,P3,window-3,7,1-6,3613,2658,467,0.8776639911430943,0.9050302444100314,0.8658393470657293,0.8736559381432709,0.85740276514635,0.9137323943661971
kNN,LDA,P3,window-3,8,1-7,294,6110,1035,0.9285714285714286,0.9073120687085034,0.8834175084175085,0.8913947175892983,0.9260839175174145,0.7777777777777778
kNN,LDA,P3,window-3,9,1-8,470,6207,1053,0.9234042553191489,0.9332346282394507,0.9345441410471439,0.9302698179369356,0.9524939942902803,0.7623762376237624
kNN,LDA,P3,window-3,10,1-9,3600,4377,687,0.5602777777777778,0.6838140240438101,0.5602777777777778,0.5429400919332757,0.49810345278568435,0.7
kNN,raw,P1,baseline,4,1-3,161,3275,79,0.7267080745341615,0.8207792207792208,0.7929166666666667,0.7551034959438321,0.7551034959438321,
kNN,raw,P1,baseline,5,1-3,197,3275,79,0.7563451776649747,0.837883855981417,0.8166459627329192,0.7963850668794847,0.7963850668794847,
kNN,raw,P1,baseline,6,1-3,2300,3275,79,0.63,0.6286780217681516,0.7053718598720323,0.5866974154755135,0.7040368985706162,0.0
kNN,raw,P1,baseline,7,1-3,3613,3275,79,0.6205369499031276,0.6151628373296117,0.6245166440607587,0.5905295713553597,0.7086354856264315,0.0
kNN,raw,P1,baseline,8,1-3,294,3275,79,0.4489795918367347,0.5424123638580216,0.5913655788655788,0.4635570143626002,0.5562684172351202,0.0
kNN,raw,P1,baseline,9,1-3,470,3275,79,0.6212765957446809,0.6029165257998209,0.6382597730138714,0.5793572352540337,0.6952286823048405,0.0
kNN,raw,P1,baseline,10,1-3,3600,3275,79,0.49944444444444447,0.5033997491919409,0.4994444444444445,0.4890099430684122,0.5868119316820947,0.0
kNN,raw,P1,batch-std,4,1-3,161,3275,79,0.7950310559006211,0.7942857142857143,0.8599321705426355,0.7935002622239027,0.7935002622239027,
kNN,raw,P1,batch-std,5,1-3,197,3275,79,0.949238578680203,0.944694660014782,0.9452795031055901,0.9430991398284633,0.9430991398284633,
kNN,raw,P1,batch-std,6,1-3,2300,3275,79,0.7134782608695652,0.5546067560260652,0.6077620266941349,0.5708289347653729,0.6849947217184474,0.0
kNN,raw,P1,batch-std,7,1-3,3613,3275,79,0.6756158317187932,0.7485566209921384,0.6888604860793626,0.6402495925177217,0.7655071899043376,0.007042253521126761
kNN,raw,P1,batch-std,8,1-3,294,3275,79,0.37755102040816324,0.6229377751116881,0.4273536648536648,0.3747574959629585,0.42865636357660286,0.05555555555555555
kNN,raw,P1,batch-std,9,1-3,470,3275,79,0.5936170212765958,0.5230829253399579,0.6346153846153846,0.5709038963987246,0.6850846756784695,0.0
kNN,raw,P1,batch-std,10,1-3,3600,3275,79,0.4166666666666667,0.4694315584860791,0.41666666666666674,0.4049601973383656,0.48595223680603866,0.0
kNN,raw,P1,coral,4,1-3,161,3275,79,0.7267080745341615,0.8164484451718493,0.7929166666666667,0.7330022558046008,0.7330022558046008,
kNN,raw,P1,coral,5,1-3,197,3275,79,0.8578680203045685,0.8672288564548627,0.8752311939268461,0.8591261661826313,0.8591261661826313,
kNN,raw,P1,coral,6,1-3,2300,3275,79,0.61,0.5412916510553006,0.6904120717900044,0.5413204600780609,0.6495845520936732,0.0
kNN,raw,P1,coral,7,1-3,3613,3275,79,0.6490451148629948,0.5892047156560088,0.6478752453429277,0.6088192369854539,0.7305830843825447,0.0
kNN,raw,P1,coral,8,1-3,294,3275,79,0.17346938775510204,0.28455004591368227,0.23754856254856252,0.11733697476729343,0.1408043697207521,0.0
kNN,raw,P1,coral,9,1-3,470,3275,79,0.14042553191489363,0.04010376604376876,0.17500000000000002,0.05343160044119926,0.06411792052943911,0.0
kNN,raw,P1,coral,10,1-3,3600,3275,79,0.3813888888888889,0.47093839480313965,0.38138888888888883,0.3369077158884161,0.4042892590660993,0.0
kNN,raw,P3,baseline,2,1-1,1244,445,74,0.680064308681672,0.6196243683047906,0.5791912470675741,0.5481189971445659,0.600599939430622,0.2
kNN,raw,P3,baseline,3,1-2,1586,1689,79,0.9022698612862547,0.9085220373693795,0.9081457727964576,0.8968696055624411,0.8968696055624411,
kNN,raw,P3,baseline,4,1-3,161,3275,79,0.7267080745341615,0.8207792207792208,0.7929166666666667,0.7551034959438321,0.7551034959438321,
kNN,raw,P3,baseline,5,1-4,197,3436,79,0.8324873096446701,0.9061907591319356,0.8804761904761905,0.8696386741244675,0.8696386741244675,
kNN,raw,P3,baseline,6,1-5,2300,3633,79,0.671304347826087,0.6307769838181696,0.7336993421545547,0.6068292850960944,0.7281951421153132,0.0
kNN,raw,P3,baseline,7,1-6,3613,5933,546,0.8079158593966234,0.8493573485268541,0.8284320661722412,0.7949446339288787,0.8041705275392989,0.8345070422535211
kNN,raw,P3,baseline,8,1-7,294,9546,1114,0.9251700680272109,0.9245004311854905,0.901414788914789,0.9046338569351029,0.911201653963149,0.9444444444444444
kNN,raw,P3,baseline,9,1-8,470,9840,1132,0.902127659574468,0.9045453794304383,0.9165371921807565,0.9028105758595776,0.9233726910314932,0.693069306930693
kNN,raw,P3,baseline,10,1-9,3600,10310,1233,0.6211111111111111,0.6311163880168692,0.6211111111111111,0.6177845671077793,0.6270968762127883,0.6616666666666666
kNN,raw,P3,batch-std,2,1-1,1244,445,74,0.7893890675241158,0.5786746001200009,0.7091820380256451,0.5803859103144019,0.6580015539157438,1.0
kNN,raw,P3,batch-std,3,1-2,1586,1689,79,0.6935687263556116,0.7013497789392519,0.606382480569369,0.6041232699068916,0.6041232699068916,
kNN,raw,P3,batch-std,4,1-3,161,3275,79,0.7950310559006211,0.7942857142857143,0.8599321705426355,0.7935002622239027,0.7935002622239027,
kNN,raw,P3,batch-std,5,1-4,197,3436,79,0.949238578680203,0.944694660014782,0.9452795031055901,0.9430991398284633,0.9430991398284633,
kNN,raw,P3,batch-std,6,1-5,2300,3633,79,0.7139130434782609,0.5551377423529358,0.6122690291185152,0.5712076547241104,0.6854491856689324,0.0
kNN,raw,P3,batch-std,7,1-6,3613,5933,546,0.7470246332687517,0.7653762550751915,0.7582992252927853,0.741003255669343,0.8199927108744584,0.23943661971830985
kNN,raw,P3,batch-std,8,1-7,294,9546,1114,0.6122448979591837,0.6680050339490125,0.6774248899248899,0.6049178847581469,0.6911188530141241,0.1111111111111111
kNN,raw,P3,batch-std,9,1-8,470,9840,1132,0.6808510638297872,0.5838587668079549,0.7247008547008548,0.6339712187644947,0.7607654625173936,0.0
kNN,raw,P3,batch-std,10,1-9,3600,10310,1233,0.5338888888888889,0.655074277393219,0.5338888888888889,0.5421202735396112,0.5985035119210029,0.17
kNN,raw,P3,coral,2,1-1,1244,445,74,0.2869774919614148,0.1389155906146462,0.24021469256608732,0.15522779573240592,0.1862733548788871,0.0
kNN,raw,P3,coral,3,1-2,1586,1689,79,0.8083228247162674,0.8621858029781369,0.8172919376412529,0.7945230543491144,0.7945230543491144,
kNN,raw,P3,coral,4,1-3,161,3275,79,0.7267080745341615,0.8164484451718493,0.7929166666666667,0.7330022558046008,0.7330022558046008,
kNN,raw,P3,coral,5,1-4,197,3436,79,0.9543147208121827,0.9600126640694592,0.9566666666666667,0.9572051288978164,0.9572051288978164,
kNN,raw,P3,coral,6,1-5,2300,3633,79,0.5160869565217391,0.45410532621855876,0.6203731612841678,0.47653902671777765,0.5718468320613332,0.0
kNN,raw,P3,coral,7,1-6,3613,5933,546,0.737890949349571,0.8281104962127553,0.7488334427112256,0.7227249833159674,0.7370791831216974,0.5105633802816901
kNN,raw,P3,coral,8,1-7,294,9546,1114,0.40476190476190477,0.5229706470638977,0.41247409997409995,0.32145545597895425,0.338288920056101,0.3888888888888889
kNN,raw,P3,coral,9,1-8,470,9840,1132,0.32340425531914896,0.5211185118935543,0.2695554612207753,0.2991590597623202,0.31700192143854117,0.18811881188118812
kNN,raw,P3,coral,10,1-9,3600,10310,1233,0.3863888888888889,0.5164147858274158,0.3863888888888889,0.3721832754803427,0.43444337045464565,0.03333333333333333
kNN,raw,P3,window-1,2,1-1,1244,445,74,0.680064308681672,0.6196243683047906,0.5791912470675741,0.5481189971445659,0.600599939430622,0.2
kNN,raw,P3,window-1,3,1-2,1586,1244,5,0.8978562421185372,0.9039157262022538,0.9030684009040174,0.892756159558987,0.892756159558987,
kNN,raw,P3,window-1,4,1-3,161,1586,0,0.7204968944099379,0.7958993476234856,0.8163275193798448,0.7472297433825015,0.7472297433825015,
kNN,raw,P3,window-1,5,1-4,197,161,0,0.8730964467005076,0.9020307817636961,0.8525396825396825,0.8639824361534021,0.8639824361534021,
kNN,raw,P3,window-1,6,1-5,2300,197,0,0.4073913043478261,0.4740056721425401,0.5288418010837614,0.3357722115364227,0.40292665384370724,0.0
kNN,raw,P3,window-1,7,1-6,3613,2300,467,0.7099363409908663,0.7691769034407402,0.71853624472449,0.6770884913895396,0.6885789169401748,0.75
kNN,raw,P3,window-1,8,1-7,294,3613,568,0.7380952380952381,0.8230472845953392,0.8410159285159285,0.7809693319792478,0.8621631983750973,1.0
kNN,raw,P3,window-1,9,1-8,470,294,18,0.7638297872340426,0.8276293588753859,0.7730066852839129,0.7378619266998019,0.7370472152655687,0.6831683168316832
kNN,raw,P3,window-1,10,1-9,3600,470,101,0.21777777777777776,0.36736818811871136,0.21777777777777782,0.21473582995487264,0.2570470658981524,0.0016666666666666668
kNN,raw,P3,window-2,2,1-1,1244,445,74,0.680064308681672,0.6196243683047906,0.5791912470675741,0.5481189971445659,0.600599939430622,0.2
kNN,raw,P3,window-2,3,1-2,1586,1689,79,0.9022698612862547,0.9085220373693795,0.9081457727964576,0.8968696055624411,0.8968696055624411,
kNN,raw,P3,window-2,4,1-3,161,2830,5,0.7080745341614907,0.7987480438184663,0.7909786821705426,0.7399988863702496,0.7399988863702496,
kNN,raw,P3,window-2,5,1-4,197,1747,0,0.9137055837563451,0.939490696096289,0.9244444444444445,0.9259658066150933,0.9259658066150933,
kNN,raw,P3,window-2,6,1-5,2300,358,0,0.4056521739130435,0.4679558584843819,0.5487063009149288,0.313274702325619,0.37592964279074276,0.0
kNN,raw,P3,window-2,7,1-6,3613,2497,467,0.7138112371990036,0.7743041951984545,0.7218745068534728,0.6830038759243687,0.6956246940584192,0.7623239436619719
kNN,raw,P3,window-2,8,1-7,294,5913,1035,0.7006802721088435,0.8129164257840729,0.8325854700854701,0.764305692773534,0.849242303026354,1.0
kNN,raw,P3,window-2,9,1-8,470,3907,586,0.9340425531914893,0.9289039655560827,0.941947194719472,0.9311159955755425,0.9386157904353318,0.8316831683168316
kNN,raw,P3,window-2,10,1-9,3600,764,119,0.3086111111111111,0.42798110089963104,0.3086111111111111,0.2651944533631334,0.31611694191935796,0.006666666666666667
kNN,raw,P3,window-2 + batch-std,2,1-1,1244,445,74,0.7893890675241158,0.5786746001200009,0.7091820380256451,0.5803859103144019,0.6580015539157438,1.0
kNN,raw,P3,window-2 + batch-std,3,1-2,1586,1689,79,0.6935687263556116,0.7013497789392519,0.606382480569369,0.6041232699068916,0.6041232699068916,
kNN,raw,P3,window-2 + batch-std,4,1-3,161,2830,5,0.7391304347826086,0.7690165488080484,0.8318071705426355,0.7566125902759219,0.7566125902759219,
kNN,raw,P3,window-2 + batch-std,5,1-4,197,1747,0,0.817258883248731,0.9061728395061728,0.8709523809523809,0.8578768517909996,0.8578768517909996,
kNN,raw,P3,window-2 + batch-std,6,1-5,2300,358,0,0.49826086956521737,0.44110555054004835,0.4314098064699783,0.37494451833966796,0.44993342200760156,0.0
kNN,raw,P3,window-2 + batch-std,7,1-6,3613,2497,467,0.8045945197896485,0.8257777237582804,0.8193356799668164,0.8044323068917955,0.8341499371013235,0.7112676056338029
kNN,raw,P3,window-2 + batch-std,8,1-7,294,5913,1035,0.6190476190476191,0.6525963916247968,0.7079221704221705,0.6347791044172174,0.7129544374957828,0.2777777777777778
kNN,raw,P3,window-2 + batch-std,9,1-8,470,3907,586,0.723404255319149,0.6580966888987215,0.7690598290598291,0.6833360921556427,0.8200033105867712,0.0
kNN,raw,P3,window-2 + batch-std,10,1-9,3600,764,119,0.22055555555555556,0.32774866586645973,0.22055555555555553,0.22628449691232153,0.2715413962947858,0.0
kNN,raw,P3,window-3,2,1-1,1244,445,74,0.680064308681672,0.6196243683047906,0.5791912470675741,0.5481189971445659,0.600599939430622,0.2
kNN,raw,P3,window-3,3,1-2,1586,1689,79,0.9022698612862547,0.9085220373693795,0.9081457727964576,0.8968696055624411,0.8968696055624411,
kNN,raw,P3,window-3,4,1-3,161,3275,79,0.7267080745341615,0.8207792207792208,0.7929166666666667,0.7551034959438321,0.7551034959438321,
kNN,raw,P3,window-3,5,1-4,197,2991,5,0.8121827411167513,0.8995061728395062,0.8677777777777778,0.8535757765221824,0.8535757765221824,
kNN,raw,P3,window-3,6,1-5,2300,1944,0,0.6752173913043479,0.591739690405383,0.7359002296194858,0.581093736731393,0.6973124840776715,0.0
kNN,raw,P3,window-3,7,1-6,3613,2658,467,0.7401051757542209,0.7954232256629116,0.7467178792442385,0.7171492785507837,0.7281023319768576,0.8169014084507042
kNN,raw,P3,window-3,8,1-7,294,6110,1035,0.6938775510204082,0.8116391240638229,0.8302544677544678,0.7612650305067464,0.8468513699414292,1.0
kNN,raw,P3,window-3,9,1-8,470,6207,1053,0.9361702127659575,0.9312884727552263,0.9440839468562241,0.9337050956003526,0.941722710465104,0.8316831683168316
kNN,raw,P3,window-3,10,1-9,3600,4377,687,0.6111111111111112,0.6462600778053459,0.611111111111111,0.6091305446798317,0.6182582409173853,0.5916666666666667
