model,variant,protocol,train_batches,test_batch,n_train,n_test,accuracy,macro_precision,macro_recall,macro_f1,weighted_f1,n_classes_test,subset_kind,subset,n_features
SVM,raw,P3,1,2,445,1244,0.7620578778135049,0.6055796055796057,0.731976822075636,0.6357642420262143,0.7600522186102455,6,all,all 128 features,128
SVM,raw,P3,1-2,3,1689,1586,0.8827238335435057,0.8835652100226543,0.8812683714415612,0.877961562475025,0.8850169709885438,5,all,all 128 features,128
SVM,raw,P3,1-3,4,3275,161,0.8757763975155279,0.9367441860465118,0.8909108527131782,0.9045080973664351,0.8727770477242239,5,all,all 128 features,128
SVM,raw,P3,1-4,5,3436,197,0.9695431472081218,0.9689219974485148,0.9741269841269842,0.9706109186236646,0.969473942201153,5,all,all 128 features,128
SVM,raw,P3,1-5,6,3633,2300,0.7239130434782609,0.6341958798786684,0.7727735281154303,0.6315327834669174,0.7184913872245032,6,all,all 128 features,128
SVM,raw,P3,1-6,7,5933,3613,0.8580127318018267,0.892039062521436,0.869959842688148,0.8588295937241011,0.8454895479403903,6,all,all 128 features,128
SVM,raw,P3,1-7,8,9546,294,0.9081632653061225,0.9151172665878547,0.8593272468272469,0.8782163241077908,0.9044778505804676,6,all,all 128 features,128
SVM,raw,P3,1-8,9,9840,470,0.7702127659574468,0.7207209696433834,0.817695109990192,0.7502761806869082,0.7055207393241126,6,all,all 128 features,128
SVM,raw,P3,1-9,10,10310,3600,0.6677777777777778,0.7159019673310475,0.6677777777777778,0.6697334904269336,0.6697334904269338,6,all,all 128 features,128
SVM,raw,P3,1,2,445,1244,0.4565916398713826,0.4210526832502665,0.6232620125602454,0.45833082248311263,0.3766625404113045,6,only type,DR,16
SVM,raw,P3,1-2,3,1689,1586,0.8108448928121059,0.837617557883252,0.8113444951801115,0.8066625555775971,0.8011245301487998,5,only type,DR,16
SVM,raw,P3,1-3,4,3275,161,0.8571428571428571,0.8512467281994767,0.8927083333333332,0.8666482758620688,0.8561781966159776,5,only type,DR,16
SVM,raw,P3,1-4,5,3436,197,0.9796954314720813,0.9844764135162262,0.9804761904761905,0.9821043924948849,0.9797070550442436,5,only type,DR,16
SVM,raw,P3,1-5,6,3633,2300,0.5491304347826087,0.55499446815194,0.6427743787136478,0.516260087232523,0.5730388752440404,6,only type,DR,16
SVM,raw,P3,1-6,7,5933,3613,0.7882646000553557,0.8604440196356732,0.7943554396871072,0.7979555483254083,0.7856669173175002,6,only type,DR,16
SVM,raw,P3,1-7,8,9546,294,0.9047619047619048,0.9089443880193641,0.8759291634291634,0.8777703765742385,0.9044660219855943,6,only type,DR,16
SVM,raw,P3,1-8,9,9840,470,0.5212765957446809,0.5429553264604811,0.5249028749028749,0.4644750395965343,0.46159304660230693,6,only type,DR,16
SVM,raw,P3,1-9,10,10310,3600,0.7255555555555555,0.7639382198451484,0.7255555555555556,0.7313364343553576,0.7313364343553576,6,only type,DR,16
SVM,raw,P3,1,2,445,1244,0.7773311897106109,0.6012892420347433,0.7384863593919807,0.635816974478885,0.7721074633703964,6,leave out type,DR,112
SVM,raw,P3,1-2,3,1689,1586,0.8776796973518285,0.886250413585526,0.874491400822125,0.8734652687625776,0.880314344510348,5,leave out type,DR,112
SVM,raw,P3,1-3,4,3275,161,0.8571428571428571,0.9252173913043478,0.8509108527131783,0.8752665691757116,0.8532918670424688,5,leave out type,DR,112
SVM,raw,P3,1-4,5,3436,197,0.9593908629441624,0.9611968854282535,0.9609523809523809,0.959400611417885,0.9591997200083913,5,leave out type,DR,112
SVM,raw,P3,1-5,6,3633,2300,0.7265217391304348,0.630704920663751,0.7737345191561688,0.6312166921462704,0.7175915927272035,6,leave out type,DR,112
SVM,raw,P3,1-6,7,5933,3613,0.8209244395239413,0.8768201966380094,0.8316817872587978,0.8219271616663019,0.8083010801711547,6,leave out type,DR,112
SVM,raw,P3,1-7,8,9546,294,0.9013605442176871,0.9062655666071224,0.8489024864024866,0.8672115808153323,0.8976721633228767,6,leave out type,DR,112
SVM,raw,P3,1-8,9,9840,470,0.7553191489361702,0.7130438638303369,0.8007804399607679,0.7377594801122075,0.6955161927585237,6,leave out type,DR,112
SVM,raw,P3,1-9,10,10310,3600,0.6241666666666666,0.6487113215028094,0.6241666666666666,0.627098318528993,0.6270983185289932,6,leave out type,DR,112
SVM,raw,P3,1,2,445,1244,0.7114147909967846,0.5670593813773218,0.5758011566259399,0.47333713476759826,0.7247487305137306,6,only type,|DR|,16
SVM,raw,P3,1-2,3,1689,1586,0.7452711223203027,0.8666115738555547,0.6840377679506837,0.6669814598689328,0.7360166419361316,5,only type,|DR|,16
SVM,raw,P3,1-3,4,3275,161,0.577639751552795,0.6411202778983934,0.653343023255814,0.5885648462984131,0.591534316975639,5,only type,|DR|,16
SVM,raw,P3,1-4,5,3436,197,0.9086294416243654,0.9355054302422723,0.8963492063492062,0.9051059178006854,0.9089025061841173,5,only type,|DR|,16
SVM,raw,P3,1-5,6,3633,2300,0.5234782608695652,0.485145287112853,0.625397792900943,0.45747669854261314,0.5227473393648358,6,only type,|DR|,16
SVM,raw,P3,1-6,7,5933,3613,0.5801273180182673,0.5619380680231915,0.6145114631267672,0.5699070671436683,0.5315109590685068,6,only type,|DR|,16
SVM,raw,P3,1-7,8,9546,294,0.6666666666666666,0.5499252987156212,0.5701502201502201,0.5269475457643669,0.6439691633867379,6,only type,|DR|,16
SVM,raw,P3,1-8,9,9840,470,0.7085106382978723,0.689731931419911,0.6637218337218337,0.5761280887555678,0.6107475445237739,6,only type,|DR|,16
SVM,raw,P3,1-9,10,10310,3600,0.6666666666666666,0.6738974995687713,0.6666666666666666,0.6237398666416415,0.6237398666416415,6,only type,|DR|,16
SVM,raw,P3,1,2,445,1244,0.4678456591639871,0.5686358352946533,0.6428970868093266,0.4797264414209364,0.4145201892372947,6,leave out type,|DR|,112
SVM,raw,P3,1-2,3,1689,1586,0.8720050441361917,0.8754635457421834,0.8725550510227613,0.8670197599126943,0.8739628946943271,5,leave out type,|DR|,112
SVM,raw,P3,1-3,4,3275,161,0.7577639751552795,0.8966490299823633,0.8427083333333332,0.8369865639315354,0.7615187432446735,5,leave out type,|DR|,112
SVM,raw,P3,1-4,5,3436,197,0.9593908629441624,0.9611363893604981,0.9677777777777777,0.9630356366797045,0.959120730999764,5,leave out type,|DR|,112
SVM,raw,P3,1-5,6,3633,2300,0.7521739130434782,0.647015238470458,0.7924353713995025,0.6487816430676644,0.7420169936731934,6,leave out type,|DR|,112
SVM,raw,P3,1-6,7,5933,3613,0.8735123166343759,0.9012875352042435,0.8810469747998143,0.8765487746389176,0.8670668913748278,6,leave out type,|DR|,112
SVM,raw,P3,1-7,8,9546,294,0.9217687074829932,0.9307566019153456,0.8886331261331262,0.9034934074671476,0.9183957680267043,6,leave out type,|DR|,112
SVM,raw,P3,1-8,9,9840,470,0.7659574468085106,0.8059375840731774,0.8110630836097482,0.750451907058672,0.7068500193177712,6,leave out type,|DR|,112
SVM,raw,P3,1-9,10,10310,3600,0.6680555555555555,0.7145759121924048,0.6680555555555555,0.6709759745502909,0.6709759745502909,6,leave out type,|DR|,112
SVM,raw,P3,1,2,445,1244,0.44855305466237944,0.4204052002978316,0.6156857017671973,0.4625003674608125,0.3696786372739783,6,only type,EMA_inc_0.001,16
SVM,raw,P3,1-2,3,1689,1586,0.7944514501891551,0.8184804773782828,0.7975901019325677,0.786938520730475,0.7816103434187363,5,only type,EMA_inc_0.001,16
SVM,raw,P3,1-3,4,3275,161,0.8881987577639752,0.9441666666666666,0.8855571705426357,0.8970915032679738,0.8767750578492266,5,only type,EMA_inc_0.001,16
SVM,raw,P3,1-4,5,3436,197,0.8121827411167513,0.8902043057687162,0.8688888888888888,0.8482433231198853,0.8006470339819789,5,only type,EMA_inc_0.001,16
SVM,raw,P3,1-5,6,3633,2300,0.6539130434782608,0.5609016173759127,0.7114646636151747,0.5665811299258584,0.6150610951086296,6,only type,EMA_inc_0.001,16
SVM,raw,P3,1-6,7,5933,3613,0.8297813451425409,0.8313097247539073,0.8355522321503693,0.8249526245841895,0.8258471460445388,6,only type,EMA_inc_0.001,16
SVM,raw,P3,1-7,8,9546,294,0.8639455782312925,0.7980478739180601,0.7992845117845118,0.7877445359093177,0.8622507559489264,6,only type,EMA_inc_0.001,16
SVM,raw,P3,1-8,9,9840,470,0.6319148936170212,0.7579201101928374,0.6430148840861387,0.5726904330500697,0.565072872577183,6,only type,EMA_inc_0.001,16
SVM,raw,P3,1-9,10,10310,3600,0.8566666666666667,0.8879474356894573,0.8566666666666666,0.8584466658113751,0.8584466658113751,6,only type,EMA_inc_0.001,16
SVM,raw,P3,1,2,445,1244,0.8038585209003215,0.6152925349367159,0.7509743158099719,0.655947857052773,0.7924356191412165,6,leave out type,EMA_inc_0.001,112
SVM,raw,P3,1-2,3,1689,1586,0.8827238335435057,0.8843222924922134,0.880898001071191,0.8778153242594346,0.8849308137379766,5,leave out type,EMA_inc_0.001,112
SVM,raw,P3,1-3,4,3275,161,0.8695652173913043,0.9321867321867321,0.8877858527131781,0.9008291772481106,0.8667898272944907,5,leave out type,EMA_inc_0.001,112
SVM,raw,P3,1-4,5,3436,197,0.9695431472081218,0.9689219974485148,0.9741269841269842,0.9706109186236646,0.969473942201153,5,leave out type,EMA_inc_0.001,112
SVM,raw,P3,1-5,6,3633,2300,0.7321739130434782,0.6361960576044027,0.7790328116313305,0.6356478129263365,0.723208183744745,6,leave out type,EMA_inc_0.001,112
SVM,raw,P3,1-6,7,5933,3613,0.8508164959867146,0.8887423438424172,0.8619836702412803,0.8521902280931393,0.8392083106320254,6,leave out type,EMA_inc_0.001,112
SVM,raw,P3,1-7,8,9546,294,0.9149659863945578,0.9373371183916605,0.8778457653457653,0.899527368376905,0.9116653794006773,6,leave out type,EMA_inc_0.001,112
SVM,raw,P3,1-8,9,9840,470,0.7680851063829788,0.7123151641062089,0.815982905982906,0.7467263525780683,0.7022460801696565,6,leave out type,EMA_inc_0.001,112
SVM,raw,P3,1-9,10,10310,3600,0.6636111111111112,0.7160886603648363,0.6636111111111113,0.6653097826856246,0.6653097826856246,6,leave out type,EMA_inc_0.001,112
SVM,raw,P3,1,2,445,1244,0.44935691318327975,0.5450474871082924,0.6123781778090619,0.4021091484075172,0.37606603035319597,6,only type,EMA_inc_0.01,16
SVM,raw,P3,1-2,3,1689,1586,0.8808322824716267,0.9129065368617326,0.8588611362906862,0.8759244806861233,0.8790895544182451,5,only type,EMA_inc_0.01,16
SVM,raw,P3,1-3,4,3275,161,0.8385093167701864,0.9158211143695014,0.9172238372093023,0.9008497518423824,0.8363093875789476,5,only type,EMA_inc_0.01,16
SVM,raw,P3,1-4,5,3436,197,0.7614213197969543,0.8740159478071765,0.8303174603174603,0.8014768536148974,0.736782594959102,5,only type,EMA_inc_0.01,16
SVM,raw,P3,1-5,6,3633,2300,0.69,0.5237401718113387,0.7334417441358911,0.5655506062626688,0.6401507365965079,6,only type,EMA_inc_0.01,16
SVM,raw,P3,1-6,7,5933,3613,0.7531137558815388,0.7718019459064142,0.7684465986779991,0.7405510928823422,0.751044327575419,6,only type,EMA_inc_0.01,16
SVM,raw,P3,1-7,8,9546,294,0.6428571428571429,0.7721250971250971,0.7271788396788397,0.6999900621565937,0.7044800539836567,6,only type,EMA_inc_0.01,16
SVM,raw,P3,1-8,9,9840,470,0.725531914893617,0.7024108184594705,0.7656746532156369,0.7147206904653184,0.676016644257192,6,only type,EMA_inc_0.01,16
SVM,raw,P3,1-9,10,10310,3600,0.7333333333333333,0.8121002599731774,0.7333333333333334,0.7231984633444565,0.7231984633444564,6,only type,EMA_inc_0.01,16
SVM,raw,P3,1,2,445,1244,0.8247588424437299,0.6211904517177412,0.7614016566170795,0.6668174724221636,0.8081639345700181,6,leave out type,EMA_inc_0.01,112
SVM,raw,P3,1-2,3,1689,1586,0.8726355611601513,0.8783346189564497,0.8701407712386187,0.8678396123226892,0.8744109946727274,5,leave out type,EMA_inc_0.01,112
SVM,raw,P3,1-3,4,3275,161,0.7763975155279503,0.908860759493671,0.8485416666666665,0.8475419580533152,0.782874540060626,5,leave out type,EMA_inc_0.01,112
SVM,raw,P3,1-4,5,3436,197,0.9695431472081218,0.9683333333333334,0.9701587301587302,0.9686932909737698,0.9696266293929414,5,leave out type,EMA_inc_0.01,112
SVM,raw,P3,1-5,6,3633,2300,0.7247826086956521,0.6332197774617058,0.7732743564083764,0.6314245540216255,0.7181610911289202,6,leave out type,EMA_inc_0.01,112
SVM,raw,P3,1-6,7,5933,3613,0.861887628009964,0.8965714487913067,0.8745537141607108,0.8629209916070995,0.8488103255480385,6,leave out type,EMA_inc_0.01,112
SVM,raw,P3,1-7,8,9546,294,0.9081632653061225,0.9175235204646969,0.8755147630147629,0.8885741895381197,0.9052568977954805,6,leave out type,EMA_inc_0.01,112
SVM,raw,P3,1-8,9,9840,470,0.7659574468085106,0.714723494872341,0.813931623931624,0.7453588191342754,0.7020500440024499,6,leave out type,EMA_inc_0.01,112
SVM,raw,P3,1-9,10,10310,3600,0.6588888888888889,0.7135700783090476,0.6588888888888889,0.6600529596415027,0.6600529596415027,6,leave out type,EMA_inc_0.01,112
SVM,raw,P3,1,2,445,1244,0.42765273311897106,0.2865134730347065,0.535521883063142,0.3315134724774668,0.3526563904552206,6,only type,EMA_inc_0.1,16
SVM,raw,P3,1-2,3,1689,1586,0.7925598991172762,0.8365084982425731,0.754640732645625,0.7765060648229305,0.7856492355615662,5,only type,EMA_inc_0.1,16
SVM,raw,P3,1-3,4,3275,161,0.782608695652174,0.8862172206106781,0.8349321705426357,0.8361285674794978,0.7766759902614491,5,only type,EMA_inc_0.1,16
SVM,raw,P3,1-4,5,3436,197,0.7411167512690355,0.8483516483516483,0.8220979986197378,0.7730351369274675,0.7056233623142802,5,only type,EMA_inc_0.1,16
SVM,raw,P3,1-5,6,3633,2300,0.7017391304347826,0.5885882680170994,0.7486138939820309,0.591472564077365,0.7129512237423966,6,only type,EMA_inc_0.1,16
SVM,raw,P3,1-6,7,5933,3613,0.7348463880431774,0.7418223642620104,0.7390541223678214,0.6991393565067431,0.7059627839836512,6,only type,EMA_inc_0.1,16
SVM,raw,P3,1-7,8,9546,294,0.36054421768707484,0.6353454892057833,0.5417022792022791,0.4866429473814873,0.35557424117678443,6,only type,EMA_inc_0.1,16
SVM,raw,P3,1-8,9,9840,470,0.5765957446808511,0.6282930429244651,0.5603637892162482,0.49597134393179915,0.4943328642887296,6,only type,EMA_inc_0.1,16
SVM,raw,P3,1-9,10,10310,3600,0.5863888888888888,0.6828675377805958,0.5863888888888888,0.5628417262556052,0.5628417262556052,6,only type,EMA_inc_0.1,16
SVM,raw,P3,1,2,445,1244,0.7853697749196141,0.6473775362664251,0.7465799283516225,0.6648019493547334,0.777375554403209,6,leave out type,EMA_inc_0.1,112
SVM,raw,P3,1-2,3,1689,1586,0.8858764186633039,0.8903904150794444,0.8852363849095747,0.882045983665698,0.8870080154070491,5,leave out type,EMA_inc_0.1,112
SVM,raw,P3,1-3,4,3275,161,0.7453416149068323,0.9023809523809524,0.8329166666666665,0.82931062188655,0.7502582585340097,5,leave out type,EMA_inc_0.1,112
SVM,raw,P3,1-4,5,3436,197,0.9695431472081218,0.9683333333333334,0.9701587301587302,0.9686932909737698,0.9696266293929414,5,leave out type,EMA_inc_0.1,112
SVM,raw,P3,1-5,6,3633,2300,0.7147826086956521,0.6313148838718606,0.7654719224684844,0.6266108216887888,0.7129500435179247,6,leave out type,EMA_inc_0.1,112
SVM,raw,P3,1-6,7,5933,3613,0.8552449487960144,0.8907453516453198,0.867650286425843,0.8558077035019362,0.8418862333057121,6,leave out type,EMA_inc_0.1,112
SVM,raw,P3,1-7,8,9546,294,0.9115646258503401,0.9203850343556227,0.8685865060865061,0.8862975012426763,0.9081013666159048,6,leave out type,EMA_inc_0.1,112
SVM,raw,P3,1-8,9,9840,470,0.7723404255319148,0.8898677950402089,0.8193452750066936,0.7548344771237625,0.7107391440504506,6,leave out type,EMA_inc_0.1,112
SVM,raw,P3,1-9,10,10310,3600,0.665,0.7071507741324918,0.6649999999999999,0.6673370395193481,0.6673370395193481,6,leave out type,EMA_inc_0.1,112
SVM,raw,P3,1,2,445,1244,0.4565916398713826,0.43864036220918073,0.6227447543936516,0.46893612238010135,0.3790875548100749,6,only type,EMA_dec_0.001,16
SVM,raw,P3,1-2,3,1689,1586,0.851828499369483,0.8822557205789895,0.8295544947188782,0.8438296734834522,0.8501297675107886,5,only type,EMA_dec_0.001,16
SVM,raw,P3,1-3,4,3275,161,0.7701863354037267,0.8091005291005292,0.8772916666666667,0.7989736070381233,0.7618880651839978,5,only type,EMA_dec_0.001,16
SVM,raw,P3,1-4,5,3436,197,0.9695431472081218,0.9770023263542704,0.9741269841269842,0.9747264509475089,0.9696329178214377,5,only type,EMA_dec_0.001,16
SVM,raw,P3,1-5,6,3633,2300,0.5617391304347826,0.5485709706434021,0.6503759457549356,0.518254019489547,0.5782645650916098,6,only type,EMA_dec_0.001,16
SVM,raw,P3,1-6,7,5933,3613,0.7569886520896761,0.8372947731243228,0.7550236604814069,0.7208587531326337,0.713338431669285,6,only type,EMA_dec_0.001,16
SVM,raw,P3,1-7,8,9546,294,0.8061224489795918,0.801306211753973,0.7397597772597773,0.7249333088139059,0.8013101346820506,6,only type,EMA_dec_0.001,16
SVM,raw,P3,1-8,9,9840,470,0.6106382978723405,0.4930050600365942,0.6187723387723388,0.5286273244062342,0.5067543760200122,6,only type,EMA_dec_0.001,16
SVM,raw,P3,1-9,10,10310,3600,0.65,0.6571552103131159,0.65,0.6484721193604255,0.6484721193604255,6,only type,EMA_dec_0.001,16
SVM,raw,P3,1,2,445,1244,0.795016077170418,0.6209351419331656,0.7437470190739006,0.6576975988100009,0.7855454395491935,6,leave out type,EMA_dec_0.001,112
SVM,raw,P3,1-2,3,1689,1586,0.8890290037831021,0.8904969391629252,0.8892102560409801,0.8848150080041401,0.890957522099082,5,leave out type,EMA_dec_0.001,112
SVM,raw,P3,1-3,4,3275,161,0.8695652173913043,0.9327272727272728,0.8842441860465116,0.8973745141817581,0.8653106642978613,5,leave out type,EMA_dec_0.001,112
SVM,raw,P3,1-4,5,3436,197,0.9695431472081218,0.9689219974485148,0.9741269841269842,0.9706109186236646,0.969473942201153,5,leave out type,EMA_dec_0.001,112
SVM,raw,P3,1-5,6,3633,2300,0.7334782608695652,0.6377531132222937,0.7798425615958742,0.6367813436750138,0.7251097328375292,6,leave out type,EMA_dec_0.001,112
SVM,raw,P3,1-6,7,5933,3613,0.8364240243564904,0.8792283993851201,0.8499184473627909,0.8357830538461387,0.8204435911502339,6,leave out type,EMA_dec_0.001,112
SVM,raw,P3,1-7,8,9546,294,0.9081632653061225,0.9108271152263961,0.8556235431235432,0.8735982898795155,0.9042857070977874,6,leave out type,EMA_dec_0.001,112
SVM,raw,P3,1-8,9,9840,470,0.7680851063829788,0.7190499261720191,0.8154728877679699,0.7489317151208352,0.7039791020392989,6,leave out type,EMA_dec_0.001,112
SVM,raw,P3,1-9,10,10310,3600,0.6769444444444445,0.7188366802567145,0.6769444444444445,0.6766342302522875,0.6766342302522876,6,leave out type,EMA_dec_0.001,112
SVM,raw,P3,1,2,445,1244,0.44935691318327975,0.41485012964898016,0.6177364782629863,0.426874044704038,0.41287911086130785,6,only type,EMA_dec_0.01,16
SVM,raw,P3,1-2,3,1689,1586,0.8045397225725095,0.8389239493656143,0.7671042848577095,0.772561095487363,0.7937150380427916,5,only type,EMA_dec_0.01,16
SVM,raw,P3,1-3,4,3275,161,0.782608695652174,0.7855844155844156,0.8552083333333332,0.799062153597071,0.7771252143321811,5,only type,EMA_dec_0.01,16
SVM,raw,P3,1-4,5,3436,197,0.9593908629441624,0.960551724137931,0.9638095238095239,0.9611751101563014,0.9593647220232521,5,only type,EMA_dec_0.01,16
SVM,raw,P3,1-5,6,3633,2300,0.5265217391304348,0.48815704279734023,0.6257640846989836,0.4693248832595806,0.537322324762126,6,only type,EMA_dec_0.01,16
SVM,raw,P3,1-6,7,5933,3613,0.7306947135344589,0.7884439426343252,0.7371828510147763,0.7064421262383757,0.6997094442958428,6,only type,EMA_dec_0.01,16
SVM,raw,P3,1-7,8,9546,294,0.6666666666666666,0.7082276169607504,0.594493006993007,0.5738247458504208,0.6658698405501635,6,only type,EMA_dec_0.01,16
SVM,raw,P3,1-8,9,9840,470,0.5404255319148936,0.5344113167393436,0.5245202212528945,0.4628966221427644,0.4625664778426146,6,only type,EMA_dec_0.01,16
SVM,raw,P3,1-9,10,10310,3600,0.5444444444444444,0.5691642781398034,0.5444444444444444,0.5333326383343905,0.5333326383343904,6,only type,EMA_dec_0.01,16
SVM,raw,P3,1,2,445,1244,0.7813504823151125,0.6179157131960336,0.7389783609015236,0.6518365094454414,0.7748932981087725,6,leave out type,EMA_dec_0.01,112
SVM,raw,P3,1-2,3,1689,1586,0.8877679697351829,0.8888673879149757,0.8878155094886993,0.8835333294318654,0.8897703260038038,5,leave out type,EMA_dec_0.01,112
SVM,raw,P3,1-3,4,3275,161,0.8757763975155279,0.9367441860465118,0.8909108527131782,0.9045080973664351,0.8727770477242239,5,leave out type,EMA_dec_0.01,112
SVM,raw,P3,1-4,5,3436,197,0.9695431472081218,0.9689219974485148,0.9741269841269842,0.9706109186236646,0.969473942201153,5,leave out type,EMA_dec_0.01,112
SVM,raw,P3,1-5,6,3633,2300,0.7265217391304348,0.6353029883274232,0.7745713732695956,0.6330751326014169,0.7205851887294986,6,leave out type,EMA_dec_0.01,112
SVM,raw,P3,1-6,7,5933,3613,0.8480487129809023,0.8873947637862174,0.8602294171240105,0.8488934485535542,0.8350199119401184,6,leave out type,EMA_dec_0.01,112
SVM,raw,P3,1-7,8,9546,294,0.9183673469387755,0.9053195415496278,0.8722902097902098,0.8810361390121986,0.9147156707461234,6,leave out type,EMA_dec_0.01,112
SVM,raw,P3,1-8,9,9840,470,0.7702127659574468,0.7211306877130577,0.817695109990192,0.7506756279382792,0.7059031888201063,6,leave out type,EMA_dec_0.01,112
SVM,raw,P3,1-9,10,10310,3600,0.6711111111111111,0.7176543409801109,0.6711111111111111,0.6718906056146053,0.6718906056146052,6,leave out type,EMA_dec_0.01,112
SVM,raw,P3,1,2,445,1244,0.707395498392283,0.5769213863476158,0.6924862799616246,0.5609061060122138,0.7369716307766943,6,only type,EMA_dec_0.1,16
SVM,raw,P3,1-2,3,1689,1586,0.6317780580075663,0.6945333647961719,0.5522888473778884,0.5583308520269984,0.6019810143914788,5,only type,EMA_dec_0.1,16
SVM,raw,P3,1-3,4,3275,161,0.6894409937888198,0.8277902820071494,0.8012499999999999,0.7781228433402346,0.675831265083223,5,only type,EMA_dec_0.1,16
SVM,raw,P3,1-4,5,3436,197,0.8984771573604061,0.8996577540106951,0.8983229813664597,0.895911628442347,0.9016882178608746,5,only type,EMA_dec_0.1,16
SVM,raw,P3,1-5,6,3633,2300,0.39304347826086955,0.4840861702344887,0.5170639498757365,0.3670160408294423,0.4381590566758054,6,only type,EMA_dec_0.1,16
SVM,raw,P3,1-6,7,5933,3613,0.7204539164129532,0.7658494029705162,0.7556338991306831,0.6912942982266675,0.6741172878447574,6,only type,EMA_dec_0.1,16
SVM,raw,P3,1-7,8,9546,294,0.4897959183673469,0.49467912470918946,0.47199235949235946,0.4364928960729249,0.5148190314337704,6,only type,EMA_dec_0.1,16
SVM,raw,P3,1-8,9,9840,470,0.40638297872340423,0.375291089043341,0.3763219398862963,0.3633886188501341,0.38040746952727933,6,only type,EMA_dec_0.1,16
SVM,raw,P3,1-9,10,10310,3600,0.3983333333333333,0.440346853190622,0.3983333333333334,0.3519218370482505,0.35192183704825053,6,only type,EMA_dec_0.1,16
SVM,raw,P3,1,2,445,1244,0.5329581993569131,0.5954530447220284,0.6446941162604188,0.5337670999207078,0.5204860085100772,6,leave out type,EMA_dec_0.1,112
SVM,raw,P3,1-2,3,1689,1586,0.8846153846153846,0.8880689777066559,0.8834829833137074,0.8803677459143282,0.885866365429184,5,leave out type,EMA_dec_0.1,112
SVM,raw,P3,1-3,4,3275,161,0.8012422360248447,0.8945718432510885,0.8610416666666666,0.8613698470841328,0.7984396391672345,5,leave out type,EMA_dec_0.1,112
SVM,raw,P3,1-4,5,3436,197,0.9644670050761421,0.96495198746907,0.970952380952381,0.9668162659388028,0.9642953857639555,5,leave out type,EMA_dec_0.1,112
SVM,raw,P3,1-5,6,3633,2300,0.7273913043478261,0.6352289476993316,0.7760075091010775,0.6332221639798196,0.7198873534828821,6,leave out type,EMA_dec_0.1,112
SVM,raw,P3,1-6,7,5933,3613,0.8721284251314697,0.8997481550354854,0.8795798386495797,0.8751271213173871,0.8653416760497727,6,leave out type,EMA_dec_0.1,112
SVM,raw,P3,1-7,8,9546,294,0.9047619047619048,0.9098552376416152,0.8500679875679876,0.8698240512788981,0.9007585029548248,6,leave out type,EMA_dec_0.1,112
SVM,raw,P3,1-8,9,9840,470,0.7680851063829788,0.7152840699352327,0.8155583578534399,0.746613654877025,0.7021660471072497,6,leave out type,EMA_dec_0.1,112
SVM,raw,P3,1-9,10,10310,3600,0.6844444444444444,0.7412736242124366,0.6844444444444444,0.6899918817992763,0.6899918817992764,6,leave out type,EMA_dec_0.1,112
SVM,raw,P3,1,2,445,1244,0.8360128617363344,0.5925650539874764,0.722509929524927,0.6058267072098543,0.827485642644832,6,only family,"steady-state (DR, |DR|)",32
SVM,raw,P3,1-2,3,1689,1586,0.8783102143757882,0.8909092087358184,0.8764563263800055,0.8710421573063488,0.8810237006400231,5,only family,"steady-state (DR, |DR|)",32
SVM,raw,P3,1-3,4,3275,161,0.7018633540372671,0.7675285498814911,0.7768750000000001,0.7230720790925764,0.7154186199290775,5,only family,"steady-state (DR, |DR|)",32
SVM,raw,P3,1-4,5,3436,197,0.9593908629441624,0.9650528215745606,0.943968253968254,0.9520013133458513,0.9585163233587071,5,only family,"steady-state (DR, |DR|)",32
SVM,raw,P3,1-5,6,3633,2300,0.5404347826086957,0.5416893849338232,0.6364983047200449,0.5062935992634824,0.5589988095426859,6,only family,"steady-state (DR, |DR|)",32
SVM,raw,P3,1-6,7,5933,3613,0.6603930251868253,0.6925772285672093,0.6872591282461796,0.6435002463685323,0.604629779350385,6,only family,"steady-state (DR, |DR|)",32
SVM,raw,P3,1-7,8,9546,294,0.6598639455782312,0.7557929682929684,0.7659965034965035,0.715491523113727,0.7042095199155206,6,only family,"steady-state (DR, |DR|)",32
SVM,raw,P3,1-8,9,9840,470,0.7702127659574468,0.8512153255979434,0.7716371637163716,0.7510117136150548,0.7616921598923434,6,only family,"steady-state (DR, |DR|)",32
SVM,raw,P3,1-9,10,10310,3600,0.6486111111111111,0.6904735173322268,0.6486111111111111,0.6541142538785963,0.6541142538785963,6,only family,"steady-state (DR, |DR|)",32
SVM,raw,P3,1,2,445,1244,0.4332797427652733,0.33054791803766376,0.5678136410106616,0.3719016602142456,0.3606093581700942,6,only family,rising EMA,48
SVM,raw,P3,1-2,3,1689,1586,0.8682219419924337,0.8892898467044315,0.8580556299176652,0.8684695332415396,0.8668694387494241,5,only family,rising EMA,48
SVM,raw,P3,1-3,4,3275,161,0.8322981366459627,0.900655737704918,0.8751405038759689,0.8784969696969697,0.8289493694711086,5,only family,rising EMA,48
SVM,raw,P3,1-4,5,3436,197,0.7614213197969543,0.8684482758620689,0.8359696342305037,0.8030449618020956,0.7363040345037261,5,only family,rising EMA,48
SVM,raw,P3,1-5,6,3633,2300,0.7608695652173914,0.634269342868426,0.792852534009485,0.6704235178911574,0.6947451230601586,6,only family,rising EMA,48
SVM,raw,P3,1-6,7,5933,3613,0.8336562413506781,0.8483630980230462,0.8392083555994564,0.8369214631887795,0.826539704516832,6,only family,rising EMA,48
SVM,raw,P3,1-7,8,9546,294,0.6326530612244898,0.7719500529212265,0.7416893291893292,0.7146163548027628,0.6895898912496368,6,only family,rising EMA,48
SVM,raw,P3,1-8,9,9840,470,0.7340425531914894,0.7054621848739496,0.7761790668348046,0.7218592267281841,0.6810316234275392,6,only family,rising EMA,48
SVM,raw,P3,1-9,10,10310,3600,0.8308333333333333,0.8435517898338313,0.8308333333333334,0.833591732726751,0.833591732726751,6,only family,rising EMA,48
SVM,raw,P3,1,2,445,1244,0.5281350482315113,0.5605431542197128,0.6713667365434178,0.4991164356393098,0.5481846467364151,6,only family,decaying EMA,48
SVM,raw,P3,1-2,3,1689,1586,0.8108448928121059,0.8658833396844606,0.7782615193026152,0.7922651583784832,0.8057918425864643,5,only family,decaying EMA,48
SVM,raw,P3,1-3,4,3275,161,0.7018633540372671,0.8464716006884683,0.8145833333333332,0.7899945265462507,0.6895443434745213,5,only family,decaying EMA,48
SVM,raw,P3,1-4,5,3436,197,0.9695431472081218,0.9689219974485148,0.9741269841269842,0.9706109186236646,0.969473942201153,5,only family,decaying EMA,48
SVM,raw,P3,1-5,6,3633,2300,0.5578260869565217,0.4456776363323704,0.6467416296531429,0.4542008431861316,0.5050076889330296,6,only family,decaying EMA,48
SVM,raw,P3,1-6,7,5933,3613,0.77802380293385,0.8739581207234357,0.7827792321431577,0.7783178385591859,0.7660905064351177,6,only family,decaying EMA,48
SVM,raw,P3,1-7,8,9546,294,0.5374149659863946,0.6430561443885895,0.506054131054131,0.43083761072975996,0.5412291528040589,6,only family,decaying EMA,48
SVM,raw,P3,1-8,9,9840,470,0.5,0.49971901687773207,0.4688966588966588,0.40522416372310427,0.4247155198270931,6,only family,decaying EMA,48
SVM,raw,P3,1-9,10,10310,3600,0.5244444444444445,0.5389643963328691,0.5244444444444445,0.5232791873289236,0.5232791873289236,6,only family,decaying EMA,48
SVM,raw,P3,1,2,445,1244,0.6905144694533762,0.3552112859007015,0.3482635407710162,0.33914924531455837,0.6671182698524059,6,only sensor,S01,8
SVM,raw,P3,1-2,3,1689,1586,0.7547288776796973,0.6739844655282956,0.6618285595682856,0.6373253351856852,0.6937582124647251,5,only sensor,S01,8
SVM,raw,P3,1-3,4,3275,161,0.7204968944099379,0.5926570726570727,0.6366666666666667,0.5543996203132416,0.7015638495756528,5,only sensor,S01,8
SVM,raw,P3,1-4,5,3436,197,0.7918781725888325,0.6103239164086688,0.6751552795031056,0.636705687027402,0.7486907188428255,5,only sensor,S01,8
SVM,raw,P3,1-5,6,3633,2300,0.44869565217391305,0.3381472279966424,0.4456019218887861,0.2943755970563589,0.43843061328013627,6,only sensor,S01,8
SVM,raw,P3,1-6,7,5933,3613,0.34680321062828673,0.3114185594248858,0.3205288463468606,0.2632800854038738,0.2822958495809492,6,only sensor,S01,8
SVM,raw,P3,1-7,8,9546,294,0.10204081632653061,0.017123287671232876,0.16666666666666666,0.031055900621118012,0.019013816706806946,6,only sensor,S01,8
SVM,raw,P3,1-8,9,9840,470,0.32553191489361705,0.35797491039426527,0.38017094017094016,0.3032248410159746,0.284346177942197,6,only sensor,S01,8
SVM,raw,P3,1-9,10,10310,3600,0.33416666666666667,0.2570043839121781,0.33416666666666667,0.2645695136725684,0.2645695136725684,6,only sensor,S01,8
SVM,raw,P3,1,2,445,1244,0.7612540192926045,0.6047860392928066,0.7318093594582337,0.6349980668514289,0.759323174912486,6,leave out sensor,S01,120
SVM,raw,P3,1-2,3,1689,1586,0.8814627994955864,0.8841475961889035,0.8799005609162165,0.8770869419250145,0.8832014187034665,5,leave out sensor,S01,120
SVM,raw,P3,1-3,4,3275,161,0.8757763975155279,0.9367441860465118,0.8909108527131782,0.9045080973664351,0.8727770477242239,5,leave out sensor,S01,120
SVM,raw,P3,1-4,5,3436,197,0.9746192893401016,0.973056508808053,0.9773015873015873,0.9744216844111495,0.9746591442027923,5,leave out sensor,S01,120
SVM,raw,P3,1-5,6,3633,2300,0.7282608695652174,0.6348887483443323,0.7756714832805965,0.6335442679870628,0.7210945140940747,6,leave out sensor,S01,120
SVM,raw,P3,1-6,7,5933,3613,0.8220315527262663,0.862223656916384,0.8430591914690052,0.8086555841965043,0.7884260533357181,6,leave out sensor,S01,120
SVM,raw,P3,1-7,8,9546,294,0.9115646258503401,0.9203850343556227,0.8685865060865061,0.8862975012426763,0.9081013666159048,6,leave out sensor,S01,120
SVM,raw,P3,1-8,9,9840,470,0.7702127659574468,0.7181544972368673,0.817695109990192,0.7491741264367778,0.7048489430850093,6,leave out sensor,S01,120
SVM,raw,P3,1-9,10,10310,3600,0.6655555555555556,0.7156188868626604,0.6655555555555556,0.6680061602883017,0.6680061602883017,6,leave out sensor,S01,120
SVM,raw,P3,1,2,445,1244,0.6808681672025724,0.3287039886340472,0.3438272913187013,0.3329053528885304,0.6598978281138321,6,only sensor,S02,8
SVM,raw,P3,1-2,3,1689,1586,0.7799495586380832,0.6874137106596406,0.6955803110783542,0.6739890830986253,0.7248772729456668,5,only sensor,S02,8
SVM,raw,P3,1-3,4,3275,161,0.6583850931677019,0.566909090909091,0.6018749999999999,0.5123523093447905,0.6447818748290424,5,only sensor,S02,8
SVM,raw,P3,1-4,5,3436,197,0.7157360406091371,0.7393235924181865,0.6404830917874397,0.6248300829971716,0.6990940464363326,5,only sensor,S02,8
SVM,raw,P3,1-5,6,3633,2300,0.46608695652173915,0.35925733737803184,0.4698263655102249,0.3201182472153563,0.45938279303092266,6,only sensor,S02,8
SVM,raw,P3,1-6,7,5933,3613,0.5161915305840022,0.442080935186341,0.4889411821053118,0.4061118573313101,0.4235091390503541,6,only sensor,S02,8
SVM,raw,P3,1-7,8,9546,294,0.673469387755102,0.5399465874058396,0.49817081067081065,0.4412124971707796,0.6251874087394668,6,only sensor,S02,8
SVM,raw,P3,1-8,9,9840,470,0.4021276595744681,0.4988248116916781,0.4485588558855886,0.3840431717664529,0.3780302658803972,6,only sensor,S02,8
SVM,raw,P3,1-9,10,10310,3600,0.3552777777777778,0.2943742068499895,0.3552777777777778,0.296321862376105,0.296321862376105,6,only sensor,S02,8
SVM,raw,P3,1,2,445,1244,0.657556270096463,0.5889909092565265,0.6901356923051019,0.5882760539135304,0.670284754537364,6,leave out sensor,S02,120
SVM,raw,P3,1-2,3,1689,1586,0.8808322824716267,0.8830825572727653,0.8792465551046765,0.8762264828831011,0.8819058059302142,5,leave out sensor,S02,120
SVM,raw,P3,1-3,4,3275,161,0.84472049689441,0.9160798122065728,0.8717441860465115,0.882958892958893,0.8416669826607714,5,leave out sensor,S02,120
SVM,raw,P3,1-4,5,3436,197,0.9746192893401016,0.973056508808053,0.9773015873015873,0.9744216844111495,0.9746591442027923,5,leave out sensor,S02,120
SVM,raw,P3,1-5,6,3633,2300,0.7169565217391304,0.6317485746406765,0.7679300476584352,0.6277070181448462,0.7134081939476654,6,leave out sensor,S02,120
SVM,raw,P3,1-6,7,5933,3613,0.8117907556047605,0.8541381401193009,0.8290788037664457,0.804219679213734,0.7852354634852092,6,leave out sensor,S02,120
SVM,raw,P3,1-7,8,9546,294,0.9251700680272109,0.9115095029239767,0.8709434084434085,0.8838412456134699,0.9217531488776485,6,leave out sensor,S02,120
SVM,raw,P3,1-8,9,9840,470,0.7851063829787234,0.8955910852713179,0.8322512579126765,0.7644825487549946,0.7214615975772686,6,leave out sensor,S02,120
SVM,raw,P3,1-9,10,10310,3600,0.6188888888888889,0.6725009155909388,0.6188888888888889,0.6100867882802467,0.6100867882802467,6,leave out sensor,S02,120
SVM,raw,P3,1,2,445,1244,0.6696141479099679,0.42830562021814717,0.6401962716781732,0.4499784270537637,0.6696773302055045,6,only sensor,S03,8
SVM,raw,P3,1-2,3,1689,1586,0.6784363177805801,0.6618129754262456,0.7095427196200189,0.6527360728517545,0.6293119539962126,5,only sensor,S03,8
SVM,raw,P3,1-3,4,3275,161,0.7080745341614907,0.8579365079365079,0.7769476744186047,0.7762482757651128,0.7141113116344566,5,only sensor,S03,8
SVM,raw,P3,1-4,5,3436,197,0.934010152284264,0.9313449673893883,0.9323084886128366,0.9299468662834405,0.9352585744873453,5,only sensor,S03,8
SVM,raw,P3,1-5,6,3633,2300,0.5865217391304348,0.572064039467122,0.6709145784950831,0.5180735821261623,0.5545710186497803,6,only sensor,S03,8
SVM,raw,P3,1-6,7,5933,3613,0.5881538887351232,0.6889718420197065,0.5804273115301875,0.5499067945987735,0.5477204188020185,6,only sensor,S03,8
SVM,raw,P3,1-7,8,9546,294,0.5272108843537415,0.7151566889470115,0.5990870240870241,0.541128796972266,0.5835453171427012,6,only sensor,S03,8
SVM,raw,P3,1-8,9,9840,470,0.7510638297872341,0.7384784651139791,0.6974689007362275,0.6726777318943218,0.7087020627181427,6,only sensor,S03,8
SVM,raw,P3,1-9,10,10310,3600,0.43555555555555553,0.5056789029018587,0.43555555555555553,0.40333435779650206,0.40333435779650206,6,only sensor,S03,8
SVM,raw,P3,1,2,445,1244,0.7644694533762058,0.6051276358156175,0.7338452656396358,0.636710259201627,0.7613563256265683,6,leave out sensor,S03,120
SVM,raw,P3,1-2,3,1689,1586,0.882093316519546,0.883465780896158,0.8801437923169821,0.8774658934083392,0.8845568722279243,5,leave out sensor,S03,120
SVM,raw,P3,1-3,4,3275,161,0.8881987577639752,0.9464048146974976,0.8971608527131781,0.9119409465914025,0.8848059377048032,5,leave out sensor,S03,120
SVM,raw,P3,1-4,5,3436,197,0.9644670050761421,0.96495198746907,0.970952380952381,0.9668162659388028,0.9642953857639555,5,leave out sensor,S03,120
SVM,raw,P3,1-5,6,3633,2300,0.7282608695652174,0.6354400203028143,0.7760652969810328,0.6337961683323796,0.7211530350686197,6,leave out sensor,S03,120
SVM,raw,P3,1-6,7,5933,3613,0.8555217270965956,0.8893207691696622,0.8671107589383372,0.8563933697064351,0.843201495393029,6,leave out sensor,S03,120
SVM,raw,P3,1-7,8,9546,294,0.9047619047619048,0.9013033057025867,0.8500679875679876,0.8665636578448835,0.9009064333103504,6,leave out sensor,S03,120
SVM,raw,P3,1-8,9,9840,470,0.7659574468085106,0.7175524718443761,0.8133361356312178,0.7469944839694457,0.7018284307371164,6,leave out sensor,S03,120
SVM,raw,P3,1-9,10,10310,3600,0.6633333333333333,0.7097299563395851,0.6633333333333333,0.6658993092592066,0.6658993092592066,6,leave out sensor,S03,120
SVM,raw,P3,1,2,445,1244,0.6993569131832797,0.45017919323474875,0.64863053097912,0.4725001462453,0.6961586347633479,6,only sensor,S04,8
SVM,raw,P3,1-2,3,1689,1586,0.6506935687263556,0.6622994995170262,0.691870743592857,0.6380363167511005,0.611069335339853,5,only sensor,S04,8
SVM,raw,P3,1-3,4,3275,161,0.6956521739130435,0.8235377525700105,0.7643798449612402,0.7439581860634492,0.6720203385780372,5,only sensor,S04,8
SVM,raw,P3,1-4,5,3436,197,0.868020304568528,0.8842707185900343,0.876438923395445,0.8613007879648169,0.8687109921470212,5,only sensor,S04,8
SVM,raw,P3,1-5,6,3633,2300,0.7082608695652174,0.6370293114172595,0.7619029855371009,0.624927311423373,0.7116944392565027,6,only sensor,S04,8
SVM,raw,P3,1-6,7,5933,3613,0.6567949072792693,0.7182668338734807,0.6674038155910008,0.6560184009613241,0.639955697640271,6,only sensor,S04,8
SVM,raw,P3,1-7,8,9546,294,0.5,0.6222362711300614,0.5572940947940948,0.47618633866082427,0.54246348373376,6,only sensor,S04,8
SVM,raw,P3,1-8,9,9840,470,0.725531914893617,0.7343845109331836,0.6714859947533215,0.6480210047005774,0.6834286624640589,6,only sensor,S04,8
SVM,raw,P3,1-9,10,10310,3600,0.41805555555555557,0.48699623515321155,0.41805555555555546,0.37468856116502086,0.37468856116502086,6,only sensor,S04,8
SVM,raw,P3,1,2,445,1244,0.7741157556270096,0.6157977207977208,0.7392761332277678,0.6456493680355597,0.7697227079559118,6,leave out sensor,S04,120
SVM,raw,P3,1-2,3,1689,1586,0.8808322824716267,0.8825322317758314,0.8782919404651303,0.8760294400854594,0.8834577941363816,5,leave out sensor,S04,120
SVM,raw,P3,1-3,4,3275,161,0.8819875776397516,0.9414786967418547,0.8940358527131782,0.9082112845138056,0.8787813261950742,5,leave out sensor,S04,120
SVM,raw,P3,1-4,5,3436,197,0.9695431472081218,0.9689219974485148,0.9741269841269842,0.9706109186236646,0.969473942201153,5,leave out sensor,S04,120
SVM,raw,P3,1-5,6,3633,2300,0.7256521739130435,0.6349643867273731,0.774119771689204,0.6325644497313888,0.7197549985227725,6,leave out sensor,S04,120
SVM,raw,P3,1-6,7,5933,3613,0.852477165790202,0.8886114057079197,0.8643689496597267,0.8533344143750878,0.8398038546696523,6,leave out sensor,S04,120
SVM,raw,P3,1-7,8,9546,294,0.9047619047619048,0.9013033057025867,0.8500679875679876,0.8665636578448835,0.9009064333103504,6,leave out sensor,S04,120
SVM,raw,P3,1-8,9,9840,470,0.7680851063829788,0.7201672965762561,0.8154728877679699,0.7493315419167739,0.7046162979484522,6,leave out sensor,S04,120
SVM,raw,P3,1-9,10,10310,3600,0.6644444444444444,0.7121954827010294,0.6644444444444445,0.6672751577344321,0.6672751577344321,6,leave out sensor,S04,120
SVM,raw,P3,1,2,445,1244,0.3046623794212219,0.26896041435442103,0.17081397447174237,0.1498948807128896,0.28818824108427266,6,only sensor,S05,8
SVM,raw,P3,1-2,3,1689,1586,0.5145018915510718,0.6571638328790758,0.5375527843903578,0.5196621947571411,0.5137668620507345,5,only sensor,S05,8
SVM,raw,P3,1-3,4,3275,161,0.7577639751552795,0.8865000540949908,0.8128488372093023,0.8108007149177879,0.7578911067962919,5,only sensor,S05,8
SVM,raw,P3,1-4,5,3436,197,0.6192893401015228,0.8644965859360522,0.6446997929606625,0.5907347115678123,0.5504201028011847,5,only sensor,S05,8
SVM,raw,P3,1-5,6,3633,2300,0.37521739130434784,0.2608033471995538,0.3657295039848813,0.2299018454803136,0.2921789440148745,6,only sensor,S05,8
SVM,raw,P3,1-6,7,5933,3613,0.4613894270689178,0.45992745388204453,0.44587370828823597,0.36622391218098266,0.3743599751427179,6,only sensor,S05,8
SVM,raw,P3,1-7,8,9546,294,0.7653061224489796,0.5952876984126984,0.5810994560994561,0.5841803247946592,0.7619657396769607,6,only sensor,S05,8
SVM,raw,P3,1-8,9,9840,470,0.44893617021276594,0.4414177100762368,0.48666666666666664,0.3698160138372289,0.3522532947605272,6,only sensor,S05,8
SVM,raw,P3,1-9,10,10310,3600,0.2811111111111111,0.35484205403603625,0.28111111111111114,0.294755013486666,0.29475501348666594,6,only sensor,S05,8
SVM,raw,P3,1,2,445,1244,0.7893890675241158,0.6176550853259957,0.7597577483946466,0.6579166246233875,0.7810017877411778,6,leave out sensor,S05,120
SVM,raw,P3,1-2,3,1689,1586,0.8890290037831021,0.8906562723580578,0.8896017047748946,0.8845077457215427,0.8909182823414995,5,leave out sensor,S05,120
SVM,raw,P3,1-3,4,3275,161,0.8757763975155279,0.9367441860465118,0.8909108527131782,0.9045080973664351,0.8727770477242239,5,leave out sensor,S05,120
SVM,raw,P3,1-4,5,3436,197,0.9695431472081218,0.9689219974485148,0.9741269841269842,0.9706109186236646,0.969473942201153,5,leave out sensor,S05,120
SVM,raw,P3,1-5,6,3633,2300,0.7343478260869565,0.6381127420284046,0.7806879768767018,0.6372463888070488,0.7254998181776544,6,leave out sensor,S05,120
SVM,raw,P3,1-6,7,5933,3613,0.8538610572931082,0.8929621446708597,0.86597491159622,0.8555120130587041,0.8417615837583622,6,leave out sensor,S05,120
SVM,raw,P3,1-7,8,9546,294,0.9149659863945578,0.9257110536522303,0.8778457653457653,0.8941020723464801,0.9116425346359078,6,leave out sensor,S05,120
SVM,raw,P3,1-8,9,9840,470,0.7659574468085106,0.7127858721316329,0.8138461538461539,0.7453125235540083,0.7020101977301895,6,leave out sensor,S05,120
SVM,raw,P3,1-9,10,10310,3600,0.6736111111111112,0.7191199677567397,0.6736111111111112,0.6745417633950338,0.6745417633950338,6,leave out sensor,S05,120
SVM,raw,P3,1,2,445,1244,0.2315112540192926,0.2793471909325568,0.30930253924573375,0.10489075384908719,0.15391161430148567,6,only sensor,S06,8
SVM,raw,P3,1-2,3,1689,1586,0.4943253467843632,0.634877241841951,0.5099867979016707,0.48017799155701046,0.4851229727367758,5,only sensor,S06,8
SVM,raw,P3,1-3,4,3275,161,0.7453416149068323,0.8314285714285713,0.8020203488372093,0.793621232568601,0.749433505726412,5,only sensor,S06,8
SVM,raw,P3,1-4,5,3436,197,0.6294416243654822,0.844794593683264,0.6657315389924086,0.6218751829908234,0.5694362337001277,5,only sensor,S06,8
SVM,raw,P3,1-5,6,3633,2300,0.33956521739130435,0.30285640900421107,0.344775650219113,0.20852259139547938,0.2567795249788849,6,only sensor,S06,8
SVM,raw,P3,1-6,7,5933,3613,0.4458898422363687,0.47669033742304473,0.43297588569044737,0.3660430075653887,0.37655315988464605,6,only sensor,S06,8
SVM,raw,P3,1-7,8,9546,294,0.7278911564625851,0.6283355092878903,0.5601592851592851,0.5862118724187689,0.7444418041884615,6,only sensor,S06,8
SVM,raw,P3,1-8,9,9840,470,0.4148936170212766,0.3017537102387669,0.45786324786324784,0.353930741557158,0.31481265658563706,6,only sensor,S06,8
SVM,raw,P3,1-9,10,10310,3600,0.3236111111111111,0.3587464386548298,0.32361111111111107,0.3353538336268555,0.33535383362685545,6,only sensor,S06,8
SVM,raw,P3,1,2,445,1244,0.772508038585209,0.6152962602329691,0.7619495082821702,0.6541545563170535,0.7668290444154217,6,leave out sensor,S06,120
SVM,raw,P3,1-2,3,1689,1586,0.8827238335435057,0.8831452783368998,0.8812683714415612,0.8776906440746103,0.8848119885922652,5,leave out sensor,S06,120
SVM,raw,P3,1-3,4,3275,161,0.8757763975155279,0.9367441860465118,0.8909108527131782,0.9045080973664351,0.8727770477242239,5,leave out sensor,S06,120
SVM,raw,P3,1-4,5,3436,197,0.9644670050761421,0.96495198746907,0.970952380952381,0.9668162659388028,0.9642953857639555,5,leave out sensor,S06,120
SVM,raw,P3,1-5,6,3633,2300,0.7347826086956522,0.6379110183279952,0.7811106845171157,0.6372906898484733,0.7253531056455121,6,leave out sensor,S06,120
SVM,raw,P3,1-6,7,5933,3613,0.8585662884029892,0.8954054567911198,0.8696443295375599,0.8606393347710344,0.8478719419597867,6,leave out sensor,S06,120
SVM,raw,P3,1-7,8,9546,294,0.9183673469387755,0.934207785678374,0.8796976171976172,0.8990386562304323,0.9150183210406952,6,leave out sensor,S06,120
SVM,raw,P3,1-8,9,9840,470,0.7680851063829788,0.7194162970602344,0.8155583578534399,0.7482166141636316,0.7046259693546373,6,leave out sensor,S06,120
SVM,raw,P3,1-9,10,10310,3600,0.6705555555555556,0.7176955221178843,0.6705555555555556,0.6717513911519251,0.6717513911519252,6,leave out sensor,S06,120
SVM,raw,P3,1,2,445,1244,0.7355305466237942,0.470146978011885,0.6291923854473338,0.4665645811039257,0.7088398165590206,6,only sensor,S07,8
SVM,raw,P3,1-2,3,1689,1586,0.6651954602774275,0.7019623113579503,0.6587435905038646,0.6365077547721558,0.6036082510883304,5,only sensor,S07,8
SVM,raw,P3,1-3,4,3275,161,0.8757763975155279,0.9293478260869567,0.8944525193798448,0.9044765760555235,0.873876042231714,5,only sensor,S07,8
SVM,raw,P3,1-4,5,3436,197,0.7817258883248731,0.8332924836601308,0.82296066252588,0.8074756630812934,0.7777044418633401,5,only sensor,S07,8
SVM,raw,P3,1-5,6,3633,2300,0.51,0.4525048875134565,0.61475107668522,0.45203780274255884,0.4801433702894861,6,only sensor,S07,8
SVM,raw,P3,1-6,7,5933,3613,0.5433158040409631,0.7102405278810492,0.534335094994423,0.46908827820283827,0.4767192605613026,6,only sensor,S07,8
SVM,raw,P3,1-7,8,9546,294,0.6360544217687075,0.560086658785298,0.5077959077959078,0.5223699875952715,0.6679775061399733,6,only sensor,S07,8
SVM,raw,P3,1-8,9,9840,470,0.5595744680851064,0.5221938480068561,0.5476873343072012,0.5336238649556225,0.5470976279021427,6,only sensor,S07,8
SVM,raw,P3,1-9,10,10310,3600,0.45055555555555554,0.5115011546109558,0.45055555555555554,0.45156059124971876,0.45156059124971876,6,only sensor,S07,8
SVM,raw,P3,1,2,445,1244,0.7580385852090032,0.6030475918794275,0.7309675623994997,0.6333089443853609,0.7562375194820081,6,leave out sensor,S07,120
SVM,raw,P3,1-2,3,1689,1586,0.8833543505674654,0.8841061061269961,0.8819956441688339,0.878547919801477,0.8856777465749299,5,leave out sensor,S07,120
SVM,raw,P3,1-3,4,3275,161,0.7763975155279503,0.908860759493671,0.8485416666666665,0.8475419580533152,0.782874540060626,5,leave out sensor,S07,120
SVM,raw,P3,1-4,5,3436,197,0.9695431472081218,0.9689219974485148,0.9741269841269842,0.9706109186236646,0.969473942201153,5,leave out sensor,S07,120
SVM,raw,P3,1-5,6,3633,2300,0.7191304347826087,0.6331965430448226,0.7690098248968594,0.6292175360529142,0.7159870077122206,6,leave out sensor,S07,120
SVM,raw,P3,1-6,7,5933,3613,0.8585662884029892,0.8934635407822292,0.8703384584688537,0.8598709154652112,0.8465819618998844,6,leave out sensor,S07,120
SVM,raw,P3,1-7,8,9546,294,0.9081632653061225,0.9151172665878547,0.8593272468272469,0.8782163241077908,0.9044778505804676,6,leave out sensor,S07,120
SVM,raw,P3,1-8,9,9840,470,0.7680851063829788,0.7203159340659342,0.8155583578534399,0.748732026143791,0.7039983312473925,6,leave out sensor,S07,120
SVM,raw,P3,1-9,10,10310,3600,0.6727777777777778,0.719094325743638,0.6727777777777777,0.674157614653589,0.674157614653589,6,leave out sensor,S07,120
SVM,raw,P3,1,2,445,1244,0.7323151125401929,0.4651857651882036,0.6330458100853126,0.47074327938815275,0.706571552921681,6,only sensor,S08,8
SVM,raw,P3,1-2,3,1689,1586,0.6582597730138714,0.6799361777919026,0.6547436935753962,0.6344861258233628,0.6005126367459506,5,only sensor,S08,8
SVM,raw,P3,1-3,4,3275,161,0.8757763975155279,0.9104554865424431,0.8809108527131781,0.8900870728972455,0.8730555635038652,5,only sensor,S08,8
SVM,raw,P3,1-4,5,3436,197,0.7563451776649747,0.8445094816857438,0.83095928226363,0.797356811893246,0.7380807637879216,5,only sensor,S08,8
SVM,raw,P3,1-5,6,3633,2300,0.6347826086956522,0.6481685533852498,0.7134528416581326,0.5900261347875971,0.6543113304600913,6,only sensor,S08,8
SVM,raw,P3,1-6,7,5933,3613,0.5685026293938555,0.7366308518741119,0.5580203494165086,0.4938070075314904,0.5035238680837948,6,only sensor,S08,8
SVM,raw,P3,1-7,8,9546,294,0.7312925170068028,0.574938167213732,0.5646497021497021,0.5629262181278745,0.7307875215154618,6,only sensor,S08,8
SVM,raw,P3,1-8,9,9840,470,0.5638297872340425,0.5213038136307788,0.5556756659272485,0.5353076462299046,0.545222242287984,6,only sensor,S08,8
SVM,raw,P3,1-9,10,10310,3600,0.4572222222222222,0.5174822824282416,0.4572222222222222,0.46024900260613527,0.4602490026061354,6,only sensor,S08,8
SVM,raw,P3,1,2,445,1244,0.7636655948553055,0.6040925998481176,0.73316054485564,0.6357975813631039,0.760739842067715,6,leave out sensor,S08,120
SVM,raw,P3,1-2,3,1689,1586,0.882093316519546,0.8831201432357311,0.8803424455156353,0.8772202801782175,0.884491690352603,5,leave out sensor,S08,120
SVM,raw,P3,1-3,4,3275,161,0.8633540372670807,0.9249634182031021,0.8892393410852713,0.8975090572204195,0.860350325686885,5,leave out sensor,S08,120
SVM,raw,P3,1-4,5,3436,197,0.9695431472081218,0.9689219974485148,0.9741269841269842,0.9706109186236646,0.969473942201153,5,leave out sensor,S08,120
SVM,raw,P3,1-5,6,3633,2300,0.721304347826087,0.6337355161875434,0.770680322685938,0.6303033992106833,0.7172385899555214,6,leave out sensor,S08,120
SVM,raw,P3,1-6,7,5933,3613,0.857182396900083,0.8925847051760485,0.8689407352117483,0.8583764949914485,0.8450728936604759,6,leave out sensor,S08,120
SVM,raw,P3,1-7,8,9546,294,0.9081632653061225,0.9151172665878547,0.8593272468272469,0.8782163241077908,0.9044778505804676,6,leave out sensor,S08,120
SVM,raw,P3,1-8,9,9840,470,0.7680851063829788,0.7203159340659342,0.8155583578534399,0.748732026143791,0.7039983312473925,6,leave out sensor,S08,120
SVM,raw,P3,1-9,10,10310,3600,0.6716666666666666,0.7188122717075381,0.6716666666666665,0.6733188718226449,0.6733188718226449,6,leave out sensor,S08,120
SVM,raw,P3,1,2,445,1244,0.6591639871382636,0.294218416242825,0.4162311906537191,0.30281848326599153,0.6306258489585579,6,only sensor,S09,8
SVM,raw,P3,1-2,3,1689,1586,0.7679697351828499,0.6565227597485964,0.6923754669987546,0.6667386697669867,0.7178131744187322,5,only sensor,S09,8
SVM,raw,P3,1-3,4,3275,161,0.6273291925465838,0.5644222444222444,0.5862499999999999,0.49309780515979973,0.6238146260496463,5,only sensor,S09,8
SVM,raw,P3,1-4,5,3436,197,0.817258883248731,0.8408606408606408,0.7345272601794341,0.703326298668863,0.7885030399788273,5,only sensor,S09,8
SVM,raw,P3,1-5,6,3633,2300,0.4765217391304348,0.37952235564321707,0.4644002246640601,0.30113388346046593,0.4459136680267776,6,only sensor,S09,8
SVM,raw,P3,1-6,7,5933,3613,0.5754220869083864,0.5032398339917759,0.5467411230738201,0.4583101573906229,0.47868170385526143,6,only sensor,S09,8
SVM,raw,P3,1-7,8,9546,294,0.445578231292517,0.24702437216198683,0.41258741258741255,0.2528688953291615,0.3993407489811866,6,only sensor,S09,8
SVM,raw,P3,1-8,9,9840,470,0.3872340425531915,0.3334728688502273,0.44347127020394345,0.33542444542060185,0.3129195123860349,6,only sensor,S09,8
SVM,raw,P3,1-9,10,10310,3600,0.3672222222222222,0.29723384166174716,0.36722222222222217,0.3176484823974447,0.31764848239744475,6,only sensor,S09,8
SVM,raw,P3,1,2,445,1244,0.8022508038585209,0.6237474538405939,0.7468981073246868,0.6614520205271842,0.7911295473115963,6,leave out sensor,S09,120
SVM,raw,P3,1-2,3,1689,1586,0.882093316519546,0.8845175777756928,0.8829900632454448,0.8781713204310421,0.8824232454015852,5,leave out sensor,S09,120
SVM,raw,P3,1-3,4,3275,161,0.7701863354037267,0.9075,0.8454166666666666,0.8439590470334476,0.7765007533084435,5,leave out sensor,S09,120
SVM,raw,P3,1-4,5,3436,197,0.9695431472081218,0.9689219974485148,0.9741269841269842,0.9706109186236646,0.969473942201153,5,leave out sensor,S09,120
SVM,raw,P3,1-5,6,3633,2300,0.7317391304347826,0.6373327108621226,0.7784624238532531,0.6359408782082691,0.7242174728463077,6,leave out sensor,S09,120
SVM,raw,P3,1-6,7,5933,3613,0.8541378355936895,0.8901234947195983,0.8643941907117737,0.8558042294409205,0.8435701468001768,6,leave out sensor,S09,120
SVM,raw,P3,1-7,8,9546,294,0.9115646258503401,0.9323009372525383,0.8685865060865061,0.891614614853967,0.9080643460429652,6,leave out sensor,S09,120
SVM,raw,P3,1-8,9,9840,470,0.7638297872340426,0.7125344872055398,0.8111139134089954,0.7440195704274841,0.6997891405473926,6,leave out sensor,S09,120
SVM,raw,P3,1-9,10,10310,3600,0.6791666666666667,0.7304836943713556,0.6791666666666667,0.680337954348211,0.680337954348211,6,leave out sensor,S09,120
SVM,raw,P3,1,2,445,1244,0.6310289389067524,0.32327947751052527,0.45112563246878706,0.31946786783348086,0.6260962897588056,6,only sensor,S10,8
SVM,raw,P3,1-2,3,1689,1586,0.7648171500630517,0.6680013138804116,0.6894815276048153,0.669527174135526,0.7206052504073737,5,only sensor,S10,8
SVM,raw,P3,1-3,4,3275,161,0.6273291925465838,0.5644222444222444,0.5862499999999999,0.49309780515979973,0.6238146260496463,5,only sensor,S10,8
SVM,raw,P3,1-4,5,3436,197,0.8527918781725888,0.8548435751471803,0.7917874396135266,0.8045095907528896,0.8469102897730246,5,only sensor,S10,8
SVM,raw,P3,1-5,6,3633,2300,0.3626086956521739,0.35013169215602064,0.391440831440058,0.2463774350514442,0.3539497676998363,6,only sensor,S10,8
SVM,raw,P3,1-6,7,5933,3613,0.5834486576252422,0.5395077297126852,0.557176350980466,0.4710052082128047,0.4908444118589635,6,only sensor,S10,8
SVM,raw,P3,1-7,8,9546,294,0.4013605442176871,0.2387108069034065,0.3974358974358974,0.23222185057284228,0.35284595586232104,6,only sensor,S10,8
SVM,raw,P3,1-8,9,9840,470,0.3872340425531915,0.34778422396840547,0.44347127020394345,0.3396689626618488,0.3185428799323454,6,only sensor,S10,8
SVM,raw,P3,1-9,10,10310,3600,0.3472222222222222,0.273051987134083,0.34722222222222227,0.2973938490852986,0.2973938490852986,6,only sensor,S10,8
SVM,raw,P3,1,2,445,1244,0.815112540192926,0.6270080839353285,0.7519106386530074,0.6673070223915533,0.8008072843702824,6,leave out sensor,S10,120
SVM,raw,P3,1-2,3,1689,1586,0.8827238335435057,0.8833245383194639,0.8825757834613019,0.8782850800625788,0.8839914776757687,5,leave out sensor,S10,120
SVM,raw,P3,1-3,4,3275,161,0.7701863354037267,0.9075,0.8454166666666666,0.8439590470334476,0.7765007533084435,5,leave out sensor,S10,120
SVM,raw,P3,1-4,5,3436,197,0.9746192893401016,0.973056508808053,0.9773015873015873,0.9744216844111495,0.9746591442027923,5,leave out sensor,S10,120
SVM,raw,P3,1-5,6,3633,2300,0.7339130434782609,0.6375275721471183,0.7800836949297771,0.636866525816339,0.725197396139695,6,leave out sensor,S10,120
SVM,raw,P3,1-6,7,5933,3613,0.8477719346803211,0.8865550624716766,0.8606301188252573,0.8480738938642004,0.8333698219095403,6,leave out sensor,S10,120
SVM,raw,P3,1-7,8,9546,294,0.9081632653061225,0.9242847032655951,0.863536001036001,0.8848292951804804,0.9048102560093026,6,leave out sensor,S10,120
SVM,raw,P3,1-8,9,9840,470,0.7702127659574468,0.7149773991879256,0.817695109990192,0.7479043964460268,0.7036596059850132,6,leave out sensor,S10,120
SVM,raw,P3,1-9,10,10310,3600,0.6625,0.7165415566858905,0.6625,0.6654938100224249,0.6654938100224249,6,leave out sensor,S10,120
SVM,raw,P3,1,2,445,1244,0.6840836012861736,0.43091802407269314,0.587812927235571,0.4359313634697683,0.6848202004230514,6,only sensor,S11,8
SVM,raw,P3,1-2,3,1689,1586,0.701765447667087,0.7077033301980956,0.7199187758678952,0.6884576068039828,0.6823443434110703,5,only sensor,S11,8
SVM,raw,P3,1-3,4,3275,161,0.7142857142857143,0.8723278029160383,0.7815988372093023,0.7857490328820116,0.719689245768108,5,only sensor,S11,8
SVM,raw,P3,1-4,5,3436,197,0.9390862944162437,0.9353221288515406,0.9412767425810904,0.9359692366380014,0.9405994997599194,5,only sensor,S11,8
SVM,raw,P3,1-5,6,3633,2300,0.5717391304347826,0.5017678152607334,0.673805539102417,0.44826624993409775,0.5622659862262173,6,only sensor,S11,8
SVM,raw,P3,1-6,7,5933,3613,0.5781898699141987,0.6306639487529314,0.5561354324549054,0.5081192043231604,0.5320545917402305,6,only sensor,S11,8
SVM,raw,P3,1-7,8,9546,294,0.40816326530612246,0.6584854754361754,0.4435314685314686,0.3515422641797971,0.42664646815862856,6,only sensor,S11,8
SVM,raw,P3,1-8,9,9840,470,0.4829787234042553,0.6234968734968735,0.4730244562917831,0.38289841070174563,0.37439894817450053,6,only sensor,S11,8
SVM,raw,P3,1-9,10,10310,3600,0.39166666666666666,0.3747332024195134,0.39166666666666666,0.3233634258571795,0.3233634258571795,6,only sensor,S11,8
SVM,raw,P3,1,2,445,1244,0.7821543408360129,0.6156678331875183,0.7664517819303626,0.6578748481761746,0.7739123866869765,6,leave out sensor,S11,120
SVM,raw,P3,1-2,3,1689,1586,0.8858764186633039,0.8869332600618847,0.8852363849095747,0.8812123825461144,0.888060513022422,5,leave out sensor,S11,120
SVM,raw,P3,1-3,4,3275,161,0.9006211180124224,0.9568971113274911,0.9034108527131781,0.9194888734958422,0.8969296766816623,5,leave out sensor,S11,120
SVM,raw,P3,1-4,5,3436,197,0.9695431472081218,0.9689219974485148,0.9741269841269842,0.9706109186236646,0.969473942201153,5,leave out sensor,S11,120
SVM,raw,P3,1-5,6,3633,2300,0.72,0.6336602797985255,0.7698552401776871,0.6297539688041055,0.716513531149194,6,leave out sensor,S11,120
SVM,raw,P3,1-6,7,5933,3613,0.8555217270965956,0.8898625864984426,0.8672495847245961,0.8563060162747539,0.8430959739891555,6,leave out sensor,S11,120
SVM,raw,P3,1-7,8,9546,294,0.9047619047619048,0.9198847516520212,0.8500679875679876,0.873332340558576,0.9007106072186903,6,leave out sensor,S11,120
SVM,raw,P3,1-8,9,9840,470,0.7680851063829788,0.7191947181171319,0.8155583578534399,0.7483312110229535,0.7033601890697194,6,leave out sensor,S11,120
SVM,raw,P3,1-9,10,10310,3600,0.6622222222222223,0.7100250327645887,0.6622222222222223,0.6651548031146025,0.6651548031146026,6,leave out sensor,S11,120
SVM,raw,P3,1,2,445,1244,0.6816720257234726,0.43080608542660537,0.5196280774230011,0.4305111206480641,0.6830205261442424,6,only sensor,S12,8
SVM,raw,P3,1-2,3,1689,1586,0.7276166456494325,0.7452021492714123,0.7285813488533645,0.7194875065541927,0.7059656147403893,5,only sensor,S12,8
SVM,raw,P3,1-3,4,3275,161,0.7329192546583851,0.872934472934473,0.794515503875969,0.7991078780286422,0.7378632748125796,5,only sensor,S12,8
SVM,raw,P3,1-4,5,3436,197,0.9644670050761421,0.9605308352849337,0.9618426501035197,0.9606546758178652,0.9648592154159055,5,only sensor,S12,8
SVM,raw,P3,1-5,6,3633,2300,0.5143478260869565,0.45725446305040895,0.6360142485323249,0.4176572990187794,0.5060215488513812,6,only sensor,S12,8
SVM,raw,P3,1-6,7,5933,3613,0.5671187378909494,0.6688240002961184,0.5612463226893722,0.5340285286293548,0.5328070770144872,6,only sensor,S12,8
SVM,raw,P3,1-7,8,9546,294,0.4557823129251701,0.562594444815,0.48997668997668997,0.4673322193539637,0.5018945366943263,6,only sensor,S12,8
SVM,raw,P3,1-8,9,9840,470,0.41702127659574467,0.3098796078397814,0.451991199119912,0.35770713827335116,0.3252015788584937,6,only sensor,S12,8
SVM,raw,P3,1-9,10,10310,3600,0.39861111111111114,0.46780983389756986,0.3986111111111111,0.3526366629709579,0.35263666297095786,6,only sensor,S12,8
SVM,raw,P3,1,2,445,1244,0.7821543408360129,0.6167609780175226,0.7678051653890092,0.6589440764803024,0.7739565162867886,6,leave out sensor,S12,120
SVM,raw,P3,1-2,3,1689,1586,0.8865069356872636,0.8878859702932648,0.8857843301150542,0.8820799194281699,0.8887390553301528,5,leave out sensor,S12,120
SVM,raw,P3,1-3,4,3275,161,0.8819875776397516,0.9414786967418547,0.8940358527131782,0.9082112845138056,0.8787813261950742,5,leave out sensor,S12,120
SVM,raw,P3,1-4,5,3436,197,0.9644670050761421,0.96495198746907,0.970952380952381,0.9668162659388028,0.9642953857639555,5,leave out sensor,S12,120
SVM,raw,P3,1-5,6,3633,2300,0.7208695652173913,0.6335406285052773,0.7706022020334058,0.6300345498728278,0.7166556483232692,6,leave out sensor,S12,120
SVM,raw,P3,1-6,7,5933,3613,0.8530307223913646,0.887723433960928,0.8644699138679147,0.8541870655366933,0.8409002689692847,6,leave out sensor,S12,120
SVM,raw,P3,1-7,8,9546,294,0.9081632653061225,0.9151172665878547,0.8593272468272469,0.8782163241077908,0.9044778505804676,6,leave out sensor,S12,120
SVM,raw,P3,1-8,9,9840,470,0.7659574468085106,0.7186410450500046,0.8133361356312178,0.7473865722528193,0.7024557476940589,6,leave out sensor,S12,120
SVM,raw,P3,1-9,10,10310,3600,0.6722222222222223,0.7189891521081747,0.6722222222222222,0.6742475113544182,0.6742475113544182,6,leave out sensor,S12,120
SVM,raw,P3,1,2,445,1244,0.4622186495176849,0.29857576389747936,0.36624249758323074,0.27538766333346315,0.4639177161775653,6,only sensor,S13,8
SVM,raw,P3,1-2,3,1689,1586,0.6469104665825978,0.7127680794915487,0.680968141483797,0.6540504602989654,0.6438426699152958,5,only sensor,S13,8
SVM,raw,P3,1-3,4,3275,161,0.8571428571428571,0.9124679979518688,0.8593071705426357,0.8568878890138732,0.8422024886640722,5,only sensor,S13,8
SVM,raw,P3,1-4,5,3436,197,0.8629441624365483,0.9013636363636364,0.9044616977225672,0.8887090579323589,0.8593580527861736,5,only sensor,S13,8
SVM,raw,P3,1-5,6,3633,2300,0.6434782608695652,0.5527935431755737,0.7106539629597025,0.5462948594542493,0.6465477956021961,6,only sensor,S13,8
SVM,raw,P3,1-6,7,5933,3613,0.5316911154165513,0.5953808121774001,0.5437697501206792,0.5145485915727896,0.4925059938314615,6,only sensor,S13,8
SVM,raw,P3,1-7,8,9546,294,0.7585034013605442,0.5742657243718364,0.5939296814296815,0.5767467600944737,0.7473747269753679,6,only sensor,S13,8
SVM,raw,P3,1-8,9,9840,470,0.7212765957446808,0.7327235923282265,0.74078961174806,0.7192063078126206,0.698541100789142,6,only sensor,S13,8
SVM,raw,P3,1-9,10,10310,3600,0.30027777777777775,0.3760601982692923,0.3002777777777778,0.2606643830358521,0.26066438303585204,6,only sensor,S13,8
SVM,raw,P3,1,2,445,1244,0.77491961414791,0.6089712161140732,0.7373607909799328,0.6420126056649414,0.7701946080838228,6,leave out sensor,S13,120
SVM,raw,P3,1-2,3,1689,1586,0.8745271122320303,0.8766223602302198,0.8739657562485352,0.8697154644201508,0.8767960094155155,5,leave out sensor,S13,120
SVM,raw,P3,1-3,4,3275,161,0.8571428571428571,0.9235507246376813,0.8815358527131781,0.8935356164937887,0.8548538265190925,5,leave out sensor,S13,120
SVM,raw,P3,1-4,5,3436,197,0.9695431472081218,0.9689219974485148,0.9741269841269842,0.9706109186236646,0.969473942201153,5,leave out sensor,S13,120
SVM,raw,P3,1-5,6,3633,2300,0.7195652173913043,0.6329462287405134,0.7693340791121642,0.6292526345066649,0.715946423472591,6,leave out sensor,S13,120
SVM,raw,P3,1-6,7,5933,3613,0.8621644063105453,0.8970948636886305,0.8734281735815129,0.8640165967024099,0.8509935427569386,6,leave out sensor,S13,120
SVM,raw,P3,1-7,8,9546,294,0.9081632653061225,0.9165827004536681,0.8632122507122508,0.8806345004882519,0.9046276511457115,6,leave out sensor,S13,120
SVM,raw,P3,1-8,9,9840,470,0.7680851063829788,0.7181237926945169,0.8160683760683761,0.7484049332618631,0.7045660776551181,6,leave out sensor,S13,120
SVM,raw,P3,1-9,10,10310,3600,0.6633333333333333,0.7093380515898953,0.6633333333333333,0.6645666890700994,0.6645666890700995,6,leave out sensor,S13,120
SVM,raw,P3,1,2,445,1244,0.40434083601286175,0.324059491750838,0.43100858616528176,0.2658837276604223,0.409435948579396,6,only sensor,S14,8
SVM,raw,P3,1-2,3,1689,1586,0.5819672131147541,0.6603933893547579,0.616375462292292,0.5760395945882235,0.5748012260904588,5,only sensor,S14,8
SVM,raw,P3,1-3,4,3275,161,0.8695652173913043,0.9128517537899201,0.8913275193798448,0.8943166279455692,0.8677856823330785,5,only sensor,S14,8
SVM,raw,P3,1-4,5,3436,197,0.883248730964467,0.9021774293890756,0.9129882677708764,0.899006608278453,0.8835543885418213,5,only sensor,S14,8
SVM,raw,P3,1-5,6,3633,2300,0.6252173913043478,0.547910449629704,0.6823239055170575,0.5327500443987736,0.621541979397782,6,only sensor,S14,8
SVM,raw,P3,1-6,7,5933,3613,0.4472737337392748,0.47506785869564466,0.44490064167107163,0.4191051720693649,0.4134491547177792,6,only sensor,S14,8
SVM,raw,P3,1-7,8,9546,294,0.7482993197278912,0.560349406571236,0.5761557886557886,0.5646179726683752,0.738684860006085,6,only sensor,S14,8
SVM,raw,P3,1-8,9,9840,470,0.40425531914893614,0.4624340851427035,0.4316382621868744,0.3732189814209695,0.3512786835489432,6,only sensor,S14,8
SVM,raw,P3,1-9,10,10310,3600,0.3005555555555556,0.3071721430306522,0.3005555555555555,0.23090467799097736,0.23090467799097736,6,only sensor,S14,8
SVM,raw,P3,1,2,445,1244,0.7580385852090032,0.6048440951353573,0.7304104060355358,0.6339989337122972,0.7568537459875332,6,leave out sensor,S14,120
SVM,raw,P3,1-2,3,1689,1586,0.880201765447667,0.8820355854060997,0.8785192823774037,0.8755003824826243,0.8827398196236461,5,leave out sensor,S14,120
SVM,raw,P3,1-3,4,3275,161,0.8633540372670807,0.9283483483483483,0.8711191860465117,0.8901481541233093,0.8608979398107904,5,leave out sensor,S14,120
SVM,raw,P3,1-4,5,3436,197,0.9695431472081218,0.9689219974485148,0.9741269841269842,0.9706109186236646,0.969473942201153,5,leave out sensor,S14,120
SVM,raw,P3,1-5,6,3633,2300,0.721304347826087,0.633221868818099,0.7705818692608289,0.6300656563965078,0.71691099363528,6,leave out sensor,S14,120
SVM,raw,P3,1-6,7,5933,3613,0.8671464157210075,0.89990491707667,0.8761815516756454,0.868169363043653,0.8569096226248544,6,leave out sensor,S14,120
SVM,raw,P3,1-7,8,9546,294,0.9081632653061225,0.9235815354236409,0.8632122507122508,0.8843254681222064,0.9043992655714594,6,leave out sensor,S14,120
SVM,raw,P3,1-8,9,9840,470,0.7659574468085106,0.7197631152372531,0.8133361356312178,0.7477895897314749,0.7030959985121965,6,leave out sensor,S14,120
SVM,raw,P3,1-9,10,10310,3600,0.6725,0.7220525702654462,0.6725,0.6721822611922487,0.6721822611922488,6,leave out sensor,S14,120
SVM,raw,P3,1,2,445,1244,0.6993569131832797,0.4280749328835018,0.5902940771675063,0.4440695223315143,0.6879389610495029,6,only sensor,S15,8
SVM,raw,P3,1-2,3,1689,1586,0.7831021437578815,0.8364792209896995,0.8024374609951911,0.7896303403307809,0.785841128804424,5,only sensor,S15,8
SVM,raw,P3,1-3,4,3275,161,0.8074534161490683,0.8892179297348228,0.8259108527131783,0.8468500624315695,0.8059688041266142,5,only sensor,S15,8
SVM,raw,P3,1-4,5,3436,197,0.9086294416243654,0.9206022408963586,0.9200966183574879,0.9158151649841468,0.9082568534501099,5,only sensor,S15,8
SVM,raw,P3,1-5,6,3633,2300,0.4747826086956522,0.4802958657125324,0.6022715601645892,0.3830877139913514,0.4755728327546583,6,only sensor,S15,8
SVM,raw,P3,1-6,7,5933,3613,0.6266260725159147,0.6776073120147071,0.6330159099277025,0.5859013842309028,0.5788016100239045,6,only sensor,S15,8
SVM,raw,P3,1-7,8,9546,294,0.5204081632653061,0.6150198326450771,0.5114996114996114,0.42604315704776535,0.5376638885530073,6,only sensor,S15,8
SVM,raw,P3,1-8,9,9840,470,0.551063829787234,0.46697829150076875,0.5318976897689769,0.4450192297812266,0.45953281182675654,6,only sensor,S15,8
SVM,raw,P3,1-9,10,10310,3600,0.32666666666666666,0.3693304644792377,0.32666666666666666,0.28271885789314843,0.2827188578931485,6,only sensor,S15,8
SVM,raw,P3,1,2,445,1244,0.7580385852090032,0.6030475918794275,0.7309675623994997,0.6333089443853609,0.7562375194820081,6,leave out sensor,S15,120
SVM,raw,P3,1-2,3,1689,1586,0.8871374527112232,0.8886405220673199,0.8872077653809551,0.8825300861934171,0.8891864817050371,5,leave out sensor,S15,120
SVM,raw,P3,1-3,4,3275,161,0.8509316770186336,0.9194486065328139,0.8784108527131782,0.8899168556311412,0.8488988418003501,5,leave out sensor,S15,120
SVM,raw,P3,1-4,5,3436,197,0.9695431472081218,0.9689219974485148,0.9741269841269842,0.9706109186236646,0.969473942201153,5,leave out sensor,S15,120
SVM,raw,P3,1-5,6,3633,2300,0.7204347826086956,0.6333128273788159,0.7699825875427738,0.6297651494394134,0.7165934275600628,6,leave out sensor,S15,120
SVM,raw,P3,1-6,7,5933,3613,0.8569056185995018,0.8923384672459821,0.8685084821954426,0.858156956912217,0.8449587072200383,6,leave out sensor,S15,120
SVM,raw,P3,1-7,8,9546,294,0.9115646258503401,0.9283541088055888,0.8648828023828025,0.8871820504104736,0.9078847712256312,6,leave out sensor,S15,120
SVM,raw,P3,1-8,9,9840,470,0.7680851063829788,0.8878084997439837,0.814476282432783,0.7510945321217918,0.7071099850422785,6,leave out sensor,S15,120
SVM,raw,P3,1-9,10,10310,3600,0.6691666666666667,0.7169100141469973,0.6691666666666666,0.6711409614800371,0.6711409614800371,6,leave out sensor,S15,120
SVM,raw,P3,1,2,445,1244,0.7202572347266881,0.4398421460676778,0.59296441959287,0.46359624511298253,0.6977656984672378,6,only sensor,S16,8
SVM,raw,P3,1-2,3,1689,1586,0.7194199243379571,0.7752787055093064,0.7452819975921737,0.7196055070157442,0.7026299300509102,5,only sensor,S16,8
SVM,raw,P3,1-3,4,3275,161,0.8757763975155279,0.9260451127819549,0.866390503875969,0.8855215216037831,0.8704771793059922,5,only sensor,S16,8
SVM,raw,P3,1-4,5,3436,197,0.9035532994923858,0.9177042606516291,0.9169220151828847,0.9121145892446509,0.9030789331964042,5,only sensor,S16,8
SVM,raw,P3,1-5,6,3633,2300,0.4152173913043478,0.4196176639897689,0.5580456395180496,0.32208868710246674,0.39184460885668326,6,only sensor,S16,8
SVM,raw,P3,1-6,7,5933,3613,0.5806808746194299,0.6021968633787388,0.59376143397999,0.5447609249166998,0.5363907133947489,6,only sensor,S16,8
SVM,raw,P3,1-7,8,9546,294,0.5102040816326531,0.549322244876156,0.48092786842786844,0.4947825494049971,0.5650060363965742,6,only sensor,S16,8
SVM,raw,P3,1-8,9,9840,470,0.43829787234042555,0.3726540057809407,0.4672057205720572,0.39415993285341216,0.3725257257104245,6,only sensor,S16,8
SVM,raw,P3,1-9,10,10310,3600,0.3372222222222222,0.40785182809445786,0.33722222222222226,0.2947325229258393,0.2947325229258393,6,only sensor,S16,8
SVM,raw,P3,1,2,445,1244,0.7556270096463023,0.6026105754027252,0.7300277127754394,0.6322436597825897,0.7542972334472725,6,leave out sensor,S16,120
SVM,raw,P3,1-2,3,1689,1586,0.8865069356872636,0.8879391499005195,0.8863744320476219,0.8818735704241469,0.8886032909940274,5,leave out sensor,S16,120
SVM,raw,P3,1-3,4,3275,161,0.84472049689441,0.9154761904761906,0.8752858527131782,0.8863141123269056,0.8429484935861659,5,leave out sensor,S16,120
SVM,raw,P3,1-4,5,3436,197,0.9695431472081218,0.9689219974485148,0.9741269841269842,0.9706109186236646,0.969473942201153,5,leave out sensor,S16,120
SVM,raw,P3,1-5,6,3633,2300,0.7195652173913043,0.6326767652486986,0.7693340791121642,0.6291505892155648,0.7157372638249822,6,leave out sensor,S16,120
SVM,raw,P3,1-6,7,5933,3613,0.8557985053971768,0.8918114393807749,0.8674735990615137,0.8570276977216101,0.8437175743611777,6,leave out sensor,S16,120
SVM,raw,P3,1-7,8,9546,294,0.9115646258503401,0.9189961454667337,0.8648828023828025,0.8836024838417765,0.9079064834678404,6,leave out sensor,S16,120
SVM,raw,P3,1-8,9,9840,470,0.7659574468085106,0.7186243386243386,0.8128261174162814,0.7465371098872279,0.701892261077724,6,leave out sensor,S16,120
SVM,raw,P3,1-9,10,10310,3600,0.6683333333333333,0.7152136973737292,0.6683333333333333,0.6705725065064011,0.670572506506401,6,leave out sensor,S16,120
SVM,raw,P1,1-3,4,3275,161,0.8757763975155279,0.9367441860465118,0.8909108527131782,0.9045080973664351,0.8727770477242239,5,all,all 128 features,128
SVM,raw,P1,1-3,5,3275,197,0.9543147208121827,0.954093361482524,0.9566666666666667,0.9545638490346157,0.9541023842745371,5,all,all 128 features,128
SVM,raw,P1,1-3,6,3275,2300,0.6969565217391305,0.6368197465758442,0.7556233695198041,0.6214286733662086,0.7057570105239612,6,all,all 128 features,128
SVM,raw,P1,1-3,7,3275,3613,0.6844727373373928,0.6620957152405974,0.6844195527456277,0.6482798604335648,0.6370770111933547,6,all,all 128 features,128
SVM,raw,P1,1-3,8,3275,294,0.5510204081632653,0.6084889974720483,0.6536810411810411,0.543149985563094,0.5457776655516333,6,all,all 128 features,128
SVM,raw,P1,1-3,9,3275,470,0.7425531914893617,0.7128403803086991,0.7898290598290597,0.7235897224622257,0.6923879689908639,6,all,all 128 features,128
SVM,raw,P1,1-3,10,3275,3600,0.43083333333333335,0.5228412012070439,0.43083333333333335,0.43105745769353226,0.4310574576935322,6,all,all 128 features,128
kNN,raw,P1,1-3,4,3275,161,0.7267080745341615,0.8207792207792208,0.7929166666666667,0.7551034959438321,0.7273571992320361,5,all,all 128 features,128
kNN,raw,P1,1-3,5,3275,197,0.7563451776649747,0.837883855981417,0.8166459627329192,0.7963850668794847,0.7504661408109461,5,all,all 128 features,128
kNN,raw,P1,1-3,6,3275,2300,0.63,0.6286780217681516,0.7053718598720323,0.5866974154755135,0.6630817778745628,6,all,all 128 features,128
kNN,raw,P1,1-3,7,3275,3613,0.6205369499031276,0.6151628373296117,0.6245166440607587,0.5905295713553597,0.5753864528368067,6,all,all 128 features,128
kNN,raw,P1,1-3,8,3275,294,0.4489795918367347,0.5424123638580216,0.5913655788655788,0.4635570143626002,0.39557485856463215,6,all,all 128 features,128
kNN,raw,P1,1-3,9,3275,470,0.6212765957446809,0.6029165257998209,0.6382597730138714,0.5793572352540337,0.558194064064957,6,all,all 128 features,128
kNN,raw,P1,1-3,10,3275,3600,0.49944444444444447,0.5033997491919409,0.4994444444444445,0.4890099430684122,0.4890099430684122,6,all,all 128 features,128
SVM,raw,P1,1-3,4,3275,161,0.8571428571428571,0.8512467281994767,0.8927083333333332,0.8666482758620688,0.8561781966159776,5,only type,DR,16
SVM,raw,P1,1-3,5,3275,197,0.9644670050761421,0.9734748010610079,0.970952380952381,0.9710566489787269,0.9646001261796634,5,only type,DR,16
SVM,raw,P1,1-3,6,3275,2300,0.5047826086956522,0.48783012232793893,0.611890631029507,0.47132283092040755,0.5090874965420866,6,only type,DR,16
SVM,raw,P1,1-3,7,3275,3613,0.5377802380293385,0.5892212830611733,0.5494867807859117,0.5176103175313093,0.4937494849355859,6,only type,DR,16
SVM,raw,P1,1-3,8,3275,294,0.40476190476190477,0.39378816973797676,0.6018939393939394,0.4345416796804083,0.2986368622526899,6,only type,DR,16
SVM,raw,P1,1-3,9,3275,470,0.5680851063829787,0.45081970381502817,0.6133333333333334,0.49740175700054906,0.47460180439684047,6,only type,DR,16
SVM,raw,P1,1-3,10,3275,3600,0.5211111111111111,0.5681328850844708,0.5211111111111112,0.5168866523600372,0.5168866523600372,6,only type,DR,16
kNN,raw,P1,1-3,4,3275,161,0.7701863354037267,0.7872087132725432,0.8489583333333333,0.8050017415534658,0.7596885539914026,5,only type,DR,16
kNN,raw,P1,1-3,5,3275,197,0.9238578680203046,0.9493333333333333,0.9455555555555556,0.9419080279658006,0.9241059691911636,5,only type,DR,16
kNN,raw,P1,1-3,6,3275,2300,0.4973913043478261,0.4936463816076981,0.5856689161441428,0.46805401090001597,0.507739122108757,6,only type,DR,16
kNN,raw,P1,1-3,7,3275,3613,0.4968170495433158,0.5687415434403557,0.5058198658458363,0.4617363360049606,0.43636643824163956,6,only type,DR,16
kNN,raw,P1,1-3,8,3275,294,0.30952380952380953,0.3867733943205642,0.43957847707847714,0.28332878710942694,0.20963120603455343,6,only type,DR,16
kNN,raw,P1,1-3,9,3275,470,0.5957446808510638,0.5088541666666667,0.6422222222222222,0.5485733525733526,0.5106642350557244,6,only type,DR,16
kNN,raw,P1,1-3,10,3275,3600,0.5388888888888889,0.5613007886768892,0.5388888888888889,0.5321653707002597,0.5321653707002598,6,only type,DR,16
SVM,raw,P1,1-3,4,3275,161,0.8571428571428571,0.9252173913043478,0.8509108527131783,0.8752665691757116,0.8532918670424688,5,leave out type,DR,112
SVM,raw,P1,1-3,5,3275,197,0.949238578680203,0.950277763373952,0.9534920634920635,0.9507832197755176,0.9489277295103455,5,leave out type,DR,112
SVM,raw,P1,1-3,6,3275,2300,0.721304347826087,0.6345906357439938,0.7704341891231654,0.6310669381553357,0.7190465700332204,6,leave out type,DR,112
SVM,raw,P1,1-3,7,3275,3613,0.7027401051757542,0.6392450281324026,0.7079046773652521,0.6644164085320087,0.6531893823740443,6,leave out type,DR,112
SVM,raw,P1,1-3,8,3275,294,0.5204081632653061,0.5548721548115814,0.6031759906759907,0.49078891395275576,0.5085236622190387,6,leave out type,DR,112
SVM,raw,P1,1-3,9,3275,470,0.6191489361702127,0.6202656780970034,0.6231313131313131,0.5498775109079392,0.5333778137029515,6,leave out type,DR,112
SVM,raw,P1,1-3,10,3275,3600,0.4311111111111111,0.4671304002336493,0.43111111111111117,0.4245946661064155,0.4245946661064156,6,leave out type,DR,112
kNN,raw,P1,1-3,4,3275,161,0.7204968944099379,0.8028571428571428,0.7897916666666667,0.7343987597112311,0.723840305811337,5,leave out type,DR,112
kNN,raw,P1,1-3,5,3275,197,0.7461928934010152,0.8308256549232158,0.8091235334713597,0.7873741535503894,0.7397754957640481,5,leave out type,DR,112
kNN,raw,P1,1-3,6,3275,2300,0.6221739130434782,0.5972599483090438,0.7004011998428655,0.5651424089694806,0.6523449478954032,6,leave out type,DR,112
kNN,raw,P1,1-3,7,3275,3613,0.5972875726543039,0.5862588271431406,0.6103549873850741,0.5539811720424991,0.5594660516704237,6,leave out type,DR,112
kNN,raw,P1,1-3,8,3275,294,0.3945578231292517,0.5497647962000364,0.44944638694638694,0.34338188834692707,0.36903092367943763,6,leave out type,DR,112
kNN,raw,P1,1-3,9,3275,470,0.5659574468085107,0.45828157459671104,0.5555891831301668,0.47880982155114715,0.4750498497160909,6,leave out type,DR,112
kNN,raw,P1,1-3,10,3275,3600,0.48638888888888887,0.43599806485142856,0.4863888888888889,0.45592456600006415,0.4559245660000642,6,leave out type,DR,112
SVM,raw,P1,1-3,4,3275,161,0.577639751552795,0.6411202778983934,0.653343023255814,0.5885648462984131,0.591534316975639,5,only type,|DR|,16
SVM,raw,P1,1-3,5,3275,197,0.883248730964467,0.9062670998632012,0.8617460317460317,0.869291507120038,0.8800497095798906,5,only type,|DR|,16
SVM,raw,P1,1-3,6,3275,2300,0.5117391304347826,0.45889880008741746,0.6177420621710756,0.4490965994174994,0.5120402181326282,6,only type,|DR|,16
SVM,raw,P1,1-3,7,3275,3613,0.47688901190146693,0.4228898984634791,0.511090726348164,0.4506334125114557,0.4258289988147698,6,only type,|DR|,16
SVM,raw,P1,1-3,8,3275,294,0.5408163265306123,0.37499581028992796,0.29591103341103336,0.2743374272786037,0.45463899845652544,6,only type,|DR|,16
SVM,raw,P1,1-3,9,3275,470,0.451063829787234,0.3212993371039348,0.4427039627039628,0.33570544554455445,0.3232219973517108,6,only type,|DR|,16
SVM,raw,P1,1-3,10,3275,3600,0.4083333333333333,0.30798186357495566,0.40833333333333327,0.33516356331233443,0.3351635633123345,6,only type,|DR|,16
kNN,raw,P1,1-3,4,3275,161,0.6335403726708074,0.6746255060728745,0.6890988372093024,0.6069688481453188,0.6218476850555769,5,only type,|DR|,16
kNN,raw,P1,1-3,5,3275,197,0.8781725888324873,0.8686974628272452,0.8571221532091098,0.8618728221333761,0.8771710877149962,5,only type,|DR|,16
kNN,raw,P1,1-3,6,3275,2300,0.5265217391304348,0.4577653508543605,0.6261869601323126,0.4542286987604263,0.520816917737088,6,only type,|DR|,16
kNN,raw,P1,1-3,7,3275,3613,0.49072792693052864,0.45897246761518845,0.5242095701524917,0.4576257518003326,0.4314439308864171,6,only type,|DR|,16
kNN,raw,P1,1-3,8,3275,294,0.6666666666666666,0.5183286429985156,0.44126845376845375,0.379803841537892,0.593399614299911,6,only type,|DR|,16
kNN,raw,P1,1-3,9,3275,470,0.4319148936170213,0.4629330815324791,0.41235877055549186,0.3282483199751752,0.32214839366436293,6,only type,|DR|,16
kNN,raw,P1,1-3,10,3275,3600,0.46416666666666667,0.4266714525703989,0.4641666666666666,0.37644784592518993,0.37644784592519,6,only type,|DR|,16
SVM,raw,P1,1-3,4,3275,161,0.7577639751552795,0.8966490299823633,0.8427083333333332,0.8369865639315354,0.7615187432446735,5,leave out type,|DR|,112
SVM,raw,P1,1-3,5,3275,197,0.9543147208121827,0.9623094098883573,0.9606349206349207,0.960044955044955,0.95409472084599,5,leave out type,|DR|,112
SVM,raw,P1,1-3,6,3275,2300,0.7069565217391305,0.6451519769185476,0.7625033898745018,0.6291032018989753,0.7166712551027096,6,leave out type,|DR|,112
SVM,raw,P1,1-3,7,3275,3613,0.684749515637974,0.6552761919741469,0.6828148442691909,0.6398132646742806,0.6286428138071516,6,leave out type,|DR|,112
SVM,raw,P1,1-3,8,3275,294,0.54421768707483,0.5936519390562228,0.6552350427350427,0.5368989581409099,0.5308286967743385,6,leave out type,|DR|,112
SVM,raw,P1,1-3,9,3275,470,0.7063829787234043,0.6610510397094919,0.7529059829059829,0.6787670941459459,0.6489710683090105,6,leave out type,|DR|,112
SVM,raw,P1,1-3,10,3275,3600,0.5036111111111111,0.5038483741608051,0.503611111111111,0.4638513353912521,0.4638513353912521,6,leave out type,|DR|,112
kNN,raw,P1,1-3,4,3275,161,0.7453416149068323,0.8173753187451819,0.8364583333333332,0.7823975519820442,0.7417745471888504,5,leave out type,|DR|,112
kNN,raw,P1,1-3,5,3275,197,0.7918781725888325,0.8922463054187192,0.8618426501035197,0.838915470494418,0.7776941199329657,5,leave out type,|DR|,112
kNN,raw,P1,1-3,6,3275,2300,0.6752173913043479,0.6399796328072668,0.7403249660775946,0.6130176803721029,0.6953250919271557,6,leave out type,|DR|,112
kNN,raw,P1,1-3,7,3275,3613,0.6166620536949903,0.6268683572874305,0.6219123332573305,0.5846811181754481,0.5662917320149881,6,leave out type,|DR|,112
kNN,raw,P1,1-3,8,3275,294,0.673469387755102,0.6596482864558505,0.699524087024087,0.6293514957721205,0.6902600671327217,6,leave out type,|DR|,112
kNN,raw,P1,1-3,9,3275,470,0.6659574468085107,0.6276727750875267,0.7003951240016814,0.6494459751074204,0.6161499774528715,6,leave out type,|DR|,112
kNN,raw,P1,1-3,10,3275,3600,0.5241666666666667,0.48674575794979696,0.5241666666666667,0.4953835825079129,0.495383582507913,6,leave out type,|DR|,112
SVM,raw,P1,1-3,4,3275,161,0.8881987577639752,0.9441666666666666,0.8855571705426357,0.8970915032679738,0.8767750578492266,5,only type,EMA_inc_0.001,16
SVM,raw,P1,1-3,5,3275,197,0.7766497461928934,0.875721066082512,0.8443202208419599,0.8164910943007537,0.7600497758055048,5,only type,EMA_inc_0.001,16
SVM,raw,P1,1-3,6,3275,2300,0.5265217391304348,0.4813684944558041,0.620248635397567,0.47062168039596547,0.5006567335176542,6,only type,EMA_inc_0.001,16
SVM,raw,P1,1-3,7,3275,3613,0.5095488513700526,0.5226382031217577,0.5236482811024147,0.4609137290571624,0.45506938846366163,6,only type,EMA_inc_0.001,16
SVM,raw,P1,1-3,8,3275,294,0.3741496598639456,0.5012717680963652,0.5488927738927739,0.39760797481385707,0.27668616286563463,6,only type,EMA_inc_0.001,16
SVM,raw,P1,1-3,9,3275,470,0.5382978723404256,0.48881561544439434,0.5468376068376068,0.49442023518593947,0.48145602420649014,6,only type,EMA_inc_0.001,16
SVM,raw,P1,1-3,10,3275,3600,0.5008333333333334,0.5426090524799062,0.5008333333333334,0.47379082745819606,0.4737908274581961,6,only type,EMA_inc_0.001,16
kNN,raw,P1,1-3,4,3275,161,0.84472049689441,0.9190089679282565,0.8424321705426356,0.8438430722807186,0.817201473752393,5,only type,EMA_inc_0.001,16
kNN,raw,P1,1-3,5,3275,197,0.6700507614213198,0.8062850729517397,0.77040027605245,0.7196358046337326,0.6395872650056312,5,only type,EMA_inc_0.001,16
kNN,raw,P1,1-3,6,3275,2300,0.46043478260869564,0.45832772715876313,0.5742049779858153,0.4262763195294246,0.4792813020546124,6,only type,EMA_inc_0.001,16
kNN,raw,P1,1-3,7,3275,3613,0.4921118184334348,0.42521821943116395,0.5042536655576568,0.4317045012558802,0.424196361745676,6,only type,EMA_inc_0.001,16
kNN,raw,P1,1-3,8,3275,294,0.41496598639455784,0.3798562548562548,0.6199494949494949,0.4376297230343473,0.2993302036595655,6,only type,EMA_inc_0.001,16
kNN,raw,P1,1-3,9,3275,470,0.5553191489361702,0.5716326399589111,0.5897113633179207,0.5034391541715891,0.47708775512459844,6,only type,EMA_inc_0.001,16
kNN,raw,P1,1-3,10,3275,3600,0.475,0.503628290239097,0.4749999999999999,0.4681162266950432,0.46811622669504327,6,only type,EMA_inc_0.001,16
SVM,raw,P1,1-3,4,3275,161,0.8695652173913043,0.9321867321867321,0.8877858527131781,0.9008291772481106,0.8667898272944907,5,leave out type,EMA_inc_0.001,112
SVM,raw,P1,1-3,5,3275,197,0.9543147208121827,0.954093361482524,0.9566666666666667,0.9545638490346157,0.9541023842745371,5,leave out type,EMA_inc_0.001,112
SVM,raw,P1,1-3,6,3275,2300,0.701304347826087,0.6386414818176696,0.7593581787983975,0.6236306239119421,0.7080756113243825,6,leave out type,EMA_inc_0.001,112
SVM,raw,P1,1-3,7,3275,3613,0.6908386382507612,0.6680292450661919,0.6901448194195003,0.653120053523025,0.6423910654289322,6,leave out type,EMA_inc_0.001,112
SVM,raw,P1,1-3,8,3275,294,0.4965986394557823,0.594135255425578,0.6262529137529138,0.5040797070243435,0.47367199319149134,6,leave out type,EMA_inc_0.001,112
SVM,raw,P1,1-3,9,3275,470,0.7468085106382979,0.7145300992202834,0.7934654234654235,0.7268080081146598,0.6954786122469528,6,leave out type,EMA_inc_0.001,112
SVM,raw,P1,1-3,10,3275,3600,0.42916666666666664,0.5357727721342309,0.42916666666666664,0.4319363076386187,0.43193630763861873,6,leave out type,EMA_inc_0.001,112
kNN,raw,P1,1-3,4,3275,161,0.6956521739130435,0.8051282051282052,0.7742393410852714,0.7312150210236334,0.6976273778229259,5,leave out type,EMA_inc_0.001,112
kNN,raw,P1,1-3,5,3275,197,0.7766497461928934,0.8452990873768862,0.8305175983436854,0.8122005352125031,0.7719552043206129,5,leave out type,EMA_inc_0.001,112
kNN,raw,P1,1-3,6,3275,2300,0.6760869565217391,0.6356739760145852,0.7386937131869886,0.6115133408232664,0.6947243990060944,6,leave out type,EMA_inc_0.001,112
kNN,raw,P1,1-3,7,3275,3613,0.6202601716025463,0.6222446545423315,0.6237782357650411,0.5908297761979878,0.5745965942567061,6,leave out type,EMA_inc_0.001,112
kNN,raw,P1,1-3,8,3275,294,0.564625850340136,0.5978221547691197,0.6134324009324009,0.5371142924909421,0.5745419811796423,6,leave out type,EMA_inc_0.001,112
kNN,raw,P1,1-3,9,3275,470,0.6063829787234043,0.5166515535574249,0.6168376068376068,0.5410473320345338,0.5317694832836055,6,leave out type,EMA_inc_0.001,112
kNN,raw,P1,1-3,10,3275,3600,0.5122222222222222,0.5023740292093856,0.5122222222222222,0.4947972365315056,0.4947972365315056,6,leave out type,EMA_inc_0.001,112
SVM,raw,P1,1-3,4,3275,161,0.8385093167701864,0.9158211143695014,0.9172238372093023,0.9008497518423824,0.8363093875789476,5,only type,EMA_inc_0.01,16
SVM,raw,P1,1-3,5,3275,197,0.7106598984771574,0.8584558823529411,0.7973982056590752,0.7459840290023333,0.6603243883710207,5,only type,EMA_inc_0.01,16
SVM,raw,P1,1-3,6,3275,2300,0.628695652173913,0.46068992910823603,0.6837489826955179,0.5012913367569829,0.5877575321412387,6,only type,EMA_inc_0.01,16
SVM,raw,P1,1-3,7,3275,3613,0.4572377525601993,0.4898301380397672,0.48693366583869374,0.40624808524911593,0.41067941441039635,6,only type,EMA_inc_0.01,16
SVM,raw,P1,1-3,8,3275,294,0.22448979591836735,0.35698149741824436,0.31157731157731156,0.184489488458609,0.13894914594052324,6,only type,EMA_inc_0.01,16
SVM,raw,P1,1-3,9,3275,470,0.3574468085106383,0.25130344108446295,0.31324786324786325,0.251764388383158,0.27466050988440616,6,only type,EMA_inc_0.01,16
SVM,raw,P1,1-3,10,3275,3600,0.4519444444444444,0.4082650520504539,0.4519444444444444,0.40177756141833704,0.40177756141833704,6,only type,EMA_inc_0.01,16
kNN,raw,P1,1-3,4,3275,161,0.7639751552795031,0.8518508637364104,0.7872238372093023,0.7979696053499752,0.7598914498354319,5,only type,EMA_inc_0.01,16
kNN,raw,P1,1-3,5,3275,197,0.5888324873096447,0.7876965772432932,0.6843064182194617,0.6228104804575393,0.5266927853968761,5,only type,EMA_inc_0.01,16
kNN,raw,P1,1-3,6,3275,2300,0.5708695652173913,0.49309741072071533,0.6592991154211071,0.4798966940436584,0.5355683265073878,6,only type,EMA_inc_0.01,16
kNN,raw,P1,1-3,7,3275,3613,0.4993080542485469,0.5064717177643647,0.5211415032887319,0.42251200530757554,0.42329292203459207,6,only type,EMA_inc_0.01,16
kNN,raw,P1,1-3,8,3275,294,0.5476190476190477,0.49259434289910303,0.5642676767676768,0.47822054885790793,0.551113860380664,6,only type,EMA_inc_0.01,16
kNN,raw,P1,1-3,9,3275,470,0.5191489361702127,0.5678106673748645,0.5558399887908085,0.4940008919921617,0.4692068264380511,6,only type,EMA_inc_0.01,16
kNN,raw,P1,1-3,10,3275,3600,0.4527777777777778,0.4827984272248538,0.4527777777777778,0.4361246694038092,0.4361246694038091,6,only type,EMA_inc_0.01,16
SVM,raw,P1,1-3,4,3275,161,0.7763975155279503,0.908860759493671,0.8485416666666665,0.8475419580533152,0.782874540060626,5,leave out type,EMA_inc_0.01,112
SVM,raw,P1,1-3,5,3275,197,0.9644670050761421,0.9701891252955083,0.963015873015873,0.9654190626468129,0.964678182781735,5,leave out type,EMA_inc_0.01,112
SVM,raw,P1,1-3,6,3275,2300,0.7126086956521739,0.635506975048084,0.7650320924932689,0.6275526265494599,0.7142363797777327,6,leave out type,EMA_inc_0.01,112
SVM,raw,P1,1-3,7,3275,3613,0.6612233600885691,0.6583084729808966,0.6623607628628904,0.6281303717253318,0.6151492912516556,6,leave out type,EMA_inc_0.01,112
SVM,raw,P1,1-3,8,3275,294,0.5102040816326531,0.5990600706484962,0.6426961926961927,0.5165790533483533,0.48678731457078583,6,leave out type,EMA_inc_0.01,112
SVM,raw,P1,1-3,9,3275,470,0.7446808510638298,0.7115732959850606,0.7922222222222222,0.7243175954548908,0.6943948042001814,6,leave out type,EMA_inc_0.01,112
SVM,raw,P1,1-3,10,3275,3600,0.4266666666666667,0.4948816444356569,0.4266666666666667,0.4120778775128953,0.41207787751289526,6,leave out type,EMA_inc_0.01,112
kNN,raw,P1,1-3,4,3275,161,0.6832298136645962,0.7949392712550607,0.7649370155038759,0.7197527240561297,0.6890766042218842,5,leave out type,EMA_inc_0.01,112
kNN,raw,P1,1-3,5,3275,197,0.8477157360406091,0.8733546710220139,0.8817874396135267,0.8684833451265799,0.8483804807995707,5,leave out type,EMA_inc_0.01,112
kNN,raw,P1,1-3,6,3275,2300,0.6234782608695653,0.6258174560538444,0.6989666860095628,0.5804792929350542,0.6565873642138703,6,leave out type,EMA_inc_0.01,112
kNN,raw,P1,1-3,7,3275,3613,0.6017160254636037,0.6098484915497854,0.6068280881284371,0.5757469386925976,0.5600559184469956,6,leave out type,EMA_inc_0.01,112
kNN,raw,P1,1-3,8,3275,294,0.5680272108843537,0.6118869858000293,0.5868686868686869,0.5186176296462292,0.5827498435768107,6,leave out type,EMA_inc_0.01,112
kNN,raw,P1,1-3,9,3275,470,0.5936170212765958,0.518398026560809,0.6041025641025641,0.5327345419852358,0.5239747063590234,6,leave out type,EMA_inc_0.01,112
kNN,raw,P1,1-3,10,3275,3600,0.4925,0.48716935943752776,0.4925,0.4767126831830697,0.4767126831830697,6,leave out type,EMA_inc_0.01,112
SVM,raw,P1,1-3,4,3275,161,0.782608695652174,0.8862172206106781,0.8349321705426357,0.8361285674794978,0.7766759902614491,5,only type,EMA_inc_0.1,16
SVM,raw,P1,1-3,5,3275,197,0.6802030456852792,0.8239760239760241,0.7840027605244997,0.6973769900656788,0.5979440584467328,5,only type,EMA_inc_0.1,16
SVM,raw,P1,1-3,6,3275,2300,0.528695652173913,0.5343155245671191,0.6334252591920795,0.45234604964089414,0.50745835717179,6,only type,EMA_inc_0.1,16
SVM,raw,P1,1-3,7,3275,3613,0.5804040963188486,0.6091094525989377,0.5877065735317896,0.5036853993926638,0.49607065200189887,6,only type,EMA_inc_0.1,16
SVM,raw,P1,1-3,8,3275,294,0.2891156462585034,0.36815226236354426,0.4161907536907537,0.29226203188771127,0.20404394669529227,6,only type,EMA_inc_0.1,16
SVM,raw,P1,1-3,9,3275,470,0.39148936170212767,0.3020524402670682,0.3522222222222222,0.23821074854568,0.2634571284365095,6,only type,EMA_inc_0.1,16
SVM,raw,P1,1-3,10,3275,3600,0.49833333333333335,0.4903525360087923,0.4983333333333333,0.45027926456938133,0.4502792645693813,6,only type,EMA_inc_0.1,16
kNN,raw,P1,1-3,4,3275,161,0.8136645962732919,0.8954515050167224,0.8870155038759691,0.8795815295815295,0.8122708899106416,5,only type,EMA_inc_0.1,16
kNN,raw,P1,1-3,5,3275,197,0.6192893401015228,0.7645371702065443,0.7247895100069013,0.6596771638153044,0.5812179408841207,5,only type,EMA_inc_0.1,16
kNN,raw,P1,1-3,6,3275,2300,0.5269565217391304,0.531851121329033,0.6062598815810466,0.4412601493718676,0.4812875088716065,6,only type,EMA_inc_0.1,16
kNN,raw,P1,1-3,7,3275,3613,0.6545806808746194,0.6618019748600429,0.6543604269350637,0.5680709215755804,0.5598227737236088,6,only type,EMA_inc_0.1,16
kNN,raw,P1,1-3,8,3275,294,0.2891156462585034,0.3204622952652468,0.4166958041958042,0.2295412480082626,0.16751919440668048,6,only type,EMA_inc_0.1,16
kNN,raw,P1,1-3,9,3275,470,0.4957446808510638,0.413410048301768,0.49017654476670874,0.3883940929336775,0.38802508849264183,6,only type,EMA_inc_0.1,16
kNN,raw,P1,1-3,10,3275,3600,0.4936111111111111,0.478739698388988,0.49361111111111106,0.4613370882410925,0.46133708824109243,6,only type,EMA_inc_0.1,16
SVM,raw,P1,1-3,4,3275,161,0.7453416149068323,0.9023809523809524,0.8329166666666665,0.82931062188655,0.7502582585340097,5,leave out type,EMA_inc_0.1,112
SVM,raw,P1,1-3,5,3275,197,0.9593908629441624,0.9660546139359699,0.9598412698412698,0.9616082968593279,0.9594929807800957,5,leave out type,EMA_inc_0.1,112
SVM,raw,P1,1-3,6,3275,2300,0.6530434782608696,0.6250465722519271,0.7214953458224929,0.5980614122087661,0.6782071240183177,6,leave out type,EMA_inc_0.1,112
SVM,raw,P1,1-3,7,3275,3613,0.6689731525048436,0.6431411206502281,0.6711619474021832,0.640160074907358,0.6274785696428087,6,leave out type,EMA_inc_0.1,112
SVM,raw,P1,1-3,8,3275,294,0.5578231292517006,0.5919935868487797,0.6546231546231547,0.5446275533682607,0.5503491433599567,6,leave out type,EMA_inc_0.1,112
SVM,raw,P1,1-3,9,3275,470,0.7361702127659574,0.6717608931739517,0.7832478632478632,0.7044144540016322,0.6716775817669661,6,leave out type,EMA_inc_0.1,112
SVM,raw,P1,1-3,10,3275,3600,0.43555555555555553,0.4867486091926943,0.43555555555555564,0.42312759018531604,0.42312759018531604,6,leave out type,EMA_inc_0.1,112
kNN,raw,P1,1-3,4,3275,161,0.6956521739130435,0.795738203957382,0.771187015503876,0.7254603377425987,0.703440317700198,5,leave out type,EMA_inc_0.1,112
kNN,raw,P1,1-3,5,3275,197,0.8121827411167513,0.8608395404665131,0.8595652173913043,0.8434303088389109,0.811537754213918,5,leave out type,EMA_inc_0.1,112
kNN,raw,P1,1-3,6,3275,2300,0.6147826086956522,0.6196955735028415,0.692469498241192,0.5735180044218717,0.6483341580041042,6,leave out type,EMA_inc_0.1,112
kNN,raw,P1,1-3,7,3275,3613,0.5751453086078051,0.5789892595569077,0.5830647987887883,0.5524342032568996,0.5392921594172724,6,leave out type,EMA_inc_0.1,112
kNN,raw,P1,1-3,8,3275,294,0.43537414965986393,0.5552424863387978,0.5400252525252525,0.42241462719498896,0.39428229353346683,6,leave out type,EMA_inc_0.1,112
kNN,raw,P1,1-3,9,3275,470,0.5957446808510638,0.5014063365459178,0.606068376068376,0.5276083951237904,0.5165621599073744,6,leave out type,EMA_inc_0.1,112
kNN,raw,P1,1-3,10,3275,3600,0.4672222222222222,0.48844098981846046,0.4672222222222222,0.4656058859202728,0.4656058859202728,6,leave out type,EMA_inc_0.1,112
SVM,raw,P1,1-3,4,3275,161,0.7701863354037267,0.8091005291005292,0.8772916666666667,0.7989736070381233,0.7618880651839978,5,only type,EMA_dec_0.001,16
SVM,raw,P1,1-3,5,3275,197,0.9644670050761421,0.9734748010610079,0.970952380952381,0.9710566489787269,0.9646001261796634,5,only type,EMA_dec_0.001,16
SVM,raw,P1,1-3,6,3275,2300,0.5491304347826087,0.50676881237326,0.6429042877172382,0.4874362172279764,0.5259219803933782,6,only type,EMA_dec_0.001,16
SVM,raw,P1,1-3,7,3275,3613,0.5560476058677,0.5743990496327788,0.564092903694906,0.5121491634067638,0.4968066952062616,6,only type,EMA_dec_0.001,16
SVM,raw,P1,1-3,8,3275,294,0.3231292517006803,0.281869560276412,0.46856060606060607,0.3356424085477754,0.2289890353596681,6,only type,EMA_dec_0.001,16
SVM,raw,P1,1-3,9,3275,470,0.6063829787234043,0.6033583518877637,0.6527350427350428,0.5410648746886608,0.49059524652283526,6,only type,EMA_dec_0.001,16
SVM,raw,P1,1-3,10,3275,3600,0.45166666666666666,0.44449666579738395,0.45166666666666666,0.4039785848496333,0.4039785848496331,6,only type,EMA_dec_0.001,16
kNN,raw,P1,1-3,4,3275,161,0.7515527950310559,0.8668496911461908,0.8608333333333335,0.8258937198067633,0.7515647973114892,5,only type,EMA_dec_0.001,16
kNN,raw,P1,1-3,5,3275,197,0.8223350253807107,0.9083333333333334,0.8820634920634921,0.8656347236992399,0.8140345363204377,5,only type,EMA_dec_0.001,16
kNN,raw,P1,1-3,6,3275,2300,0.5017391304347826,0.4778839402184616,0.6104705995891417,0.4644684715649067,0.5061905587876135,6,only type,EMA_dec_0.001,16
kNN,raw,P1,1-3,7,3275,3613,0.5137005258787711,0.4789762724241191,0.5215678288258934,0.46151803888853776,0.44543813201114907,6,only type,EMA_dec_0.001,16
kNN,raw,P1,1-3,8,3275,294,0.29591836734693877,0.26602056962025317,0.4292929292929293,0.3054922216592542,0.21008279458830767,6,only type,EMA_dec_0.001,16
kNN,raw,P1,1-3,9,3275,470,0.5936170212765958,0.5812631328430548,0.6391481014431833,0.5318690194789016,0.47832775624792123,6,only type,EMA_dec_0.001,16
kNN,raw,P1,1-3,10,3275,3600,0.4461111111111111,0.4498720272299755,0.4461111111111111,0.4311855637278625,0.43118556372786254,6,only type,EMA_dec_0.001,16
SVM,raw,P1,1-3,4,3275,161,0.8695652173913043,0.9327272727272728,0.8842441860465116,0.8973745141817581,0.8653106642978613,5,leave out type,EMA_dec_0.001,112
SVM,raw,P1,1-3,5,3275,197,0.949238578680203,0.948924766378083,0.9495238095238095,0.9483282703730044,0.9489550085102967,5,leave out type,EMA_dec_0.001,112
SVM,raw,P1,1-3,6,3275,2300,0.7060869565217391,0.6385142013641454,0.7623681487849433,0.625694019245732,0.710876915952457,6,leave out type,EMA_dec_0.001,112
SVM,raw,P1,1-3,7,3275,3613,0.6944367561583172,0.6616308452948654,0.6939565411303471,0.6564019470743022,0.645909648234768,6,leave out type,EMA_dec_0.001,112
SVM,raw,P1,1-3,8,3275,294,0.5510204081632653,0.6025415070242657,0.6522921522921523,0.54129385582047,0.544777807211459,6,leave out type,EMA_dec_0.001,112
SVM,raw,P1,1-3,9,3275,470,0.7340425531914894,0.7038339406473427,0.7803030303030303,0.7142416605045728,0.6828452095908453,6,leave out type,EMA_dec_0.001,112
SVM,raw,P1,1-3,10,3275,3600,0.43222222222222223,0.522474073233242,0.4322222222222221,0.4343277563016194,0.43432775630161935,6,leave out type,EMA_dec_0.001,112
kNN,raw,P1,1-3,4,3275,161,0.7267080745341615,0.8146666666666667,0.7929166666666667,0.7496897372200035,0.7276784920822639,5,leave out type,EMA_dec_0.001,112
kNN,raw,P1,1-3,5,3275,197,0.7563451776649747,0.8340397069535174,0.815472739820566,0.7956134267419994,0.7520629916970663,5,leave out type,EMA_dec_0.001,112
kNN,raw,P1,1-3,6,3275,2300,0.6313043478260869,0.6228424377959926,0.7062647307179776,0.5846508219768409,0.660361104048785,6,leave out type,EMA_dec_0.001,112
kNN,raw,P1,1-3,7,3275,3613,0.6244118461112649,0.6166936030841035,0.6283293365635135,0.5961835909173349,0.5810262848762586,6,leave out type,EMA_dec_0.001,112
kNN,raw,P1,1-3,8,3275,294,0.48299319727891155,0.5496424531351002,0.5884615384615385,0.4761219141885283,0.4532697632112014,6,leave out type,EMA_dec_0.001,112
kNN,raw,P1,1-3,9,3275,470,0.7,0.6630792243509006,0.739862687403671,0.6835818219299865,0.6409747675498036,6,leave out type,EMA_dec_0.001,112
kNN,raw,P1,1-3,10,3275,3600,0.4922222222222222,0.5081180331301929,0.49222222222222217,0.4877361381612446,0.48773613816124467,6,leave out type,EMA_dec_0.001,112
SVM,raw,P1,1-3,4,3275,161,0.782608695652174,0.7855844155844156,0.8552083333333332,0.799062153597071,0.7771252143321811,5,only type,EMA_dec_0.01,16
SVM,raw,P1,1-3,5,3275,197,0.9593908629441624,0.9665377396980823,0.9677777777777777,0.9659762125424777,0.9590087801420442,5,only type,EMA_dec_0.01,16
SVM,raw,P1,1-3,6,3275,2300,0.51,0.4804994981465612,0.6151064454999574,0.46051822581696106,0.5239945353823504,6,only type,EMA_dec_0.01,16
SVM,raw,P1,1-3,7,3275,3613,0.5660116246886244,0.5837179450380651,0.5776152239270571,0.5079473087259605,0.5052065197679799,6,only type,EMA_dec_0.01,16
SVM,raw,P1,1-3,8,3275,294,0.2687074829931973,0.2791072231861706,0.3882867132867133,0.2891136726237469,0.2013827345368021,6,only type,EMA_dec_0.01,16
SVM,raw,P1,1-3,9,3275,470,0.4425531914893617,0.4136604136604137,0.4478321678321678,0.37061708910041774,0.3448586360365016,6,only type,EMA_dec_0.01,16
SVM,raw,P1,1-3,10,3275,3600,0.4575,0.395466246109707,0.4575,0.3852064149701559,0.38520641497015584,6,only type,EMA_dec_0.01,16
kNN,raw,P1,1-3,4,3275,161,0.8012422360248447,0.7982545649838884,0.8645833333333333,0.8195000558527473,0.7976151223799608,5,only type,EMA_dec_0.01,16
kNN,raw,P1,1-3,5,3275,197,0.8477157360406091,0.916952380952381,0.8979365079365079,0.8857134207783559,0.843536405142312,5,only type,EMA_dec_0.01,16
kNN,raw,P1,1-3,6,3275,2300,0.45608695652173914,0.5192438097793591,0.5822859277210141,0.4619241749285595,0.49404088070553837,6,only type,EMA_dec_0.01,16
kNN,raw,P1,1-3,7,3275,3613,0.5588153888735123,0.5818427930464575,0.5703819920750614,0.5033538899479787,0.4948456750343738,6,only type,EMA_dec_0.01,16
kNN,raw,P1,1-3,8,3275,294,0.24829931972789115,0.23761600297960828,0.36313131313131314,0.2560930514771121,0.17550707333231236,6,only type,EMA_dec_0.01,16
kNN,raw,P1,1-3,9,3275,470,0.42127659574468085,0.40246481913148585,0.423993783993784,0.34995453847912866,0.3273318163447218,6,only type,EMA_dec_0.01,16
kNN,raw,P1,1-3,10,3275,3600,0.5172222222222222,0.480905604579237,0.5172222222222222,0.4753374837712187,0.47533748377121865,6,only type,EMA_dec_0.01,16
SVM,raw,P1,1-3,4,3275,161,0.8757763975155279,0.9367441860465118,0.8909108527131782,0.9045080973664351,0.8727770477242239,5,leave out type,EMA_dec_0.01,112
SVM,raw,P1,1-3,5,3275,197,0.9543147208121827,0.954093361482524,0.9566666666666667,0.9545638490346157,0.9541023842745371,5,leave out type,EMA_dec_0.01,112
SVM,raw,P1,1-3,6,3275,2300,0.697391304347826,0.6372725811985104,0.7560953038727726,0.621745288979545,0.7060595855467994,6,leave out type,EMA_dec_0.01,112
SVM,raw,P1,1-3,7,3275,3613,0.689454746747855,0.6579527968914464,0.689441974231964,0.6527042684405663,0.6418022633648939,6,leave out type,EMA_dec_0.01,112
SVM,raw,P1,1-3,8,3275,294,0.564625850340136,0.6151428344075754,0.6643453768453769,0.5548185747461111,0.5614520173452442,6,leave out type,EMA_dec_0.01,112
SVM,raw,P1,1-3,9,3275,470,0.7404255319148936,0.70548209564567,0.7876068376068376,0.7196148354542751,0.6879761272352796,6,leave out type,EMA_dec_0.01,112
SVM,raw,P1,1-3,10,3275,3600,0.4286111111111111,0.5237726859912704,0.42861111111111105,0.43206678398174975,0.43206678398174975,6,leave out type,EMA_dec_0.01,112
kNN,raw,P1,1-3,4,3275,161,0.7267080745341615,0.8207792207792208,0.7929166666666667,0.7551034959438321,0.7273571992320361,5,leave out type,EMA_dec_0.01,112
kNN,raw,P1,1-3,5,3275,197,0.7563451776649747,0.8340397069535174,0.815472739820566,0.7956134267419994,0.7520629916970663,5,leave out type,EMA_dec_0.01,112
kNN,raw,P1,1-3,6,3275,2300,0.638695652173913,0.6262138080758198,0.7118569441781283,0.5898947080919693,0.6671950702137663,6,leave out type,EMA_dec_0.01,112
kNN,raw,P1,1-3,7,3275,3613,0.6210905065042901,0.6128710371010833,0.6250296246810529,0.591056429903522,0.5759552818441311,6,leave out type,EMA_dec_0.01,112
kNN,raw,P1,1-3,8,3275,294,0.5272108843537415,0.5648960274207039,0.6549048174048174,0.529194444224479,0.49073120550435734,6,leave out type,EMA_dec_0.01,112
kNN,raw,P1,1-3,9,3275,470,0.6510638297872341,0.6361193977774289,0.6782976040353089,0.6284357461365462,0.5953529452381158,6,leave out type,EMA_dec_0.01,112
kNN,raw,P1,1-3,10,3275,3600,0.48833333333333334,0.5008236383531742,0.48833333333333334,0.4814404632606882,0.4814404632606883,6,leave out type,EMA_dec_0.01,112
SVM,raw,P1,1-3,4,3275,161,0.6894409937888198,0.8277902820071494,0.8012499999999999,0.7781228433402346,0.675831265083223,5,only type,EMA_dec_0.1,16
SVM,raw,P1,1-3,5,3275,197,0.7969543147208121,0.8397401184426888,0.8282401656314701,0.812656468599017,0.8096458673272775,5,only type,EMA_dec_0.1,16
SVM,raw,P1,1-3,6,3275,2300,0.4652173913043478,0.48468522319900487,0.44656207184459823,0.38595186845864443,0.4657978886021789,6,only type,EMA_dec_0.1,16
SVM,raw,P1,1-3,7,3275,3613,0.4608358704677553,0.4960086581609395,0.4929143347748268,0.3948859297081473,0.3960098305003183,6,only type,EMA_dec_0.1,16
SVM,raw,P1,1-3,8,3275,294,0.13945578231292516,0.3343072493224932,0.1694055944055944,0.08466287240077326,0.07863374080284165,6,only type,EMA_dec_0.1,16
SVM,raw,P1,1-3,9,3275,470,0.24680851063829787,0.2564270152505446,0.2017948717948718,0.12639345259827187,0.14596199109785368,6,only type,EMA_dec_0.1,16
SVM,raw,P1,1-3,10,3275,3600,0.3836111111111111,0.29660516463871023,0.3836111111111111,0.30810642300560037,0.30810642300560037,6,only type,EMA_dec_0.1,16
kNN,raw,P1,1-3,4,3275,161,0.6086956521739131,0.6374193548387097,0.7170881782945736,0.6286431347396355,0.5815119931994336,5,only type,EMA_dec_0.1,16
kNN,raw,P1,1-3,5,3275,197,0.6802030456852792,0.826890756302521,0.7350034506556246,0.6971072241363175,0.6844793335171663,5,only type,EMA_dec_0.1,16
kNN,raw,P1,1-3,6,3275,2300,0.4426086956521739,0.43532325438417896,0.43019876507370364,0.33989921837985926,0.3870872101973568,6,only type,EMA_dec_0.1,16
kNN,raw,P1,1-3,7,3275,3613,0.41516745087185164,0.4559057412054716,0.43940046849563963,0.331576185338456,0.3318955705380231,6,only type,EMA_dec_0.1,16
kNN,raw,P1,1-3,8,3275,294,0.10204081632653061,0.06267806267806268,0.12777777777777777,0.07172877556738581,0.05539004618378592,6,only type,EMA_dec_0.1,16
kNN,raw,P1,1-3,9,3275,470,0.23404255319148937,0.12251381816599209,0.18888888888888888,0.11099589951454021,0.1308414870051013,6,only type,EMA_dec_0.1,16
kNN,raw,P1,1-3,10,3275,3600,0.4077777777777778,0.3701649721483132,0.40777777777777774,0.37230050906384277,0.3723005090638428,6,only type,EMA_dec_0.1,16
SVM,raw,P1,1-3,4,3275,161,0.8012422360248447,0.8945718432510885,0.8610416666666666,0.8613698470841328,0.7984396391672345,5,leave out type,EMA_dec_0.1,112
SVM,raw,P1,1-3,5,3275,197,0.9644670050761421,0.9685892635681805,0.9669841269841271,0.9670904030193649,0.9643569797171639,5,leave out type,EMA_dec_0.1,112
SVM,raw,P1,1-3,6,3275,2300,0.6878260869565217,0.6366684159523575,0.7513245933386842,0.6160943839099973,0.696873078798058,6,leave out type,EMA_dec_0.1,112
SVM,raw,P1,1-3,7,3275,3613,0.6332687517298644,0.6588996254614653,0.634390851165532,0.59016405373252,0.575610399475702,6,leave out type,EMA_dec_0.1,112
SVM,raw,P1,1-3,8,3275,294,0.5068027210884354,0.603997564935065,0.6346445221445222,0.5161476359776,0.4895522241176301,6,leave out type,EMA_dec_0.1,112
SVM,raw,P1,1-3,9,3275,470,0.7191489361702128,0.7081588219651641,0.7663247863247863,0.7044813485008129,0.6733533742905977,6,leave out type,EMA_dec_0.1,112
SVM,raw,P1,1-3,10,3275,3600,0.42083333333333334,0.5495050411141901,0.42083333333333334,0.3903294760957338,0.3903294760957338,6,leave out type,EMA_dec_0.1,112
kNN,raw,P1,1-3,4,3275,161,0.8571428571428571,0.8965079365079365,0.8833333333333334,0.8751068637861092,0.8608224854562602,5,leave out type,EMA_dec_0.1,112
kNN,raw,P1,1-3,5,3275,197,0.6954314720812182,0.8106447738295071,0.7830296756383712,0.7440305660460699,0.6714100047275982,5,leave out type,EMA_dec_0.1,112
kNN,raw,P1,1-3,6,3275,2300,0.6573913043478261,0.6383507697693355,0.7283443319453625,0.6043005958702862,0.6834482839184045,6,leave out type,EMA_dec_0.1,112
kNN,raw,P1,1-3,7,3275,3613,0.6019928037641848,0.6090432824479544,0.6048392491254347,0.5585825244764404,0.5406500539178767,6,leave out type,EMA_dec_0.1,112
kNN,raw,P1,1-3,8,3275,294,0.40476190476190477,0.41675103112110984,0.6069444444444444,0.4368120935250756,0.29915635608747354,6,leave out type,EMA_dec_0.1,112
kNN,raw,P1,1-3,9,3275,470,0.5914893617021276,0.5422737224461363,0.6042622950819673,0.5404050120040361,0.5260822713584822,6,leave out type,EMA_dec_0.1,112
kNN,raw,P1,1-3,10,3275,3600,0.4663888888888889,0.5441550126658726,0.46638888888888896,0.4746494457100589,0.4746494457100589,6,leave out type,EMA_dec_0.1,112
SVM,raw,P1,1-3,4,3275,161,0.7018633540372671,0.7675285498814911,0.7768750000000001,0.7230720790925764,0.7154186199290775,5,only family,"steady-state (DR, |DR|)",32
SVM,raw,P1,1-3,5,3275,197,0.9543147208121827,0.9577809993623946,0.9368253968253969,0.9441349427012078,0.9525113182131102,5,only family,"steady-state (DR, |DR|)",32
SVM,raw,P1,1-3,6,3275,2300,0.5421739130434783,0.5435739804046059,0.6376137472747532,0.50760263109649,0.5610869558758829,6,only family,"steady-state (DR, |DR|)",32
SVM,raw,P1,1-3,7,3275,3613,0.5978411292554664,0.5712425853947818,0.6080552069786029,0.5745812883469319,0.559673008215079,6,only family,"steady-state (DR, |DR|)",32
SVM,raw,P1,1-3,8,3275,294,0.40476190476190477,0.5435793785539117,0.5770687645687645,0.43312492741957165,0.3274583183346865,6,only family,"steady-state (DR, |DR|)",32
SVM,raw,P1,1-3,9,3275,470,0.5659574468085107,0.4427473358637792,0.6103030303030303,0.49666379161586477,0.4675225542593798,6,only family,"steady-state (DR, |DR|)",32
SVM,raw,P1,1-3,10,3275,3600,0.42583333333333334,0.5427434270106212,0.42583333333333334,0.41128816352098285,0.41128816352098285,6,only family,"steady-state (DR, |DR|)",32
kNN,raw,P1,1-3,4,3275,161,0.6956521739130435,0.7644367015098722,0.77375,0.7323910759421962,0.68491892683568,5,only family,"steady-state (DR, |DR|)",32
kNN,raw,P1,1-3,5,3275,197,0.9187817258883249,0.9163041886597775,0.9187439613526569,0.9125868551127588,0.9203452325506634,5,only family,"steady-state (DR, |DR|)",32
kNN,raw,P1,1-3,6,3275,2300,0.528695652173913,0.5494202879737674,0.6292509073708656,0.5047646129418839,0.5570052543994349,6,only family,"steady-state (DR, |DR|)",32
kNN,raw,P1,1-3,7,3275,3613,0.5319678937171326,0.7156978080726485,0.5433900911789341,0.519596197812531,0.4990305368898658,6,only family,"steady-state (DR, |DR|)",32
kNN,raw,P1,1-3,8,3275,294,0.17006802721088435,0.16655018171652222,0.22739898989898988,0.12507447089435922,0.09581688976552866,6,only family,"steady-state (DR, |DR|)",32
kNN,raw,P1,1-3,9,3275,470,0.5893617021276596,0.4795324011140139,0.6355555555555555,0.5341568481002973,0.47709921037666947,6,only family,"steady-state (DR, |DR|)",32
kNN,raw,P1,1-3,10,3275,3600,0.43666666666666665,0.5314211823419399,0.4366666666666666,0.41965631829898536,0.41965631829898536,6,only family,"steady-state (DR, |DR|)",32
SVM,raw,P1,1-3,4,3275,161,0.8322981366459627,0.900655737704918,0.8751405038759689,0.8784969696969697,0.8289493694711086,5,only family,rising EMA,48
SVM,raw,P1,1-3,5,3275,197,0.7106598984771574,0.8501792114695341,0.8098757763975156,0.7464904999077662,0.6541090438855475,5,only family,rising EMA,48
SVM,raw,P1,1-3,6,3275,2300,0.6939130434782609,0.6086196700203077,0.7463458646923454,0.6012697294217565,0.6742775483511249,6,only family,rising EMA,48
SVM,raw,P1,1-3,7,3275,3613,0.6047605867699972,0.6225446523204049,0.6072239588422098,0.5533418108682983,0.5369778000487495,6,only family,rising EMA,48
SVM,raw,P1,1-3,8,3275,294,0.41496598639455784,0.5003623761332491,0.6109459984459984,0.4472271386970799,0.3218868420145952,6,only family,rising EMA,48
SVM,raw,P1,1-3,9,3275,470,0.6212765957446809,0.5954998245464066,0.6633389379291019,0.6057372102104704,0.5785901853778055,6,only family,rising EMA,48
SVM,raw,P1,1-3,10,3275,3600,0.535,0.5659213246125209,0.535,0.49722201822597895,0.49722201822597895,6,only family,rising EMA,48
kNN,raw,P1,1-3,4,3275,161,0.8509316770186336,0.9104636591478699,0.8986821705426357,0.8983703703703704,0.85015873015873,5,only family,rising EMA,48
kNN,raw,P1,1-3,5,3275,197,0.6446700507614214,0.8016913319238901,0.7477018633540372,0.6919989367357788,0.6029349061008158,5,only family,rising EMA,48
kNN,raw,P1,1-3,6,3275,2300,0.67,0.6382774891268782,0.7369470407364221,0.6051319872140832,0.683314518763753,6,only family,rising EMA,48
kNN,raw,P1,1-3,7,3275,3613,0.6163852753944091,0.6344280650006072,0.6188851301686183,0.5556830974558343,0.5385223674729143,6,only family,rising EMA,48
kNN,raw,P1,1-3,8,3275,294,0.41156462585034015,0.5910497936360005,0.6136655011655011,0.4491808646055176,0.3129699882449859,6,only family,rising EMA,48
kNN,raw,P1,1-3,9,3275,470,0.5680851063829787,0.5984048471847986,0.6081448788006165,0.5120367074897778,0.48876234391965223,6,only family,rising EMA,48
kNN,raw,P1,1-3,10,3275,3600,0.5808333333333333,0.5754231070838508,0.5808333333333334,0.5596970282201909,0.559697028220191,6,only family,rising EMA,48
SVM,raw,P1,1-3,4,3275,161,0.7018633540372671,0.8464716006884683,0.8145833333333332,0.7899945265462507,0.6895443434745213,5,only family,decaying EMA,48
SVM,raw,P1,1-3,5,3275,197,0.9644670050761421,0.9700950179763741,0.9669841269841271,0.9676202369889151,0.9644479320473789,5,only family,decaying EMA,48
SVM,raw,P1,1-3,6,3275,2300,0.5569565217391305,0.4225744412618029,0.6454007181653374,0.4328886987972469,0.4865647453256601,6,only family,decaying EMA,48
SVM,raw,P1,1-3,7,3275,3613,0.6559645723775256,0.6160339228749682,0.665948039905938,0.5915363703660724,0.6008309707147969,6,only family,decaying EMA,48
SVM,raw,P1,1-3,8,3275,294,0.5782312925170068,0.5023710751192368,0.4381021756021756,0.41889718711858936,0.5729481091044463,6,only family,decaying EMA,48
SVM,raw,P1,1-3,9,3275,470,0.4957446808510638,0.37470024295177673,0.4568376068376068,0.38383056692915846,0.39809404460288483,6,only family,decaying EMA,48
SVM,raw,P1,1-3,10,3275,3600,0.39611111111111114,0.3125000347222569,0.3961111111111111,0.34684812216782207,0.34684812216782207,6,only family,decaying EMA,48
kNN,raw,P1,1-3,4,3275,161,0.6956521739130435,0.7539445628997867,0.8099321705426356,0.7262138627655869,0.6813900409102808,5,only family,decaying EMA,48
kNN,raw,P1,1-3,5,3275,197,0.9593908629441624,0.9701434159061277,0.9638095238095239,0.9658757791778869,0.95954626653042,5,only family,decaying EMA,48
kNN,raw,P1,1-3,6,3275,2300,0.5165217391304348,0.47738108120461065,0.6199442174046985,0.4479018118349214,0.5210430888694892,6,only family,decaying EMA,48
kNN,raw,P1,1-3,7,3275,3613,0.5438693606421257,0.5743452609524161,0.5592610650499951,0.5047282599422156,0.5043956447924068,6,only family,decaying EMA,48
kNN,raw,P1,1-3,8,3275,294,0.22108843537414966,0.19303539597657246,0.28255633255633256,0.17592449922958397,0.15950074945232331,6,only family,decaying EMA,48
kNN,raw,P1,1-3,9,3275,470,0.4127659574468085,0.26595190600973045,0.3737606837606838,0.2639497992043067,0.28142606525820546,6,only family,decaying EMA,48
kNN,raw,P1,1-3,10,3275,3600,0.4930555555555556,0.4435816357842272,0.4930555555555555,0.44866752062015663,0.44866752062015663,6,only family,decaying EMA,48
SVM,raw,P1,1-3,4,3275,161,0.7204968944099379,0.5926570726570727,0.6366666666666667,0.5543996203132416,0.7015638495756528,5,only sensor,S01,8
SVM,raw,P1,1-3,5,3275,197,0.7817258883248731,0.5986015385686438,0.6664596273291925,0.627105707874909,0.7394886987946083,5,only sensor,S01,8
SVM,raw,P1,1-3,6,3275,2300,0.44869565217391305,0.3298709683714919,0.44590292746352295,0.29164801462808293,0.43324942184560283,6,only sensor,S01,8
SVM,raw,P1,1-3,7,3275,3613,0.297536673124827,0.3163247657139616,0.2732044005084182,0.2256373931397573,0.2440278950053791,6,only sensor,S01,8
SVM,raw,P1,1-3,8,3275,294,0.10204081632653061,0.017123287671232876,0.16666666666666666,0.031055900621118012,0.019013816706806946,6,only sensor,S01,8
SVM,raw,P1,1-3,9,3275,470,0.27872340425531916,0.3575197889182058,0.3312820512820513,0.2582596177244452,0.24147117777029198,6,only sensor,S01,8
SVM,raw,P1,1-3,10,3275,3600,0.31472222222222224,0.2605000106172542,0.3147222222222223,0.24695728014810733,0.24695728014810736,6,only sensor,S01,8
kNN,raw,P1,1-3,4,3275,161,0.6894409937888198,0.725295566502463,0.73765503875969,0.662943613763286,0.7068403544322492,5,only sensor,S01,8
kNN,raw,P1,1-3,5,3275,197,0.7461928934010152,0.7578687888198757,0.7038509316770186,0.7139240290158926,0.7501770793002789,5,only sensor,S01,8
kNN,raw,P1,1-3,6,3275,2300,0.4256521739130435,0.4141881966755063,0.5302847521969254,0.35972577986678567,0.44757327915575873,6,only sensor,S01,8
kNN,raw,P1,1-3,7,3275,3613,0.22557431497370606,0.3165897407015647,0.20873893669556112,0.21497311816906495,0.23105534954691923,6,only sensor,S01,8
kNN,raw,P1,1-3,8,3275,294,0.10204081632653061,0.022026431718061675,0.16666666666666666,0.038910505836575876,0.02382275867545462,6,only sensor,S01,8
kNN,raw,P1,1-3,9,3275,470,0.14893617021276595,0.12482853223593963,0.16744366744366745,0.1313038265268822,0.12417647338815578,6,only sensor,S01,8
kNN,raw,P1,1-3,10,3275,3600,0.2575,0.23338793947905356,0.2575,0.2350814388720425,0.2350814388720425,6,only sensor,S01,8
SVM,raw,P1,1-3,4,3275,161,0.8757763975155279,0.9367441860465118,0.8909108527131782,0.9045080973664351,0.8727770477242239,5,leave out sensor,S01,120
SVM,raw,P1,1-3,5,3275,197,0.9543147208121827,0.954093361482524,0.9566666666666667,0.9545638490346157,0.9541023842745371,5,leave out sensor,S01,120
SVM,raw,P1,1-3,6,3275,2300,0.6943478260869566,0.6377487569450526,0.7545146983414023,0.6204758054460763,0.7040297413796719,6,leave out sensor,S01,120
SVM,raw,P1,1-3,7,3275,3613,0.7381677276501523,0.67312349368955,0.735396593190957,0.6929960853717653,0.6860565846851914,6,leave out sensor,S01,120
SVM,raw,P1,1-3,8,3275,294,0.8605442176870748,0.7083270000506663,0.7553515928515928,0.7161282057772342,0.8376569418427804,6,leave out sensor,S01,120
SVM,raw,P1,1-3,9,3275,470,0.7489361702127659,0.7118519154062236,0.7962393162393163,0.7276517725997097,0.6961103517252233,6,leave out sensor,S01,120
SVM,raw,P1,1-3,10,3275,3600,0.4425,0.5285777313045289,0.44250000000000006,0.4441787286815466,0.4441787286815467,6,leave out sensor,S01,120
kNN,raw,P1,1-3,4,3275,161,0.7204968944099379,0.8131578947368421,0.7897916666666667,0.7457718045043696,0.7206901423215469,5,leave out sensor,S01,120
kNN,raw,P1,1-3,5,3275,197,0.7715736040609137,0.843370130291134,0.834168391994479,0.8105672489847506,0.763931610609046,5,leave out sensor,S01,120
kNN,raw,P1,1-3,6,3275,2300,0.621304347826087,0.6251669733101483,0.6997236296793633,0.5811794434619341,0.6557967092569393,6,leave out sensor,S01,120
kNN,raw,P1,1-3,7,3275,3613,0.6537503459728757,0.6204156579771839,0.6564091076829576,0.6254316582837937,0.6122455134172304,6,leave out sensor,S01,120
kNN,raw,P1,1-3,8,3275,294,0.8163265306122449,0.6908063664062115,0.7216297591297591,0.6857095795265633,0.8047737738808891,6,leave out sensor,S01,120
kNN,raw,P1,1-3,9,3275,470,0.6404255319148936,0.6259537323701411,0.6610634720470786,0.6071744260052552,0.5820810509845596,6,leave out sensor,S01,120
kNN,raw,P1,1-3,10,3275,3600,0.4911111111111111,0.499646817427949,0.49111111111111105,0.4822108153470093,0.4822108153470094,6,leave out sensor,S01,120
SVM,raw,P1,1-3,4,3275,161,0.6583850931677019,0.566909090909091,0.6018749999999999,0.5123523093447905,0.6447818748290424,5,only sensor,S02,8
SVM,raw,P1,1-3,5,3275,197,0.7208121827411168,0.7498009231081355,0.6391166321601105,0.6063057024469588,0.6938074330072123,5,only sensor,S02,8
SVM,raw,P1,1-3,6,3275,2300,0.4504347826086956,0.3478290321039251,0.45001325769284733,0.2998495842644444,0.44088290427861226,6,only sensor,S02,8
SVM,raw,P1,1-3,7,3275,3613,0.38887351231663436,0.32619265050359025,0.3536293439276637,0.32764430180053256,0.358161064343526,6,only sensor,S02,8
SVM,raw,P1,1-3,8,3275,294,0.3299319727891156,0.25260636249128177,0.26412198912198914,0.2338821192861896,0.35592130170744074,6,only sensor,S02,8
SVM,raw,P1,1-3,9,3275,470,0.2425531914893617,0.1791434077618288,0.29273504273504275,0.18764185494686889,0.17184900926529564,6,only sensor,S02,8
SVM,raw,P1,1-3,10,3275,3600,0.29777777777777775,0.22448272503903624,0.29777777777777775,0.24103280022792595,0.24103280022792598,6,only sensor,S02,8
kNN,raw,P1,1-3,4,3275,161,0.6894409937888198,0.7318462268628381,0.7488275193798449,0.6749227356759772,0.7065086039467957,5,only sensor,S02,8
kNN,raw,P1,1-3,5,3275,197,0.766497461928934,0.790442241707968,0.7246997929606624,0.7392179030673162,0.7761084118888447,5,only sensor,S02,8
kNN,raw,P1,1-3,6,3275,2300,0.45521739130434785,0.40464734094580473,0.5688685936341299,0.3824439770878098,0.46451922989440314,6,only sensor,S02,8
kNN,raw,P1,1-3,7,3275,3613,0.3019651259341268,0.2873922787692545,0.3022449255142074,0.2834833187500019,0.29129655871101284,6,only sensor,S02,8
kNN,raw,P1,1-3,8,3275,294,0.20408163265306123,0.2964678169988451,0.1931138306138306,0.20228069020969772,0.2490544103836686,6,only sensor,S02,8
kNN,raw,P1,1-3,9,3275,470,0.33191489361702126,0.26944262668984204,0.3458469308469308,0.2824300409578143,0.2706767256830616,6,only sensor,S02,8
kNN,raw,P1,1-3,10,3275,3600,0.2997222222222222,0.2709381134945528,0.2997222222222222,0.2727086378456768,0.2727086378456768,6,only sensor,S02,8
SVM,raw,P1,1-3,4,3275,161,0.84472049689441,0.9160798122065728,0.8717441860465115,0.882958892958893,0.8416669826607714,5,leave out sensor,S02,120
SVM,raw,P1,1-3,5,3275,197,0.9543147208121827,0.954093361482524,0.9566666666666667,0.9545638490346157,0.9541023842745371,5,leave out sensor,S02,120
SVM,raw,P1,1-3,6,3275,2300,0.6839130434782609,0.6341573853751458,0.7469295040243052,0.6148659220267402,0.6967258673060711,6,leave out sensor,S02,120
SVM,raw,P1,1-3,7,3275,3613,0.6515361195682259,0.650500238100238,0.652901657634239,0.6123588089884435,0.5984689681761364,6,leave out sensor,S02,120
SVM,raw,P1,1-3,8,3275,294,0.5408163265306123,0.6150428921568628,0.6681915306915308,0.5484960395981733,0.5239801681077857,6,leave out sensor,S02,120
SVM,raw,P1,1-3,9,3275,470,0.7063829787234043,0.6797986053766402,0.7535042735042735,0.6854828833234676,0.6513494274336961,6,leave out sensor,S02,120
SVM,raw,P1,1-3,10,3275,3600,0.4261111111111111,0.5182567456986648,0.42611111111111116,0.429736015933286,0.429736015933286,6,leave out sensor,S02,120
kNN,raw,P1,1-3,4,3275,161,0.7267080745341615,0.8122162162162162,0.8064583333333333,0.7541250987911678,0.7261818261662356,5,leave out sensor,S02,120
kNN,raw,P1,1-3,5,3275,197,0.7817258883248731,0.8643589743589744,0.8440372670807454,0.8234692805679538,0.7723904757062946,5,leave out sensor,S02,120
kNN,raw,P1,1-3,6,3275,2300,0.6226086956521739,0.6270331440632094,0.7009271933443428,0.5830444268164752,0.6582884055471908,6,leave out sensor,S02,120
kNN,raw,P1,1-3,7,3275,3613,0.6130639357874342,0.6039720578059956,0.6173334199346177,0.5752727648613615,0.5625060459062304,6,leave out sensor,S02,120
kNN,raw,P1,1-3,8,3275,294,0.41836734693877553,0.3904558404558404,0.6222222222222222,0.45071070540183117,0.2945203247549799,6,leave out sensor,S02,120
kNN,raw,P1,1-3,9,3275,470,0.6127659574468085,0.610095062036114,0.6332856942693008,0.5800397115542172,0.5522073952823383,6,leave out sensor,S02,120
kNN,raw,P1,1-3,10,3275,3600,0.4855555555555556,0.4942342700245141,0.4855555555555555,0.4776933167214797,0.47769331672147963,6,leave out sensor,S02,120
SVM,raw,P1,1-3,4,3275,161,0.7080745341614907,0.8579365079365079,0.7769476744186047,0.7762482757651128,0.7141113116344566,5,only sensor,S03,8
SVM,raw,P1,1-3,5,3275,197,0.883248730964467,0.890125313283208,0.8803830227743271,0.8760224395009049,0.8855191212409421,5,only sensor,S03,8
SVM,raw,P1,1-3,6,3275,2300,0.5756521739130435,0.545918559362231,0.6360354733296764,0.49350223028755,0.47932053726364665,6,only sensor,S03,8
SVM,raw,P1,1-3,7,3275,3613,0.5394409078328259,0.589289002157057,0.5195589814827706,0.4751993451441838,0.48287456454069666,6,only sensor,S03,8
SVM,raw,P1,1-3,8,3275,294,0.6462585034013606,0.4751785714285714,0.41512237762237764,0.3957684418819169,0.5553978404715375,6,only sensor,S03,8
SVM,raw,P1,1-3,9,3275,470,0.34893617021276596,0.23227584602046913,0.38888888888888884,0.27359339569160995,0.2363261235345202,6,only sensor,S03,8
SVM,raw,P1,1-3,10,3275,3600,0.2063888888888889,0.2006730348360087,0.20638888888888887,0.16611571231303923,0.16611571231303926,6,only sensor,S03,8
kNN,raw,P1,1-3,4,3275,161,0.5900621118012422,0.7392930878645164,0.6780668604651163,0.6068135975324832,0.6057775539356876,5,only sensor,S03,8
kNN,raw,P1,1-3,5,3275,197,0.8578680203045685,0.8624844144223435,0.8518806073153898,0.8441466679533187,0.8589933314882043,5,only sensor,S03,8
kNN,raw,P1,1-3,6,3275,2300,0.6060869565217392,0.5579218021928886,0.5463125922783498,0.4752439516909939,0.6117198695547776,6,only sensor,S03,8
kNN,raw,P1,1-3,7,3275,3613,0.40658732355383337,0.44239861918123236,0.4326559697866062,0.3508632709234174,0.34109075071324824,6,only sensor,S03,8
kNN,raw,P1,1-3,8,3275,294,0.37755102040816324,0.3855265286909963,0.3219794094794095,0.31781020731117166,0.38175820949889594,6,only sensor,S03,8
kNN,raw,P1,1-3,9,3275,470,0.32978723404255317,0.22881516067295082,0.2961286254728878,0.22863290428031466,0.25159765194540984,6,only sensor,S03,8
kNN,raw,P1,1-3,10,3275,3600,0.24694444444444444,0.26907185538076656,0.24694444444444444,0.24071315475252755,0.24071315475252758,6,only sensor,S03,8
SVM,raw,P1,1-3,4,3275,161,0.8881987577639752,0.9464048146974976,0.8971608527131781,0.9119409465914025,0.8848059377048032,5,leave out sensor,S03,120
SVM,raw,P1,1-3,5,3275,197,0.9593908629441624,0.9594287773982595,0.9638095238095239,0.9607235182134813,0.9592134932274422,5,leave out sensor,S03,120
SVM,raw,P1,1-3,6,3275,2300,0.6978260869565217,0.6377162928157223,0.7568133717885136,0.6218610794196657,0.7058549374908158,6,leave out sensor,S03,120
SVM,raw,P1,1-3,7,3275,3613,0.6875172986437863,0.6642865059411492,0.6870555550399132,0.6498536960484863,0.63898329997082,6,leave out sensor,S03,120
SVM,raw,P1,1-3,8,3275,294,0.5476190476190477,0.6074738914569423,0.65251554001554,0.5408904461435922,0.541190879112615,6,leave out sensor,S03,120
SVM,raw,P1,1-3,9,3275,470,0.7382978723404255,0.7132020346023197,0.7855555555555555,0.7206749564588167,0.6893811104627354,6,leave out sensor,S03,120
SVM,raw,P1,1-3,10,3275,3600,0.4297222222222222,0.5291266762636188,0.42972222222222217,0.43154351155866344,0.43154351155866344,6,leave out sensor,S03,120
kNN,raw,P1,1-3,4,3275,161,0.7329192546583851,0.8222488038277511,0.8095833333333333,0.7657941437444544,0.7325008858525858,5,leave out sensor,S03,120
kNN,raw,P1,1-3,5,3275,197,0.751269035532995,0.8324235385210995,0.8122981366459628,0.7915192004227092,0.7459635701108673,5,leave out sensor,S03,120
kNN,raw,P1,1-3,6,3275,2300,0.6360869565217391,0.6279292628845986,0.7096652853235269,0.5891957316290838,0.6660916410902729,6,leave out sensor,S03,120
kNN,raw,P1,1-3,7,3275,3613,0.6177691668973152,0.6087550727105883,0.6212422217102188,0.584118738846814,0.5684954727160046,6,leave out sensor,S03,120
kNN,raw,P1,1-3,8,3275,294,0.5,0.5476677779290843,0.6351884226884227,0.503785359914003,0.45660607749556464,6,leave out sensor,S03,120
kNN,raw,P1,1-3,9,3275,470,0.6212765957446809,0.6029165257998209,0.6382597730138714,0.5793572352540337,0.558194064064957,6,leave out sensor,S03,120
kNN,raw,P1,1-3,10,3275,3600,0.5086111111111111,0.5032438254760714,0.5086111111111111,0.49485819006142845,0.49485819006142845,6,leave out sensor,S03,120
SVM,raw,P1,1-3,4,3275,161,0.6956521739130435,0.8235377525700105,0.7643798449612402,0.7439581860634492,0.6720203385780372,5,only sensor,S04,8
SVM,raw,P1,1-3,5,3275,197,0.8324873096446701,0.8686735706399451,0.8460041407867495,0.82226109328961,0.8287539625095147,5,only sensor,S04,8
SVM,raw,P1,1-3,6,3275,2300,0.7043478260869566,0.6296448268172958,0.7565835672407832,0.6204653716699973,0.7082721712127347,6,only sensor,S04,8
SVM,raw,P1,1-3,7,3275,3613,0.6000553556601163,0.5585313741330776,0.6044891516836258,0.5693586706891856,0.5556032494088876,6,only sensor,S04,8
SVM,raw,P1,1-3,8,3275,294,0.7891156462585034,0.5062007168458781,0.615569153069153,0.5380054501313053,0.7340159434289819,6,only sensor,S04,8
SVM,raw,P1,1-3,9,3275,470,0.5787234042553191,0.4885176651305683,0.5733333333333334,0.47297313664220136,0.4979950275756184,6,only sensor,S04,8
SVM,raw,P1,1-3,10,3275,3600,0.24861111111111112,0.24479718493906408,0.24861111111111112,0.19314996370805726,0.1931499637080573,6,only sensor,S04,8
kNN,raw,P1,1-3,4,3275,161,0.7018633540372671,0.7595019157088123,0.7388953488372093,0.692921402964376,0.6828808971374486,5,only sensor,S04,8
kNN,raw,P1,1-3,5,3275,197,0.8426395939086294,0.8623121989932077,0.8463146997929607,0.8329841952618118,0.84343378921664,5,only sensor,S04,8
kNN,raw,P1,1-3,6,3275,2300,0.6673913043478261,0.5879907963098147,0.7266272867441658,0.5882338255200932,0.6672652694220733,6,only sensor,S04,8
kNN,raw,P1,1-3,7,3275,3613,0.5787434265153611,0.6670500407854991,0.5899477092373233,0.5741894342116434,0.5545350094159027,6,only sensor,S04,8
kNN,raw,P1,1-3,8,3275,294,0.6972789115646258,0.46037607403727626,0.5616744366744367,0.4819082424030381,0.6588962376404937,6,only sensor,S04,8
kNN,raw,P1,1-3,9,3275,470,0.44042553191489364,0.46456072025448963,0.4025679175735985,0.3365617752477335,0.3764990175891908,6,only sensor,S04,8
kNN,raw,P1,1-3,10,3275,3600,0.22277777777777777,0.24785695082913098,0.22277777777777782,0.19720670672680604,0.19720670672680604,6,only sensor,S04,8
SVM,raw,P1,1-3,4,3275,161,0.8819875776397516,0.9414786967418547,0.8940358527131782,0.9082112845138056,0.8787813261950742,5,leave out sensor,S04,120
SVM,raw,P1,1-3,5,3275,197,0.9593908629441624,0.9594287773982595,0.9638095238095239,0.9607235182134813,0.9592134932274422,5,leave out sensor,S04,120
SVM,raw,P1,1-3,6,3275,2300,0.6982608695652174,0.6371585849276875,0.7566945855908277,0.6220379034306783,0.70639706707538,6,leave out sensor,S04,120
SVM,raw,P1,1-3,7,3275,3613,0.6864101854414614,0.6620918002565751,0.6862982619917509,0.6497444537309831,0.638598392620079,6,leave out sensor,S04,120
SVM,raw,P1,1-3,8,3275,294,0.5544217687074829,0.6077570133062125,0.6578477078477079,0.5457024935075836,0.547829190437542,6,leave out sensor,S04,120
SVM,raw,P1,1-3,9,3275,470,0.7382978723404255,0.7037229657366958,0.7855555555555555,0.7173334328506741,0.6850527071363461,6,leave out sensor,S04,120
SVM,raw,P1,1-3,10,3275,3600,0.4330555555555556,0.5300914145260814,0.4330555555555556,0.4351815255876226,0.4351815255876225,6,leave out sensor,S04,120
kNN,raw,P1,1-3,4,3275,161,0.7267080745341615,0.8207792207792208,0.7929166666666667,0.7551034959438321,0.7273571992320361,5,leave out sensor,S04,120
kNN,raw,P1,1-3,5,3275,197,0.7563451776649747,0.837883855981417,0.8166459627329192,0.7963850668794847,0.7504661408109461,5,leave out sensor,S04,120
kNN,raw,P1,1-3,6,3275,2300,0.6295652173913043,0.6261328767927695,0.704998378944173,0.5852269151617603,0.6608026318153233,6,leave out sensor,S04,120
kNN,raw,P1,1-3,7,3275,3613,0.6208137282037088,0.6091999373052724,0.6247988563143527,0.5866348117669278,0.5724464785342488,6,leave out sensor,S04,120
kNN,raw,P1,1-3,8,3275,294,0.4523809523809524,0.5505226480836237,0.59253108003108,0.46633274872222213,0.40148925068018376,6,leave out sensor,S04,120
kNN,raw,P1,1-3,9,3275,470,0.6276595744680851,0.6308700384095467,0.6476474709261595,0.5949861678296341,0.569173215143616,6,leave out sensor,S04,120
kNN,raw,P1,1-3,10,3275,3600,0.5047222222222222,0.5005738973424216,0.5047222222222222,0.4913910859582214,0.49139108595822134,6,leave out sensor,S04,120
SVM,raw,P1,1-3,4,3275,161,0.7577639751552795,0.8865000540949908,0.8128488372093023,0.8108007149177879,0.7578911067962919,5,only sensor,S05,8
SVM,raw,P1,1-3,5,3275,197,0.6192893401015228,0.8644965859360522,0.6446997929606625,0.5907347115678123,0.5504201028011847,5,only sensor,S05,8
SVM,raw,P1,1-3,6,3275,2300,0.3426086956521739,0.2506890746179615,0.312781450558849,0.19656466790928254,0.25607137076938846,6,only sensor,S05,8
SVM,raw,P1,1-3,7,3275,3613,0.21422640464987544,0.22784329024536873,0.19558366579368427,0.10913241855976626,0.11832461586614791,6,only sensor,S05,8
SVM,raw,P1,1-3,8,3275,294,0.42517006802721086,0.453910003431709,0.4857323232323232,0.38968846650260475,0.42441970051280414,6,only sensor,S05,8
SVM,raw,P1,1-3,9,3275,470,0.5574468085106383,0.5060961893192963,0.5959086450889729,0.5023930829393904,0.4887949978043868,6,only sensor,S05,8
SVM,raw,P1,1-3,10,3275,3600,0.20194444444444445,0.26021153533651636,0.20194444444444445,0.15316996643706238,0.15316996643706235,6,only sensor,S05,8
kNN,raw,P1,1-3,4,3275,161,0.7142857142857143,0.8288945097455735,0.783890503875969,0.773563796354494,0.7020277102178012,5,only sensor,S05,8
kNN,raw,P1,1-3,5,3275,197,0.5076142131979695,0.3890522409363403,0.5384782608695653,0.44241459379040887,0.4039779405448886,5,only sensor,S05,8
kNN,raw,P1,1-3,6,3275,2300,0.2447826086956522,0.2309699968367428,0.20781328168668903,0.11485784210240756,0.15992168643306245,6,only sensor,S05,8
kNN,raw,P1,1-3,7,3275,3613,0.21118184334348186,0.2762116581298971,0.19372500346950985,0.15697022566519966,0.16808960074345555,6,only sensor,S05,8
kNN,raw,P1,1-3,8,3275,294,0.336734693877551,0.46556062593798436,0.40878010878010884,0.3811428351374206,0.3633465397132176,6,only sensor,S05,8
kNN,raw,P1,1-3,9,3275,470,0.41702127659574467,0.6168304557051361,0.3919850396136713,0.4403531306633817,0.45616934336122006,6,only sensor,S05,8
kNN,raw,P1,1-3,10,3275,3600,0.17666666666666667,0.3118666025607835,0.17666666666666667,0.16912385246366066,0.16912385246366066,6,only sensor,S05,8
SVM,raw,P1,1-3,4,3275,161,0.8757763975155279,0.9367441860465118,0.8909108527131782,0.9045080973664351,0.8727770477242239,5,leave out sensor,S05,120
SVM,raw,P1,1-3,5,3275,197,0.9543147208121827,0.954093361482524,0.9566666666666667,0.9545638490346157,0.9541023842745371,5,leave out sensor,S05,120
SVM,raw,P1,1-3,6,3275,2300,0.7017391304347826,0.6387667068978437,0.7597316597262568,0.6238217176548089,0.7082579031312755,6,leave out sensor,S05,120
SVM,raw,P1,1-3,7,3275,3613,0.6819817326321617,0.6617975476325212,0.6818008187367899,0.643778045616264,0.6323803984769144,6,leave out sensor,S05,120
SVM,raw,P1,1-3,8,3275,294,0.5476190476190477,0.6025366165196674,0.6481254856254856,0.5383497097735472,0.5424355748575261,6,leave out sensor,S05,120
SVM,raw,P1,1-3,9,3275,470,0.7361702127659574,0.7106767820770671,0.7833333333333333,0.7183563038742067,0.6871208273627057,6,leave out sensor,S05,120
SVM,raw,P1,1-3,10,3275,3600,0.43416666666666665,0.5230654293468963,0.43416666666666665,0.4317243587610651,0.4317243587610651,6,leave out sensor,S05,120
kNN,raw,P1,1-3,4,3275,161,0.7267080745341615,0.8207792207792208,0.7929166666666667,0.7551034959438321,0.7273571992320361,5,leave out sensor,S05,120
kNN,raw,P1,1-3,5,3275,197,0.751269035532995,0.8324235385210995,0.8122981366459628,0.7915192004227092,0.7459635701108673,5,leave out sensor,S05,120
kNN,raw,P1,1-3,6,3275,2300,0.6830434782608695,0.6475242070352217,0.7459646351028627,0.6197062616298343,0.705010066487117,6,leave out sensor,S05,120
kNN,raw,P1,1-3,7,3275,3613,0.6335455300304456,0.6247945703708193,0.6363874381007709,0.5988503330014724,0.5849458040124027,6,leave out sensor,S05,120
kNN,raw,P1,1-3,8,3275,294,0.40816326530612246,0.5342266335814723,0.5729895104895105,0.4361396898831535,0.32965153462579794,6,leave out sensor,S05,120
kNN,raw,P1,1-3,9,3275,470,0.597872340425532,0.5043795066752338,0.6082051282051282,0.530620671407421,0.519949850794307,6,leave out sensor,S05,120
kNN,raw,P1,1-3,10,3275,3600,0.49416666666666664,0.49997431553176047,0.49416666666666664,0.4842218116649642,0.4842218116649642,6,leave out sensor,S05,120
SVM,raw,P1,1-3,4,3275,161,0.7453416149068323,0.8314285714285713,0.8020203488372093,0.793621232568601,0.749433505726412,5,only sensor,S06,8
SVM,raw,P1,1-3,5,3275,197,0.6040609137055838,0.8372567783094098,0.642512077294686,0.5880636840428399,0.530008079554218,5,only sensor,S06,8
SVM,raw,P1,1-3,6,3275,2300,0.29434782608695653,0.22896596482446216,0.24249166295939942,0.13675182716797765,0.1890060766597572,6,only sensor,S06,8
SVM,raw,P1,1-3,7,3275,3613,0.24439523941323,0.21824662409640425,0.2258084948453821,0.15248909654418394,0.16167184208252658,6,only sensor,S06,8
SVM,raw,P1,1-3,8,3275,294,0.4387755102040816,0.5075204813108039,0.44837801087801094,0.38674999104910307,0.46617224268272556,6,only sensor,S06,8
SVM,raw,P1,1-3,9,3275,470,0.2723404255319149,0.5414813156192467,0.31739144280127884,0.18829502449653393,0.18053603107155525,6,only sensor,S06,8
SVM,raw,P1,1-3,10,3275,3600,0.23805555555555555,0.2522230513631816,0.23805555555555558,0.20417968125295569,0.2041796812529557,6,only sensor,S06,8
kNN,raw,P1,1-3,4,3275,161,0.7453416149068323,0.7678677462887988,0.7454263565891472,0.7449792512367219,0.7452291933063432,5,only sensor,S06,8
kNN,raw,P1,1-3,5,3275,197,0.41624365482233505,0.48385100749281695,0.4659006211180124,0.39151280064665656,0.3359346627234878,5,only sensor,S06,8
kNN,raw,P1,1-3,6,3275,2300,0.41956521739130437,0.4176927029636613,0.3713733824156247,0.2786018143000116,0.3585053137715431,6,only sensor,S06,8
kNN,raw,P1,1-3,7,3275,3613,0.2178245225574315,0.2527676983355847,0.21478555529359475,0.1581174918831568,0.16169636049988148,6,only sensor,S06,8
kNN,raw,P1,1-3,8,3275,294,0.16666666666666666,0.350143202952737,0.20855995855995857,0.21382503622437074,0.20466310742856325,6,only sensor,S06,8
kNN,raw,P1,1-3,9,3275,470,0.15106382978723404,0.48505087228310617,0.15027875864509527,0.2030857414725694,0.20586178465271915,6,only sensor,S06,8
kNN,raw,P1,1-3,10,3275,3600,0.25027777777777777,0.31762878520774246,0.25027777777777777,0.2268804178477266,0.22688041784772664,6,only sensor,S06,8
SVM,raw,P1,1-3,4,3275,161,0.8757763975155279,0.9367441860465118,0.8909108527131782,0.9045080973664351,0.8727770477242239,5,leave out sensor,S06,120
SVM,raw,P1,1-3,5,3275,197,0.9543147208121827,0.954093361482524,0.9566666666666667,0.9545638490346157,0.9541023842745371,5,leave out sensor,S06,120
SVM,raw,P1,1-3,6,3275,2300,0.7030434782608695,0.6390449674603292,0.7609505559349438,0.6242705637659113,0.7085204286231679,6,leave out sensor,S06,120
SVM,raw,P1,1-3,7,3275,3613,0.6764461666205369,0.6600543497263481,0.6765098134457846,0.6378723097194791,0.6260373273087297,6,leave out sensor,S06,120
SVM,raw,P1,1-3,8,3275,294,0.5510204081632653,0.6084889974720483,0.6536810411810411,0.543149985563094,0.5457776655516333,6,leave out sensor,S06,120
SVM,raw,P1,1-3,9,3275,470,0.7382978723404255,0.7066592434073451,0.7855555555555555,0.7184434271628489,0.6864514366671206,6,leave out sensor,S06,120
SVM,raw,P1,1-3,10,3275,3600,0.43722222222222223,0.5282750441417275,0.4372222222222222,0.43371638628299075,0.43371638628299075,6,leave out sensor,S06,120
kNN,raw,P1,1-3,4,3275,161,0.7267080745341615,0.8207792207792208,0.7929166666666667,0.7551034959438321,0.7273571992320361,5,leave out sensor,S06,120
kNN,raw,P1,1-3,5,3275,197,0.751269035532995,0.8362859723835333,0.8134713595583161,0.792229632977404,0.7442659394750657,5,leave out sensor,S06,120
kNN,raw,P1,1-3,6,3275,2300,0.6739130434782609,0.6444010906184378,0.7393368708879727,0.6144928800772181,0.6980982742112254,6,leave out sensor,S06,120
kNN,raw,P1,1-3,7,3275,3613,0.6302241904234708,0.6200210783617351,0.6333054131717493,0.5953964915966439,0.5816307290254478,6,leave out sensor,S06,120
kNN,raw,P1,1-3,8,3275,294,0.3945578231292517,0.5225084874475118,0.5639374514374514,0.42253663003663,0.3065164087613067,6,leave out sensor,S06,120
kNN,raw,P1,1-3,9,3275,470,0.6361702127659574,0.6272970149652236,0.6567899677735743,0.6036131369464703,0.5779724101000697,6,leave out sensor,S06,120
kNN,raw,P1,1-3,10,3275,3600,0.5038888888888889,0.5086996864169292,0.5038888888888889,0.4942258868976414,0.4942258868976414,6,leave out sensor,S06,120
SVM,raw,P1,1-3,4,3275,161,0.8757763975155279,0.9293478260869567,0.8944525193798448,0.9044765760555235,0.873876042231714,5,only sensor,S07,8
SVM,raw,P1,1-3,5,3275,197,0.9238578680203046,0.9334528076463562,0.9335886818495513,0.9303023094459313,0.9237283607366519,5,only sensor,S07,8
SVM,raw,P1,1-3,6,3275,2300,0.44173913043478263,0.5056487228926588,0.5704359379156543,0.3951829930977298,0.42559214342290785,6,only sensor,S07,8
SVM,raw,P1,1-3,7,3275,3613,0.5148076390810961,0.6087412751925775,0.5299018440804288,0.5316309369189337,0.5203573376199453,6,only sensor,S07,8
SVM,raw,P1,1-3,8,3275,294,0.391156462585034,0.48188596732286043,0.3830257705257705,0.3069960597758465,0.4040436079619023,6,only sensor,S07,8
SVM,raw,P1,1-3,9,3275,470,0.46382978723404256,0.5443716322883742,0.45515443852077514,0.39472619946039483,0.4226655293634384,6,only sensor,S07,8
SVM,raw,P1,1-3,10,3275,3600,0.43472222222222223,0.5147672171619021,0.43472222222222223,0.4005124368822111,0.40051243688221105,6,only sensor,S07,8
kNN,raw,P1,1-3,4,3275,161,0.7453416149068323,0.79725,0.8349321705426356,0.777508306293353,0.7415338321474039,5,only sensor,S07,8
kNN,raw,P1,1-3,5,3275,197,0.8020304568527918,0.8488482074752097,0.8340200138026225,0.8260988966229907,0.8026915797547838,5,only sensor,S07,8
kNN,raw,P1,1-3,6,3275,2300,0.4330434782608696,0.4803818823063882,0.547806939061339,0.4447508536644689,0.4126417405092827,6,only sensor,S07,8
kNN,raw,P1,1-3,7,3275,3613,0.43122059230556326,0.5009738612197253,0.4220855792900364,0.4050314050301334,0.4120723319340382,6,only sensor,S07,8
kNN,raw,P1,1-3,8,3275,294,0.32653061224489793,0.4121746031746032,0.3908249158249158,0.3273361210861211,0.3699215199215199,6,only sensor,S07,8
kNN,raw,P1,1-3,9,3275,470,0.3553191489361702,0.3680807348320038,0.3568018983487251,0.3464144603042077,0.3492727100210641,6,only sensor,S07,8
kNN,raw,P1,1-3,10,3275,3600,0.4038888888888889,0.42851729896591806,0.4038888888888889,0.3860781471873637,0.3860781471873638,6,only sensor,S07,8
SVM,raw,P1,1-3,4,3275,161,0.7763975155279503,0.908860759493671,0.8485416666666665,0.8475419580533152,0.782874540060626,5,leave out sensor,S07,120
SVM,raw,P1,1-3,5,3275,197,0.9593908629441624,0.9661250079969292,0.9638095238095239,0.9638255843040533,0.9592693756101814,5,leave out sensor,S07,120
SVM,raw,P1,1-3,6,3275,2300,0.6960869565217391,0.6359595783566139,0.754728727526422,0.6207839306707891,0.7050942956825483,6,leave out sensor,S07,120
SVM,raw,P1,1-3,7,3275,3613,0.6844727373373928,0.6617059090435472,0.6846186097585174,0.6496524927643538,0.6383919030055779,6,leave out sensor,S07,120
SVM,raw,P1,1-3,8,3275,294,0.5476190476190477,0.6024597087500313,0.65251554001554,0.5386178490232199,0.5397994931205503,6,leave out sensor,S07,120
SVM,raw,P1,1-3,9,3275,470,0.7382978723404255,0.7083947253053823,0.7855555555555555,0.7187986820487055,0.6878386405654421,6,leave out sensor,S07,120
SVM,raw,P1,1-3,10,3275,3600,0.43833333333333335,0.4960073617662702,0.4383333333333333,0.4249176321668658,0.4249176321668658,6,leave out sensor,S07,120
kNN,raw,P1,1-3,4,3275,161,0.7204968944099379,0.812,0.788265503875969,0.7462999067115289,0.7231516997883382,5,leave out sensor,S07,120
kNN,raw,P1,1-3,5,3275,197,0.751269035532995,0.8324235385210995,0.8122981366459628,0.7915192004227092,0.7459635701108673,5,leave out sensor,S07,120
kNN,raw,P1,1-3,6,3275,2300,0.6408695652173914,0.6299326025548748,0.71216765564082,0.5919131346009501,0.6708851332382221,6,leave out sensor,S07,120
kNN,raw,P1,1-3,7,3275,3613,0.6086354829781345,0.6118956418830243,0.6133447604267674,0.5818113063944234,0.5656924704441166,6,leave out sensor,S07,120
kNN,raw,P1,1-3,8,3275,294,0.4387755102040816,0.5349295064966698,0.5878690753690753,0.4540537001886396,0.3768374257476659,6,leave out sensor,S07,120
kNN,raw,P1,1-3,9,3275,470,0.6021276595744681,0.5734955686351498,0.6142650973798515,0.5430550182174723,0.5287231945339911,6,leave out sensor,S07,120
kNN,raw,P1,1-3,10,3275,3600,0.5036111111111111,0.5057107068261489,0.5036111111111111,0.49263046219107043,0.4926304621910704,6,leave out sensor,S07,120
SVM,raw,P1,1-3,4,3275,161,0.8757763975155279,0.9104554865424431,0.8809108527131781,0.8900870728972455,0.8730555635038652,5,only sensor,S08,8
SVM,raw,P1,1-3,5,3275,197,0.7868020304568528,0.8699200441135926,0.8546997929606626,0.8275200943333146,0.770001276233428,5,only sensor,S08,8
SVM,raw,P1,1-3,6,3275,2300,0.40608695652173915,0.5665707543061456,0.5703408655432055,0.41267742203363994,0.4023014893440343,6,only sensor,S08,8
SVM,raw,P1,1-3,7,3275,3613,0.6180459451978965,0.7286572731291057,0.601312047758035,0.6179017722309766,0.619006993465832,6,only sensor,S08,8
SVM,raw,P1,1-3,8,3275,294,0.5204081632653061,0.5140555660120877,0.5507252007252007,0.4904227955952094,0.542548666440292,6,only sensor,S08,8
SVM,raw,P1,1-3,9,3275,470,0.5723404255319149,0.5374549901323357,0.5717356351019717,0.5267809663907802,0.5433971471440949,6,only sensor,S08,8
SVM,raw,P1,1-3,10,3275,3600,0.35833333333333334,0.4275011305677799,0.3583333333333334,0.3373856058326851,0.33738560583268506,6,only sensor,S08,8
kNN,raw,P1,1-3,4,3275,161,0.7639751552795031,0.8333376309427882,0.8464583333333333,0.8092393320964749,0.7594199852101514,5,only sensor,S08,8
kNN,raw,P1,1-3,5,3275,197,0.7461928934010152,0.8529515983634977,0.8130331262939958,0.7905303955953087,0.7292512634221191,5,only sensor,S08,8
kNN,raw,P1,1-3,6,3275,2300,0.44869565217391305,0.4413133885993779,0.5471573586663153,0.396961619882247,0.4421941832370085,6,only sensor,S08,8
kNN,raw,P1,1-3,7,3275,3613,0.5388873512316634,0.5732395871278039,0.5303276461319757,0.5335232664978206,0.5378615565856334,6,only sensor,S08,8
kNN,raw,P1,1-3,8,3275,294,0.4489795918367347,0.5348257797270954,0.47508741258741255,0.4678038809326928,0.5062999790925621,6,only sensor,S08,8
kNN,raw,P1,1-3,9,3275,470,0.46808510638297873,0.4774409310124328,0.4534166253952003,0.4570931206044588,0.4709531662488764,6,only sensor,S08,8
kNN,raw,P1,1-3,10,3275,3600,0.35694444444444445,0.3959194107219728,0.35694444444444445,0.3540994019657316,0.35409940196573164,6,only sensor,S08,8
SVM,raw,P1,1-3,4,3275,161,0.8633540372670807,0.9249634182031021,0.8892393410852713,0.8975090572204195,0.860350325686885,5,leave out sensor,S08,120
SVM,raw,P1,1-3,5,3275,197,0.9593908629441624,0.9594287773982595,0.9638095238095239,0.9607235182134813,0.9592134932274422,5,leave out sensor,S08,120
SVM,raw,P1,1-3,6,3275,2300,0.6956521739130435,0.6359424298747364,0.7544537000236717,0.6205913473744239,0.704827516468793,6,leave out sensor,S08,120
SVM,raw,P1,1-3,7,3275,3613,0.6814281760309991,0.6605531190342268,0.6817085568484645,0.6465712122725987,0.6350946900291569,6,leave out sensor,S08,120
SVM,raw,P1,1-3,8,3275,294,0.54421768707483,0.6076105174942384,0.6513500388500388,0.539503717469331,0.5372141036004843,6,leave out sensor,S08,120
SVM,raw,P1,1-3,9,3275,470,0.7361702127659574,0.7107144724132649,0.7834188034188033,0.7182957553981653,0.687054115031984,6,leave out sensor,S08,120
SVM,raw,P1,1-3,10,3275,3600,0.43166666666666664,0.52312690810258,0.4316666666666667,0.43130446061181504,0.431304460611815,6,leave out sensor,S08,120
kNN,raw,P1,1-3,4,3275,161,0.7267080745341615,0.8175057208237986,0.7929166666666667,0.752274364291171,0.7274624587271386,5,leave out sensor,S08,120
kNN,raw,P1,1-3,5,3275,197,0.7563451776649747,0.837883855981417,0.8166459627329192,0.7963850668794847,0.7504661408109461,5,leave out sensor,S08,120
kNN,raw,P1,1-3,6,3275,2300,0.6391304347826087,0.6287308120180535,0.7110336514609717,0.5905495315400927,0.6687964268434718,6,leave out sensor,S08,120
kNN,raw,P1,1-3,7,3275,3613,0.6119568225851093,0.6132367643784052,0.6165871951000229,0.5842839052683876,0.56827323656811,6,leave out sensor,S08,120
kNN,raw,P1,1-3,8,3275,294,0.4387755102040816,0.5330922257082843,0.6010392385392386,0.45859717492168994,0.366809577562663,6,leave out sensor,S08,120
kNN,raw,P1,1-3,9,3275,470,0.6127659574468085,0.6019578118105468,0.6273308112652375,0.5636368555376193,0.5456215058112639,6,leave out sensor,S08,120
kNN,raw,P1,1-3,10,3275,3600,0.5033333333333333,0.5053085081764791,0.5033333333333333,0.4924209650625891,0.4924209650625891,6,leave out sensor,S08,120
SVM,raw,P1,1-3,4,3275,161,0.6273291925465838,0.5644222444222444,0.5862499999999999,0.49309780515979973,0.6238146260496463,5,only sensor,S09,8
SVM,raw,P1,1-3,5,3275,197,0.8121827411167513,0.8324603174603175,0.7245893719806763,0.6970940719487231,0.783741231223819,5,only sensor,S09,8
SVM,raw,P1,1-3,6,3275,2300,0.46608695652173915,0.35011889509420047,0.4563133070228796,0.29111795692675013,0.434200181456672,6,only sensor,S09,8
SVM,raw,P1,1-3,7,3275,3613,0.42070301688347633,0.3722555214673251,0.38447376882545264,0.31572173745773546,0.3455293851768456,6,only sensor,S09,8
SVM,raw,P1,1-3,8,3275,294,0.36054421768707484,0.3513368983957219,0.27466977466977466,0.21908939014202175,0.37619985337493395,6,only sensor,S09,8
SVM,raw,P1,1-3,9,3275,470,0.225531914893617,0.2900992685475445,0.27572649572649577,0.15380717918112077,0.13859171618295857,6,only sensor,S09,8
SVM,raw,P1,1-3,10,3275,3600,0.3244444444444444,0.24728945616981748,0.3244444444444445,0.2440771074943607,0.24407710749436073,6,only sensor,S09,8
kNN,raw,P1,1-3,4,3275,161,0.6708074534161491,0.7633281316498794,0.7470251937984497,0.6857229198656598,0.7116718039997991,5,only sensor,S09,8
kNN,raw,P1,1-3,5,3275,197,0.8274111675126904,0.8356102003642988,0.7966252587991718,0.8084898570328638,0.8347784608036385,5,only sensor,S09,8
kNN,raw,P1,1-3,6,3275,2300,0.45130434782608697,0.3790854380292532,0.5612480466718291,0.3710415260972011,0.44638613818463635,6,only sensor,S09,8
kNN,raw,P1,1-3,7,3275,3613,0.413230002767783,0.31180181175252886,0.37811483423736664,0.3185358963432418,0.3489167864690458,6,only sensor,S09,8
kNN,raw,P1,1-3,8,3275,294,0.3333333333333333,0.32784722222222223,0.25707070707070706,0.2010505194605613,0.3343611472720857,6,only sensor,S09,8
kNN,raw,P1,1-3,9,3275,470,0.22127659574468084,0.11484955967337378,0.2704739704739705,0.1444184231069477,0.12936369525138272,6,only sensor,S09,8
kNN,raw,P1,1-3,10,3275,3600,0.3441666666666667,0.3023077156762257,0.3441666666666667,0.2882302598836847,0.28823025988368467,6,only sensor,S09,8
SVM,raw,P1,1-3,4,3275,161,0.7701863354037267,0.9075,0.8454166666666666,0.8439590470334476,0.7765007533084435,5,leave out sensor,S09,120
SVM,raw,P1,1-3,5,3275,197,0.949238578680203,0.9582198696570081,0.9495238095238095,0.9517115143751521,0.9493112511383888,5,leave out sensor,S09,120
SVM,raw,P1,1-3,6,3275,2300,0.6965217391304348,0.6377004168670836,0.7558406091425992,0.6213725208982249,0.7053267037959711,6,leave out sensor,S09,120
SVM,raw,P1,1-3,7,3275,3613,0.6805978411292555,0.6611935535580961,0.6805090471060352,0.6427219823787342,0.6312102376668849,6,leave out sensor,S09,120
SVM,raw,P1,1-3,8,3275,294,0.54421768707483,0.6040874833978283,0.6455710955710956,0.5344745290796539,0.5387038444586761,6,leave out sensor,S09,120
SVM,raw,P1,1-3,9,3275,470,0.7340425531914894,0.7033991442756865,0.7803885003885004,0.7136731528761433,0.6821666333517515,6,leave out sensor,S09,120
SVM,raw,P1,1-3,10,3275,3600,0.4297222222222222,0.5064745814585526,0.42972222222222217,0.410182586247974,0.41018258624797393,6,leave out sensor,S09,120
kNN,raw,P1,1-3,4,3275,161,0.7329192546583851,0.8222488038277511,0.8231249999999999,0.7717967599410899,0.7303888834780886,5,leave out sensor,S09,120
kNN,raw,P1,1-3,5,3275,197,0.7766497461928934,0.8484496502172153,0.8305175983436854,0.813839450151602,0.7726123735310657,5,leave out sensor,S09,120
kNN,raw,P1,1-3,6,3275,2300,0.6304347826086957,0.6270968957645695,0.7057792349687388,0.5862676962735999,0.6620290295262534,6,leave out sensor,S09,120
kNN,raw,P1,1-3,7,3275,3613,0.6108497093827844,0.6057788569350183,0.6154098719883434,0.5767396904261632,0.5631835415502892,6,leave out sensor,S09,120
kNN,raw,P1,1-3,8,3275,294,0.3945578231292517,0.5132375776397516,0.5727175602175602,0.42681837798634237,0.298587769914187,6,leave out sensor,S09,120
kNN,raw,P1,1-3,9,3275,470,0.6510638297872341,0.6372926615194657,0.6777021157349026,0.6279754640581778,0.595442336638552,6,leave out sensor,S09,120
kNN,raw,P1,1-3,10,3275,3600,0.495,0.5153218287175894,0.49500000000000005,0.49174469161921697,0.4917446916192171,6,leave out sensor,S09,120
SVM,raw,P1,1-3,4,3275,161,0.6273291925465838,0.5644222444222444,0.5862499999999999,0.49309780515979973,0.6238146260496463,5,only sensor,S10,8
SVM,raw,P1,1-3,5,3275,197,0.8274111675126904,0.8254841329335332,0.76608005521049,0.7775514382732531,0.8218808888657698,5,only sensor,S10,8
SVM,raw,P1,1-3,6,3275,2300,0.38869565217391305,0.35547260247722345,0.4067330226800879,0.2619812981600475,0.37911096414985096,6,only sensor,S10,8
SVM,raw,P1,1-3,7,3275,3613,0.3528923332410739,0.39550798941990656,0.3227832530842612,0.28299001309913124,0.308426339703586,6,only sensor,S10,8
SVM,raw,P1,1-3,8,3275,294,0.282312925170068,0.21912789591361018,0.2460955710955711,0.15858153726737162,0.28630373485060867,6,only sensor,S10,8
SVM,raw,P1,1-3,9,3275,470,0.22340425531914893,0.15807054204660587,0.2735042735042735,0.16511394757433487,0.15039316127260013,6,only sensor,S10,8
SVM,raw,P1,1-3,10,3275,3600,0.2936111111111111,0.24968069546065108,0.2936111111111111,0.23738592981581372,0.23738592981581372,6,only sensor,S10,8
kNN,raw,P1,1-3,4,3275,161,0.6832298136645962,0.7325366980042882,0.7563275193798449,0.6788698489929464,0.7123366534822912,5,only sensor,S10,8
kNN,raw,P1,1-3,5,3275,197,0.8274111675126904,0.8241257910538025,0.8051966873706004,0.8126849862761389,0.8326631721016557,5,only sensor,S10,8
kNN,raw,P1,1-3,6,3275,2300,0.4121739130434783,0.3839916960293224,0.5062471709831062,0.35788286217878834,0.41830982939956785,6,only sensor,S10,8
kNN,raw,P1,1-3,7,3275,3613,0.3384998616108497,0.31952009775633666,0.30941241899576816,0.27836175359298765,0.3031341726239724,6,only sensor,S10,8
kNN,raw,P1,1-3,8,3275,294,0.2755102040816326,0.23092898635167822,0.22778749028749026,0.18587904632680752,0.30352880442737284,6,only sensor,S10,8
kNN,raw,P1,1-3,9,3275,470,0.23191489361702128,0.2713956650126863,0.26542346542346545,0.2163238708538682,0.20140417128519625,6,only sensor,S10,8
kNN,raw,P1,1-3,10,3275,3600,0.3013888888888889,0.28089632045628016,0.3013888888888889,0.2628003778652938,0.26280037786529375,6,only sensor,S10,8
SVM,raw,P1,1-3,4,3275,161,0.7701863354037267,0.9075,0.8454166666666666,0.8439590470334476,0.7765007533084435,5,leave out sensor,S10,120
SVM,raw,P1,1-3,5,3275,197,0.9543147208121827,0.9620846039565251,0.9566666666666667,0.9578136441744661,0.9543144243428983,5,leave out sensor,S10,120
SVM,raw,P1,1-3,6,3275,2300,0.7039130434782609,0.6382583916932466,0.7608606636772355,0.6247054931349241,0.7096227238567898,6,leave out sensor,S10,120
SVM,raw,P1,1-3,7,3275,3613,0.6905618599501799,0.6653480000917712,0.6899613410102154,0.6525081395385315,0.6418105796052647,6,leave out sensor,S10,120
SVM,raw,P1,1-3,8,3275,294,0.5340136054421769,0.6012833008447044,0.626408313908314,0.5232163003164275,0.5342397356616277,6,leave out sensor,S10,120
SVM,raw,P1,1-3,9,3275,470,0.7340425531914894,0.711943666355431,0.7768142968142969,0.7154845184972872,0.687654758120002,6,leave out sensor,S10,120
SVM,raw,P1,1-3,10,3275,3600,0.43083333333333335,0.5050098483464733,0.43083333333333335,0.42095082940125367,0.4209508294012536,6,leave out sensor,S10,120
kNN,raw,P1,1-3,4,3275,161,0.7329192546583851,0.8222488038277511,0.8231249999999999,0.7717967599410899,0.7303888834780886,5,leave out sensor,S10,120
kNN,raw,P1,1-3,5,3275,197,0.7817258883248731,0.8459281894576012,0.832518978605935,0.8167053870058636,0.7796627445034505,5,leave out sensor,S10,120
kNN,raw,P1,1-3,6,3275,2300,0.6443478260869565,0.6265187682626774,0.7149101823643772,0.5934327317146636,0.6723487373477666,6,leave out sensor,S10,120
kNN,raw,P1,1-3,7,3275,3613,0.6235815112095212,0.618890339498999,0.6270393045798605,0.5954841127925125,0.5806858530920538,6,leave out sensor,S10,120
kNN,raw,P1,1-3,8,3275,294,0.5510204081632653,0.5635680308064029,0.6307206682206682,0.5270367888839513,0.5398119632826565,6,leave out sensor,S10,120
kNN,raw,P1,1-3,9,3275,470,0.6617021276595745,0.6437585572843164,0.6889813647190697,0.6387173707169846,0.6065804273289985,6,leave out sensor,S10,120
kNN,raw,P1,1-3,10,3275,3600,0.4911111111111111,0.5175274023883695,0.4911111111111111,0.48966950015686955,0.4896695001568696,6,leave out sensor,S10,120
SVM,raw,P1,1-3,4,3275,161,0.7142857142857143,0.8723278029160383,0.7815988372093023,0.7857490328820116,0.719689245768108,5,only sensor,S11,8
SVM,raw,P1,1-3,5,3275,197,0.8883248730964467,0.8902473280734151,0.8915562456866806,0.8837306046684,0.8908603079817544,5,only sensor,S11,8
SVM,raw,P1,1-3,6,3275,2300,0.5260869565217391,0.476261159966569,0.6369902419241588,0.42180514353574416,0.5229751070980309,6,only sensor,S11,8
SVM,raw,P1,1-3,7,3275,3613,0.5878771104345419,0.5460741885519954,0.5965103736843531,0.5358172533410156,0.5559405415493522,6,only sensor,S11,8
SVM,raw,P1,1-3,8,3275,294,0.42517006802721086,0.4053266204916284,0.38861693861693863,0.3254652021036259,0.426435205518554,6,only sensor,S11,8
SVM,raw,P1,1-3,9,3275,470,0.502127659574468,0.478182622509099,0.49572649572649574,0.41438983810307334,0.41022031004039766,6,only sensor,S11,8
SVM,raw,P1,1-3,10,3275,3600,0.195,0.20173622696456972,0.19499999999999998,0.1578476388060511,0.15784763880605113,6,only sensor,S11,8
kNN,raw,P1,1-3,4,3275,161,0.6459627329192547,0.745921568627451,0.7259738372093023,0.6616060291605086,0.6333431055431868,5,only sensor,S11,8
kNN,raw,P1,1-3,5,3275,197,0.8527918781725888,0.8437896825396825,0.8440234644582472,0.8349451855334209,0.8523902692311173,5,only sensor,S11,8
kNN,raw,P1,1-3,6,3275,2300,0.5882608695652174,0.4950900641469138,0.6734297805485022,0.4717479608755985,0.5932209639898121,6,only sensor,S11,8
kNN,raw,P1,1-3,7,3275,3613,0.5350124550235261,0.5203739629523084,0.548694761922567,0.4971493613458917,0.5191590523724301,6,only sensor,S11,8
kNN,raw,P1,1-3,8,3275,294,0.41156462585034015,0.35320257316135567,0.36294677544677545,0.3273525884145353,0.42474154886110815,6,only sensor,S11,8
kNN,raw,P1,1-3,9,3275,470,0.4340425531914894,0.3481787428442766,0.42924197842230627,0.3658530014973511,0.35348428724484815,6,only sensor,S11,8
kNN,raw,P1,1-3,10,3275,3600,0.20527777777777778,0.21282380627937467,0.20527777777777778,0.19844745631524052,0.19844745631524052,6,only sensor,S11,8
SVM,raw,P1,1-3,4,3275,161,0.9006211180124224,0.9568971113274911,0.9034108527131781,0.9194888734958422,0.8969296766816623,5,leave out sensor,S11,120
SVM,raw,P1,1-3,5,3275,197,0.9644670050761421,0.96495198746907,0.970952380952381,0.9668162659388028,0.9642953857639555,5,leave out sensor,S11,120
SVM,raw,P1,1-3,6,3275,2300,0.6978260869565217,0.6370032018831813,0.7561241978127503,0.6219100601886934,0.7064920223067976,6,leave out sensor,S11,120
SVM,raw,P1,1-3,7,3275,3613,0.6866869637420426,0.6621798778259295,0.6866247716402945,0.6507773240583866,0.6396910247291986,6,leave out sensor,S11,120
SVM,raw,P1,1-3,8,3275,294,0.5510204081632653,0.6073822007125093,0.6536810411810411,0.5423035831993067,0.5451509711157746,6,leave out sensor,S11,120
SVM,raw,P1,1-3,9,3275,470,0.7382978723404255,0.7110408292014863,0.7855555555555555,0.71993664687472,0.688609791783032,6,leave out sensor,S11,120
SVM,raw,P1,1-3,10,3275,3600,0.4255555555555556,0.5217621109217514,0.42555555555555563,0.4265441883368466,0.4265441883368466,6,leave out sensor,S11,120
kNN,raw,P1,1-3,4,3275,161,0.7267080745341615,0.8012121212121212,0.8189631782945735,0.7549522561318105,0.7334797843007509,5,leave out sensor,S11,120
kNN,raw,P1,1-3,5,3275,197,0.7614213197969543,0.8427619047619048,0.8266459627329192,0.8042523133432224,0.7557130353623202,5,leave out sensor,S11,120
kNN,raw,P1,1-3,6,3275,2300,0.6191304347826087,0.6268657029102981,0.6983977188781664,0.581008807235396,0.6547222425204644,6,leave out sensor,S11,120
kNN,raw,P1,1-3,7,3275,3613,0.6141710489897592,0.6067472802516098,0.6178064918496848,0.5803183230712493,0.564469350463535,6,leave out sensor,S11,120
kNN,raw,P1,1-3,8,3275,294,0.4387755102040816,0.5365096777338989,0.5746989121989122,0.44824238909817476,0.38563951834390986,6,leave out sensor,S11,120
kNN,raw,P1,1-3,9,3275,470,0.6021276595744681,0.5580730032125845,0.6142650973798515,0.543137047262612,0.5288768268487994,6,leave out sensor,S11,120
kNN,raw,P1,1-3,10,3275,3600,0.5016666666666667,0.5010368357651449,0.5016666666666667,0.4892132320332833,0.4892132320332833,6,leave out sensor,S11,120
SVM,raw,P1,1-3,4,3275,161,0.7329192546583851,0.872934472934473,0.794515503875969,0.7991078780286422,0.7378632748125796,5,only sensor,S12,8
SVM,raw,P1,1-3,5,3275,197,0.9086294416243654,0.9074629994549495,0.9077743271221532,0.9029674934952461,0.9107789783640355,5,only sensor,S12,8
SVM,raw,P1,1-3,6,3275,2300,0.5769565217391305,0.4808822075465156,0.6756076278241486,0.46176087638904645,0.570604664162221,6,only sensor,S12,8
SVM,raw,P1,1-3,7,3275,3613,0.6017160254636037,0.5425126427031022,0.6016220758382952,0.545532388798316,0.5615508855385034,6,only sensor,S12,8
SVM,raw,P1,1-3,8,3275,294,0.46598639455782315,0.34499583008472695,0.5138500388500389,0.34669697229531415,0.4083407130128403,6,only sensor,S12,8
SVM,raw,P1,1-3,9,3275,470,0.5829787234042553,0.42821149018206056,0.5801709401709402,0.46850815163556986,0.47908828810697496,6,only sensor,S12,8
SVM,raw,P1,1-3,10,3275,3600,0.21638888888888888,0.21840379930483753,0.21638888888888894,0.1777843144012756,0.17778431440127557,6,only sensor,S12,8
kNN,raw,P1,1-3,4,3275,161,0.6583850931677019,0.760515873015873,0.737781007751938,0.6686058700209644,0.6660487448018211,5,only sensor,S12,8
kNN,raw,P1,1-3,5,3275,197,0.883248730964467,0.8911188811188812,0.8780365769496203,0.8732605130533253,0.8843661832254219,5,only sensor,S12,8
kNN,raw,P1,1-3,6,3275,2300,0.5208695652173913,0.46190125053527625,0.6253812615057872,0.4207593393139613,0.5285608201574135,6,only sensor,S12,8
kNN,raw,P1,1-3,7,3275,3613,0.5148076390810961,0.5108237228172182,0.5351581088415804,0.4799897329644148,0.4996275031910864,6,only sensor,S12,8
kNN,raw,P1,1-3,8,3275,294,0.40816326530612246,0.33758038608900676,0.3656662781662781,0.32502462749142064,0.42162398135755225,6,only sensor,S12,8
kNN,raw,P1,1-3,9,3275,470,0.39148936170212767,0.26630643551747607,0.39855541544066136,0.3136951565843782,0.3054092381691439,6,only sensor,S12,8
kNN,raw,P1,1-3,10,3275,3600,0.2336111111111111,0.22739770680349466,0.23361111111111107,0.21488961029254797,0.214889610292548,6,only sensor,S12,8
SVM,raw,P1,1-3,4,3275,161,0.8819875776397516,0.9414786967418547,0.8940358527131782,0.9082112845138056,0.8787813261950742,5,leave out sensor,S12,120
SVM,raw,P1,1-3,5,3275,197,0.9543147208121827,0.954093361482524,0.9566666666666667,0.9545638490346157,0.9541023842745371,5,leave out sensor,S12,120
SVM,raw,P1,1-3,6,3275,2300,0.6943478260869566,0.6359510001414218,0.7536778442279753,0.6200206712193523,0.7039951096462872,6,leave out sensor,S12,120
SVM,raw,P1,1-3,7,3275,3613,0.6808746194298367,0.6599079724047993,0.6811794563193639,0.6458961043959898,0.6344003374115201,6,leave out sensor,S12,120
SVM,raw,P1,1-3,8,3275,294,0.5476190476190477,0.60804874775463,0.65251554001554,0.5413311689128185,0.5415154560964512,6,leave out sensor,S12,120
SVM,raw,P1,1-3,9,3275,470,0.7404255319148936,0.7125102937286125,0.7876923076923076,0.7219809750587696,0.690864962514443,6,leave out sensor,S12,120
SVM,raw,P1,1-3,10,3275,3600,0.4266666666666667,0.5231524727805819,0.4266666666666667,0.42650021803147364,0.4265002180314736,6,leave out sensor,S12,120
kNN,raw,P1,1-3,4,3275,161,0.7329192546583851,0.8074534161490684,0.8115988372093023,0.7551818988464951,0.736656709672797,5,leave out sensor,S12,120
kNN,raw,P1,1-3,5,3275,197,0.7563451776649747,0.8414285714285714,0.8166459627329192,0.7978245319056364,0.7517707239680059,5,leave out sensor,S12,120
kNN,raw,P1,1-3,6,3275,2300,0.6295652173913043,0.627457935502544,0.7049491522316185,0.5859082269813791,0.6619852952051847,6,leave out sensor,S12,120
kNN,raw,P1,1-3,7,3275,3613,0.6152781621920841,0.611163345218221,0.618941781307469,0.5850618583609172,0.5693464268722582,6,leave out sensor,S12,120
kNN,raw,P1,1-3,8,3275,294,0.48299319727891155,0.5424942826917243,0.6118006993006994,0.48550799291000674,0.4411140892809939,6,leave out sensor,S12,120
kNN,raw,P1,1-3,9,3275,470,0.597872340425532,0.503151488205836,0.6082051282051282,0.5299095147822858,0.5190419912728579,6,leave out sensor,S12,120
kNN,raw,P1,1-3,10,3275,3600,0.49805555555555553,0.5007346664466291,0.49805555555555553,0.48779286064578464,0.48779286064578464,6,leave out sensor,S12,120
SVM,raw,P1,1-3,4,3275,161,0.8571428571428571,0.9124679979518688,0.8593071705426357,0.8568878890138732,0.8422024886640722,5,only sensor,S13,8
SVM,raw,P1,1-3,5,3275,197,0.9137055837563451,0.9219962929379502,0.9333402346445825,0.9248795212389729,0.9131905140900202,5,only sensor,S13,8
SVM,raw,P1,1-3,6,3275,2300,0.6343478260869565,0.5495215582960519,0.678336705081174,0.5320411006933439,0.646801908467539,6,only sensor,S13,8
SVM,raw,P1,1-3,7,3275,3613,0.4018820924439524,0.3828813050278264,0.38223619802652803,0.3406736351037069,0.3551382148965993,6,only sensor,S13,8
SVM,raw,P1,1-3,8,3275,294,0.48299319727891155,0.49299645071703896,0.6017579642579642,0.4742691267356376,0.4423009943713461,6,only sensor,S13,8
SVM,raw,P1,1-3,9,3275,470,0.5808510638297872,0.4169339602761899,0.591111111111111,0.4680271884524057,0.4743805851105145,6,only sensor,S13,8
SVM,raw,P1,1-3,10,3275,3600,0.2036111111111111,0.31528046313724495,0.2036111111111111,0.13067129213505993,0.13067129213505993,6,only sensor,S13,8
kNN,raw,P1,1-3,4,3275,161,0.6335403726708074,0.739484741264927,0.6551501937984496,0.6251530957210469,0.600674692665672,5,only sensor,S13,8
kNN,raw,P1,1-3,5,3275,197,0.583756345177665,0.6702217267434658,0.5503347135955832,0.5153673912507962,0.5718067104225641,5,only sensor,S13,8
kNN,raw,P1,1-3,6,3275,2300,0.5143478260869565,0.46178716236260703,0.5524351447164758,0.4242691621042418,0.5384368847172063,6,only sensor,S13,8
kNN,raw,P1,1-3,7,3275,3613,0.3609189039579297,0.3382572028911714,0.3620968339888709,0.3213289207216408,0.32663158730104275,6,only sensor,S13,8
kNN,raw,P1,1-3,8,3275,294,0.2925170068027211,0.26259320338267705,0.4109751359751359,0.2951062406573313,0.2132706431213894,6,only sensor,S13,8
kNN,raw,P1,1-3,9,3275,470,0.43829787234042555,0.3250991672083758,0.4301592851592852,0.35580794258955173,0.36568432215145774,6,only sensor,S13,8
kNN,raw,P1,1-3,10,3275,3600,0.2011111111111111,0.19375640784658563,0.2011111111111111,0.1705009252801176,0.1705009252801176,6,only sensor,S13,8
SVM,raw,P1,1-3,4,3275,161,0.8571428571428571,0.9235507246376813,0.8815358527131781,0.8935356164937887,0.8548538265190925,5,leave out sensor,S13,120
SVM,raw,P1,1-3,5,3275,197,0.9593908629441624,0.9580633714619686,0.9598412698412698,0.9583585017194775,0.9592809407117345,5,leave out sensor,S13,120
SVM,raw,P1,1-3,6,3275,2300,0.6991304347826087,0.6353014047242682,0.7563585597703467,0.6218440052554659,0.7067423088902063,6,leave out sensor,S13,120
SVM,raw,P1,1-3,7,3275,3613,0.6709106006089123,0.65665306795515,0.6718046116451756,0.6375045860825374,0.6252194002122454,6,leave out sensor,S13,120
SVM,raw,P1,1-3,8,3275,294,0.5510204081632653,0.6096961136791647,0.6575660450660451,0.5439768658966786,0.5432694883340814,6,leave out sensor,S13,120
SVM,raw,P1,1-3,9,3275,470,0.7404255319148936,0.7148849529362694,0.7876923076923076,0.7228494232273616,0.692331065657951,6,leave out sensor,S13,120
SVM,raw,P1,1-3,10,3275,3600,0.4336111111111111,0.5155492417673269,0.4336111111111111,0.4327899540549513,0.43278995405495124,6,leave out sensor,S13,120
kNN,raw,P1,1-3,4,3275,161,0.7142857142857143,0.8179516685845801,0.7866666666666667,0.7473115922971275,0.713402616278806,5,leave out sensor,S13,120
kNN,raw,P1,1-3,5,3275,197,0.7868020304568528,0.8529130591630592,0.838040027605245,0.8212069748371837,0.7824509709422425,5,leave out sensor,S13,120
kNN,raw,P1,1-3,6,3275,2300,0.6321739130434783,0.6253896890705978,0.7059658281477764,0.5861265383761723,0.6630119077734125,6,leave out sensor,S13,120
kNN,raw,P1,1-3,7,3275,3613,0.6075283697758096,0.6049666930413321,0.6124925408850349,0.579779105884788,0.5643086966251049,6,leave out sensor,S13,120
kNN,raw,P1,1-3,8,3275,294,0.6156462585034014,0.604800771160388,0.6528651903651903,0.5744200091632304,0.6245782224280083,6,leave out sensor,S13,120
kNN,raw,P1,1-3,9,3275,470,0.6617021276595745,0.6491549844449908,0.6878758582037271,0.6377897429523367,0.6078180401570229,6,leave out sensor,S13,120
kNN,raw,P1,1-3,10,3275,3600,0.4938888888888889,0.49261898555511446,0.4938888888888889,0.4787361284451776,0.47873612844517754,6,leave out sensor,S13,120
SVM,raw,P1,1-3,4,3275,161,0.8695652173913043,0.9128517537899201,0.8913275193798448,0.8943166279455692,0.8677856823330785,5,only sensor,S14,8
SVM,raw,P1,1-3,5,3275,197,0.9035532994923858,0.9095845304317705,0.9160386473429952,0.9054104156712853,0.9072539760688073,5,only sensor,S14,8
SVM,raw,P1,1-3,6,3275,2300,0.6426086956521739,0.5574075711396133,0.6781845789093333,0.543898170736464,0.6479589918120857,6,only sensor,S14,8
SVM,raw,P1,1-3,7,3275,3613,0.30750069194575147,0.27123379639143247,0.273681967300556,0.23623853941474562,0.2613434146876405,6,only sensor,S14,8
SVM,raw,P1,1-3,8,3275,294,0.5034013605442177,0.4868248128428581,0.5446289821289821,0.48066905417379413,0.5120499149231482,6,only sensor,S14,8
SVM,raw,P1,1-3,9,3275,470,0.6170212765957447,0.5100772521036957,0.6268376068376068,0.528644231944562,0.5474426750601176,6,only sensor,S14,8
SVM,raw,P1,1-3,10,3275,3600,0.18472222222222223,0.2597210398878492,0.18472222222222223,0.09712992540232546,0.09712992540232546,6,only sensor,S14,8
kNN,raw,P1,1-3,4,3275,161,0.7018633540372671,0.8184371184371184,0.7629263565891472,0.7448865310934275,0.6902665883175628,5,only sensor,S14,8
kNN,raw,P1,1-3,5,3275,197,0.6548223350253807,0.7043620083146787,0.6212284334023463,0.609907219592818,0.6538545655343259,5,only sensor,S14,8
kNN,raw,P1,1-3,6,3275,2300,0.5765217391304348,0.483930284615308,0.6061820646810303,0.4790628551571592,0.5605054477648377,6,only sensor,S14,8
kNN,raw,P1,1-3,7,3275,3613,0.34126764461666204,0.30390958692916736,0.3223684088707884,0.2994005495269813,0.3143354760874455,6,only sensor,S14,8
kNN,raw,P1,1-3,8,3275,294,0.272108843537415,0.2763525776229951,0.37343628593628586,0.3041346650843511,0.23339908565905151,6,only sensor,S14,8
kNN,raw,P1,1-3,9,3275,470,0.20425531914893616,0.1612347868102344,0.22777000777000778,0.17007141095745124,0.15883890845182966,6,only sensor,S14,8
kNN,raw,P1,1-3,10,3275,3600,0.22416666666666665,0.23992330602148026,0.2241666666666667,0.1943536094699264,0.19435360946992644,6,only sensor,S14,8
SVM,raw,P1,1-3,4,3275,161,0.8633540372670807,0.9283483483483483,0.8711191860465117,0.8901481541233093,0.8608979398107904,5,leave out sensor,S14,120
SVM,raw,P1,1-3,5,3275,197,0.9543147208121827,0.954093361482524,0.9566666666666667,0.9545638490346157,0.9541023842745371,5,leave out sensor,S14,120
SVM,raw,P1,1-3,6,3275,2300,0.7004347826086956,0.6357824747102565,0.7575282292664793,0.6225118876293597,0.7073818554850818,6,leave out sensor,S14,120
SVM,raw,P1,1-3,7,3275,3613,0.6720177138112372,0.6599085681968999,0.6727543837813883,0.6372955200469922,0.6250713617007762,6,leave out sensor,S14,120
SVM,raw,P1,1-3,8,3275,294,0.5544217687074829,0.6106570746401255,0.6617327117327118,0.5478264510699915,0.5462801437826962,6,leave out sensor,S14,120
SVM,raw,P1,1-3,9,3275,470,0.7340425531914894,0.7071228274213349,0.7812820512820512,0.7154207651647756,0.6833881511955519,6,leave out sensor,S14,120
SVM,raw,P1,1-3,10,3275,3600,0.4280555555555556,0.5121444881684237,0.4280555555555556,0.42294544363168923,0.42294544363168923,6,leave out sensor,S14,120
kNN,raw,P1,1-3,4,3275,161,0.7204968944099379,0.8193473193473192,0.7897916666666667,0.7512258869637998,0.7204226979381163,5,leave out sensor,S14,120
kNN,raw,P1,1-3,5,3275,197,0.7817258883248731,0.8511893762446127,0.8348654244306418,0.8172007946894171,0.7765367859356215,5,leave out sensor,S14,120
kNN,raw,P1,1-3,6,3275,2300,0.6334782608695653,0.6248232404200768,0.7069079257062761,0.586657691577417,0.6636290920928246,6,leave out sensor,S14,120
kNN,raw,P1,1-3,7,3275,3613,0.6006089122612788,0.5889702846264183,0.6068307299111487,0.5686210944405619,0.5560542421821247,6,leave out sensor,S14,120
kNN,raw,P1,1-3,8,3275,294,0.3741496598639456,0.5466705297213771,0.4858197358197358,0.3478690405145142,0.30674445392809796,6,leave out sensor,S14,120
kNN,raw,P1,1-3,9,3275,470,0.6382978723404256,0.631649069884364,0.6604138484466353,0.6144663090045414,0.5836124476611282,6,leave out sensor,S14,120
kNN,raw,P1,1-3,10,3275,3600,0.4802777777777778,0.484828846808556,0.4802777777777778,0.46356264613124515,0.4635626461312451,6,leave out sensor,S14,120
SVM,raw,P1,1-3,4,3275,161,0.8074534161490683,0.8892179297348228,0.8259108527131783,0.8468500624315695,0.8059688041266142,5,only sensor,S15,8
SVM,raw,P1,1-3,5,3275,197,0.934010152284264,0.9321311288937422,0.9268599033816425,0.9285310191862735,0.9341220737244423,5,only sensor,S15,8
SVM,raw,P1,1-3,6,3275,2300,0.4791304347826087,0.47935133201786867,0.6043078724740831,0.3843968337694019,0.48134854765208906,6,only sensor,S15,8
SVM,raw,P1,1-3,7,3275,3613,0.5823415444229172,0.5637673976575495,0.5996381321197063,0.5326524735901225,0.5515023134787862,6,only sensor,S15,8
SVM,raw,P1,1-3,8,3275,294,0.3843537414965986,0.40991084197605937,0.3353438228438228,0.3092653485883752,0.41083522643166337,6,only sensor,S15,8
SVM,raw,P1,1-3,9,3275,470,0.5,0.46784910368019955,0.4929942552893372,0.40475132124683677,0.4070087954672285,6,only sensor,S15,8
SVM,raw,P1,1-3,10,3275,3600,0.2036111111111111,0.23842462672588374,0.2036111111111111,0.1736469123214388,0.1736469123214388,6,only sensor,S15,8
kNN,raw,P1,1-3,4,3275,161,0.6770186335403726,0.7115320813771517,0.7628488372093024,0.6835796322638428,0.6642249474057255,5,only sensor,S15,8
kNN,raw,P1,1-3,5,3275,197,0.9390862944162437,0.9360114274258219,0.9265148378191856,0.930211074651984,0.9389561733628209,5,only sensor,S15,8
kNN,raw,P1,1-3,6,3275,2300,0.5069565217391304,0.4832366143822356,0.6167409004217441,0.41377730611820857,0.5201521331172273,6,only sensor,S15,8
kNN,raw,P1,1-3,7,3275,3613,0.5433158040409631,0.5430891486325619,0.5544476491154425,0.5037662235524268,0.525299554068683,6,only sensor,S15,8
kNN,raw,P1,1-3,8,3275,294,0.5204081632653061,0.3547984198469636,0.4057109557109557,0.3549600327936053,0.5170314583440809,6,only sensor,S15,8
kNN,raw,P1,1-3,9,3275,470,0.33617021276595743,0.2224805348699154,0.362874457054785,0.2740420140204623,0.2577692109492366,6,only sensor,S15,8
kNN,raw,P1,1-3,10,3275,3600,0.2808333333333333,0.28168402835719725,0.2808333333333333,0.2667575605113039,0.26675756051130395,6,only sensor,S15,8
SVM,raw,P1,1-3,4,3275,161,0.8509316770186336,0.9194486065328139,0.8784108527131782,0.8899168556311412,0.8488988418003501,5,leave out sensor,S15,120
SVM,raw,P1,1-3,5,3275,197,0.9543147208121827,0.954093361482524,0.9566666666666667,0.9545638490346157,0.9541023842745371,5,leave out sensor,S15,120
SVM,raw,P1,1-3,6,3275,2300,0.6947826086956522,0.6359957222055813,0.7538051915930621,0.6202867878015559,0.7045135245831962,6,leave out sensor,S15,120
SVM,raw,P1,1-3,7,3275,3613,0.6811513977304179,0.6599550135000246,0.6815000323575453,0.6465234886215503,0.6350212743944113,6,leave out sensor,S15,120
SVM,raw,P1,1-3,8,3275,294,0.5476190476190477,0.60804874775463,0.65251554001554,0.5413311689128185,0.5415154560964512,6,leave out sensor,S15,120
SVM,raw,P1,1-3,9,3275,470,0.7404255319148936,0.7125102937286125,0.7876923076923076,0.7219809750587696,0.690864962514443,6,leave out sensor,S15,120
SVM,raw,P1,1-3,10,3275,3600,0.43083333333333335,0.5243688689504171,0.43083333333333323,0.43067986328435753,0.43067986328435753,6,leave out sensor,S15,120
kNN,raw,P1,1-3,4,3275,161,0.7329192546583851,0.8057775637939335,0.7995833333333333,0.7436872761789706,0.7384994815753569,5,leave out sensor,S15,120
kNN,raw,P1,1-3,5,3275,197,0.751269035532995,0.835968253968254,0.8122981366459628,0.7929690524786218,0.7472802802569882,5,leave out sensor,S15,120
kNN,raw,P1,1-3,6,3275,2300,0.6269565217391304,0.629715809943591,0.7030036269397897,0.5854935670987228,0.6619465244816525,6,leave out sensor,S15,120
kNN,raw,P1,1-3,7,3275,3613,0.6119568225851093,0.606464886002641,0.6158140085012692,0.5802762477835214,0.56446413531128,6,leave out sensor,S15,120
kNN,raw,P1,1-3,8,3275,294,0.43537414965986393,0.5296412977200888,0.5998737373737374,0.4550962063297221,0.3599587620208159,6,leave out sensor,S15,120
kNN,raw,P1,1-3,9,3275,470,0.5957446808510638,0.5014063365459178,0.606068376068376,0.5276083951237904,0.5165621599073744,6,leave out sensor,S15,120
kNN,raw,P1,1-3,10,3275,3600,0.5011111111111111,0.49688568714948333,0.5011111111111112,0.4860189541809956,0.48601895418099567,6,leave out sensor,S15,120
SVM,raw,P1,1-3,4,3275,161,0.8757763975155279,0.9260451127819549,0.866390503875969,0.8855215216037831,0.8704771793059922,5,only sensor,S16,8
SVM,raw,P1,1-3,5,3275,197,0.9086294416243654,0.918250514521565,0.916128364389234,0.913292491169108,0.908280957750054,5,only sensor,S16,8
SVM,raw,P1,1-3,6,3275,2300,0.44,0.46648405519782227,0.5772264091927884,0.352665379437912,0.43187903970361635,6,only sensor,S16,8
SVM,raw,P1,1-3,7,3275,3613,0.5292001107113202,0.51943390241932,0.5496958300560554,0.4780085180977456,0.48854515053890313,6,only sensor,S16,8
SVM,raw,P1,1-3,8,3275,294,0.4013605442176871,0.35893188392127273,0.36312160062160065,0.30529616077155636,0.40981437342676563,6,only sensor,S16,8
SVM,raw,P1,1-3,9,3275,470,0.502127659574468,0.4732127476313523,0.49572649572649574,0.40626078329882676,0.418786892647901,6,only sensor,S16,8
SVM,raw,P1,1-3,10,3275,3600,0.18,0.19515354450106023,0.18000000000000002,0.13754089310448506,0.13754089310448506,6,only sensor,S16,8
kNN,raw,P1,1-3,4,3275,161,0.6956521739130435,0.7741403508771929,0.7893071705426357,0.7257789752483482,0.6889697596519719,5,only sensor,S16,8
kNN,raw,P1,1-3,5,3275,197,0.9289340101522843,0.9280412940692774,0.905334713595583,0.9139839363682857,0.927415221690412,5,only sensor,S16,8
kNN,raw,P1,1-3,6,3275,2300,0.5439130434782609,0.500540553789167,0.643384039728557,0.44348259035401205,0.5624176528619532,6,only sensor,S16,8
kNN,raw,P1,1-3,7,3275,3613,0.5269858843066704,0.5212803834581707,0.5401953270362988,0.48862642949123397,0.5079739877201789,6,only sensor,S16,8
kNN,raw,P1,1-3,8,3275,294,0.45918367346938777,0.3620541457939832,0.3907342657342657,0.3357351092252083,0.4629170635722464,6,only sensor,S16,8
kNN,raw,P1,1-3,9,3275,470,0.30638297872340425,0.19046690136206054,0.34095138013170795,0.24250617321977644,0.2196443928834787,6,only sensor,S16,8
kNN,raw,P1,1-3,10,3275,3600,0.2627777777777778,0.2607166923710675,0.2627777777777778,0.2508746389489062,0.25087463894890627,6,only sensor,S16,8
SVM,raw,P1,1-3,4,3275,161,0.84472049689441,0.9154761904761906,0.8752858527131782,0.8863141123269056,0.8429484935861659,5,leave out sensor,S16,120
SVM,raw,P1,1-3,5,3275,197,0.9543147208121827,0.954093361482524,0.9566666666666667,0.9545638490346157,0.9541023842745371,5,leave out sensor,S16,120
SVM,raw,P1,1-3,6,3275,2300,0.6956521739130435,0.6360297747421585,0.7543552465985627,0.6206712506868376,0.7050465728717724,6,leave out sensor,S16,120
SVM,raw,P1,1-3,7,3275,3613,0.6825352892333241,0.6606478616231114,0.6828537633722932,0.6483295412272073,0.6369393106403815,6,leave out sensor,S16,120
SVM,raw,P1,1-3,8,3275,294,0.5476190476190477,0.6085669533821811,0.6555167055167056,0.5433413292279785,0.540216695320855,6,leave out sensor,S16,120
SVM,raw,P1,1-3,9,3275,470,0.7361702127659574,0.7107144724132649,0.7834188034188033,0.7182957553981653,0.687054115031984,6,leave out sensor,S16,120
SVM,raw,P1,1-3,10,3275,3600,0.43277777777777776,0.5258617224492405,0.4327777777777777,0.4332029806150903,0.4332029806150903,6,leave out sensor,S16,120
kNN,raw,P1,1-3,4,3275,161,0.7204968944099379,0.8040241448692154,0.788265503875969,0.737962113074895,0.7248538180168498,5,leave out sensor,S16,120
kNN,raw,P1,1-3,5,3275,197,0.751269035532995,0.835968253968254,0.8122981366459628,0.7929690524786218,0.7472802802569882,5,leave out sensor,S16,120
kNN,raw,P1,1-3,6,3275,2300,0.6282608695652174,0.629276679389236,0.7037794827354861,0.5858737626289005,0.6625107795974272,6,leave out sensor,S16,120
kNN,raw,P1,1-3,7,3275,3613,0.6119568225851093,0.608021451863702,0.6159260600485313,0.5818988782274412,0.5664198840239638,6,leave out sensor,S16,120
kNN,raw,P1,1-3,8,3275,294,0.42857142857142855,0.5278385045375336,0.5931526806526807,0.4487844487844488,0.35145120859406576,6,leave out sensor,S16,120
kNN,raw,P1,1-3,9,3275,470,0.5936170212765958,0.4998901849296933,0.6039316239316239,0.5255403348554033,0.5143068104537064,6,leave out sensor,S16,120
kNN,raw,P1,1-3,10,3275,3600,0.4986111111111111,0.49636274130365104,0.4986111111111111,0.48468177288355135,0.48468177288355135,6,leave out sensor,S16,120
