model,variant,protocol,train_batches,test_batch,n_train,n_test,accuracy,macro_precision,macro_recall,macro_f1,weighted_f1,n_classes_test,rule,frac,seed,n_features
Random Forest,raw,P1,1-3,4,3275,161,0.84472049689441,0.9171241830065359,0.8168749999999999,0.8284515261025328,0.8159025829729067,5,all,1.0,0,128
Random Forest,raw,P1,1-3,5,3275,197,0.7563451776649747,0.7767213114754098,0.7722153209109731,0.7213261648745519,0.7256842915103927,5,all,1.0,0,128
Random Forest,raw,P1,1-3,6,3275,2300,0.6765217391304348,0.6180180986322096,0.7368960579269467,0.6043642943979838,0.6843937301141042,6,all,1.0,0,128
Random Forest,raw,P1,1-3,7,3275,3613,0.5646277331857182,0.5319948464960894,0.5735071731035343,0.5196003095463823,0.5286497254860035,6,all,1.0,0,128
Random Forest,raw,P1,1-3,8,3275,294,0.29591836734693877,0.24892115345835852,0.23448912198912197,0.17533981945746654,0.30374152432975965,6,all,1.0,0,128
Random Forest,raw,P1,1-3,9,3275,470,0.5255319148936171,0.47488296204049624,0.5195726495726496,0.45325020652826925,0.4385967880375133,6,all,1.0,0,128
Random Forest,raw,P1,1-3,10,3275,3600,0.3486111111111111,0.35375484366209653,0.34861111111111115,0.3212604134121964,0.32126041341219636,6,all,1.0,0,128
Random Forest,raw,P1,1-3,4,3275,161,0.6335403726708074,0.7517460317460317,0.7300775193798449,0.6429913681154991,0.6388644672829293,5,stable,0.25,0,32
Random Forest,raw,P1,1-3,5,3275,197,0.751269035532995,0.7958878504672897,0.7740303657694962,0.7298962670367601,0.6745479278245241,5,stable,0.25,0,32
Random Forest,raw,P1,1-3,6,3275,2300,0.5247826086956522,0.6341828404437432,0.5141488599886049,0.4612419958947071,0.4898458800616741,6,stable,0.25,0,32
Random Forest,raw,P1,1-3,7,3275,3613,0.5779130916136175,0.6838228092568435,0.6026792028291214,0.5919314865679562,0.5640324604572028,6,stable,0.25,0,32
Random Forest,raw,P1,1-3,8,3275,294,0.7585034013605442,0.6461209219417154,0.6584110334110335,0.6020599368425456,0.7145044905470814,6,stable,0.25,0,32
Random Forest,raw,P1,1-3,9,3275,470,0.648936170212766,0.6489452877925364,0.5652359851369751,0.5133833853008262,0.5743583273161837,6,stable,0.25,0,32
Random Forest,raw,P1,1-3,10,3275,3600,0.44722222222222224,0.4252075861143075,0.44722222222222224,0.3980590051944028,0.3980590051944028,6,stable,0.25,0,32
Random Forest,raw,P1,1-3,4,3275,161,0.9254658385093167,0.9034022021291556,0.9135416666666666,0.8986544446681014,0.9235767644434887,5,discriminative,0.25,0,32
Random Forest,raw,P1,1-3,5,3275,197,0.8781725888324873,0.8818086883876358,0.8670048309178744,0.8661064425770307,0.8797888021536873,5,discriminative,0.25,0,32
Random Forest,raw,P1,1-3,6,3275,2300,0.5456521739130434,0.49228754358400734,0.6357764442776522,0.4480370430504285,0.5178900918443973,6,discriminative,0.25,0,32
Random Forest,raw,P1,1-3,7,3275,3613,0.3706061444782729,0.492676797208272,0.3425343136648615,0.36653380791511125,0.3979548924746322,6,discriminative,0.25,0,32
Random Forest,raw,P1,1-3,8,3275,294,0.21768707482993196,0.22378941641236724,0.2483100233100233,0.14905009500241975,0.1887025914134043,6,discriminative,0.25,0,32
Random Forest,raw,P1,1-3,9,3275,470,0.31063829787234043,0.22976262842975995,0.3363830613830614,0.24893506221969472,0.23777307956720212,6,discriminative,0.25,0,32
Random Forest,raw,P1,1-3,10,3275,3600,0.29527777777777775,0.3600641727390981,0.2952777777777778,0.27547362642410256,0.27547362642410256,6,discriminative,0.25,0,32
Random Forest,raw,P1,1-3,4,3275,161,0.84472049689441,0.8130793650793651,0.8168749999999999,0.7726469453807583,0.8147551385117853,5,balanced,0.25,0,32
Random Forest,raw,P1,1-3,5,3275,197,0.7715736040609137,0.7970229497672926,0.7840855762594894,0.7391483766888485,0.7455557827996679,5,balanced,0.25,0,32
Random Forest,raw,P1,1-3,6,3275,2300,0.6891304347826087,0.5186682024476729,0.7293999716697485,0.5584415696043181,0.6469165912040892,6,balanced,0.25,0,32
Random Forest,raw,P1,1-3,7,3275,3613,0.4503182950456684,0.5497202661618085,0.4560610179785302,0.4408326616513684,0.46665417839823853,6,balanced,0.25,0,32
Random Forest,raw,P1,1-3,8,3275,294,0.25510204081632654,0.3051046176046176,0.20533216783216782,0.16697790160904916,0.27953435330484505,6,balanced,0.25,0,32
Random Forest,raw,P1,1-3,9,3275,470,0.32127659574468087,0.21270718232044197,0.2756410256410256,0.20393301788650628,0.2233286423291371,6,balanced,0.25,0,32
Random Forest,raw,P1,1-3,10,3275,3600,0.36916666666666664,0.34126358489240416,0.36916666666666664,0.33686524466580864,0.33686524466580864,6,balanced,0.25,0,32
Random Forest,raw,P1,1-3,4,3275,161,0.8385093167701864,0.9110757629315422,0.8408333333333333,0.8396932706614099,0.8103167318725002,5,random,0.25,0,32
Random Forest,raw,P1,1-3,5,3275,197,0.7766497461928934,0.807629010373353,0.7940855762594893,0.7460013276434329,0.7495933357883664,5,random,0.25,0,32
Random Forest,raw,P1,1-3,6,3275,2300,0.7186956521739131,0.6147980962341654,0.7619496029020913,0.6170374187956477,0.70002123419186,6,random,0.25,0,32
Random Forest,raw,P1,1-3,7,3275,3613,0.5729310822031553,0.5750461980978376,0.5788365480486297,0.5172516367554437,0.5170956228889733,6,random,0.25,0,32
Random Forest,raw,P1,1-3,8,3275,294,0.23129251700680273,0.22096386447299224,0.3186868686868687,0.2406540595592904,0.1715662337784428,6,random,0.25,0,32
Random Forest,raw,P1,1-3,9,3275,470,0.597872340425532,0.6329008852626126,0.6337062937062937,0.5769924646405599,0.553486363036224,6,random,0.25,0,32
Random Forest,raw,P1,1-3,10,3275,3600,0.3875,0.4122090967747425,0.3875,0.3699636307305069,0.3699636307305069,6,random,0.25,0,32
Random Forest,raw,P1,1-3,4,3275,161,0.782608695652174,0.8203263148300064,0.8111821705426356,0.7734422594948911,0.7551416465195477,5,random,0.25,1,32
Random Forest,raw,P1,1-3,5,3275,197,0.751269035532995,0.7985035937315895,0.7624292615596964,0.7328913420423468,0.7445838735417797,5,random,0.25,1,32
Random Forest,raw,P1,1-3,6,3275,2300,0.7,0.6152723202400373,0.7435976040798621,0.6076936518704574,0.6878223978567419,6,random,0.25,1,32
Random Forest,raw,P1,1-3,7,3275,3613,0.42955992250207586,0.4471356288208093,0.45812763127868544,0.37465998390414673,0.3803163487339977,6,random,0.25,1,32
Random Forest,raw,P1,1-3,8,3275,294,0.14285714285714285,0.04616826810405437,0.17777777777777778,0.06000341205430041,0.04608760225593491,6,random,0.25,1,32
Random Forest,raw,P1,1-3,9,3275,470,0.4787234042553192,0.46807748256535314,0.47128205128205125,0.3831714222738516,0.3768696944960682,6,random,0.25,1,32
Random Forest,raw,P1,1-3,10,3275,3600,0.38416666666666666,0.45913389831326107,0.3841666666666667,0.3699419338107622,0.3699419338107622,6,random,0.25,1,32
Random Forest,raw,P1,1-3,4,3275,161,0.8571428571428571,0.8676555839727195,0.8785416666666667,0.851583746600544,0.8531544269687036,5,random,0.25,2,32
Random Forest,raw,P1,1-3,5,3275,197,0.8121827411167513,0.8510774722369117,0.8301725327812284,0.7943873485816753,0.798698825024303,5,random,0.25,2,32
Random Forest,raw,P1,1-3,6,3275,2300,0.5708695652173913,0.5807585563291285,0.5686777814948157,0.5355413713870546,0.6207893913495203,6,random,0.25,2,32
Random Forest,raw,P1,1-3,7,3275,3613,0.3933019651259341,0.44378131729219333,0.41727535563602763,0.3561191027580534,0.36463586650407126,6,random,0.25,2,32
Random Forest,raw,P1,1-3,8,3275,294,0.2653061224489796,0.336712715389186,0.38080808080808076,0.31728222254170385,0.20915960884526244,6,random,0.25,2,32
Random Forest,raw,P1,1-3,9,3275,470,0.49361702127659574,0.40688786706221625,0.5185858585858586,0.42816468531035645,0.3850918354472729,6,random,0.25,2,32
Random Forest,raw,P1,1-3,10,3275,3600,0.33555555555555555,0.3715996176270493,0.33555555555555555,0.3241026628168205,0.32410266281682054,6,random,0.25,2,32
Random Forest,raw,P1,1-3,4,3275,161,0.8695652173913043,0.9150446775446776,0.8435416666666666,0.8559954959095506,0.8521844467573576,5,random,0.25,3,32
Random Forest,raw,P1,1-3,5,3275,197,0.8426395939086294,0.8671445639187574,0.8506073153899241,0.8298548639231565,0.8389545374802277,5,random,0.25,3,32
Random Forest,raw,P1,1-3,6,3275,2300,0.7086956521739131,0.5341490628611544,0.7576881355077848,0.582343177131582,0.65274810071131,6,random,0.25,3,32
Random Forest,raw,P1,1-3,7,3275,3613,0.5624135067810684,0.5755622065899219,0.5681263370602964,0.5234420798428578,0.549785777674206,6,random,0.25,3,32
Random Forest,raw,P1,1-3,8,3275,294,0.3197278911564626,0.3845022624434389,0.21687062937062937,0.15630471905826876,0.32294498259073745,6,random,0.25,3,32
Random Forest,raw,P1,1-3,9,3275,470,0.4553191489361702,0.4660682600981108,0.43867451310074257,0.38379283551697346,0.37329198070210545,6,random,0.25,3,32
Random Forest,raw,P1,1-3,10,3275,3600,0.3302777777777778,0.3205578924123446,0.3302777777777778,0.30079165409866965,0.3007916540986696,6,random,0.25,3,32
Random Forest,raw,P1,1-3,4,3275,161,0.8571428571428571,0.8706047819971869,0.8502083333333333,0.8182750582750582,0.827945967076402,5,random,0.25,4,32
Random Forest,raw,P1,1-3,5,3275,197,0.7715736040609137,0.7970229497672926,0.7840855762594894,0.7391483766888485,0.7455557827996679,5,random,0.25,4,32
Random Forest,raw,P1,1-3,6,3275,2300,0.721304347826087,0.6300519955532661,0.7564130266082998,0.6249695696897422,0.7130740948765698,6,random,0.25,4,32
Random Forest,raw,P1,1-3,7,3275,3613,0.6064212565734847,0.5514076654185216,0.6059379689695398,0.5405868026974306,0.5501532176289207,6,random,0.25,4,32
Random Forest,raw,P1,1-3,8,3275,294,0.2789115646258503,0.3163226840071624,0.3282439782439782,0.22239337089795644,0.23062669685708176,6,random,0.25,4,32
Random Forest,raw,P1,1-3,9,3275,470,0.5234042553191489,0.5355459355459355,0.5469767027144076,0.49176213561382526,0.45385102677595957,6,random,0.25,4,32
Random Forest,raw,P1,1-3,10,3275,3600,0.3844444444444444,0.35748917649347683,0.3844444444444444,0.34747521903614476,0.34747521903614476,6,random,0.25,4,32
Random Forest,raw,P1,1-3,4,3275,161,0.6894409937888198,0.7421727357609711,0.73875,0.6760785108611196,0.6804055008213798,5,random,0.25,5,32
Random Forest,raw,P1,1-3,5,3275,197,0.7563451776649747,0.79337899543379,0.7903450655624569,0.7211622144445987,0.7150391931906257,5,random,0.25,5,32
Random Forest,raw,P1,1-3,6,3275,2300,0.6391304347826087,0.554505407580298,0.6626793068655027,0.5482777388442996,0.6423722728149126,6,random,0.25,5,32
Random Forest,raw,P1,1-3,7,3275,3613,0.5704400774979241,0.5206327511048937,0.5763357045703069,0.5122158174917725,0.5285267767301277,6,random,0.25,5,32
Random Forest,raw,P1,1-3,8,3275,294,0.23469387755102042,0.31114872600006543,0.21669580419580417,0.15426373212006697,0.23083654002598503,6,random,0.25,5,32
Random Forest,raw,P1,1-3,9,3275,470,0.5191489361702127,0.45892018983234983,0.5145299145299146,0.44858775204631995,0.43459237632580666,6,random,0.25,5,32
Random Forest,raw,P1,1-3,10,3275,3600,0.3908333333333333,0.35045823741957044,0.39083333333333337,0.3549424701457898,0.3549424701457898,6,random,0.25,5,32
Random Forest,raw,P1,1-3,4,3275,161,0.6708074534161491,0.7955885384456812,0.7564583333333333,0.7268141592920354,0.6433652982902694,5,random,0.25,6,32
Random Forest,raw,P1,1-3,5,3275,197,0.7461928934010152,0.7843146679484098,0.7795169082125604,0.7233950763497402,0.7189632348220129,5,random,0.25,6,32
Random Forest,raw,P1,1-3,6,3275,2300,0.6139130434782609,0.594440036833488,0.5869050206985953,0.5559302115535093,0.626553805967406,6,random,0.25,6,32
Random Forest,raw,P1,1-3,7,3275,3613,0.4331580404096319,0.4561475477227317,0.45611580093710885,0.3575749392531704,0.36365325953183103,6,random,0.25,6,32
Random Forest,raw,P1,1-3,8,3275,294,0.16666666666666666,0.24773809523809523,0.21609362859362857,0.11331391736564149,0.09014879763648237,6,random,0.25,6,32
Random Forest,raw,P1,1-3,9,3275,470,0.41702127659574467,0.40809886642257914,0.41006216006216006,0.33708227571909766,0.32494773386279485,6,random,0.25,6,32
Random Forest,raw,P1,1-3,10,3275,3600,0.39194444444444443,0.41857002989738373,0.39194444444444443,0.37276885768891566,0.37276885768891566,6,random,0.25,6,32
Random Forest,raw,P1,1-3,4,3275,161,0.8944099378881988,0.9429827688651219,0.8702083333333335,0.8921663442940039,0.8853965183752417,5,random,0.25,7,32
Random Forest,raw,P1,1-3,5,3275,197,0.7461928934010152,0.7517123287671232,0.76351966873706,0.706013040328423,0.7100358172501664,5,random,0.25,7,32
Random Forest,raw,P1,1-3,6,3275,2300,0.6065217391304348,0.6102025281042828,0.593618648205564,0.5544753642922979,0.6206912574651904,6,random,0.25,7,32
Random Forest,raw,P1,1-3,7,3275,3613,0.5900913368391918,0.5745518239639714,0.5904955373501737,0.5211589550348649,0.5173690502166064,6,random,0.25,7,32
Random Forest,raw,P1,1-3,8,3275,294,0.17346938775510204,0.27945326278659616,0.2332070707070707,0.1316955818010587,0.09216175215729554,6,random,0.25,7,32
Random Forest,raw,P1,1-3,9,3275,470,0.502127659574468,0.473665903742077,0.4987179487179487,0.4116026300947531,0.39560771997365185,6,random,0.25,7,32
Random Forest,raw,P1,1-3,10,3275,3600,0.3475,0.3748080746979629,0.3475,0.32572593268916783,0.32572593268916783,6,random,0.25,7,32
Random Forest,raw,P1,1-3,4,3275,161,0.8074534161490683,0.8140314743299818,0.8052083333333334,0.7662176102567483,0.7994603795226216,5,random,0.25,8,32
Random Forest,raw,P1,1-3,5,3275,197,0.8020304568527918,0.8355254237288137,0.8023878536922016,0.7850138996673041,0.8006048718135805,5,random,0.25,8,32
Random Forest,raw,P1,1-3,6,3275,2300,0.6382608695652174,0.5549268850295767,0.7111950456017144,0.5474885724945437,0.6622743906475648,6,random,0.25,8,32
Random Forest,raw,P1,1-3,7,3275,3613,0.4010517575422087,0.4839345729878655,0.4288045383929875,0.37538300750731124,0.3886275503851331,6,random,0.25,8,32
Random Forest,raw,P1,1-3,8,3275,294,0.13945578231292516,0.18965517241379312,0.17222222222222225,0.051156728576083416,0.03956616859842666,6,random,0.25,8,32
Random Forest,raw,P1,1-3,9,3275,470,0.32127659574468087,0.3064438933124483,0.276236513941432,0.18052283023807594,0.20056369351552755,6,random,0.25,8,32
Random Forest,raw,P1,1-3,10,3275,3600,0.3125,0.31639916890009184,0.3125,0.28732239208801863,0.2873223920880186,6,random,0.25,8,32
Random Forest,raw,P1,1-3,4,3275,161,0.6956521739130435,0.7668386346924738,0.7795833333333333,0.7017542006016582,0.7122936522368041,5,random,0.25,9,32
Random Forest,raw,P1,1-3,5,3275,197,0.7969543147208121,0.8355555555555556,0.8194755003450656,0.7818398808253461,0.7838762114465431,5,random,0.25,9,32
Random Forest,raw,P1,1-3,6,3275,2300,0.6647826086956522,0.5399390970970086,0.7202555105869001,0.5478312657661591,0.6687770855415256,6,random,0.25,9,32
Random Forest,raw,P1,1-3,7,3275,3613,0.5203432050927207,0.5327068367198499,0.5434694603014174,0.4909205543140121,0.511322142771982,6,random,0.25,9,32
Random Forest,raw,P1,1-3,8,3275,294,0.29931972789115646,0.29725856697819314,0.22364996114996116,0.15865924895163966,0.30374829416335275,6,random,0.25,9,32
Random Forest,raw,P1,1-3,9,3275,470,0.4297872340425532,0.4210251407434506,0.39398907103825137,0.3436138397389885,0.35078014082470177,6,random,0.25,9,32
Random Forest,raw,P1,1-3,10,3275,3600,0.4386111111111111,0.39218345196819454,0.43861111111111106,0.40370151928090775,0.4037015192809078,6,random,0.25,9,32
Random Forest,raw,P1,1-3,4,3275,161,0.8198757763975155,0.8975917793277649,0.8314583333333333,0.8284483632309719,0.7920765434943129,5,random,0.25,10,32
Random Forest,raw,P1,1-3,5,3275,197,0.7766497461928934,0.8190742526518804,0.8009109730848861,0.7496887379739672,0.7499920999485779,5,random,0.25,10,32
Random Forest,raw,P1,1-3,6,3275,2300,0.7043478260869566,0.6026373784098139,0.7475350852342602,0.6090173293815248,0.686692414796365,6,random,0.25,10,32
Random Forest,raw,P1,1-3,7,3275,3613,0.599778577359535,0.5315927002242088,0.6067557136744358,0.5424499917790546,0.5426082545097284,6,random,0.25,10,32
Random Forest,raw,P1,1-3,8,3275,294,0.38095238095238093,0.3828083466241361,0.38493589743589746,0.3164598056350633,0.3956082653431696,6,random,0.25,10,32
Random Forest,raw,P1,1-3,9,3275,470,0.5595744680851064,0.4702131321322082,0.5964298724954463,0.4710495056618682,0.4644932779611736,6,random,0.25,10,32
Random Forest,raw,P1,1-3,10,3275,3600,0.39916666666666667,0.40107068626893705,0.39916666666666667,0.3546477028476866,0.3546477028476866,6,random,0.25,10,32
Random Forest,raw,P1,1-3,4,3275,161,0.8571428571428571,0.8561993561993562,0.8502083333333333,0.8132611762529198,0.8258683800691469,5,random,0.25,11,32
Random Forest,raw,P1,1-3,5,3275,197,0.7918781725888325,0.8328205128205128,0.8083022774327123,0.7714669900711613,0.7781328527955045,5,random,0.25,11,32
Random Forest,raw,P1,1-3,6,3275,2300,0.6734782608695652,0.5675687649119018,0.7381221655022508,0.575818505293198,0.6651099710304115,6,random,0.25,11,32
Random Forest,raw,P1,1-3,7,3275,3613,0.5034597287572654,0.5126961564780507,0.5086685769409065,0.4432469344203401,0.45853759031071095,6,random,0.25,11,32
Random Forest,raw,P1,1-3,8,3275,294,0.23469387755102042,0.08805555555555555,0.32916666666666666,0.13749999999999998,0.09523809523809523,6,random,0.25,11,32
Random Forest,raw,P1,1-3,9,3275,470,0.4276595744680851,0.32158119658119655,0.43460137312596325,0.32494772667436495,0.32784219498554246,6,random,0.25,11,32
Random Forest,raw,P1,1-3,10,3275,3600,0.3688888888888889,0.3316043141211066,0.3688888888888888,0.34043175481674665,0.34043175481674665,6,random,0.25,11,32
Random Forest,raw,P1,1-3,4,3275,161,0.7950310559006211,0.7738334242589562,0.8189583333333333,0.7422653831956156,0.7718723153361315,5,random,0.25,12,32
Random Forest,raw,P1,1-3,5,3275,197,0.7918781725888325,0.8271313364055299,0.8071290545203589,0.7673895808852331,0.7728080709268085,5,random,0.25,12,32
Random Forest,raw,P1,1-3,6,3275,2300,0.69,0.5521838317509364,0.7413717409428453,0.5683191171876985,0.6867805329437406,6,random,0.25,12,32
Random Forest,raw,P1,1-3,7,3275,3613,0.6415721007473014,0.5774938349962223,0.6539874672340823,0.5971828620289541,0.5999298502975737,6,random,0.25,12,32
Random Forest,raw,P1,1-3,8,3275,294,0.35374149659863946,0.4011509324009324,0.3296231546231546,0.3181196980216588,0.39941701141180935,6,random,0.25,12,32
Random Forest,raw,P1,1-3,9,3275,470,0.4957446808510638,0.47089081755297996,0.5048934489918097,0.4653319192035837,0.43621787180628546,6,random,0.25,12,32
Random Forest,raw,P1,1-3,10,3275,3600,0.3763888888888889,0.3299458457277839,0.3763888888888889,0.34394077873388157,0.3439407787338817,6,random,0.25,12,32
Random Forest,raw,P1,1-3,4,3275,161,0.7701863354037267,0.8197638625342609,0.7864583333333334,0.7371761089152394,0.770002891458468,5,random,0.25,13,32
Random Forest,raw,P1,1-3,5,3275,197,0.8121827411167513,0.845663082437276,0.824520358868185,0.793756511056511,0.8010637573429452,5,random,0.25,13,32
Random Forest,raw,P1,1-3,6,3275,2300,0.7217391304347827,0.574604937665628,0.7593720179208722,0.594625334047023,0.7130545855313387,6,random,0.25,13,32
Random Forest,raw,P1,1-3,7,3275,3613,0.6900083033490174,0.5990876161711977,0.6932108155411507,0.6279613649844163,0.6449667378209945,6,random,0.25,13,32
Random Forest,raw,P1,1-3,8,3275,294,0.6666666666666666,0.46857111142825425,0.464520202020202,0.4202854542764222,0.6269213937054268,6,random,0.25,13,32
Random Forest,raw,P1,1-3,9,3275,470,0.4765957446808511,0.3394833388920894,0.4362393162393163,0.35503615352220247,0.37040840548319176,6,random,0.25,13,32
Random Forest,raw,P1,1-3,10,3275,3600,0.41083333333333333,0.34288262005219994,0.41083333333333333,0.37133086872613447,0.37133086872613447,6,random,0.25,13,32
Random Forest,raw,P1,1-3,4,3275,161,0.6770186335403726,0.7726626882637112,0.7595833333333333,0.6818781218781218,0.6921910387748896,5,random,0.25,14,32
Random Forest,raw,P1,1-3,5,3275,197,0.8375634517766497,0.8638097666709168,0.8462594893029676,0.8240684703561602,0.832950649628284,5,random,0.25,14,32
Random Forest,raw,P1,1-3,6,3275,2300,0.6521739130434783,0.5673971688304588,0.6268661450866717,0.563223412070677,0.6713448391392748,6,random,0.25,14,32
Random Forest,raw,P1,1-3,7,3275,3613,0.46415721007473015,0.48939129845683454,0.4817574079942782,0.41772404674881075,0.4338569165328351,6,random,0.25,14,32
Random Forest,raw,P1,1-3,8,3275,294,0.17346938775510204,0.19111111111111112,0.15847902097902097,0.07877651470760577,0.14264428377702892,6,random,0.25,14,32
Random Forest,raw,P1,1-3,9,3275,470,0.4425531914893617,0.3697916666666667,0.4368404091354911,0.3460933900407585,0.3300913502324477,6,random,0.25,14,32
Random Forest,raw,P1,1-3,10,3275,3600,0.4088888888888889,0.38033435162088297,0.4088888888888889,0.38096260979621976,0.38096260979621976,6,random,0.25,14,32
Random Forest,raw,P1,1-3,4,3275,161,0.8322981366459627,0.8352793087024561,0.8377083333333333,0.7872673809752462,0.8076246352469398,5,random,0.25,15,32
Random Forest,raw,P1,1-3,5,3275,197,0.7106598984771574,0.796408529741863,0.752815734989648,0.7086318573522823,0.7032915308620172,5,random,0.25,15,32
Random Forest,raw,P1,1-3,6,3275,2300,0.6378260869565218,0.5861996974786107,0.7054211926535543,0.5695277637004029,0.6415424914062083,6,random,0.25,15,32
Random Forest,raw,P1,1-3,7,3275,3613,0.5798505397176862,0.5559173561221543,0.5832897614228191,0.5209577046263302,0.5226174589154531,6,random,0.25,15,32
Random Forest,raw,P1,1-3,8,3275,294,0.2891156462585034,0.3386178328633571,0.3366647241647242,0.2606326157775192,0.27123669353159285,6,random,0.25,15,32
Random Forest,raw,P1,1-3,9,3275,470,0.3468085106382979,0.34949180959357395,0.34221878303845515,0.24917468331677384,0.24460803372065557,6,random,0.25,15,32
Random Forest,raw,P1,1-3,10,3275,3600,0.39166666666666666,0.43270330071715213,0.39166666666666666,0.36982485666845993,0.36982485666846,6,random,0.25,15,32
Random Forest,raw,P1,1-3,4,3275,161,0.8509316770186336,0.8459942279942279,0.8335416666666667,0.7943807288386797,0.8250175647412282,5,random,0.25,16,32
Random Forest,raw,P1,1-3,5,3275,197,0.8071065989847716,0.8415186487074999,0.8201725327812284,0.7873661629526798,0.7942562583278947,5,random,0.25,16,32
Random Forest,raw,P1,1-3,6,3275,2300,0.7108695652173913,0.5940666058919302,0.7625716143381851,0.6069371180578783,0.7037981308154668,6,random,0.25,16,32
Random Forest,raw,P1,1-3,7,3275,3613,0.5106559645723775,0.48677949659871134,0.5226619270970806,0.4423508015667493,0.4494897306824526,6,random,0.25,16,32
Random Forest,raw,P1,1-3,8,3275,294,0.17687074829931973,0.15092879256965944,0.23636363636363636,0.17047989293225416,0.12358410319707516,6,random,0.25,16,32
Random Forest,raw,P1,1-3,9,3275,470,0.5319148936170213,0.5630747432754148,0.5566517635370094,0.49639092313993577,0.44745180313421357,6,random,0.25,16,32
Random Forest,raw,P1,1-3,10,3275,3600,0.3288888888888889,0.28474029115332483,0.3288888888888889,0.28316703414601924,0.28316703414601924,6,random,0.25,16,32
Random Forest,raw,P1,1-3,4,3275,161,0.6956521739130435,0.7692336407553799,0.7418750000000001,0.7095722904546433,0.6698543966081416,5,random,0.25,17,32
Random Forest,raw,P1,1-3,5,3275,197,0.7258883248730964,0.6972858451672012,0.7484748102139406,0.6851530411800422,0.6840389332251352,5,random,0.25,17,32
Random Forest,raw,P1,1-3,6,3275,2300,0.7004347826086956,0.6213801591498578,0.697141925314868,0.6093838306794978,0.6966178595815514,6,random,0.25,17,32
Random Forest,raw,P1,1-3,7,3275,3613,0.5967340160531415,0.5374808506345377,0.6055508571725976,0.5405619774634319,0.549911243878373,6,random,0.25,17,32
Random Forest,raw,P1,1-3,8,3275,294,0.272108843537415,0.3481613064073797,0.23892773892773897,0.19525849597454836,0.2853708087658769,6,random,0.25,17,32
Random Forest,raw,P1,1-3,9,3275,470,0.44680851063829785,0.4421354876800421,0.44757282790069675,0.40304477606224925,0.3736534966279304,6,random,0.25,17,32
Random Forest,raw,P1,1-3,10,3275,3600,0.3163888888888889,0.3295506658672645,0.3163888888888889,0.2803099054217865,0.28030990542178646,6,random,0.25,17,32
Random Forest,raw,P1,1-3,4,3275,161,0.7142857142857143,0.8203489462312991,0.793125,0.7802796772056971,0.7040041186317569,5,random,0.25,18,32
Random Forest,raw,P1,1-3,5,3275,197,0.766497461928934,0.7882180438157668,0.7797377501725328,0.7317497076023392,0.7374787900377001,5,random,0.25,18,32
Random Forest,raw,P1,1-3,6,3275,2300,0.6752173913043479,0.6164698934643447,0.6942233622084327,0.5963954589978816,0.6810251450126321,6,random,0.25,18,32
Random Forest,raw,P1,1-3,7,3275,3613,0.5203432050927207,0.4760645320293709,0.5333832656792804,0.4638112045930504,0.4782755112978133,6,random,0.25,18,32
Random Forest,raw,P1,1-3,8,3275,294,0.16326530612244897,0.24209468902865128,0.18426573426573425,0.07931139644522985,0.09050499500961563,6,random,0.25,18,32
Random Forest,raw,P1,1-3,9,3275,470,0.4127659574468085,0.31243161667609887,0.40326467703516883,0.32175045159306664,0.3074079866349713,6,random,0.25,18,32
Random Forest,raw,P1,1-3,10,3275,3600,0.39,0.40314750137588645,0.38999999999999996,0.37555418487934683,0.3755541848793468,6,random,0.25,18,32
Random Forest,raw,P1,1-3,4,3275,161,0.8571428571428571,0.8548686868686868,0.8502083333333333,0.8045227166682943,0.8310103666595967,5,random,0.25,19,32
Random Forest,raw,P1,1-3,5,3275,197,0.7715736040609137,0.82,0.797736369910283,0.7472020214470603,0.7481309373124916,5,random,0.25,19,32
Random Forest,raw,P1,1-3,6,3275,2300,0.6469565217391304,0.5319401382175194,0.716651120383657,0.5398075579223853,0.6343145176184708,6,random,0.25,19,32
Random Forest,raw,P1,1-3,7,3275,3613,0.6108497093827844,0.5565900414771893,0.6188739881443165,0.5569355851537624,0.5663810759685582,6,random,0.25,19,32
Random Forest,raw,P1,1-3,8,3275,294,0.46938775510204084,0.32856196648383,0.35741064491064495,0.3152280159692484,0.4925753409152417,6,random,0.25,19,32
Random Forest,raw,P1,1-3,9,3275,470,0.4531914893617021,0.4561691204312092,0.44403390780439955,0.36112401491362384,0.36067956212534413,6,random,0.25,19,32
Random Forest,raw,P1,1-3,10,3275,3600,0.37805555555555553,0.41698981934765006,0.3780555555555556,0.36110620384070735,0.3611062038407074,6,random,0.25,19,32
Random Forest,raw,P1,1-3,4,3275,161,0.8385093167701864,0.8316945516945516,0.81375,0.7784280936454849,0.8143502685090587,5,random,0.25,20,32
Random Forest,raw,P1,1-3,5,3275,197,0.7969543147208121,0.8486538461538462,0.8206487232574189,0.7855102966694261,0.7893126917276004,5,random,0.25,20,32
Random Forest,raw,P1,1-3,6,3275,2300,0.66,0.5439065390159857,0.7186301156689866,0.5575854904063117,0.6558126636598672,6,random,0.25,20,32
Random Forest,raw,P1,1-3,7,3275,3613,0.43149737060614446,0.5101436590252056,0.45849344737778225,0.3872340761183561,0.4013630073549051,6,random,0.25,20,32
Random Forest,raw,P1,1-3,8,3275,294,0.12244897959183673,0.027380321497968558,0.15138888888888888,0.04452314697697951,0.035330094597920116,6,random,0.25,20,32
Random Forest,raw,P1,1-3,9,3275,470,0.30851063829787234,0.3860759493670886,0.26504273504273507,0.2312288822062222,0.24946273509359473,6,random,0.25,20,32
Random Forest,raw,P1,1-3,10,3275,3600,0.25472222222222224,0.2575950702698582,0.25472222222222224,0.22755399574407062,0.2275539957440706,6,random,0.25,20,32
Random Forest,raw,P1,1-3,4,3275,161,0.6894409937888198,0.7747165532879818,0.7658333333333334,0.6894849103698661,0.7011580954635976,5,random,0.25,21,32
Random Forest,raw,P1,1-3,5,3275,197,0.8020304568527918,0.8428059395801331,0.8214768806073154,0.7810839406207827,0.7844304787740535,5,random,0.25,21,32
Random Forest,raw,P1,1-3,6,3275,2300,0.5782608695652174,0.5387790857611785,0.6300984829875206,0.5189753322359293,0.5715239728188888,6,random,0.25,21,32
Random Forest,raw,P1,1-3,7,3275,3613,0.4940492665375035,0.49507889384731874,0.5124634896474418,0.44398349478134974,0.4506630646052713,6,random,0.25,21,32
Random Forest,raw,P1,1-3,8,3275,294,0.15306122448979592,0.15882141831754235,0.19393939393939394,0.10181647720614088,0.07565785015517985,6,random,0.25,21,32
Random Forest,raw,P1,1-3,9,3275,470,0.502127659574468,0.47218340434165146,0.506993006993007,0.41492891161472684,0.39411456311635884,6,random,0.25,21,32
Random Forest,raw,P1,1-3,10,3275,3600,0.37916666666666665,0.3788871804964815,0.37916666666666665,0.3465984963681527,0.3465984963681527,6,random,0.25,21,32
Random Forest,raw,P1,1-3,4,3275,161,0.7142857142857143,0.7382905982905983,0.75125,0.672186401169452,0.7144608891476982,5,random,0.25,22,32
Random Forest,raw,P1,1-3,5,3275,197,0.7868020304568528,0.825732300486399,0.8039544513457557,0.7644289450741064,0.7692368969591827,5,random,0.25,22,32
Random Forest,raw,P1,1-3,6,3275,2300,0.7069565217391305,0.5811115830176097,0.75724871955735,0.5892158193479105,0.7096951276652762,6,random,0.25,22,32
Random Forest,raw,P1,1-3,7,3275,3613,0.6601162468862442,0.5739810877248005,0.6691745682467917,0.6018337608949506,0.6167666469161895,6,random,0.25,22,32
Random Forest,raw,P1,1-3,8,3275,294,0.5782312925170068,0.376861994690201,0.38083721833721834,0.3450028934317946,0.5734465097489839,6,random,0.25,22,32
Random Forest,raw,P1,1-3,9,3275,470,0.502127659574468,0.44577183699990713,0.4737873055905843,0.40753050196697577,0.40904260895713634,6,random,0.25,22,32
Random Forest,raw,P1,1-3,10,3275,3600,0.37444444444444447,0.3115445149806315,0.3744444444444444,0.33866135865869024,0.3386613586586902,6,random,0.25,22,32
Random Forest,raw,P1,1-3,4,3275,161,0.8322981366459627,0.851024531024531,0.8377083333333333,0.7994271685761047,0.8066333912772395,5,random,0.25,23,32
Random Forest,raw,P1,1-3,5,3275,197,0.6598984771573604,0.7189132706374085,0.709551414768806,0.6584858646479474,0.6465374273949296,5,random,0.25,23,32
Random Forest,raw,P1,1-3,6,3275,2300,0.5369565217391304,0.5390235317621527,0.5740617006874882,0.468865266097384,0.5073961679585526,6,random,0.25,23,32
Random Forest,raw,P1,1-3,7,3275,3613,0.373097149183504,0.4098238503671216,0.34013878111151147,0.2875254722780356,0.3170453388627681,6,random,0.25,23,32
Random Forest,raw,P1,1-3,8,3275,294,0.16326530612244897,0.1757588187038556,0.2443181818181818,0.1080025743321096,0.0747678380503883,6,random,0.25,23,32
Random Forest,raw,P1,1-3,9,3275,470,0.44042553191489364,0.37561664401554196,0.4654148037754595,0.359268590027104,0.3223756191769498,6,random,0.25,23,32
Random Forest,raw,P1,1-3,10,3275,3600,0.3258333333333333,0.34679170046637103,0.32583333333333336,0.2752325974722616,0.2752325974722616,6,random,0.25,23,32
Random Forest,raw,P1,1-3,4,3275,161,0.8260869565217391,0.8324159528414847,0.828125,0.7921546737855438,0.8085142635054793,5,random,0.25,24,32
Random Forest,raw,P1,1-3,5,3275,197,0.7715736040609137,0.801159420289855,0.7897377501725329,0.738879037715087,0.7430677190704132,5,random,0.25,24,32
Random Forest,raw,P1,1-3,6,3275,2300,0.58,0.5856295274661159,0.6049591964756522,0.5243566588114619,0.5708267749674119,6,random,0.25,24,32
Random Forest,raw,P1,1-3,7,3275,3613,0.5651812897868808,0.5495098040638138,0.5741004670129098,0.5172357458477722,0.5193242332002643,6,random,0.25,24,32
Random Forest,raw,P1,1-3,8,3275,294,0.23469387755102042,0.31951470046708147,0.28557692307692306,0.21738571764146655,0.20964248253557416,6,random,0.25,24,32
Random Forest,raw,P1,1-3,9,3275,470,0.48936170212765956,0.469576696508158,0.5156177156177156,0.42699398866855276,0.390366695983643,6,random,0.25,24,32
Random Forest,raw,P1,1-3,10,3275,3600,0.36527777777777776,0.3816517876376899,0.3652777777777778,0.3241068225628767,0.3241068225628767,6,random,0.25,24,32
Random Forest,raw,P1,1-3,4,3275,161,0.6708074534161491,0.7410311315314292,0.7429166666666667,0.68275138654449,0.6427199487169503,5,random,0.25,25,32
Random Forest,raw,P1,1-3,5,3275,197,0.7715736040609137,0.7991271347248576,0.7897377501725329,0.7385075933075933,0.7414053531413939,5,random,0.25,25,32
Random Forest,raw,P1,1-3,6,3275,2300,0.6773913043478261,0.565702278622204,0.7238220095567757,0.574297096058355,0.677647431137998,6,random,0.25,25,32
Random Forest,raw,P1,1-3,7,3275,3613,0.4959867146415721,0.5093531337548327,0.5148552942224142,0.42967701209922476,0.44497752314848243,6,random,0.25,25,32
Random Forest,raw,P1,1-3,8,3275,294,0.23129251700680273,0.13532681617788,0.32222222222222224,0.18047138047138048,0.12258640830069402,6,random,0.25,25,32
Random Forest,raw,P1,1-3,9,3275,470,0.4829787234042553,0.5300680552931765,0.4774041805189346,0.44998425662143887,0.42418091448146916,6,random,0.25,25,32
Random Forest,raw,P1,1-3,10,3275,3600,0.38333333333333336,0.35957916921206906,0.3833333333333333,0.36087301630483576,0.36087301630483576,6,random,0.25,25,32
Random Forest,raw,P1,1-3,4,3275,161,0.7639751552795031,0.7907852720755947,0.77625,0.7251248751248751,0.7606049919714516,5,random,0.25,26,32
Random Forest,raw,P1,1-3,5,3275,197,0.7563451776649747,0.7932768361581921,0.7745617667356798,0.7305032885586871,0.7349384030350362,5,random,0.25,26,32
Random Forest,raw,P1,1-3,6,3275,2300,0.6665217391304348,0.5454174970223551,0.7147943068705648,0.550165451420561,0.6749670943675322,6,random,0.25,26,32
Random Forest,raw,P1,1-3,7,3275,3613,0.5660116246886244,0.5619987248746037,0.5744591872110046,0.5308841967826836,0.5547710336030991,6,random,0.25,26,32
Random Forest,raw,P1,1-3,8,3275,294,0.2789115646258503,0.29419191919191917,0.20942113442113441,0.15520724282979184,0.2920177330191336,6,random,0.25,26,32
Random Forest,raw,P1,1-3,9,3275,470,0.3468085106382979,0.35171790235081374,0.3028205128205128,0.25179128685226243,0.2672387470973356,6,random,0.25,26,32
Random Forest,raw,P1,1-3,10,3275,3600,0.325,0.33114046648249623,0.325,0.3111665223518701,0.31116652235187015,6,random,0.25,26,32
Random Forest,raw,P1,1-3,4,3275,161,0.7204968944099379,0.7644108632153426,0.7679166666666666,0.7055931696440709,0.7093829910234539,5,random,0.25,27,32
Random Forest,raw,P1,1-3,5,3275,197,0.8274111675126904,0.8601880877742947,0.8455624568668046,0.8190312182420574,0.8247070759724178,5,random,0.25,27,32
Random Forest,raw,P1,1-3,6,3275,2300,0.6873913043478261,0.5970946996989753,0.7467243043397603,0.6006340074375429,0.678505675777797,6,random,0.25,27,32
Random Forest,raw,P1,1-3,7,3275,3613,0.44921118184334347,0.4586075744160732,0.4726708573318826,0.3912521552807942,0.40316320450944726,6,random,0.25,27,32
Random Forest,raw,P1,1-3,8,3275,294,0.14965986394557823,0.2108815426997245,0.1801087801087801,0.06521235835982718,0.06017804529490936,6,random,0.25,27,32
Random Forest,raw,P1,1-3,9,3275,470,0.2978723404255319,0.40949999228144923,0.263749092437617,0.1889899560004916,0.2033428605715793,6,random,0.25,27,32
Random Forest,raw,P1,1-3,10,3275,3600,0.37,0.5406427433356448,0.36999999999999994,0.34197992601786203,0.34197992601786203,6,random,0.25,27,32
Random Forest,raw,P1,1-3,4,3275,161,0.7453416149068323,0.7623986519972247,0.7939583333333333,0.7296366839015054,0.7164524957047912,5,random,0.25,28,32
Random Forest,raw,P1,1-3,5,3275,197,0.7817258883248731,0.8203562831006259,0.8040855762594893,0.7525684210526316,0.7535057440555705,5,random,0.25,28,32
Random Forest,raw,P1,1-3,6,3275,2300,0.6739130434782609,0.5663148707539272,0.733324926215141,0.5770874987094105,0.6699939937243956,6,random,0.25,28,32
Random Forest,raw,P1,1-3,7,3275,3613,0.5676722944921119,0.532453263104226,0.582569984239565,0.5215171502067846,0.5355622457662844,6,random,0.25,28,32
Random Forest,raw,P1,1-3,8,3275,294,0.3673469387755102,0.25612150612150614,0.27980769230769226,0.21409527414003046,0.3744952967266177,6,random,0.25,28,32
Random Forest,raw,P1,1-3,9,3275,470,0.5170212765957447,0.47818577569291704,0.5060081266638644,0.4483455329034269,0.43972216037610673,6,random,0.25,28,32
Random Forest,raw,P1,1-3,10,3275,3600,0.33611111111111114,0.5205330312522639,0.3361111111111111,0.30239274247178166,0.30239274247178166,6,random,0.25,28,32
Random Forest,raw,P1,1-3,4,3275,161,0.8571428571428571,0.9260130718954247,0.8502083333333333,0.8511787988298055,0.8287484327752783,5,random,0.25,29,32
Random Forest,raw,P1,1-3,5,3275,197,0.751269035532995,0.7845743180190542,0.7702139406487232,0.7231782884932152,0.7269137638920797,5,random,0.25,29,32
Random Forest,raw,P1,1-3,6,3275,2300,0.678695652173913,0.6194422972483286,0.7363065276060722,0.6009710754761003,0.6787764485303128,6,random,0.25,29,32
Random Forest,raw,P1,1-3,7,3275,3613,0.5228342097979518,0.5173030531222684,0.5263191911962598,0.44738444190346777,0.4638352952680892,6,random,0.25,29,32
Random Forest,raw,P1,1-3,8,3275,294,0.17006802721088435,0.18226209958053533,0.22285353535353536,0.13179059975810534,0.09542805729521894,6,random,0.25,29,32
Random Forest,raw,P1,1-3,9,3275,470,0.42127659574468085,0.4618055555555555,0.4152136752136752,0.3032096592443588,0.30062110682523807,6,random,0.25,29,32
Random Forest,raw,P1,1-3,10,3275,3600,0.3586111111111111,0.37086541225446296,0.35861111111111105,0.3253577242744016,0.3253577242744016,6,random,0.25,29,32
Random Forest,raw,P1,1-3,4,3275,161,0.7888198757763976,0.8127777777777776,0.8158333333333333,0.7523825012197105,0.7791928327823171,5,random,0.25,30,32
Random Forest,raw,P1,1-3,5,3275,197,0.7563451776649747,0.7942857142857143,0.775734989648033,0.7353968253968255,0.7405809362662155,5,random,0.25,30,32
Random Forest,raw,P1,1-3,6,3275,2300,0.6482608695652174,0.6000255759323395,0.7232073293420531,0.5809147708064246,0.6499821225356187,6,random,0.25,30,32
Random Forest,raw,P1,1-3,7,3275,3613,0.4705231109880985,0.46772517603189273,0.48844477439868655,0.40388521964162677,0.4139269756276342,6,random,0.25,30,32
Random Forest,raw,P1,1-3,8,3275,294,0.37755102040816324,0.4698996655518395,0.38888888888888884,0.2840788840788841,0.35871150769109955,6,random,0.25,30,32
Random Forest,raw,P1,1-3,9,3275,470,0.5595744680851064,0.4818130270142655,0.5989383112333931,0.4994178779787711,0.4521117673461459,6,random,0.25,30,32
Random Forest,raw,P1,1-3,10,3275,3600,0.3025,0.37135951930084743,0.30249999999999994,0.2902068859185086,0.2902068859185086,6,random,0.25,30,32
Random Forest,raw,P1,1-3,4,3275,161,0.8385093167701864,0.849676511954993,0.8408333333333333,0.8054390054390055,0.8096106791758966,5,random,0.25,31,32
Random Forest,raw,P1,1-3,5,3275,197,0.7868020304568528,0.8213895781637717,0.8027812284334024,0.7604308404632079,0.7652816839453126,5,random,0.25,31,32
Random Forest,raw,P1,1-3,6,3275,2300,0.6839130434782609,0.554564481409014,0.654977688038045,0.5657652549220124,0.6835133031084207,6,random,0.25,31,32
Random Forest,raw,P1,1-3,7,3275,3613,0.5970107943537226,0.5524587833194113,0.596383739203743,0.546708568427081,0.5593956746142661,6,random,0.25,31,32
Random Forest,raw,P1,1-3,8,3275,294,0.46938775510204084,0.3951366620858146,0.3639763014763015,0.3358586765476331,0.498470832748438,6,random,0.25,31,32
Random Forest,raw,P1,1-3,9,3275,470,0.4340425531914894,0.5477479605382217,0.42617868470327486,0.38547562599909435,0.3606789067898877,6,random,0.25,31,32
Random Forest,raw,P1,1-3,10,3275,3600,0.38972222222222225,0.3590256979909121,0.38972222222222225,0.3589471545151491,0.35894715451514914,6,random,0.25,31,32
Random Forest,raw,P1,1-3,4,3275,161,0.6708074534161491,0.7533499721111394,0.7564583333333333,0.6957816895747929,0.6417035737875318,5,random,0.25,32,32
Random Forest,raw,P1,1-3,5,3275,197,0.7563451776649747,0.7567123287671232,0.7823464458247067,0.7128252413776283,0.710983934016736,5,random,0.25,32,32
Random Forest,raw,P1,1-3,6,3275,2300,0.6804347826086956,0.5823863622084773,0.727949487815251,0.5853998557404462,0.6859075489697938,6,random,0.25,32,32
Random Forest,raw,P1,1-3,7,3275,3613,0.5585386105729311,0.561089582271693,0.574336053556039,0.5048073387964039,0.5224061601625071,6,random,0.25,32,32
Random Forest,raw,P1,1-3,8,3275,294,0.14965986394557823,0.3462474201955379,0.19220085470085468,0.1136565424356122,0.0845221016376688,6,random,0.25,32,32
Random Forest,raw,P1,1-3,9,3275,470,0.4106382978723404,0.39113912290852304,0.3721199383494466,0.31075705731394354,0.3229097848259525,6,random,0.25,32,32
Random Forest,raw,P1,1-3,10,3275,3600,0.3963888888888889,0.398672055017542,0.3963888888888889,0.3802954627327699,0.3802954627327699,6,random,0.25,32,32
Random Forest,raw,P1,1-3,4,3275,161,0.8322981366459627,0.827879788853266,0.8106249999999999,0.776264582943415,0.8067657262516037,5,random,0.25,33,32
Random Forest,raw,P1,1-3,5,3275,197,0.7766497461928934,0.8211594202898551,0.8009109730848861,0.7500595529558117,0.7516534594355697,5,random,0.25,33,32
Random Forest,raw,P1,1-3,6,3275,2300,0.6330434782608696,0.5577776515381835,0.7024491587807437,0.5509150235292931,0.6351185913906036,6,random,0.25,33,32
Random Forest,raw,P1,1-3,7,3275,3613,0.596180459451979,0.56635060252339,0.6085238327404238,0.5485754627649294,0.5694647570149121,6,random,0.25,33,32
Random Forest,raw,P1,1-3,8,3275,294,0.48299319727891155,0.4339160839160839,0.29135586635586636,0.2407260999169567,0.4783754185208253,6,random,0.25,33,32
Random Forest,raw,P1,1-3,9,3275,470,0.3404255319148936,0.27037347540362927,0.2952136752136752,0.1924190629802156,0.21135782578642787,6,random,0.25,33,32
Random Forest,raw,P1,1-3,10,3275,3600,0.3938888888888889,0.3454278378438301,0.3938888888888889,0.35321964645663373,0.3532196464566337,6,random,0.25,33,32
Random Forest,raw,P1,1-3,4,3275,161,0.8136645962732919,0.8115959595959596,0.8012499999999999,0.759499435901437,0.7865600843385254,5,random,0.25,34,32
Random Forest,raw,P1,1-3,5,3275,197,0.7461928934010152,0.7134865223155104,0.7679986197377502,0.6977180101475966,0.6964215858997632,5,random,0.25,34,32
Random Forest,raw,P1,1-3,6,3275,2300,0.7178260869565217,0.6287571665976336,0.7649956174999,0.6235132276855567,0.710929162160136,6,random,0.25,34,32
Random Forest,raw,P1,1-3,7,3275,3613,0.5139773041793524,0.5048037475514345,0.5302711875855786,0.459325417477584,0.4703897390126403,6,random,0.25,34,32
Random Forest,raw,P1,1-3,8,3275,294,0.20748299319727892,0.19271557143802528,0.2818181818181818,0.1425482839478213,0.10413133195448368,6,random,0.25,34,32
Random Forest,raw,P1,1-3,9,3275,470,0.4765957446808511,0.3352669657793504,0.46888888888888886,0.34636236804075365,0.35189871962370073,6,random,0.25,34,32
Random Forest,raw,P1,1-3,10,3275,3600,0.36944444444444446,0.3727704686414146,0.36944444444444446,0.3403333052007053,0.3403333052007053,6,random,0.25,34,32
Random Forest,raw,P1,1-3,4,3275,161,0.8944099378881988,0.9280283628109716,0.87375,0.8884534203786769,0.88656459058171,5,random,0.25,35,32
Random Forest,raw,P1,1-3,5,3275,197,0.7766497461928934,0.807629010373353,0.7940855762594893,0.7460013276434329,0.7495933357883664,5,random,0.25,35,32
Random Forest,raw,P1,1-3,6,3275,2300,0.6930434782608695,0.6211398097828531,0.7355863660789259,0.6092049715423258,0.6888465590423539,6,random,0.25,35,32
Random Forest,raw,P1,1-3,7,3275,3613,0.6235815112095212,0.5695499891908153,0.6303876219232661,0.5826946562426886,0.5757282822022766,6,random,0.25,35,32
Random Forest,raw,P1,1-3,8,3275,294,0.5578231292517006,0.3181453173374613,0.3510392385392385,0.3155496146798203,0.5436996321233516,6,random,0.25,35,32
Random Forest,raw,P1,1-3,9,3275,470,0.5936170212765958,0.6125085592346227,0.603225190110436,0.5541664481492194,0.5181882115397667,6,random,0.25,35,32
Random Forest,raw,P1,1-3,10,3275,3600,0.3883333333333333,0.38822463987823025,0.38833333333333336,0.3642686966646489,0.3642686966646489,6,random,0.25,35,32
Random Forest,raw,P1,1-3,4,3275,161,0.6894409937888198,0.7071569101757781,0.73875,0.6496861526273292,0.6859566264937108,5,random,0.25,36,32
Random Forest,raw,P1,1-3,5,3275,197,0.7918781725888325,0.8271313364055299,0.8071290545203589,0.7673895808852331,0.7728080709268085,5,random,0.25,36,32
Random Forest,raw,P1,1-3,6,3275,2300,0.7047826086956521,0.5553651470561205,0.7560801761381143,0.5917633105875152,0.6576071296882731,6,random,0.25,36,32
Random Forest,raw,P1,1-3,7,3275,3613,0.5665651812897868,0.5689584609933761,0.5852440563566614,0.516308371078746,0.5353568825644142,6,random,0.25,36,32
Random Forest,raw,P1,1-3,8,3275,294,0.32653061224489793,0.3464387464387464,0.2213189588189588,0.15093169155859357,0.32313442723407065,6,random,0.25,36,32
Random Forest,raw,P1,1-3,9,3275,470,0.3382978723404255,0.2662717864923747,0.29809443743869973,0.21898313726372298,0.2321909911513827,6,random,0.25,36,32
Random Forest,raw,P1,1-3,10,3275,3600,0.3325,0.4392742449085289,0.3325,0.2827943740216236,0.2827943740216236,6,random,0.25,36,32
Random Forest,raw,P1,1-3,4,3275,161,0.6645962732919255,0.7370376215401071,0.7262500000000001,0.6538028572087977,0.6531321799165105,5,random,0.25,37,32
Random Forest,raw,P1,1-3,5,3275,197,0.7715736040609137,0.8033803241045717,0.7852587991718426,0.7434581898522505,0.7498749195042783,5,random,0.25,37,32
Random Forest,raw,P1,1-3,6,3275,2300,0.6791304347826087,0.6041339075198385,0.7291401566268507,0.598618692747478,0.6747617966000399,6,random,0.25,37,32
Random Forest,raw,P1,1-3,7,3275,3613,0.5482978134514254,0.49213349121976574,0.5653647512342563,0.48964948936732183,0.502268373500575,6,random,0.25,37,32
Random Forest,raw,P1,1-3,8,3275,294,0.22789115646258504,0.4906957928802589,0.2834110334110334,0.2136157466837826,0.18040478664722198,6,random,0.25,37,32
Random Forest,raw,P1,1-3,9,3275,470,0.4787234042553192,0.4699591630357111,0.4825951825951826,0.411125956631722,0.3777526312167666,6,random,0.25,37,32
Random Forest,raw,P1,1-3,10,3275,3600,0.35138888888888886,0.5406687812405065,0.3513888888888889,0.3331060825348369,0.3331060825348369,6,random,0.25,37,32
Random Forest,raw,P1,1-3,4,3275,161,0.8260869565217391,0.8445160520348491,0.8074999999999999,0.788584523367132,0.7965799765691743,5,random,0.25,38,32
Random Forest,raw,P1,1-3,5,3275,197,0.7411167512690355,0.7987525987525987,0.7662111801242235,0.7264343720973832,0.72984136661126,5,random,0.25,38,32
Random Forest,raw,P1,1-3,6,3275,2300,0.5930434782608696,0.5585936689238696,0.6716374063434074,0.527775786888978,0.5921528846938123,6,random,0.25,38,32
Random Forest,raw,P1,1-3,7,3275,3613,0.524218101300858,0.5108210096806957,0.5250941069381883,0.46243377377888045,0.4712108235011153,6,random,0.25,38,32
Random Forest,raw,P1,1-3,8,3275,294,0.21428571428571427,0.32500637112936576,0.27801087801087804,0.21422306990177079,0.1877896421035271,6,random,0.25,38,32
Random Forest,raw,P1,1-3,9,3275,470,0.3553191489361702,0.44567110247794495,0.3545869795050123,0.28967165235831066,0.2648695348786809,6,random,0.25,38,32
Random Forest,raw,P1,1-3,10,3275,3600,0.32166666666666666,0.3325507642107002,0.32166666666666666,0.2705647496874968,0.2705647496874968,6,random,0.25,38,32
Random Forest,raw,P1,1-3,4,3275,161,0.8322981366459627,0.8315555555555555,0.8106249999999999,0.7780453958511513,0.807472555595796,5,random,0.25,39,32
Random Forest,raw,P1,1-3,5,3275,197,0.7766497461928934,0.812460468058191,0.7997377501725328,0.7449767145135566,0.7452033776180182,5,random,0.25,39,32
Random Forest,raw,P1,1-3,6,3275,2300,0.6378260869565218,0.598763839765172,0.5973021080947941,0.5649919506930815,0.6407802602888654,6,random,0.25,39,32
Random Forest,raw,P1,1-3,7,3275,3613,0.4680321062828674,0.489130583637677,0.4838215377797331,0.3921918562612707,0.4051337331195408,6,random,0.25,39,32
Random Forest,raw,P1,1-3,8,3275,294,0.1360544217687075,0.0846926199797013,0.16982323232323235,0.06635965897542868,0.05033884803239354,6,random,0.25,39,32
Random Forest,raw,P1,1-3,9,3275,470,0.5595744680851064,0.6555629522711374,0.5775058275058275,0.553653076323407,0.5089514784241058,6,random,0.25,39,32
Random Forest,raw,P1,1-3,10,3275,3600,0.36,0.4137822723709927,0.36000000000000004,0.3263063810044297,0.3263063810044297,6,random,0.25,39,32
Random Forest,raw,P1,1-3,4,3275,161,0.8571428571428571,0.870518201910607,0.8302083333333334,0.8205213485701291,0.8330770502032432,5,random,0.25,40,32
Random Forest,raw,P1,1-3,5,3275,197,0.8527918781725888,0.8736972704714641,0.8593029675638372,0.841206006006006,0.8506471547689822,5,random,0.25,40,32
Random Forest,raw,P1,1-3,6,3275,2300,0.7091304347826087,0.5834944908020477,0.7065151125776103,0.5946706963351874,0.7074395086984204,6,random,0.25,40,32
Random Forest,raw,P1,1-3,7,3275,3613,0.6274564074176584,0.54898094981354,0.6270825967802672,0.5695353294216275,0.5894833919720359,6,random,0.25,40,32
Random Forest,raw,P1,1-3,8,3275,294,0.391156462585034,0.41120650719806834,0.37241647241647247,0.3429710029614313,0.4211366922329553,6,random,0.25,40,32
Random Forest,raw,P1,1-3,9,3275,470,0.5085106382978724,0.4970282147015232,0.5142286675073561,0.4726643176935575,0.4396496262117762,6,random,0.25,40,32
Random Forest,raw,P1,1-3,10,3275,3600,0.38555555555555554,0.34305830977722307,0.3855555555555556,0.35043729331074475,0.35043729331074475,6,random,0.25,40,32
Random Forest,raw,P1,1-3,4,3275,161,0.7204968944099379,0.7823953823953824,0.754375,0.6927507133389487,0.7256207743054656,5,random,0.25,41,32
Random Forest,raw,P1,1-3,5,3275,197,0.751269035532995,0.7845743180190542,0.7702139406487232,0.7231782884932152,0.7269137638920797,5,random,0.25,41,32
Random Forest,raw,P1,1-3,6,3275,2300,0.6982608695652174,0.6213222084944111,0.7555117721807566,0.6147923406991678,0.6961985472962854,6,random,0.25,41,32
Random Forest,raw,P1,1-3,7,3275,3613,0.5292001107113202,0.5146962323346704,0.5464801148189294,0.48105557319148956,0.49784939446061793,6,random,0.25,41,32
Random Forest,raw,P1,1-3,8,3275,294,0.19047619047619047,0.37511622501162245,0.20135975135975137,0.11072421395002041,0.13871089354960325,6,random,0.25,41,32
Random Forest,raw,P1,1-3,9,3275,470,0.4021276595744681,0.2820405050352572,0.37827518565223484,0.2949533485382542,0.2907367975260388,6,random,0.25,41,32
Random Forest,raw,P1,1-3,10,3275,3600,0.3591666666666667,0.4836468106356486,0.35916666666666663,0.32979654451155266,0.32979654451155266,6,random,0.25,41,32
Random Forest,raw,P1,1-3,4,3275,161,0.8509316770186336,0.8986039395677949,0.8470833333333333,0.8353741496598641,0.822180185977879,5,random,0.25,42,32
Random Forest,raw,P1,1-3,5,3275,197,0.7766497461928934,0.812460468058191,0.7997377501725328,0.7449767145135566,0.7452033776180182,5,random,0.25,42,32
Random Forest,raw,P1,1-3,6,3275,2300,0.5843478260869566,0.6067607149123453,0.6564586960806637,0.5569278947633395,0.6201818216911198,6,random,0.25,42,32
Random Forest,raw,P1,1-3,7,3275,3613,0.5665651812897868,0.5677447257706593,0.5722159673186599,0.5196879836383329,0.5069269488775692,6,random,0.25,42,32
Random Forest,raw,P1,1-3,8,3275,294,0.2585034013605442,0.44231847490888704,0.24816433566433568,0.20864109701817404,0.27448352953927724,6,random,0.25,42,32
Random Forest,raw,P1,1-3,9,3275,470,0.43617021276595747,0.5186335907398526,0.4355322455322456,0.32764161890412513,0.3164688773139491,6,random,0.25,42,32
Random Forest,raw,P1,1-3,10,3275,3600,0.4075,0.5029879029890013,0.4075,0.3916150810159887,0.39161508101598863,6,random,0.25,42,32
Random Forest,raw,P1,1-3,4,3275,161,0.6770186335403726,0.7676171177690934,0.7595833333333333,0.6837611965555569,0.6875920656905521,5,random,0.25,43,32
Random Forest,raw,P1,1-3,5,3275,197,0.7918781725888325,0.8231630824372761,0.8014768806073154,0.7670224427901847,0.7757316124553721,5,random,0.25,43,32
Random Forest,raw,P1,1-3,6,3275,2300,0.7260869565217392,0.6424529707462016,0.7639103302320268,0.6334861114000728,0.7315834431926034,6,random,0.25,43,32
Random Forest,raw,P1,1-3,7,3275,3613,0.6781068364240244,0.5860592467911275,0.6748559186461297,0.6224250663825972,0.632062049948052,6,random,0.25,43,32
Random Forest,raw,P1,1-3,8,3275,294,0.5714285714285714,0.3851703648067331,0.4399669774669775,0.39100218260128133,0.567491855989441,6,random,0.25,43,32
Random Forest,raw,P1,1-3,9,3275,470,0.4574468085106383,0.40959734180073165,0.46026418026418026,0.4130565062696538,0.39078385705633967,6,random,0.25,43,32
Random Forest,raw,P1,1-3,10,3275,3600,0.41055555555555556,0.3871291509856078,0.41055555555555556,0.3773362984333622,0.3773362984333622,6,random,0.25,43,32
Random Forest,raw,P1,1-3,4,3275,161,0.6708074534161491,0.7683148621767548,0.7564583333333333,0.6782417582417583,0.6849634837212477,5,random,0.25,44,32
Random Forest,raw,P1,1-3,5,3275,197,0.751269035532995,0.7234865223155104,0.7779986197377502,0.7035647733194372,0.6994929994736048,5,random,0.25,44,32
Random Forest,raw,P1,1-3,6,3275,2300,0.6804347826086956,0.5861472175405218,0.726181949925872,0.5920612846593133,0.6728630159016427,6,random,0.25,44,32
Random Forest,raw,P1,1-3,7,3275,3613,0.5280929975089953,0.48690092100829685,0.5308789433040134,0.45239322314714775,0.46171430255120255,6,random,0.25,44,32
Random Forest,raw,P1,1-3,8,3275,294,0.2108843537414966,0.14282834565853433,0.30265151515151517,0.19354881093154644,0.1359297364984622,6,random,0.25,44,32
Random Forest,raw,P1,1-3,9,3275,470,0.4276595744680851,0.25069972167495386,0.4272416472416473,0.30427014048022266,0.3024220745620426,6,random,0.25,44,32
Random Forest,raw,P1,1-3,10,3275,3600,0.3438888888888889,0.3468989038430048,0.3438888888888889,0.3103435213091531,0.31034352130915305,6,random,0.25,44,32
Random Forest,raw,P1,1-3,4,3275,161,0.8509316770186336,0.8986039395677949,0.8470833333333333,0.8353741496598641,0.822180185977879,5,random,0.25,45,32
Random Forest,raw,P1,1-3,5,3275,197,0.7715736040609137,0.8112140650985982,0.7965631469979296,0.7421223524694374,0.7417077281548649,5,random,0.25,45,32
Random Forest,raw,P1,1-3,6,3275,2300,0.6330434782608696,0.5918592100667618,0.6097866031428438,0.5638718756275738,0.6357076021721043,6,random,0.25,45,32
Random Forest,raw,P1,1-3,7,3275,3613,0.5228342097979518,0.4963974612947844,0.5262454964418256,0.453552358241376,0.45565631351019203,6,random,0.25,45,32
Random Forest,raw,P1,1-3,8,3275,294,0.2108843537414966,0.19593253968253968,0.2970959595959596,0.22797947356861006,0.1626238747327095,6,random,0.25,45,32
Random Forest,raw,P1,1-3,9,3275,470,0.43617021276595747,0.2874459228262883,0.4679052823315118,0.3120880143279139,0.2963826966388888,6,random,0.25,45,32
Random Forest,raw,P1,1-3,10,3275,3600,0.37583333333333335,0.4903223985030818,0.3758333333333333,0.3301983388229947,0.3301983388229947,6,random,0.25,45,32
Random Forest,raw,P1,1-3,4,3275,161,0.8385093167701864,0.8103026103026103,0.81375,0.7672159724333637,0.8101718382436718,5,random,0.25,46,32
Random Forest,raw,P1,1-3,5,3275,197,0.7614213197969543,0.7779336138382422,0.7753899240855763,0.7241559810178366,0.729162497186151,5,random,0.25,46,32
Random Forest,raw,P1,1-3,6,3275,2300,0.6995652173913044,0.5755397074504643,0.7478500538726348,0.5897831826067059,0.692435496874525,6,random,0.25,46,32
Random Forest,raw,P1,1-3,7,3275,3613,0.6169388319955715,0.5338524016624459,0.6303750486341431,0.560940189450272,0.56642996412685,6,random,0.25,46,32
Random Forest,raw,P1,1-3,8,3275,294,0.5306122448979592,0.34924652437501913,0.3232711732711733,0.28955030921495223,0.5224054208868645,6,random,0.25,46,32
Random Forest,raw,P1,1-3,9,3275,470,0.4085106382978723,0.32088232816811035,0.3793288496567185,0.31167485571218784,0.3136807545490438,6,random,0.25,46,32
Random Forest,raw,P1,1-3,10,3275,3600,0.3263888888888889,0.296858561524378,0.3263888888888889,0.27722595479844564,0.2772259547984456,6,random,0.25,46,32
Random Forest,raw,P1,1-3,4,3275,161,0.7950310559006211,0.8147273147273146,0.8189583333333333,0.7688509410453144,0.7730291977195123,5,random,0.25,47,32
Random Forest,raw,P1,1-3,5,3275,197,0.7817258883248731,0.8149560117302052,0.7984334023464459,0.7533051337471,0.7575476376376749,5,random,0.25,47,32
Random Forest,raw,P1,1-3,6,3275,2300,0.6534782608695652,0.6089675047554587,0.7160551691872317,0.5844670150845781,0.6560690402539534,6,random,0.25,47,32
Random Forest,raw,P1,1-3,7,3275,3613,0.43703293661776915,0.45204830259820356,0.46609287003355626,0.3589720596709958,0.36295373745249787,6,random,0.25,47,32
Random Forest,raw,P1,1-3,8,3275,294,0.24149659863945577,0.14959173050960492,0.33888888888888885,0.1982396388686504,0.13464480959437863,6,random,0.25,47,32
Random Forest,raw,P1,1-3,9,3275,470,0.5,0.6157403590581004,0.5320124320124321,0.44406459458419145,0.40230544880909513,6,random,0.25,47,32
Random Forest,raw,P1,1-3,10,3275,3600,0.41805555555555557,0.4793603880688435,0.41805555555555557,0.3894406144358464,0.3894406144358464,6,random,0.25,47,32
Random Forest,raw,P1,1-3,4,3275,161,0.6770186335403726,0.7227467218771567,0.7595833333333333,0.6811323583004999,0.6459064085843615,5,random,0.25,48,32
Random Forest,raw,P1,1-3,5,3275,197,0.7411167512690355,0.7676214196762141,0.7626915113871635,0.7137565861849342,0.7168665263534102,5,random,0.25,48,32
Random Forest,raw,P1,1-3,6,3275,2300,0.7021739130434783,0.6035123172302804,0.7569903596197552,0.6083703050927445,0.6979393556919603,6,random,0.25,48,32
Random Forest,raw,P1,1-3,7,3275,3613,0.5405480210351509,0.4895430134572207,0.5551816337527083,0.4874262403658296,0.49703918637651534,6,random,0.25,48,32
Random Forest,raw,P1,1-3,8,3275,294,0.2755102040816326,0.3085245068639211,0.3187354312354312,0.22957011274004738,0.24831992732486263,6,random,0.25,48,32
Random Forest,raw,P1,1-3,9,3275,470,0.551063829787234,0.4769872639437857,0.5871157985912084,0.49715619409557776,0.45065170114218306,6,random,0.25,48,32
Random Forest,raw,P1,1-3,10,3275,3600,0.3605555555555556,0.33985000413156324,0.3605555555555556,0.33405014076422024,0.33405014076422024,6,random,0.25,48,32
Random Forest,raw,P1,1-3,4,3275,161,0.6583850931677019,0.750993993993994,0.723125,0.6877064456011824,0.6306744724528315,5,random,0.25,49,32
Random Forest,raw,P1,1-3,5,3275,197,0.7817258883248731,0.825757946482194,0.8052587991718425,0.7570571590265988,0.7580337777471352,5,random,0.25,49,32
Random Forest,raw,P1,1-3,6,3275,2300,0.7086956521739131,0.5534120512967432,0.7499819384690488,0.5971090344902331,0.6589471568936918,6,random,0.25,49,32
Random Forest,raw,P1,1-3,7,3275,3613,0.5516191530584003,0.4964395769662042,0.5780509913885589,0.4828207799786779,0.4889419671697957,6,random,0.25,49,32
Random Forest,raw,P1,1-3,8,3275,294,0.35714285714285715,0.35509259259259257,0.2373057498057498,0.16849470537569033,0.3544976646989545,6,random,0.25,49,32
Random Forest,raw,P1,1-3,9,3275,470,0.44893617021276594,0.2729789590254707,0.44017094017094016,0.32453598723439997,0.31654042231549834,6,random,0.25,49,32
Random Forest,raw,P1,1-3,10,3275,3600,0.32972222222222225,0.29421949408711096,0.32972222222222225,0.2916857951787494,0.2916857951787493,6,random,0.25,49,32
Random Forest,raw,P1,1-3,4,3275,161,0.6708074534161491,0.7832575757575758,0.7670833333333333,0.7083309421329508,0.652380061250375,5,stable,0.5,0,64
Random Forest,raw,P1,1-3,5,3275,197,0.8324873096446701,0.8635254497022722,0.853216011042098,0.8197719077402246,0.8110710808460219,5,stable,0.5,0,64
Random Forest,raw,P1,1-3,6,3275,2300,0.6782608695652174,0.7423063083696896,0.6941834066285288,0.59746203109456,0.6901091233866413,6,stable,0.5,0,64
Random Forest,raw,P1,1-3,7,3275,3613,0.608081926376972,0.628253846044002,0.6178867841280979,0.5902263257783485,0.580545304536861,6,stable,0.5,0,64
Random Forest,raw,P1,1-3,8,3275,294,0.8095238095238095,0.6246889592538386,0.6760586635586635,0.6310928603597662,0.7770577942474449,6,stable,0.5,0,64
Random Forest,raw,P1,1-3,9,3275,470,0.6787234042553192,0.6165499122828847,0.7138083228247162,0.6553154857599282,0.6253050425102734,6,stable,0.5,0,64
Random Forest,raw,P1,1-3,10,3275,3600,0.46555555555555556,0.49626650979898934,0.46555555555555556,0.4706859372120526,0.4706859372120525,6,stable,0.5,0,64
Random Forest,raw,P1,1-3,4,3275,161,0.7080745341614907,0.771224917640012,0.748125,0.6917508417508417,0.7181960551525768,5,discriminative,0.5,0,64
Random Forest,raw,P1,1-3,5,3275,197,0.7766497461928934,0.812460468058191,0.7997377501725328,0.7449767145135566,0.7452033776180182,5,discriminative,0.5,0,64
Random Forest,raw,P1,1-3,6,3275,2300,0.711304347826087,0.5584433593434012,0.7574947870385854,0.5818892736509124,0.7002967149853615,6,discriminative,0.5,0,64
Random Forest,raw,P1,1-3,7,3275,3613,0.4940492665375035,0.5344823899962557,0.5011366705487855,0.4646908304496988,0.4908644057158171,6,discriminative,0.5,0,64
Random Forest,raw,P1,1-3,8,3275,294,0.37755102040816324,0.21196319018404908,0.2177933177933178,0.17579182630906767,0.39716188391065244,6,discriminative,0.5,0,64
Random Forest,raw,P1,1-3,9,3275,470,0.35319148936170214,0.21245421245421245,0.3076923076923077,0.22461685823754787,0.2438371239911959,6,discriminative,0.5,0,64
Random Forest,raw,P1,1-3,10,3275,3600,0.3486111111111111,0.3107868608447002,0.34861111111111115,0.3114631514942245,0.3114631514942245,6,discriminative,0.5,0,64
Random Forest,raw,P1,1-3,4,3275,161,0.8322981366459627,0.8429462041226747,0.8106249999999999,0.7872678479040791,0.8049204791449867,5,balanced,0.5,0,64
Random Forest,raw,P1,1-3,5,3275,197,0.7766497461928934,0.807629010373353,0.7940855762594893,0.7460013276434329,0.7495933357883664,5,balanced,0.5,0,64
Random Forest,raw,P1,1-3,6,3275,2300,0.7021739130434783,0.5389841231213347,0.7553185081655714,0.5690972438928189,0.6793743256297741,6,balanced,0.5,0,64
Random Forest,raw,P1,1-3,7,3275,3613,0.48187102131192916,0.5094781285731226,0.4967835512438741,0.4508178004520593,0.4712265188054428,6,balanced,0.5,0,64
Random Forest,raw,P1,1-3,8,3275,294,0.4387755102040816,0.5354609929078015,0.28644133644133646,0.22127900396151667,0.4356917639721424,6,balanced,0.5,0,64
Random Forest,raw,P1,1-3,9,3275,470,0.3617021276595745,0.21401515151515152,0.3162393162393162,0.23140397034202342,0.25113100296681545,6,balanced,0.5,0,64
Random Forest,raw,P1,1-3,10,3275,3600,0.3358333333333333,0.3086989276640506,0.3358333333333334,0.30764556721906644,0.30764556721906644,6,balanced,0.5,0,64
Random Forest,raw,P1,1-3,4,3275,161,0.8944099378881988,0.9328205128205129,0.8902083333333334,0.8939092331768389,0.8818347767766017,5,random,0.5,0,64
Random Forest,raw,P1,1-3,5,3275,197,0.7461928934010152,0.7494990892531875,0.76351966873706,0.7055483870967743,0.7083077706820953,5,random,0.5,0,64
Random Forest,raw,P1,1-3,6,3275,2300,0.7095652173913043,0.6224259341789748,0.7225764079093029,0.6148558774681134,0.7024924105164204,6,random,0.5,0,64
Random Forest,raw,P1,1-3,7,3275,3613,0.6811513977304179,0.6409696837276099,0.678487075942246,0.6414523999141769,0.637081328749845,6,random,0.5,0,64
Random Forest,raw,P1,1-3,8,3275,294,0.5034013605442177,0.5284621178479344,0.5869269619269619,0.48467142332642604,0.49615625807143426,6,random,0.5,0,64
Random Forest,raw,P1,1-3,9,3275,470,0.6127659574468085,0.6454701750514857,0.6487956487956489,0.5958639480841629,0.5695310257944535,6,random,0.5,0,64
Random Forest,raw,P1,1-3,10,3275,3600,0.37444444444444447,0.3889743125973373,0.3744444444444444,0.3521903539436835,0.3521903539436835,6,random,0.5,0,64
Random Forest,raw,P1,1-3,4,3275,161,0.7204968944099379,0.8065790072859744,0.7814583333333334,0.7517767233804616,0.6926652586205614,5,random,0.5,1,64
Random Forest,raw,P1,1-3,5,3275,197,0.751269035532995,0.7845158726654599,0.7770393374741201,0.7274501121391074,0.7271895667203273,5,random,0.5,1,64
Random Forest,raw,P1,1-3,6,3275,2300,0.6752173913043479,0.5722894611857045,0.7393309980003545,0.5808218187146128,0.6702075367566908,6,random,0.5,1,64
Random Forest,raw,P1,1-3,7,3275,3613,0.5790202048159424,0.5132260209154903,0.5900824457836858,0.5219051054884382,0.5320503353210216,6,random,0.5,1,64
Random Forest,raw,P1,1-3,8,3275,294,0.25170068027210885,0.3995670995670995,0.215986790986791,0.15387603362737914,0.24792922570008885,6,random,0.5,1,64
Random Forest,raw,P1,1-3,9,3275,470,0.35319148936170214,0.23894676504687506,0.3126299565643828,0.23761796898062362,0.2527703687202339,6,random,0.5,1,64
Random Forest,raw,P1,1-3,10,3275,3600,0.36083333333333334,0.42319155202030895,0.36083333333333334,0.33472855902215076,0.3347285590221508,6,random,0.5,1,64
Random Forest,raw,P1,1-3,4,3275,161,0.7950310559006211,0.8114163614163615,0.791875,0.7606163514411747,0.7687659722360362,5,random,0.5,2,64
Random Forest,raw,P1,1-3,5,3275,197,0.7360406091370558,0.7403508771929824,0.7628226363008972,0.6985962440507895,0.697413488368726,5,random,0.5,2,64
Random Forest,raw,P1,1-3,6,3275,2300,0.7,0.610491901723643,0.7513213575642372,0.6093929338449701,0.6902983556492145,6,random,0.5,2,64
Random Forest,raw,P1,1-3,7,3275,3613,0.5081649598671464,0.5053452116410776,0.5245514136737529,0.45231756643753823,0.4645199933226465,6,random,0.5,2,64
Random Forest,raw,P1,1-3,8,3275,294,0.22108843537414966,0.2505064100750854,0.30404040404040406,0.19444058221639512,0.13590158172943662,6,random,0.5,2,64
Random Forest,raw,P1,1-3,9,3275,470,0.5170212765957447,0.5887148798913505,0.5479953379953381,0.4752345786083138,0.43248684086264294,6,random,0.5,2,64
Random Forest,raw,P1,1-3,10,3275,3600,0.3438888888888889,0.3571252273111336,0.3438888888888889,0.3186055590339511,0.31860555903395116,6,random,0.5,2,64
Random Forest,raw,P1,1-3,4,3275,161,0.8571428571428571,0.862012012012012,0.83375,0.8117447769621682,0.8394618029373634,5,random,0.5,3,64
Random Forest,raw,P1,1-3,5,3275,197,0.7563451776649747,0.7767213114754098,0.7722153209109731,0.7213261648745519,0.7256842915103927,5,random,0.5,3,64
Random Forest,raw,P1,1-3,6,3275,2300,0.7178260869565217,0.601805103343406,0.7596314281895159,0.610824146445847,0.7058637025150241,6,random,0.5,3,64
Random Forest,raw,P1,1-3,7,3275,3613,0.6363133130362579,0.5643156506520638,0.6428837331741449,0.5796783539953143,0.5998754353396504,6,random,0.5,3,64
Random Forest,raw,P1,1-3,8,3275,294,0.5068027210884354,0.27637987012987014,0.2956293706293706,0.2390938799762329,0.4914032279578498,6,random,0.5,3,64
Random Forest,raw,P1,1-3,9,3275,470,0.5829787234042553,0.6467864821789541,0.5905417351318991,0.5487608224199417,0.5165297904996827,6,random,0.5,3,64
Random Forest,raw,P1,1-3,10,3275,3600,0.3647222222222222,0.35907625557295697,0.36472222222222217,0.3410107928952734,0.3410107928952733,6,random,0.5,3,64
Random Forest,raw,P1,1-3,4,3275,161,0.782608695652174,0.8118253968253969,0.8033333333333333,0.7593841642228739,0.7872852953498114,5,random,0.5,4,64
Random Forest,raw,P1,1-3,5,3275,197,0.7969543147208121,0.8323297491039426,0.8114768806073155,0.7741918544016905,0.7801386372770246,5,random,0.5,4,64
Random Forest,raw,P1,1-3,6,3275,2300,0.7030434782608695,0.580646680172079,0.743690699453473,0.594939472669275,0.6939300758770226,6,random,0.5,4,64
Random Forest,raw,P1,1-3,7,3275,3613,0.6424024356490451,0.5550162055425379,0.6399764308560615,0.5862892562926585,0.5957627680178912,6,random,0.5,4,64
Random Forest,raw,P1,1-3,8,3275,294,0.5918367346938775,0.33331569664903,0.41099456099456094,0.3433877034361948,0.5707503086082212,6,random,0.5,4,64
Random Forest,raw,P1,1-3,9,3275,470,0.5085106382978724,0.49926174496644293,0.5041958041958042,0.4628733431479728,0.43822894341934715,6,random,0.5,4,64
Random Forest,raw,P1,1-3,10,3275,3600,0.36916666666666664,0.3530106177115279,0.36916666666666664,0.33773116137217696,0.33773116137217696,6,random,0.5,4,64
Random Forest,raw,P1,1-3,4,3275,161,0.8881987577639752,0.9410955710955712,0.8870833333333333,0.8967934811936754,0.8761474393587914,5,random,0.5,5,64
Random Forest,raw,P1,1-3,5,3275,197,0.7969543147208121,0.8466101694915255,0.8206487232574189,0.7852477168134738,0.7877299929280693,5,random,0.5,5,64
Random Forest,raw,P1,1-3,6,3275,2300,0.672608695652174,0.6214159591330711,0.734459456010533,0.6011777556484968,0.6770951280613777,6,random,0.5,5,64
Random Forest,raw,P1,1-3,7,3275,3613,0.657625242181013,0.6438585355402362,0.6536079935769025,0.6244923480835725,0.6171878110047601,6,random,0.5,5,64
Random Forest,raw,P1,1-3,8,3275,294,0.41156462585034015,0.5770094279322467,0.4867035742035743,0.3490935133463662,0.37687438974757,6,random,0.5,5,64
Random Forest,raw,P1,1-3,9,3275,470,0.5446808510638298,0.5874068855841427,0.5447630147630148,0.4673131896688832,0.4661948875159375,6,random,0.5,5,64
Random Forest,raw,P1,1-3,10,3275,3600,0.36194444444444446,0.3878401718971027,0.3619444444444444,0.3443754723457848,0.34437547234578486,6,random,0.5,5,64
Random Forest,raw,P1,1-3,4,3275,161,0.7391304347826086,0.8126807611353971,0.76375,0.7500726724256135,0.7128487880406039,5,random,0.5,6,64
Random Forest,raw,P1,1-3,5,3275,197,0.7817258883248731,0.8149560117302052,0.7984334023464459,0.7533051337471,0.7575476376376749,5,random,0.5,6,64
Random Forest,raw,P1,1-3,6,3275,2300,0.7065217391304348,0.6157441346350623,0.7445792349559652,0.6142552904865707,0.6986673627927801,6,random,0.5,6,64
Random Forest,raw,P1,1-3,7,3275,3613,0.5244948796014393,0.5083703303579149,0.5426564400198112,0.4648843900950375,0.47590095465363785,6,random,0.5,6,64
Random Forest,raw,P1,1-3,8,3275,294,0.1598639455782313,0.10882158225753062,0.20833333333333334,0.11148904006046863,0.07851666743795024,6,random,0.5,6,64
Random Forest,raw,P1,1-3,9,3275,470,0.6234042553191489,0.6704895633467062,0.6611810411810412,0.6180405285731623,0.5639938780357855,6,random,0.5,6,64
Random Forest,raw,P1,1-3,10,3275,3600,0.3675,0.37634340698181973,0.3675,0.3441827982931811,0.3441827982931811,6,random,0.5,6,64
Random Forest,raw,P1,1-3,4,3275,161,0.9006211180124224,0.924718045112782,0.896875,0.8950501672240803,0.8897027358274994,5,random,0.5,7,64
Random Forest,raw,P1,1-3,5,3275,197,0.7411167512690355,0.7483789954337899,0.7603450655624568,0.7027610078080979,0.7048358667735042,5,random,0.5,7,64
Random Forest,raw,P1,1-3,6,3275,2300,0.7143478260869566,0.6265298103417577,0.7573692961749884,0.6198205283614968,0.7055421740653828,6,random,0.5,7,64
Random Forest,raw,P1,1-3,7,3275,3613,0.689454746747855,0.606701871084573,0.6865561911494016,0.6327898949156548,0.6431280945720975,6,random,0.5,7,64
Random Forest,raw,P1,1-3,8,3275,294,0.30272108843537415,0.2672708029492789,0.23612082362082362,0.20158219739950853,0.32953749052005193,6,random,0.5,7,64
Random Forest,raw,P1,1-3,9,3275,470,0.6085106382978723,0.6463409186138224,0.6318831441782261,0.5903147257700407,0.546416935944319,6,random,0.5,7,64
Random Forest,raw,P1,1-3,10,3275,3600,0.38472222222222224,0.4131469141412191,0.38472222222222224,0.3621159317764491,0.3621159317764491,6,random,0.5,7,64
Random Forest,raw,P1,1-3,4,3275,161,0.8819875776397516,0.8967819784202289,0.8710416666666667,0.8704548890263176,0.8770129784770423,5,random,0.5,8,64
Random Forest,raw,P1,1-3,5,3275,197,0.7918781725888325,0.8369929006085192,0.8174741200828157,0.7821822492511071,0.7834027693750032,5,random,0.5,8,64
Random Forest,raw,P1,1-3,6,3275,2300,0.6678260869565218,0.6029165636169795,0.7322966901958705,0.5943583962824004,0.6756707873036495,6,random,0.5,8,64
Random Forest,raw,P1,1-3,7,3275,3613,0.4350954885137005,0.42297087347080026,0.45812235088140313,0.3771812803831632,0.3816373371707372,6,random,0.5,8,64
Random Forest,raw,P1,1-3,8,3275,294,0.15306122448979592,0.0597821400953297,0.19444444444444445,0.08946243752657303,0.07014630192545096,6,random,0.5,8,64
Random Forest,raw,P1,1-3,9,3275,470,0.5574468085106383,0.42981272255007696,0.5947163947163947,0.4796063308295862,0.4509260800095364,6,random,0.5,8,64
Random Forest,raw,P1,1-3,10,3275,3600,0.32805555555555554,0.3465210836296102,0.3280555555555556,0.305396075100581,0.305396075100581,6,random,0.5,8,64
Random Forest,raw,P1,1-3,4,3275,161,0.6645962732919255,0.7637737993748224,0.7262500000000001,0.6591508491508491,0.6793451889725182,5,random,0.5,9,64
Random Forest,raw,P1,1-3,5,3275,197,0.8020304568527918,0.8370967741935484,0.8158247066942719,0.7808475830669379,0.7872845290025575,5,random,0.5,9,64
Random Forest,raw,P1,1-3,6,3275,2300,0.6239130434782608,0.6064649148388656,0.692380460491843,0.5753097447110358,0.6549565424441216,6,random,0.5,9,64
Random Forest,raw,P1,1-3,7,3275,3613,0.5812344312205923,0.5596763012159476,0.5858332419121048,0.552551785163256,0.553384616333235,6,random,0.5,9,64
Random Forest,raw,P1,1-3,8,3275,294,0.22108843537414966,0.40928362573099414,0.23145881895881895,0.15847466188374548,0.19895648965241597,6,random,0.5,9,64
Random Forest,raw,P1,1-3,9,3275,470,0.5382978723404256,0.6169253332026073,0.5383993783993785,0.47903045556855367,0.4586068190557299,6,random,0.5,9,64
Random Forest,raw,P1,1-3,10,3275,3600,0.3794444444444444,0.38838917904023584,0.3794444444444444,0.3538653973385273,0.3538653973385273,6,random,0.5,9,64
Random Forest,raw,P1,1-3,4,3275,161,0.8881987577639752,0.9343546365914787,0.9012499999999999,0.909084092879402,0.8824917021026094,5,random,0.5,10,64
Random Forest,raw,P1,1-3,5,3275,197,0.7715736040609137,0.8033803241045717,0.7852587991718426,0.7434581898522505,0.7498749195042783,5,random,0.5,10,64
Random Forest,raw,P1,1-3,6,3275,2300,0.6808695652173913,0.6217242805232085,0.7420253381918406,0.6075456429192571,0.6868088755486631,6,random,0.5,10,64
Random Forest,raw,P1,1-3,7,3275,3613,0.6030999169665098,0.5892415185223653,0.6005643826162195,0.5561324646239655,0.5467881280550828,6,random,0.5,10,64
Random Forest,raw,P1,1-3,8,3275,294,0.3877551020408163,0.40728715728715725,0.4287684537684538,0.35299965287173474,0.39062715752377225,6,random,0.5,10,64
Random Forest,raw,P1,1-3,9,3275,470,0.6404255319148936,0.5827200491173689,0.6841025641025641,0.5837722647562354,0.5647780661301798,6,random,0.5,10,64
Random Forest,raw,P1,1-3,10,3275,3600,0.37277777777777776,0.4260766286448847,0.3727777777777777,0.3557712992490178,0.35577129924901785,6,random,0.5,10,64
Random Forest,raw,P1,1-3,4,3275,161,0.8260869565217391,0.9026234567901235,0.8210416666666667,0.8251252395780131,0.7981743753745951,5,random,0.5,11,64
Random Forest,raw,P1,1-3,5,3275,197,0.7715736040609137,0.8054298642533937,0.7852587991718426,0.7438036837995499,0.751518284347431,5,random,0.5,11,64
Random Forest,raw,P1,1-3,6,3275,2300,0.6826086956521739,0.5677776892063634,0.7439120540668881,0.5795316070766982,0.6807800753758148,6,random,0.5,11,64
Random Forest,raw,P1,1-3,7,3275,3613,0.5308607805148077,0.5424069704607994,0.5505294877673053,0.48974992461059025,0.5081186268576995,6,random,0.5,11,64
Random Forest,raw,P1,1-3,8,3275,294,0.17346938775510204,0.3664195034265813,0.19553224553224555,0.09436537081592167,0.1044795822174212,6,random,0.5,11,64
Random Forest,raw,P1,1-3,9,3275,470,0.4276595744680851,0.4250851447276472,0.3939778618467143,0.3562408471886071,0.3604387423288502,6,random,0.5,11,64
Random Forest,raw,P1,1-3,10,3275,3600,0.38055555555555554,0.36360819984565,0.38055555555555554,0.35621368874429377,0.3562136887442939,6,random,0.5,11,64
Random Forest,raw,P1,1-3,4,3275,161,0.84472049689441,0.8130793650793651,0.8168749999999999,0.7726469453807583,0.8147551385117853,5,random,0.5,12,64
Random Forest,raw,P1,1-3,5,3275,197,0.7918781725888325,0.8271313364055299,0.8071290545203589,0.7673895808852331,0.7728080709268085,5,random,0.5,12,64
Random Forest,raw,P1,1-3,6,3275,2300,0.707391304347826,0.5971800909623979,0.7601494900503486,0.6052331625644957,0.7040376158281346,6,random,0.5,12,64
Random Forest,raw,P1,1-3,7,3275,3613,0.6531967893717132,0.5660023793405177,0.6553650973839561,0.59807680898382,0.6067951994853253,6,random,0.5,12,64
Random Forest,raw,P1,1-3,8,3275,294,0.4217687074829932,0.27946681894584063,0.31626845376845375,0.2639331235471816,0.43794064080235184,6,random,0.5,12,64
Random Forest,raw,P1,1-3,9,3275,470,0.5808510638297872,0.5510347518571203,0.6105672105672106,0.5438649972196304,0.4982162260033964,6,random,0.5,12,64
Random Forest,raw,P1,1-3,10,3275,3600,0.38861111111111113,0.36266955581665944,0.3886111111111111,0.34686589708545545,0.34686589708545534,6,random,0.5,12,64
Random Forest,raw,P1,1-3,4,3275,161,0.8322981366459627,0.8029657682470983,0.8247916666666667,0.784689289608061,0.8177289053142515,5,random,0.5,13,64
Random Forest,raw,P1,1-3,5,3275,197,0.7817258883248731,0.8149560117302052,0.7984334023464459,0.7533051337471,0.7575476376376749,5,random,0.5,13,64
Random Forest,raw,P1,1-3,6,3275,2300,0.6926086956521739,0.5644190068162068,0.7066860508775492,0.5790392414368152,0.6858116731292144,6,random,0.5,13,64
Random Forest,raw,P1,1-3,7,3275,3613,0.6257957376141711,0.5524982312938005,0.6308754890271997,0.5710813764080546,0.5851114535536448,6,random,0.5,13,64
Random Forest,raw,P1,1-3,8,3275,294,0.5544217687074829,0.4290884353741496,0.349562937062937,0.28699841257431874,0.5351171967238004,6,random,0.5,13,64
Random Forest,raw,P1,1-3,9,3275,470,0.5319148936170213,0.5093604296173269,0.5133151183970857,0.47364825584165815,0.4636819816936038,6,random,0.5,13,64
Random Forest,raw,P1,1-3,10,3275,3600,0.3688888888888889,0.3463409609611161,0.3688888888888888,0.339488507684825,0.3394885076848251,6,random,0.5,13,64
Random Forest,raw,P1,1-3,4,3275,161,0.7515527950310559,0.7423878463930886,0.77,0.6943837698404722,0.7387496754957702,5,random,0.5,14,64
Random Forest,raw,P1,1-3,5,3275,197,0.8223350253807107,0.8533259176863183,0.8332160110420981,0.8061860388930157,0.814223181832201,5,random,0.5,14,64
Random Forest,raw,P1,1-3,6,3275,2300,0.6478260869565218,0.5938651225636393,0.6883284628154588,0.5789777709231129,0.6700854940361002,6,random,0.5,14,64
Random Forest,raw,P1,1-3,7,3275,3613,0.596180459451979,0.5668142772129522,0.6013559465881405,0.5557493166623279,0.5629565144771235,6,random,0.5,14,64
Random Forest,raw,P1,1-3,8,3275,294,0.272108843537415,0.34070459699031125,0.2528263403263403,0.19868964030549396,0.2781746660230981,6,random,0.5,14,64
Random Forest,raw,P1,1-3,9,3275,470,0.48723404255319147,0.46278563227346897,0.4824814347765168,0.39156204856107646,0.38494417798884967,6,random,0.5,14,64
Random Forest,raw,P1,1-3,10,3275,3600,0.4025,0.4004547279693518,0.4025,0.3820650574686899,0.38206505746868996,6,random,0.5,14,64
Random Forest,raw,P1,1-3,4,3275,161,0.7577639751552795,0.7859960978278868,0.7731250000000001,0.720998597906463,0.7538359468247109,5,random,0.5,15,64
Random Forest,raw,P1,1-3,5,3275,197,0.766497461928934,0.8111029231147139,0.7889095928226363,0.74458404952889,0.7468762505008261,5,random,0.5,15,64
Random Forest,raw,P1,1-3,6,3275,2300,0.6756521739130434,0.6168771460313421,0.7338735043718083,0.6013813555241424,0.6789268526905083,6,random,0.5,15,64
Random Forest,raw,P1,1-3,7,3275,3613,0.5989482424577913,0.5751416685659781,0.6059846385572684,0.5612465775731796,0.5608214742502006,6,random,0.5,15,64
Random Forest,raw,P1,1-3,8,3275,294,0.2619047619047619,0.266182267586762,0.2260198135198135,0.19567709332227975,0.2891769472193067,6,random,0.5,15,64
Random Forest,raw,P1,1-3,9,3275,470,0.4127659574468085,0.5740317114500121,0.4124864024864025,0.3147617049318198,0.303985359191036,6,random,0.5,15,64
Random Forest,raw,P1,1-3,10,3275,3600,0.3927777777777778,0.4692964081318109,0.3927777777777777,0.35727186200100447,0.3572718620010044,6,random,0.5,15,64
Random Forest,raw,P1,1-3,4,3275,161,0.8881987577639752,0.9001212121212122,0.8735416666666665,0.8661734771531672,0.8754706673142334,5,random,0.5,16,64
Random Forest,raw,P1,1-3,5,3275,197,0.751269035532995,0.7845743180190542,0.7702139406487232,0.7231782884932152,0.7269137638920797,5,random,0.5,16,64
Random Forest,raw,P1,1-3,6,3275,2300,0.7034782608695652,0.6198644444420098,0.7577446781270272,0.614679906287813,0.7007793655744387,6,random,0.5,16,64
Random Forest,raw,P1,1-3,7,3275,3613,0.5856628840298921,0.533297860977749,0.5900579036946952,0.5306708446275498,0.5376782416118256,6,random,0.5,16,64
Random Forest,raw,P1,1-3,8,3275,294,0.20408163265306123,0.2652436247723133,0.2130924630924631,0.15298742138364776,0.18722893303606092,6,random,0.5,16,64
Random Forest,raw,P1,1-3,9,3275,470,0.5170212765957447,0.45792670115342254,0.5110256410256411,0.4381185007239699,0.42609785030858577,6,random,0.5,16,64
Random Forest,raw,P1,1-3,10,3275,3600,0.36,0.36791872456554536,0.36000000000000004,0.3321740352913926,0.33217403529139267,6,random,0.5,16,64
Random Forest,raw,P1,1-3,4,3275,161,0.84472049689441,0.8921246892331229,0.8168749999999999,0.8153679653679653,0.8147427107054436,5,random,0.5,17,64
Random Forest,raw,P1,1-3,5,3275,197,0.7309644670050761,0.7284196933010492,0.7528226363008972,0.6917739159043187,0.6922559198280274,5,random,0.5,17,64
Random Forest,raw,P1,1-3,6,3275,2300,0.71,0.6179966807246893,0.7623710011289093,0.6185317856256054,0.6986680815002072,6,random,0.5,17,64
Random Forest,raw,P1,1-3,7,3275,3613,0.6078051480763909,0.5284370025881219,0.6161535837323003,0.5518053603634613,0.5617058995543092,6,random,0.5,17,64
Random Forest,raw,P1,1-3,8,3275,294,0.3129251700680272,0.26381451253659155,0.23936480186480188,0.20927925215400334,0.3451824862791443,6,random,0.5,17,64
Random Forest,raw,P1,1-3,9,3275,470,0.5106382978723404,0.4434122199914741,0.5298387404944782,0.453147574078858,0.41646397135027813,6,random,0.5,17,64
Random Forest,raw,P1,1-3,10,3275,3600,0.3630555555555556,0.37700046488610006,0.3630555555555555,0.3348239571650595,0.3348239571650595,6,random,0.5,17,64
Random Forest,raw,P1,1-3,4,3275,161,0.8385093167701864,0.9050703109526639,0.8691666666666666,0.8734898003948235,0.8307406413360235,5,random,0.5,18,64
Random Forest,raw,P1,1-3,5,3275,197,0.7411167512690355,0.7622113871475376,0.7615182884748102,0.7079237104038272,0.71012730298577,5,random,0.5,18,64
Random Forest,raw,P1,1-3,6,3275,2300,0.6952173913043478,0.6185858281152359,0.7188031284083393,0.6078052726166856,0.6928323825479613,6,random,0.5,18,64
Random Forest,raw,P1,1-3,7,3275,3613,0.47938001660669805,0.4834515314890488,0.49958435789127614,0.4119143335422611,0.42157484548205804,6,random,0.5,18,64
Random Forest,raw,P1,1-3,8,3275,294,0.13945578231292516,0.03578394254376908,0.17222222222222225,0.05902425153349311,0.04752260411822039,6,random,0.5,18,64
Random Forest,raw,P1,1-3,9,3275,470,0.5276595744680851,0.5486413759208423,0.5461255684206503,0.4802641497039488,0.4407112792476671,6,random,0.5,18,64
Random Forest,raw,P1,1-3,10,3275,3600,0.3636111111111111,0.42472306921339964,0.3636111111111111,0.3459210451484987,0.34592104514849864,6,random,0.5,18,64
Random Forest,raw,P1,1-3,4,3275,161,0.8571428571428571,0.8833333333333332,0.8502083333333333,0.8272729569281292,0.8273739111605892,5,random,0.5,19,64
Random Forest,raw,P1,1-3,5,3275,197,0.7461928934010152,0.7756756756756757,0.7715182884748102,0.7149528721721234,0.7155453625770409,5,random,0.5,19,64
Random Forest,raw,P1,1-3,6,3275,2300,0.7004347826086956,0.612948663625414,0.7557541134880581,0.6109425851760785,0.6912274716350373,6,random,0.5,19,64
Random Forest,raw,P1,1-3,7,3275,3613,0.5837254359258234,0.5627559607531901,0.5913706521533756,0.5378620419095391,0.5322763505305061,6,random,0.5,19,64
Random Forest,raw,P1,1-3,8,3275,294,0.22448979591836735,0.35214646464646465,0.30513791763791764,0.2318384486529614,0.1795403227759827,6,random,0.5,19,64
Random Forest,raw,P1,1-3,9,3275,470,0.4574468085106383,0.4240899080664438,0.458732851847606,0.38052144170151175,0.3750567857666229,6,random,0.5,19,64
Random Forest,raw,P1,1-3,10,3275,3600,0.385,0.43680255799335477,0.385,0.3568135034723951,0.3568135034723951,6,random,0.5,19,64
Random Forest,raw,P1,1-3,4,3275,161,0.6770186335403726,0.7399380051701349,0.7595833333333333,0.6764427562425059,0.6599620509725532,5,random,0.5,20,64
Random Forest,raw,P1,1-3,5,3275,197,0.7766497461928934,0.8096256684491978,0.8009109730848861,0.750385109114249,0.7514840710790223,5,random,0.5,20,64
Random Forest,raw,P1,1-3,6,3275,2300,0.6404347826086957,0.5248468013646407,0.6708800570133407,0.530092776713638,0.6493135226188129,6,random,0.5,20,64
Random Forest,raw,P1,1-3,7,3275,3613,0.47384445059507335,0.5367317207960349,0.5026681508316967,0.4503896581028006,0.4677759752984206,6,random,0.5,20,64
Random Forest,raw,P1,1-3,8,3275,294,0.1564625850340136,0.21437105308073048,0.17804972804972807,0.06206755344686379,0.07250044811621166,6,random,0.5,20,64
Random Forest,raw,P1,1-3,9,3275,470,0.32340425531914896,0.3775419982316534,0.27803418803418806,0.21131063866170088,0.22954665600252705,6,random,0.5,20,64
Random Forest,raw,P1,1-3,10,3275,3600,0.3338888888888889,0.34528192467791924,0.3338888888888889,0.3043279542099088,0.3043279542099089,6,random,0.5,20,64
Random Forest,raw,P1,1-3,4,3275,161,0.7888198757763976,0.8094565217391304,0.8058333333333334,0.7513484890780934,0.7787948169221173,5,random,0.5,21,64
Random Forest,raw,P1,1-3,5,3275,197,0.766497461928934,0.8099999999999999,0.7933885438233265,0.7392656808317912,0.7381865809525897,5,random,0.5,21,64
Random Forest,raw,P1,1-3,6,3275,2300,0.6660869565217391,0.6194291272798959,0.729439751076614,0.6001397754356473,0.6792786771056992,6,random,0.5,21,64
Random Forest,raw,P1,1-3,7,3275,3613,0.5939662330473291,0.5817809220395324,0.595883524930546,0.5622916310573333,0.5576869502251066,6,random,0.5,21,64
Random Forest,raw,P1,1-3,8,3275,294,0.272108843537415,0.3861997613847436,0.29859168609168607,0.23935908166414324,0.26559962855574126,6,random,0.5,21,64
Random Forest,raw,P1,1-3,9,3275,470,0.49361702127659574,0.4534697042456681,0.482301450826041,0.43662062207073077,0.42150624036861123,6,random,0.5,21,64
Random Forest,raw,P1,1-3,10,3275,3600,0.33944444444444444,0.3575962836899312,0.33944444444444444,0.31903976361574554,0.31903976361574554,6,random,0.5,21,64
Random Forest,raw,P1,1-3,4,3275,161,0.7515527950310559,0.7918580765639589,0.77,0.7148529377731705,0.7445859180784683,5,random,0.5,22,64
Random Forest,raw,P1,1-3,5,3275,197,0.7868020304568528,0.8217213114754098,0.7983022774327122,0.7640330372448185,0.7721399929913325,5,random,0.5,22,64
Random Forest,raw,P1,1-3,6,3275,2300,0.6121739130434782,0.6045882463113071,0.6894170317667622,0.5691460100049123,0.6433663063990258,6,random,0.5,22,64
Random Forest,raw,P1,1-3,7,3275,3613,0.6055909216717409,0.5497606492000605,0.610418766245378,0.5596373492127992,0.5756500003277685,6,random,0.5,22,64
Random Forest,raw,P1,1-3,8,3275,294,0.35374149659863946,0.30781146577867075,0.3163267288267288,0.2295042693009032,0.3511581359743766,6,random,0.5,22,64
Random Forest,raw,P1,1-3,9,3275,470,0.5829787234042553,0.5415816284739643,0.6174287643140103,0.5405133396693124,0.5117149812234222,6,random,0.5,22,64
Random Forest,raw,P1,1-3,10,3275,3600,0.34944444444444445,0.35056270769233394,0.34944444444444445,0.32616734311366785,0.3261673431136679,6,random,0.5,22,64
Random Forest,raw,P1,1-3,4,3275,161,0.8571428571428571,0.9260130718954247,0.8502083333333333,0.8511787988298055,0.8287484327752783,5,random,0.5,23,64
Random Forest,raw,P1,1-3,5,3275,197,0.751269035532995,0.7845743180190542,0.7702139406487232,0.7231782884932152,0.7269137638920797,5,random,0.5,23,64
Random Forest,raw,P1,1-3,6,3275,2300,0.7008695652173913,0.6268018508463323,0.7501045454452481,0.6154012238877896,0.7002240858329075,6,random,0.5,23,64
Random Forest,raw,P1,1-3,7,3275,3613,0.5339053418212012,0.515430851219551,0.5408137506999993,0.46210314130329927,0.4708023376646256,6,random,0.5,23,64
Random Forest,raw,P1,1-3,8,3275,294,0.20408163265306123,0.3110725481415137,0.27581585081585075,0.18660015399789154,0.14038204503171567,6,random,0.5,23,64
Random Forest,raw,P1,1-3,9,3275,470,0.5382978723404256,0.5153415994497713,0.5646027742749055,0.510824879861384,0.4693361137568995,6,random,0.5,23,64
Random Forest,raw,P1,1-3,10,3275,3600,0.35555555555555557,0.401639065784171,0.35555555555555557,0.33611014562210845,0.3361101456221084,6,random,0.5,23,64
Random Forest,raw,P1,1-3,4,3275,161,0.7763975155279503,0.8137868825411594,0.8166666666666668,0.7762967149901457,0.75584056092079,5,random,0.5,24,64
Random Forest,raw,P1,1-3,5,3275,197,0.8020304568527918,0.8480555555555556,0.823823326432022,0.7882914937285719,0.7914085513843193,5,random,0.5,24,64
Random Forest,raw,P1,1-3,6,3275,2300,0.6634782608695652,0.607171761967411,0.7209804320466295,0.5937420394845578,0.6666229794431731,6,random,0.5,24,64
Random Forest,raw,P1,1-3,7,3275,3613,0.6194298367008026,0.5906729345249451,0.6240197887420629,0.583872812653694,0.5773050488421079,6,random,0.5,24,64
Random Forest,raw,P1,1-3,8,3275,294,0.32653061224489793,0.27501799384937514,0.26670551670551673,0.22714930993414603,0.355806245049512,6,random,0.5,24,64
Random Forest,raw,P1,1-3,9,3275,470,0.5446808510638298,0.4982636434460624,0.5742380934184212,0.4995840359313144,0.45636076515318114,6,random,0.5,24,64
Random Forest,raw,P1,1-3,10,3275,3600,0.4061111111111111,0.4235390504418919,0.4061111111111111,0.3748223107128023,0.37482231071280225,6,random,0.5,24,64
Random Forest,raw,P1,1-3,4,3275,161,0.8198757763975155,0.8283971583971586,0.8314583333333333,0.7762174746815969,0.800249366438385,5,random,0.5,25,64
Random Forest,raw,P1,1-3,5,3275,197,0.766497461928934,0.8017213114754098,0.792215320910973,0.7343448226300519,0.733165628807386,5,random,0.5,25,64
Random Forest,raw,P1,1-3,6,3275,2300,0.6721739130434783,0.5945212744247873,0.7145670007084934,0.5903287387068813,0.6625027714445751,6,random,0.5,25,64
Random Forest,raw,P1,1-3,7,3275,3613,0.5812344312205923,0.5772710576598429,0.5841902861175069,0.5261780988384717,0.5154569975859099,6,random,0.5,25,64
Random Forest,raw,P1,1-3,8,3275,294,0.23809523809523808,0.20149949341438703,0.33244949494949494,0.25028209683564934,0.17798126949337806,6,random,0.5,25,64
Random Forest,raw,P1,1-3,9,3275,470,0.5276595744680851,0.48425870464654536,0.5401429171920975,0.4555652150768313,0.4379491958813989,6,random,0.5,25,64
Random Forest,raw,P1,1-3,10,3275,3600,0.3661111111111111,0.415413104041188,0.3661111111111111,0.3515483358007623,0.3515483358007623,6,random,0.5,25,64
Random Forest,raw,P1,1-3,4,3275,161,0.7701863354037267,0.7377501725327813,0.7929166666666666,0.7076563341386318,0.7499623198911327,5,random,0.5,26,64
Random Forest,raw,P1,1-3,5,3275,197,0.7715736040609137,0.8033803241045717,0.7852587991718426,0.7434581898522505,0.7498749195042783,5,random,0.5,26,64
Random Forest,raw,P1,1-3,6,3275,2300,0.6617391304347826,0.5692008082258536,0.7267026234206008,0.5712012709621851,0.6722220126113733,6,random,0.5,26,64
Random Forest,raw,P1,1-3,7,3275,3613,0.5657348463880432,0.5401815303044916,0.5726526666406812,0.5231116219496753,0.5355685947804016,6,random,0.5,26,64
Random Forest,raw,P1,1-3,8,3275,294,0.2653061224489796,0.3922237582699714,0.21076146076146077,0.16943573273095658,0.2850888019312974,6,random,0.5,26,64
Random Forest,raw,P1,1-3,9,3275,470,0.4531914893617021,0.3979213238946846,0.44461538461538463,0.33610395331909837,0.3293549158458586,6,random,0.5,26,64
Random Forest,raw,P1,1-3,10,3275,3600,0.3502777777777778,0.3534567184045185,0.35027777777777774,0.316177608707842,0.316177608707842,6,random,0.5,26,64
Random Forest,raw,P1,1-3,4,3275,161,0.6770186335403726,0.6773183476289066,0.7325,0.6271886959459921,0.6735660562090765,5,random,0.5,27,64
Random Forest,raw,P1,1-3,5,3275,197,0.8274111675126904,0.8632730356133409,0.8443892339544513,0.8162849324771384,0.821546386766706,5,random,0.5,27,64
Random Forest,raw,P1,1-3,6,3275,2300,0.5417391304347826,0.5191308604454145,0.638564786195671,0.49481085534585784,0.5701109910761787,6,random,0.5,27,64
Random Forest,raw,P1,1-3,7,3275,3613,0.49017437032936617,0.49261542764867733,0.5075318851784868,0.45711053827200726,0.4672225233997979,6,random,0.5,27,64
Random Forest,raw,P1,1-3,8,3275,294,0.22448979591836735,0.35995670995671,0.20912975912975915,0.1428737876083825,0.2090817537260117,6,random,0.5,27,64
Random Forest,raw,P1,1-3,9,3275,470,0.44893617021276594,0.4702463700957677,0.4394092246551263,0.35420034463567224,0.35297036126759396,6,random,0.5,27,64
Random Forest,raw,P1,1-3,10,3275,3600,0.3711111111111111,0.40557362806428676,0.37111111111111117,0.34288820665482794,0.342888206654828,6,random,0.5,27,64
Random Forest,raw,P1,1-3,4,3275,161,0.7701863354037267,0.822743290864733,0.8241666666666667,0.7941752500373189,0.7565881252323745,5,random,0.5,28,64
Random Forest,raw,P1,1-3,5,3275,197,0.7715736040609137,0.7990196078431373,0.7840855762594894,0.7394945000617971,0.7472001540848484,5,random,0.5,28,64
Random Forest,raw,P1,1-3,6,3275,2300,0.67,0.5617606113986219,0.7241489773885347,0.569498336265786,0.6681738293443429,6,random,0.5,28,64
Random Forest,raw,P1,1-3,7,3275,3613,0.572654303902574,0.5616120938475976,0.5855394865713887,0.5278210426487391,0.5468356849742715,6,random,0.5,28,64
Random Forest,raw,P1,1-3,8,3275,294,0.19387755102040816,0.21598693703956862,0.1824009324009324,0.10768520057214186,0.17001729851825545,6,random,0.5,28,64
Random Forest,raw,P1,1-3,9,3275,470,0.3723404255319149,0.5692624442624442,0.3367962092552257,0.28414716230977727,0.28778249132830475,6,random,0.5,28,64
Random Forest,raw,P1,1-3,10,3275,3600,0.37333333333333335,0.35550039931789823,0.37333333333333335,0.3298180173437479,0.3298180173437478,6,random,0.5,28,64
Random Forest,raw,P1,1-3,4,3275,161,0.7888198757763976,0.7846306733099186,0.7887500000000001,0.7394930069930069,0.7622672617237835,5,random,0.5,29,64
Random Forest,raw,P1,1-3,5,3275,197,0.7563451776649747,0.7932768361581921,0.7745617667356798,0.7305032885586871,0.7349384030350362,5,random,0.5,29,64
Random Forest,raw,P1,1-3,6,3275,2300,0.7160869565217391,0.6253459831700078,0.7542898870583464,0.6207431759816281,0.7062240891409152,6,random,0.5,29,64
Random Forest,raw,P1,1-3,7,3275,3613,0.573761417104899,0.5295976134856621,0.5818057896493978,0.5207911628598044,0.5367135588150581,6,random,0.5,29,64
Random Forest,raw,P1,1-3,8,3275,294,0.48639455782312924,0.32113265390670315,0.29852369852369853,0.23966465001301065,0.4795861943528387,6,random,0.5,29,64
Random Forest,raw,P1,1-3,9,3275,470,0.5595744680851064,0.6488344988344988,0.5691608391608391,0.5296694258899243,0.49051726417733726,6,random,0.5,29,64
Random Forest,raw,P1,1-3,10,3275,3600,0.3491666666666667,0.3584312920808294,0.3491666666666667,0.3183228222307266,0.31832282223072655,6,random,0.5,29,64
Random Forest,raw,P1,1-3,4,3275,161,0.8136645962732919,0.8372559604138552,0.8602083333333332,0.8291709111488398,0.807346381381223,5,random,0.5,30,64
Random Forest,raw,P1,1-3,5,3275,197,0.766497461928934,0.8166101694915253,0.7945617667356797,0.74392333292247,0.7428883642909387,5,random,0.5,30,64
Random Forest,raw,P1,1-3,6,3275,2300,0.7004347826086956,0.62668357229417,0.7560034761322633,0.6166071316234684,0.6984539861384391,6,random,0.5,30,64
Random Forest,raw,P1,1-3,7,3275,3613,0.6263492942153335,0.5609467840298713,0.6333394354609908,0.5699053317897799,0.5848238154326292,6,random,0.5,30,64
Random Forest,raw,P1,1-3,8,3275,294,0.35034013605442177,0.37606751168644376,0.3034188034188034,0.2704557072907014,0.3802262929909598,6,random,0.5,30,64
Random Forest,raw,P1,1-3,9,3275,470,0.5808510638297872,0.6114706608402557,0.6126107226107226,0.5586054106623571,0.5067284525337357,6,random,0.5,30,64
Random Forest,raw,P1,1-3,10,3275,3600,0.3927777777777778,0.4102787331153908,0.3927777777777777,0.37702276643872806,0.37702276643872806,6,random,0.5,30,64
Random Forest,raw,P1,1-3,4,3275,161,0.8012422360248447,0.7857575757575758,0.8220833333333333,0.7467609784851164,0.7828195792213783,5,random,0.5,31,64
Random Forest,raw,P1,1-3,5,3275,197,0.7614213197969543,0.7767741935483871,0.7810420979986198,0.7228991276991277,0.7242700162091025,5,random,0.5,31,64
Random Forest,raw,P1,1-3,6,3275,2300,0.6834782608695652,0.5942501821486051,0.6505263704890841,0.5907973837170943,0.6802323554651868,6,random,0.5,31,64
Random Forest,raw,P1,1-3,7,3275,3613,0.6313313036257957,0.5686466144831335,0.6298510788647665,0.5772162676182825,0.5904872172954432,6,random,0.5,31,64
Random Forest,raw,P1,1-3,8,3275,294,0.3401360544217687,0.3878018684999119,0.3412587412587413,0.2998463692140795,0.3593748021780745,6,random,0.5,31,64
Random Forest,raw,P1,1-3,9,3275,470,0.4978723404255319,0.595245937637242,0.5031985682805354,0.4834931079979783,0.4471956291488388,6,random,0.5,31,64
Random Forest,raw,P1,1-3,10,3275,3600,0.37222222222222223,0.37855646855800007,0.37222222222222223,0.35035239157055953,0.3503523915705596,6,random,0.5,31,64
Random Forest,raw,P1,1-3,4,3275,161,0.8322981366459627,0.8446353926185859,0.8483333333333334,0.816399846984823,0.8127547185365852,5,random,0.5,32,64
Random Forest,raw,P1,1-3,5,3275,197,0.7563451776649747,0.7613617186992925,0.7766942719116632,0.7147566063490591,0.7152909105917439,5,random,0.5,32,64
Random Forest,raw,P1,1-3,6,3275,2300,0.7043478260869566,0.6236777116311109,0.7355105693261234,0.6169118179720007,0.7045648915484468,6,random,0.5,32,64
Random Forest,raw,P1,1-3,7,3275,3613,0.6155549404926653,0.5654609315046026,0.6241864329806744,0.5607561337657432,0.5733354971625347,6,random,0.5,32,64
Random Forest,raw,P1,1-3,8,3275,294,0.1598639455782313,0.2810408299866131,0.191025641025641,0.09835107073445132,0.09139631927411347,6,random,0.5,32,64
Random Forest,raw,P1,1-3,9,3275,470,0.5872340425531914,0.7064210524734037,0.6007770007770008,0.5916601898376952,0.546806071481305,6,random,0.5,32,64
Random Forest,raw,P1,1-3,10,3275,3600,0.39166666666666666,0.3984036837622984,0.39166666666666666,0.37200897935473615,0.37200897935473615,6,random,0.5,32,64
Random Forest,raw,P1,1-3,4,3275,161,0.84472049689441,0.8533825597749647,0.8168749999999999,0.7965867465867466,0.8154873077233327,5,random,0.5,33,64
Random Forest,raw,P1,1-3,5,3275,197,0.7563451776649747,0.7977777777777778,0.7802139406487233,0.7303764638310093,0.7325493170070928,5,random,0.5,33,64
Random Forest,raw,P1,1-3,6,3275,2300,0.6569565217391304,0.5515727864318153,0.7224263847279713,0.5584419604194348,0.6513241156719725,6,random,0.5,33,64
Random Forest,raw,P1,1-3,7,3275,3613,0.5244948796014393,0.5279695836549975,0.543723671620728,0.47691743524279806,0.4934522728603009,6,random,0.5,33,64
Random Forest,raw,P1,1-3,8,3275,294,0.20068027210884354,0.4169960474308301,0.19373543123543124,0.11996834365239321,0.17358846170301023,6,random,0.5,33,64
Random Forest,raw,P1,1-3,9,3275,470,0.3468085106382979,0.221814211154887,0.3084279108869273,0.2287636454836254,0.23958692475100946,6,random,0.5,33,64
Random Forest,raw,P1,1-3,10,3275,3600,0.35583333333333333,0.3596064423997358,0.3558333333333333,0.33068041165887385,0.33068041165887385,6,random,0.5,33,64
Random Forest,raw,P1,1-3,4,3275,161,0.8633540372670807,0.8892073871802243,0.8510416666666668,0.8518020787586004,0.852654458892644,5,random,0.5,34,64
Random Forest,raw,P1,1-3,5,3275,197,0.7461928934010152,0.731694828469022,0.7623464458247067,0.7000721174004193,0.7026267811725143,5,random,0.5,34,64
Random Forest,raw,P1,1-3,6,3275,2300,0.7182608695652174,0.6238322299329154,0.755790914003189,0.620622117079301,0.7042645581108787,6,random,0.5,34,64
Random Forest,raw,P1,1-3,7,3275,3613,0.5898145585386105,0.5575721935198962,0.5975463630447575,0.5377871590861742,0.5480379203780819,6,random,0.5,34,64
Random Forest,raw,P1,1-3,8,3275,294,0.1564625850340136,0.3534087548062703,0.1940947940947941,0.10047882704132705,0.08065832778842984,6,random,0.5,34,64
Random Forest,raw,P1,1-3,9,3275,470,0.5617021276595745,0.6056619861294885,0.569090909090909,0.5154453436845104,0.48930254036602566,6,random,0.5,34,64
Random Forest,raw,P1,1-3,10,3275,3600,0.3786111111111111,0.3936810361627778,0.37861111111111106,0.3555622872581307,0.3555622872581307,6,random,0.5,34,64
Random Forest,raw,P1,1-3,4,3275,161,0.7701863354037267,0.7797695462720093,0.779375,0.7206239392602232,0.7538142368779693,5,random,0.5,35,64
Random Forest,raw,P1,1-3,5,3275,197,0.7563451776649747,0.7857575757575758,0.7733885438233263,0.7260386739205738,0.7304619933722714,5,random,0.5,35,64
Random Forest,raw,P1,1-3,6,3275,2300,0.71,0.5907394102465163,0.7611593570317049,0.6012635476890283,0.7020848150503504,6,random,0.5,35,64
Random Forest,raw,P1,1-3,7,3275,3613,0.5422086908386382,0.5428980897962207,0.5534568031131661,0.48961700468810143,0.5038622686815712,6,random,0.5,35,64
Random Forest,raw,P1,1-3,8,3275,294,0.2755102040816326,0.35042735042735046,0.2439199689199689,0.20709812914726836,0.2941225626763191,6,random,0.5,35,64
Random Forest,raw,P1,1-3,9,3275,470,0.5468085106382978,0.618405179615706,0.5585547785547785,0.5038462859363971,0.476190363576491,6,random,0.5,35,64
Random Forest,raw,P1,1-3,10,3275,3600,0.3522222222222222,0.36812621359396197,0.3522222222222222,0.3334723178733259,0.3334723178733259,6,random,0.5,35,64
Random Forest,raw,P1,1-3,4,3275,161,0.84472049689441,0.8113986928104575,0.8168749999999999,0.7724661810620629,0.8146877729271784,5,random,0.5,36,64
Random Forest,raw,P1,1-3,5,3275,197,0.7817258883248731,0.8149560117302052,0.7984334023464459,0.7533051337471,0.7575476376376749,5,random,0.5,36,64
Random Forest,raw,P1,1-3,6,3275,2300,0.7195652173913043,0.5836544169851258,0.7677939934342408,0.6098294165472176,0.67491844720368,6,random,0.5,36,64
Random Forest,raw,P1,1-3,7,3275,3613,0.5441461389427069,0.5691369726039718,0.5681600802353189,0.5043915713392325,0.5216463268949576,6,random,0.5,36,64
Random Forest,raw,P1,1-3,8,3275,294,0.2857142857142857,0.19467787114845939,0.21794871794871795,0.12639300324446326,0.26804390821076635,6,random,0.5,36,64
Random Forest,raw,P1,1-3,9,3275,470,0.48936170212765956,0.46237217199036595,0.4834498834498835,0.37000243938847815,0.359027383510679,6,random,0.5,36,64
Random Forest,raw,P1,1-3,10,3275,3600,0.35583333333333333,0.3275194537572594,0.3558333333333334,0.3218946868948245,0.3218946868948245,6,random,0.5,36,64
Random Forest,raw,P1,1-3,4,3275,161,0.8260869565217391,0.8315555555555555,0.8074999999999999,0.7655243272890331,0.8043098292458907,5,random,0.5,37,64
Random Forest,raw,P1,1-3,5,3275,197,0.7411167512690355,0.7580001308814868,0.7671704623878537,0.7063931492126031,0.7048736746805068,5,random,0.5,37,64
Random Forest,raw,P1,1-3,6,3275,2300,0.6965217391304348,0.6084559684258101,0.6994937659792241,0.6051960369420907,0.6936488295096715,6,random,0.5,37,64
Random Forest,raw,P1,1-3,7,3275,3613,0.6069748131746471,0.5301097601875385,0.6127345864632968,0.5527530592617674,0.5635261366000686,6,random,0.5,37,64
Random Forest,raw,P1,1-3,8,3275,294,0.3401360544217687,0.40054956668780384,0.24805749805749802,0.19745104486673068,0.35827871265525013,6,random,0.5,37,64
Random Forest,raw,P1,1-3,9,3275,470,0.44893617021276594,0.49117279587032475,0.4431124613091826,0.4008590564973337,0.37122552785043517,6,random,0.5,37,64
Random Forest,raw,P1,1-3,10,3275,3600,0.3458333333333333,0.36098054585369943,0.3458333333333334,0.3128951795439663,0.3128951795439663,6,random,0.5,37,64
Random Forest,raw,P1,1-3,4,3275,161,0.7888198757763976,0.8006734006734006,0.7887500000000001,0.7505247158339942,0.7646002137709892,5,random,0.5,38,64
Random Forest,raw,P1,1-3,5,3275,197,0.7766497461928934,0.8190742526518804,0.8009109730848861,0.7496887379739672,0.7499920999485779,5,random,0.5,38,64
Random Forest,raw,P1,1-3,6,3275,2300,0.7047826086956521,0.6132533757531553,0.7494378457051311,0.6114407292841625,0.6960642183855893,6,random,0.5,38,64
Random Forest,raw,P1,1-3,7,3275,3613,0.6310545253252146,0.5629089159478724,0.6356203249773648,0.5785893666625784,0.5882749013569797,6,random,0.5,38,64
Random Forest,raw,P1,1-3,8,3275,294,0.336734693877551,0.34972413793103446,0.2720668220668221,0.22233056660850145,0.3556792620257631,6,random,0.5,38,64
Random Forest,raw,P1,1-3,9,3275,470,0.4808510638297872,0.44530917241673057,0.4735897435897436,0.3938337780134562,0.3852693310766991,6,random,0.5,38,64
Random Forest,raw,P1,1-3,10,3275,3600,0.37916666666666665,0.4108509473413698,0.37916666666666665,0.34788136911503154,0.34788136911503165,6,random,0.5,38,64
Random Forest,raw,P1,1-3,4,3275,161,0.6956521739130435,0.7812820512820513,0.783125,0.7127288244079368,0.7161272026366042,5,random,0.5,39,64
Random Forest,raw,P1,1-3,5,3275,197,0.7817258883248731,0.8149560117302052,0.7984334023464459,0.7533051337471,0.7575476376376749,5,random,0.5,39,64
Random Forest,raw,P1,1-3,6,3275,2300,0.7282608695652174,0.629073875002228,0.7564935384133179,0.6278626236300148,0.7166766975379226,6,random,0.5,39,64
Random Forest,raw,P1,1-3,7,3275,3613,0.6047605867699972,0.5405373935914689,0.6071564793150888,0.5403400354652094,0.5530424748531169,6,random,0.5,39,64
Random Forest,raw,P1,1-3,8,3275,294,0.16326530612244897,0.2433522727272727,0.1934246309246309,0.10437332508761081,0.09919772485370153,6,random,0.5,39,64
Random Forest,raw,P1,1-3,9,3275,470,0.4425531914893617,0.5114627972137277,0.4250550906288611,0.3928296161644709,0.3756141689479082,6,random,0.5,39,64
Random Forest,raw,P1,1-3,10,3275,3600,0.38166666666666665,0.37867569821682895,0.38166666666666665,0.35435217595694035,0.35435217595694035,6,random,0.5,39,64
Random Forest,raw,P1,1-3,4,3275,161,0.8509316770186336,0.8640656565656565,0.8335416666666667,0.8095143362384741,0.8204916380114495,5,random,0.5,40,64
Random Forest,raw,P1,1-3,5,3275,197,0.7461928934010152,0.7401003069091997,0.7691718426501035,0.7036078753740843,0.7025854534394481,5,random,0.5,40,64
Random Forest,raw,P1,1-3,6,3275,2300,0.7182608695652174,0.6269801047380116,0.762428890449062,0.623823261339692,0.710305751829802,6,random,0.5,40,64
Random Forest,raw,P1,1-3,7,3275,3613,0.6933296429559922,0.5981396797951948,0.6884741819280032,0.6340647536793914,0.6416760412252583,6,random,0.5,40,64
Random Forest,raw,P1,1-3,8,3275,294,0.3843537414965986,0.30545002555682843,0.3343045843045844,0.27014866637484924,0.39000373182749976,6,random,0.5,40,64
Random Forest,raw,P1,1-3,9,3275,470,0.5212765957446809,0.4917929267845831,0.5346214987198593,0.49099196562787445,0.45744977592175756,6,random,0.5,40,64
Random Forest,raw,P1,1-3,10,3275,3600,0.38083333333333336,0.395667222465551,0.3808333333333333,0.35488624479330005,0.3548862447932999,6,random,0.5,40,64
Random Forest,raw,P1,1-3,4,3275,161,0.7888198757763976,0.7943434343434344,0.7887500000000001,0.7318584314236487,0.7751029553757073,5,random,0.5,41,64
Random Forest,raw,P1,1-3,5,3275,197,0.751269035532995,0.7644834398009184,0.7678674948240165,0.7135483870967743,0.717131028642409,5,random,0.5,41,64
Random Forest,raw,P1,1-3,6,3275,2300,0.6969565217391305,0.5993440322769648,0.7405424047164626,0.6021996259662091,0.6947978985131812,6,random,0.5,41,64
Random Forest,raw,P1,1-3,7,3275,3613,0.5239413230002767,0.5146194828396067,0.5408912570558444,0.4671599255283123,0.4766840150479422,6,random,0.5,41,64
Random Forest,raw,P1,1-3,8,3275,294,0.1598639455782313,0.26041550422199905,0.17036713286713287,0.09577314621976074,0.11866286859179374,6,random,0.5,41,64
Random Forest,raw,P1,1-3,9,3275,470,0.42127659574468085,0.2751510079324649,0.40226986128625475,0.31043196714838506,0.307137060392062,6,random,0.5,41,64
Random Forest,raw,P1,1-3,10,3275,3600,0.3616666666666667,0.34467529970657135,0.36166666666666664,0.3297498128818024,0.3297498128818024,6,random,0.5,41,64
Random Forest,raw,P1,1-3,4,3275,161,0.7950310559006211,0.7886486486486486,0.791875,0.748037228472011,0.7702582546627916,5,random,0.5,42,64
Random Forest,raw,P1,1-3,5,3275,197,0.8324873096446701,0.8604105571847509,0.841911663216011,0.8181994700582935,0.8268324173680996,5,random,0.5,42,64
Random Forest,raw,P1,1-3,6,3275,2300,0.5678260869565217,0.5687667204537971,0.657063753732306,0.531688719871218,0.6003447260896424,6,random,0.5,42,64
Random Forest,raw,P1,1-3,7,3275,3613,0.498200941046222,0.5015094657988081,0.5138776032554352,0.4693354322032787,0.47753613638488157,6,random,0.5,42,64
Random Forest,raw,P1,1-3,8,3275,294,0.16326530612244897,0.41764894359408816,0.19042346542346542,0.1153951392402076,0.11215438340824072,6,random,0.5,42,64
Random Forest,raw,P1,1-3,9,3275,470,0.474468085106383,0.39927019733961705,0.4666666666666666,0.3534811354208098,0.36193365270764954,6,random,0.5,42,64
Random Forest,raw,P1,1-3,10,3275,3600,0.3647222222222222,0.39683068756324474,0.3647222222222222,0.3359389854449377,0.3359389854449377,6,random,0.5,42,64
Random Forest,raw,P1,1-3,4,3275,161,0.7018633540372671,0.7092617908407381,0.7791666666666667,0.6675869496357301,0.7035048211900203,5,random,0.5,43,64
Random Forest,raw,P1,1-3,5,3275,197,0.8020304568527918,0.8370967741935484,0.8158247066942719,0.7808475830669379,0.7872845290025575,5,random,0.5,43,64
Random Forest,raw,P1,1-3,6,3275,2300,0.6230434782608696,0.5775958526578083,0.6933102048986514,0.5562305879059403,0.6559626980696425,6,random,0.5,43,64
Random Forest,raw,P1,1-3,7,3275,3613,0.5541101577636314,0.5373016310498708,0.570804334265787,0.5197687656367829,0.5355745274598671,6,random,0.5,43,64
Random Forest,raw,P1,1-3,8,3275,294,0.21768707482993196,0.36703703703703705,0.1857905982905983,0.11650485456925926,0.20626258794862976,6,random,0.5,43,64
Random Forest,raw,P1,1-3,9,3275,470,0.43617021276595747,0.4062079098950369,0.40677595628415303,0.3640382651939982,0.364989332780526,6,random,0.5,43,64
Random Forest,raw,P1,1-3,10,3275,3600,0.3927777777777778,0.5322768443265429,0.3927777777777777,0.3631320071665359,0.3631320071665359,6,random,0.5,43,64
Random Forest,raw,P1,1-3,4,3275,161,0.6956521739130435,0.7637537537537538,0.7418750000000001,0.683089644610382,0.6917709691058862,5,random,0.5,44,64
Random Forest,raw,P1,1-3,5,3275,197,0.7766497461928934,0.807629010373353,0.7940855762594893,0.7460013276434329,0.7495933357883664,5,random,0.5,44,64
Random Forest,raw,P1,1-3,6,3275,2300,0.6830434782608695,0.6054455827248292,0.7322989328279568,0.6005444767894043,0.6759682305135826,6,random,0.5,44,64
Random Forest,raw,P1,1-3,7,3275,3613,0.5269858843066704,0.5077843211126086,0.5363486172795612,0.46958027909801486,0.47148981443683213,6,random,0.5,44,64
Random Forest,raw,P1,1-3,8,3275,294,0.23129251700680273,0.33225534308211474,0.30854700854700856,0.18872189925273306,0.1481848938971739,6,random,0.5,44,64
Random Forest,raw,P1,1-3,9,3275,470,0.5638297872340425,0.543707414574822,0.588633242895538,0.5235051544287479,0.4982648605759429,6,random,0.5,44,64
Random Forest,raw,P1,1-3,10,3275,3600,0.3958333333333333,0.43171871412026314,0.39583333333333326,0.3594409278226576,0.3594409278226575,6,random,0.5,44,64
Random Forest,raw,P1,1-3,4,3275,161,0.8509316770186336,0.9214676173499704,0.8335416666666667,0.8401842960811798,0.8224379234336759,5,random,0.5,45,64
Random Forest,raw,P1,1-3,5,3275,197,0.7309644670050761,0.7102943800178412,0.7584748102139407,0.6894831631572229,0.6860957480618843,5,random,0.5,45,64
Random Forest,raw,P1,1-3,6,3275,2300,0.6917391304347826,0.6201135457229421,0.7126450848511575,0.6095776175018085,0.6932140979726538,6,random,0.5,45,64
Random Forest,raw,P1,1-3,7,3275,3613,0.5621367284804871,0.533709663198979,0.5675050497149022,0.49261851019227126,0.49677813343698624,6,random,0.5,45,64
Random Forest,raw,P1,1-3,8,3275,294,0.47278911564625853,0.33891076115485563,0.4128982128982129,0.31846182251157007,0.4639340193382399,6,random,0.5,45,64
Random Forest,raw,P1,1-3,9,3275,470,0.5340425531914894,0.5407761897467896,0.5766666666666667,0.49234983932095705,0.44121919868445497,6,random,0.5,45,64
Random Forest,raw,P1,1-3,10,3275,3600,0.36694444444444446,0.5708087161347184,0.36694444444444446,0.33858221232104685,0.33858221232104685,6,random,0.5,45,64
Random Forest,raw,P1,1-3,4,3275,161,0.8260869565217391,0.8108172391763724,0.8074999999999999,0.768297794159863,0.7972010319943497,5,random,0.5,46,64
Random Forest,raw,P1,1-3,5,3275,197,0.8071065989847716,0.8415186487074999,0.8201725327812284,0.7873661629526798,0.7942562583278947,5,random,0.5,46,64
Random Forest,raw,P1,1-3,6,3275,2300,0.6739130434782609,0.6286182198468653,0.7346003003478265,0.6070434985281317,0.6901333147150229,6,random,0.5,46,64
Random Forest,raw,P1,1-3,7,3275,3613,0.6592859119845004,0.5857126575504049,0.6580924952637245,0.6111878292339942,0.6131479072393625,6,random,0.5,46,64
Random Forest,raw,P1,1-3,8,3275,294,0.564625850340136,0.44706715265514263,0.3464257964257964,0.3005228732442415,0.550639865632951,6,random,0.5,46,64
Random Forest,raw,P1,1-3,9,3275,470,0.597872340425532,0.6171274340754644,0.6309867909867909,0.5768963161414432,0.5306005651675941,6,random,0.5,46,64
Random Forest,raw,P1,1-3,10,3275,3600,0.3605555555555556,0.36520022184285833,0.3605555555555555,0.31623181939692313,0.31623181939692313,6,random,0.5,46,64
Random Forest,raw,P1,1-3,4,3275,161,0.9006211180124224,0.9490384615384615,0.896875,0.9078995713410901,0.8903972036377052,5,random,0.5,47,64
Random Forest,raw,P1,1-3,5,3275,197,0.7715736040609137,0.7991271347248576,0.7897377501725329,0.7385075933075933,0.7414053531413939,5,random,0.5,47,64
Random Forest,raw,P1,1-3,6,3275,2300,0.688695652173913,0.6121572135581083,0.6923156146305542,0.6015131321373671,0.6860098245276149,6,random,0.5,47,64
Random Forest,raw,P1,1-3,7,3275,3613,0.5765292001107113,0.5402739924696429,0.5830891478396677,0.525894284066169,0.53024410871989,6,random,0.5,47,64
Random Forest,raw,P1,1-3,8,3275,294,0.2925170068027211,0.3541829030438535,0.34600815850815847,0.2708234470933944,0.2738111666430741,6,random,0.5,47,64
Random Forest,raw,P1,1-3,9,3275,470,0.5829787234042553,0.6062974714005868,0.6245843045843046,0.5586162218269431,0.5038064953703342,6,random,0.5,47,64
Random Forest,raw,P1,1-3,10,3275,3600,0.4141666666666667,0.4432399312951664,0.4141666666666666,0.38521887593253207,0.3852188759325321,6,random,0.5,47,64
Random Forest,raw,P1,1-3,4,3275,161,0.8260869565217391,0.8285496098104794,0.8216666666666667,0.7998523390246058,0.8105204491941645,5,random,0.5,48,64
Random Forest,raw,P1,1-3,5,3275,197,0.7715736040609137,0.8174246491295344,0.7932574189095928,0.7516313340292223,0.7545545652845622,5,random,0.5,48,64
Random Forest,raw,P1,1-3,6,3275,2300,0.6847826086956522,0.5846900364344596,0.7391630419211245,0.5921620707223174,0.6839419146476182,6,random,0.5,48,64
Random Forest,raw,P1,1-3,7,3275,3613,0.5853861057293108,0.5077906979365844,0.592009776659198,0.5308000071279234,0.5443148648172322,6,random,0.5,48,64
Random Forest,raw,P1,1-3,8,3275,294,0.36394557823129253,0.33260802469135803,0.3226981351981352,0.2713199590278183,0.37692025679322816,6,random,0.5,48,64
Random Forest,raw,P1,1-3,9,3275,470,0.5255319148936171,0.4494728599094095,0.5546269759384513,0.4730291762282461,0.42393167094872647,6,random,0.5,48,64
Random Forest,raw,P1,1-3,10,3275,3600,0.3458333333333333,0.3110887406708907,0.3458333333333334,0.3143028490012747,0.3143028490012748,6,random,0.5,48,64
Random Forest,raw,P1,1-3,4,3275,161,0.7639751552795031,0.7865629527949364,0.77625,0.7249158077065053,0.75634551142279,5,random,0.5,49,64
Random Forest,raw,P1,1-3,5,3275,197,0.8274111675126904,0.8632730356133409,0.8443892339544513,0.8162849324771384,0.821546386766706,5,random,0.5,49,64
Random Forest,raw,P1,1-3,6,3275,2300,0.6473913043478261,0.6071909072862506,0.7159834416446431,0.587039263161563,0.6679688523348629,6,random,0.5,49,64
Random Forest,raw,P1,1-3,7,3275,3613,0.5626902850816496,0.5098330739298498,0.5774501617031502,0.5209804188361978,0.5299794509358792,6,random,0.5,49,64
Random Forest,raw,P1,1-3,8,3275,294,0.336734693877551,0.25143557422969187,0.22759324009324008,0.18988689256560676,0.36125863192354507,6,random,0.5,49,64
Random Forest,raw,P1,1-3,9,3275,470,0.548936170212766,0.6197296103449355,0.5617094017094016,0.5099143195344735,0.4718949579703273,6,random,0.5,49,64
Random Forest,raw,P1,1-3,10,3275,3600,0.3938888888888889,0.42461869093691956,0.3938888888888889,0.3702302158266353,0.3702302158266352,6,random,0.5,49,64
Random Forest,raw,P1,1-3,4,3275,161,0.8322981366459627,0.8497345928924875,0.8090988372093022,0.7842651517799177,0.8039744365623906,5,stable,0.75,0,96
Random Forest,raw,P1,1-3,5,3275,197,0.766497461928934,0.7946419973863402,0.7684334023464459,0.7311339525283798,0.7448249647708401,5,stable,0.75,0,96
Random Forest,raw,P1,1-3,6,3275,2300,0.7473913043478261,0.6357297692409841,0.7739788717786165,0.6395958969881211,0.7315427063561772,6,stable,0.75,0,96
Random Forest,raw,P1,1-3,7,3275,3613,0.7237752560199281,0.7821888450542948,0.7221942041822992,0.6681028737396272,0.6718888070394106,6,stable,0.75,0,96
Random Forest,raw,P1,1-3,8,3275,294,0.6632653061224489,0.3974763065756394,0.4938908313908314,0.4339416715643001,0.6311885073466279,6,stable,0.75,0,96
Random Forest,raw,P1,1-3,9,3275,470,0.5085106382978724,0.37182287268974573,0.5012820512820513,0.39071023584425274,0.4080968899586208,6,stable,0.75,0,96
Random Forest,raw,P1,1-3,10,3275,3600,0.4697222222222222,0.6269392318725086,0.4697222222222222,0.4670736677105514,0.46707366771055137,6,stable,0.75,0,96
Random Forest,raw,P1,1-3,4,3275,161,0.8695652173913043,0.9178418803418804,0.8435416666666666,0.8559006342494715,0.8521490945858995,5,discriminative,0.75,0,96
Random Forest,raw,P1,1-3,5,3275,197,0.7715736040609137,0.8063469799246077,0.7909109730848861,0.7431216445647685,0.746079691681374,5,discriminative,0.75,0,96
Random Forest,raw,P1,1-3,6,3275,2300,0.7186956521739131,0.626399127193796,0.7679056763985215,0.6236437771528595,0.7091038304345216,6,discriminative,0.75,0,96
Random Forest,raw,P1,1-3,7,3275,3613,0.5721007473014116,0.5503629142405132,0.5841315440055692,0.5212292809072356,0.5360920375443401,6,discriminative,0.75,0,96
Random Forest,raw,P1,1-3,8,3275,294,0.21768707482993196,0.292126693289484,0.20780885780885783,0.12116063391327199,0.18544735850439878,6,discriminative,0.75,0,96
Random Forest,raw,P1,1-3,9,3275,470,0.5106382978723404,0.5057276504250973,0.5218803418803418,0.44247276324233126,0.4127667027927262,6,discriminative,0.75,0,96
Random Forest,raw,P1,1-3,10,3275,3600,0.36944444444444446,0.37600953640970625,0.36944444444444446,0.3303851398777445,0.3303851398777445,6,discriminative,0.75,0,96
Random Forest,raw,P1,1-3,4,3275,161,0.84472049689441,0.9171241830065359,0.8168749999999999,0.8284515261025328,0.8159025829729067,5,balanced,0.75,0,96
Random Forest,raw,P1,1-3,5,3275,197,0.7766497461928934,0.8136367343609819,0.7952587991718426,0.7503993215157667,0.7540154245896994,5,balanced,0.75,0,96
Random Forest,raw,P1,1-3,6,3275,2300,0.7056521739130435,0.6183637798342794,0.7600121235838656,0.6152376548236652,0.6948004829967503,6,balanced,0.75,0,96
Random Forest,raw,P1,1-3,7,3275,3613,0.5745917520066427,0.5431262828143003,0.5867618575500484,0.5231508506258303,0.5354107144864498,6,balanced,0.75,0,96
Random Forest,raw,P1,1-3,8,3275,294,0.2857142857142857,0.275185425635239,0.2794094794094794,0.20407763698096074,0.27546944639761956,6,balanced,0.75,0,96
Random Forest,raw,P1,1-3,9,3275,470,0.5638297872340425,0.5438841147796372,0.6005749805749806,0.5112799748700912,0.4680803418501341,6,balanced,0.75,0,96
Random Forest,raw,P1,1-3,10,3275,3600,0.37277777777777776,0.38199424957687117,0.3727777777777778,0.3434188290236932,0.3434188290236932,6,balanced,0.75,0,96
Random Forest,raw,P1,1-3,4,3275,161,0.8571428571428571,0.8829545454545453,0.8402083333333333,0.8254340686799457,0.8308678402591073,5,random,0.75,0,96
Random Forest,raw,P1,1-3,5,3275,197,0.7868020304568528,0.825732300486399,0.8039544513457557,0.7644289450741064,0.7692368969591827,5,random,0.75,0,96
Random Forest,raw,P1,1-3,6,3275,2300,0.7239130434782609,0.6311870455740644,0.7660324968542532,0.6273312756041393,0.7133160264375944,6,random,0.75,0,96
Random Forest,raw,P1,1-3,7,3275,3613,0.5981179075560477,0.5581565902085007,0.6103698170361643,0.5476758779024932,0.562486010794439,6,random,0.75,0,96
Random Forest,raw,P1,1-3,8,3275,294,0.14625850340136054,0.28876451077943616,0.17843822843822846,0.06466803893274482,0.05433251944356386,6,random,0.75,0,96
Random Forest,raw,P1,1-3,9,3275,470,0.5127659574468085,0.6023724497605759,0.5090909090909091,0.44277662012802416,0.42573469490477966,6,random,0.75,0,96
Random Forest,raw,P1,1-3,10,3275,3600,0.3788888888888889,0.3916863502164427,0.3788888888888889,0.35216151970743265,0.3521615197074327,6,random,0.75,0,96
Random Forest,raw,P1,1-3,4,3275,161,0.84472049689441,0.8513772121813818,0.8168749999999999,0.7931598885871749,0.8142102177856041,5,random,0.75,1,96
Random Forest,raw,P1,1-3,5,3275,197,0.766497461928934,0.7957409193185472,0.7809109730848862,0.7362686936101841,0.7420421386926754,5,random,0.75,1,96
Random Forest,raw,P1,1-3,6,3275,2300,0.7178260869565217,0.6349522508203722,0.7605013636083345,0.6265907911979799,0.7147769220988209,6,random,0.75,1,96
Random Forest,raw,P1,1-3,7,3275,3613,0.6127871574868531,0.5643402207312281,0.6154376370997146,0.562402215625891,0.569293347997285,6,random,0.75,1,96
Random Forest,raw,P1,1-3,8,3275,294,0.30952380952380953,0.3003380482220607,0.2601204351204351,0.2115285340240447,0.326698974446325,6,random,0.75,1,96
Random Forest,raw,P1,1-3,9,3275,470,0.5595744680851064,0.6664672918231503,0.5601476301476302,0.5157732142920466,0.4920643159749093,6,random,0.75,1,96
Random Forest,raw,P1,1-3,10,3275,3600,0.38333333333333336,0.41516920479835556,0.38333333333333336,0.35860522601475475,0.3586052260147547,6,random,0.75,1,96
Random Forest,raw,P1,1-3,4,3275,161,0.8136645962732919,0.8184212173626555,0.8012499999999999,0.7678816285267898,0.7876128027600677,5,random,0.75,2,96
Random Forest,raw,P1,1-3,5,3275,197,0.7563451776649747,0.7788732394366197,0.7722153209109731,0.7217453278428888,0.7273800099725567,5,random,0.75,2,96
Random Forest,raw,P1,1-3,6,3275,2300,0.6756521739130434,0.6040912577915081,0.7348830584109037,0.5941246904402685,0.6734406800599348,6,random,0.75,2,96
Random Forest,raw,P1,1-3,7,3275,3613,0.5460835870467755,0.49398970993985625,0.5589453048344829,0.49411893472881346,0.5065136613303508,6,random,0.75,2,96
Random Forest,raw,P1,1-3,8,3275,294,0.35034013605442177,0.41839485032978185,0.3037004662004662,0.2773266184687994,0.38144829201633235,6,random,0.75,2,96
Random Forest,raw,P1,1-3,9,3275,470,0.5446808510638298,0.5718373656457768,0.5696425796425797,0.49582640803168604,0.4533344909133634,6,random,0.75,2,96
Random Forest,raw,P1,1-3,10,3275,3600,0.3461111111111111,0.35742625295278163,0.3461111111111111,0.322421733607087,0.3224217336070871,6,random,0.75,2,96
Random Forest,raw,P1,1-3,4,3275,161,0.8633540372670807,0.8713764804167281,0.8545833333333335,0.841415978074313,0.8574575015651168,5,random,0.75,3,96
Random Forest,raw,P1,1-3,5,3275,197,0.7563451776649747,0.7767213114754098,0.7722153209109731,0.7213261648745519,0.7256842915103927,5,random,0.75,3,96
Random Forest,raw,P1,1-3,6,3275,2300,0.7008695652173913,0.5744477466420513,0.7491609453435658,0.589923447271642,0.6902496708920408,6,random,0.75,3,96
Random Forest,raw,P1,1-3,7,3275,3613,0.6097425961804595,0.5565565439533833,0.6186133383083039,0.5617324131632285,0.5739354230564216,6,random,0.75,3,96
Random Forest,raw,P1,1-3,8,3275,294,0.272108843537415,0.39361059242912916,0.21520979020979017,0.17124802825487204,0.2887668380952552,6,random,0.75,3,96
Random Forest,raw,P1,1-3,9,3275,470,0.5063829787234042,0.4619620575502929,0.49888888888888894,0.42258529252944094,0.40785979266759875,6,random,0.75,3,96
Random Forest,raw,P1,1-3,10,3275,3600,0.35555555555555557,0.3527115772686529,0.3555555555555556,0.32429754353100165,0.32429754353100165,6,random,0.75,3,96
Random Forest,raw,P1,1-3,4,3275,161,0.7950310559006211,0.818115719406042,0.8095833333333333,0.7684704184704184,0.7969558047197798,5,random,0.75,4,96
Random Forest,raw,P1,1-3,5,3275,197,0.766497461928934,0.7890447249493533,0.7853899240855763,0.7308113376731933,0.7329693563229595,5,random,0.75,4,96
Random Forest,raw,P1,1-3,6,3275,2300,0.7117391304347827,0.6093311253242145,0.7523584863368266,0.6120693834057548,0.7010719712120567,6,random,0.75,4,96
Random Forest,raw,P1,1-3,7,3275,3613,0.6263492942153335,0.5571781217590566,0.6288708752639979,0.5751087759556543,0.5826487017996616,6,random,0.75,4,96
Random Forest,raw,P1,1-3,8,3275,294,0.5578231292517006,0.32408986439700443,0.36304390054390057,0.3207406162330464,0.5526355437541863,6,random,0.75,4,96
Random Forest,raw,P1,1-3,9,3275,470,0.5659574468085107,0.6194437060665131,0.5739647419975289,0.5501401684363444,0.5095850083310943,6,random,0.75,4,96
Random Forest,raw,P1,1-3,10,3275,3600,0.38805555555555554,0.3846875496336079,0.3880555555555556,0.35676626518294485,0.35676626518294485,6,random,0.75,4,96
Random Forest,raw,P1,1-3,4,3275,161,0.84472049689441,0.8675653594771241,0.8168749999999999,0.7998412507033196,0.8147238818153361,5,random,0.75,5,96
Random Forest,raw,P1,1-3,5,3275,197,0.7715736040609137,0.8174246491295344,0.7932574189095928,0.7516313340292223,0.7545545652845622,5,random,0.75,5,96
Random Forest,raw,P1,1-3,6,3275,2300,0.688695652173913,0.6176396155558602,0.7432815636310756,0.6066753677617233,0.6901842808809614,6,random,0.75,5,96
Random Forest,raw,P1,1-3,7,3275,3613,0.5070578466648215,0.49942615891047987,0.5245588651315495,0.4489849103291808,0.46245453955133803,6,random,0.75,5,96
Random Forest,raw,P1,1-3,8,3275,294,0.1598639455782313,0.2609440928270042,0.19677544677544678,0.10816965254746365,0.09057205060631918,6,random,0.75,5,96
Random Forest,raw,P1,1-3,9,3275,470,0.5680851063829787,0.6053536517246195,0.5897047397047398,0.5300187467974362,0.486990864701069,6,random,0.75,5,96
Random Forest,raw,P1,1-3,10,3275,3600,0.3655555555555556,0.4069171978589951,0.3655555555555556,0.3362266842079238,0.3362266842079238,6,random,0.75,5,96
Random Forest,raw,P1,1-3,4,3275,161,0.8509316770186336,0.8573082942097026,0.8377083333333333,0.8157239057239056,0.8405410209758036,5,random,0.75,6,96
Random Forest,raw,P1,1-3,5,3275,197,0.7868020304568528,0.825732300486399,0.8039544513457557,0.7644289450741064,0.7692368969591827,5,random,0.75,6,96
Random Forest,raw,P1,1-3,6,3275,2300,0.7,0.6228088201401827,0.7018352079760248,0.6124253081279589,0.6997492249405506,6,random,0.75,6,96
Random Forest,raw,P1,1-3,7,3275,3613,0.5543869360642125,0.54620550498183,0.566176311549074,0.4970679960489503,0.5092233902925162,6,random,0.75,6,96
Random Forest,raw,P1,1-3,8,3275,294,0.16666666666666666,0.354385693671408,0.20241841491841495,0.12799274376366554,0.1171412490881,6,random,0.75,6,96
Random Forest,raw,P1,1-3,9,3275,470,0.5680851063829787,0.6169486292782853,0.5954079254079254,0.5430172533803047,0.4956781447878162,6,random,0.75,6,96
Random Forest,raw,P1,1-3,10,3275,3600,0.37472222222222223,0.3741046759909672,0.3747222222222222,0.34952539471217975,0.34952539471217975,6,random,0.75,6,96
Random Forest,raw,P1,1-3,4,3275,161,0.7453416149068323,0.7764087749077608,0.7810416666666666,0.726326928553884,0.7489274508789603,5,random,0.75,7,96
Random Forest,raw,P1,1-3,5,3275,197,0.7461928934010152,0.7494990892531875,0.76351966873706,0.7055483870967743,0.7083077706820953,5,random,0.75,7,96
Random Forest,raw,P1,1-3,6,3275,2300,0.7047826086956521,0.6191694555750192,0.7477240161923243,0.6140407391073139,0.695821565640335,6,random,0.75,7,96
Random Forest,raw,P1,1-3,7,3275,3613,0.6709106006089123,0.6023982496644845,0.6689129107532302,0.6198844858325643,0.6237838880820816,6,random,0.75,7,96
Random Forest,raw,P1,1-3,8,3275,294,0.35714285714285715,0.34816634816634817,0.350971250971251,0.29983455772929457,0.3793494123247077,6,random,0.75,7,96
Random Forest,raw,P1,1-3,9,3275,470,0.5765957446808511,0.5374338624338624,0.6139512400168138,0.5264205107292814,0.47960190395461477,6,random,0.75,7,96
Random Forest,raw,P1,1-3,10,3275,3600,0.36833333333333335,0.3907580440072165,0.36833333333333335,0.3351804605051085,0.33518046050510847,6,random,0.75,7,96
Random Forest,raw,P1,1-3,4,3275,161,0.8944099378881988,0.9137799716623247,0.8702083333333335,0.8788327657275407,0.8845803123324547,5,random,0.75,8,96
Random Forest,raw,P1,1-3,5,3275,197,0.7969543147208121,0.8356102003642988,0.8126501035196687,0.7778284487961907,0.7836717825255569,5,random,0.75,8,96
Random Forest,raw,P1,1-3,6,3275,2300,0.6834782608695652,0.6214717521484294,0.7424593774471199,0.608065605609259,0.6929207171422606,6,random,0.75,8,96
Random Forest,raw,P1,1-3,7,3275,3613,0.5103791862717962,0.5216119157928149,0.5237022867441815,0.4629851332677004,0.4813702179477197,6,random,0.75,8,96
Random Forest,raw,P1,1-3,8,3275,294,0.1598639455782313,0.3652312599681021,0.20505050505050504,0.1189070005512245,0.08432851052067414,6,random,0.75,8,96
Random Forest,raw,P1,1-3,9,3275,470,0.5851063829787234,0.6469265709443618,0.6147163947163947,0.5796380757617626,0.5251067455518447,6,random,0.75,8,96
Random Forest,raw,P1,1-3,10,3275,3600,0.34805555555555556,0.3210830172240889,0.34805555555555556,0.31210714653062394,0.31210714653062394,6,random,0.75,8,96
Random Forest,raw,P1,1-3,4,3275,161,0.8012422360248447,0.8204444444444444,0.795,0.7537596214066802,0.7809265628958724,5,random,0.75,9,96
Random Forest,raw,P1,1-3,5,3275,197,0.7614213197969543,0.7966666666666666,0.7833885438233266,0.732796559625828,0.7343885564759652,5,random,0.75,9,96
Random Forest,raw,P1,1-3,6,3275,2300,0.7026086956521739,0.5775666409048544,0.7507105539304227,0.5911853972027363,0.6968087392646849,6,random,0.75,9,96
Random Forest,raw,P1,1-3,7,3275,3613,0.5781898699141987,0.5458170135993273,0.5899544429640904,0.5363648825669766,0.5519676740944918,6,random,0.75,9,96
Random Forest,raw,P1,1-3,8,3275,294,0.25510204081632654,0.26254578754578756,0.22438811188811184,0.16321707446780503,0.25300528644437803,6,random,0.75,9,96
Random Forest,raw,P1,1-3,9,3275,470,0.5234042553191489,0.6180995640458579,0.520456265046429,0.46072316885289655,0.44171231027518015,6,random,0.75,9,96
Random Forest,raw,P1,1-3,10,3275,3600,0.3586111111111111,0.36261478359498817,0.35861111111111105,0.3373604859316806,0.33736048593168055,6,random,0.75,9,96
Random Forest,raw,P1,1-3,4,3275,161,0.8198757763975155,0.8306193806193806,0.8214583333333334,0.775470540456402,0.8044143885618191,5,random,0.75,10,96
Random Forest,raw,P1,1-3,5,3275,197,0.766497461928934,0.7957409193185472,0.7809109730848862,0.7362686936101841,0.7420421386926754,5,random,0.75,10,96
Random Forest,raw,P1,1-3,6,3275,2300,0.7104347826086956,0.6280448084798255,0.7545187965749397,0.6196129547921099,0.705995512356614,6,random,0.75,10,96
Random Forest,raw,P1,1-3,7,3275,3613,0.547744256850263,0.5252998642966308,0.5614842945285348,0.4888620314335435,0.5029060232521928,6,random,0.75,10,96
Random Forest,raw,P1,1-3,8,3275,294,0.13945578231292516,0.0447632058287796,0.17222222222222225,0.06645739910313901,0.0528903938256917,6,random,0.75,10,96
Random Forest,raw,P1,1-3,9,3275,470,0.5808510638297872,0.6355528181976319,0.5982750582750583,0.5625140938029555,0.5185991756744293,6,random,0.75,10,96
Random Forest,raw,P1,1-3,10,3275,3600,0.37833333333333335,0.5039018644001524,0.37833333333333335,0.3513954944668034,0.35139549446680335,6,random,0.75,10,96
Random Forest,raw,P1,1-3,4,3275,161,0.6894409937888198,0.6887469190574781,0.7658333333333334,0.6442099725417367,0.6799093891019006,5,random,0.75,11,96
Random Forest,raw,P1,1-3,5,3275,197,0.7715736040609137,0.8063469799246077,0.7909109730848861,0.7431216445647685,0.746079691681374,5,random,0.75,11,96
Random Forest,raw,P1,1-3,6,3275,2300,0.6878260869565217,0.5737036842861526,0.7456066952564914,0.5837710827267112,0.6881312168654696,6,random,0.75,11,96
Random Forest,raw,P1,1-3,7,3275,3613,0.519512870190977,0.5234498604068617,0.5369043973798442,0.47474933287767657,0.49067375487516846,6,random,0.75,11,96
Random Forest,raw,P1,1-3,8,3275,294,0.15306122448979592,0.382051282051282,0.17953574203574205,0.0798020185960365,0.079320790882341,6,random,0.75,11,96
Random Forest,raw,P1,1-3,9,3275,470,0.3617021276595745,0.364520202020202,0.32636541964410815,0.27028856394966144,0.27924536455565857,6,random,0.75,11,96
Random Forest,raw,P1,1-3,10,3275,3600,0.36527777777777776,0.3664517190513387,0.36527777777777776,0.3448876555321163,0.3448876555321163,6,random,0.75,11,96
Random Forest,raw,P1,1-3,4,3275,161,0.6645962732919255,0.7648366013071896,0.7297916666666666,0.6645641208943962,0.6817114306287478,5,random,0.75,12,96
Random Forest,raw,P1,1-3,5,3275,197,0.7715736040609137,0.8063469799246077,0.7909109730848861,0.7431216445647685,0.746079691681374,5,random,0.75,12,96
Random Forest,raw,P1,1-3,6,3275,2300,0.7160869565217391,0.6239248875983382,0.760053886140513,0.6220033046303546,0.7058774918306814,6,random,0.75,12,96
Random Forest,raw,P1,1-3,7,3275,3613,0.6543039025740381,0.5774079245257241,0.6536220040798013,0.6042844585068594,0.605975403823275,6,random,0.75,12,96
Random Forest,raw,P1,1-3,8,3275,294,0.40816326530612246,0.3745258984378934,0.38048756798756794,0.3417209654452604,0.4407490867390475,6,random,0.75,12,96
Random Forest,raw,P1,1-3,9,3275,470,0.5872340425531914,0.5551485414663362,0.6131569159438012,0.5644749834372476,0.5171402520936844,6,random,0.75,12,96
Random Forest,raw,P1,1-3,10,3275,3600,0.39111111111111113,0.3825513390888535,0.39111111111111113,0.3589456630347378,0.3589456630347378,6,random,0.75,12,96
Random Forest,raw,P1,1-3,4,3275,161,0.782608695652174,0.761430203783145,0.785625,0.7243937151612443,0.757382749021691,5,random,0.75,13,96
Random Forest,raw,P1,1-3,5,3275,197,0.7614213197969543,0.786971640856174,0.7765631469979295,0.7288953455582199,0.7339831405745467,5,random,0.75,13,96
Random Forest,raw,P1,1-3,6,3275,2300,0.6895652173913044,0.5734450267013945,0.7089315031050979,0.5828705433610041,0.6876992747332686,6,random,0.75,13,96
Random Forest,raw,P1,1-3,7,3275,3613,0.5621367284804871,0.5610415156622963,0.5733742177544943,0.5238686069953352,0.5466638049749089,6,random,0.75,13,96
Random Forest,raw,P1,1-3,8,3275,294,0.4421768707482993,0.4167972320146233,0.27648601398601397,0.21989374412160959,0.44142350297855737,6,random,0.75,13,96
Random Forest,raw,P1,1-3,9,3275,470,0.5127659574468085,0.421143957763676,0.5064957264957265,0.42290678876528925,0.41399174265488337,6,random,0.75,13,96
Random Forest,raw,P1,1-3,10,3275,3600,0.36527777777777776,0.3608239792090835,0.36527777777777776,0.33930933889306153,0.33930933889306164,6,random,0.75,13,96
Random Forest,raw,P1,1-3,4,3275,161,0.8074534161490683,0.8250532724505326,0.798125,0.7590807003215762,0.7856831362861194,5,random,0.75,14,96
Random Forest,raw,P1,1-3,5,3275,197,0.7563451776649747,0.7755945509120294,0.7778674948240166,0.7200931136415007,0.7208087257211213,5,random,0.75,14,96
Random Forest,raw,P1,1-3,6,3275,2300,0.7065217391304348,0.59369135812223,0.7480728091892774,0.6032641516361301,0.6953762356841893,6,random,0.75,14,96
Random Forest,raw,P1,1-3,7,3275,3613,0.6280099640188209,0.5784466076138539,0.6318201182276982,0.5809100348405384,0.5898266281571267,6,random,0.75,14,96
Random Forest,raw,P1,1-3,8,3275,294,0.22108843537414966,0.34480603544484617,0.20388500388500388,0.16035237653102738,0.2270207907093128,6,random,0.75,14,96
Random Forest,raw,P1,1-3,9,3275,470,0.5851063829787234,0.6407120184677536,0.6134343434343436,0.5403661527215412,0.49819038555650463,6,random,0.75,14,96
Random Forest,raw,P1,1-3,10,3275,3600,0.35,0.36923559175297277,0.35000000000000003,0.3103803802678698,0.31038038026786985,6,random,0.75,14,96
Random Forest,raw,P1,1-3,4,3275,161,0.6894409937888198,0.7323232323232324,0.73875,0.6687641391471094,0.6738293493145652,5,random,0.75,15,96
Random Forest,raw,P1,1-3,5,3275,197,0.7461928934010152,0.7767123287671233,0.7658661145617667,0.716118689791057,0.7203731481329292,5,random,0.75,15,96
Random Forest,raw,P1,1-3,6,3275,2300,0.7030434782608695,0.6205507758786447,0.7533756685960129,0.6153799467133495,0.695030309016225,6,random,0.75,15,96
Random Forest,raw,P1,1-3,7,3275,3613,0.5715471907002491,0.5445114750325196,0.5816849079666866,0.5169017485485718,0.5235933598411834,6,random,0.75,15,96
Random Forest,raw,P1,1-3,8,3275,294,0.24149659863945577,0.27092709127892195,0.23845182595182593,0.17256439675186575,0.23335862228209758,6,random,0.75,15,96
Random Forest,raw,P1,1-3,9,3275,470,0.5957446808510638,0.6252361172921921,0.6184226884226884,0.5590266615726573,0.5236429873232268,6,random,0.75,15,96
Random Forest,raw,P1,1-3,10,3275,3600,0.37194444444444447,0.4259625866512578,0.3719444444444444,0.33567228780956987,0.33567228780956976,6,random,0.75,15,96
Random Forest,raw,P1,1-3,4,3275,161,0.7888198757763976,0.8144361731458505,0.8029166666666667,0.7592586999563744,0.7898591890719581,5,random,0.75,16,96
Random Forest,raw,P1,1-3,5,3275,197,0.7461928934010152,0.7733224982586486,0.7715182884748102,0.7144684369485537,0.7138050000644822,5,random,0.75,16,96
Random Forest,raw,P1,1-3,6,3275,2300,0.698695652173913,0.5871522909927873,0.7422644821832285,0.5964878788282784,0.6926162444760806,6,random,0.75,16,96
Random Forest,raw,P1,1-3,7,3275,3613,0.604483808469416,0.560908350535772,0.6109262946141187,0.5555368777186106,0.571235978324782,6,random,0.75,16,96
Random Forest,raw,P1,1-3,8,3275,294,0.23129251700680273,0.25366496598639454,0.19822261072261071,0.1484787018255578,0.23609601476058406,6,random,0.75,16,96
Random Forest,raw,P1,1-3,9,3275,470,0.4808510638297872,0.4052719175908706,0.472737845032927,0.3839560553884988,0.3742084334129615,6,random,0.75,16,96
Random Forest,raw,P1,1-3,10,3275,3600,0.34833333333333333,0.3542549988684009,0.34833333333333333,0.31653371936212116,0.31653371936212116,6,random,0.75,16,96
Random Forest,raw,P1,1-3,4,3275,161,0.8633540372670807,0.8609411221175927,0.8404166666666667,0.8247236318415846,0.8481367811491679,5,random,0.75,17,96
Random Forest,raw,P1,1-3,5,3275,197,0.7411167512690355,0.7622113871475376,0.7615182884748102,0.7079237104038272,0.71012730298577,5,random,0.75,17,96
Random Forest,raw,P1,1-3,6,3275,2300,0.691304347826087,0.616334104774432,0.7449987041218162,0.6073411353891561,0.687634846146771,6,random,0.75,17,96
Random Forest,raw,P1,1-3,7,3275,3613,0.6210905065042901,0.5457744411914097,0.6210932379510664,0.5683800536156064,0.5745944065920531,6,random,0.75,17,96
Random Forest,raw,P1,1-3,8,3275,294,0.2891156462585034,0.2636004902527181,0.23145881895881895,0.19255180436615035,0.31267640055205714,6,random,0.75,17,96
Random Forest,raw,P1,1-3,9,3275,470,0.5340425531914894,0.5843677400151583,0.54998445998446,0.4947018357338589,0.45378995930725075,6,random,0.75,17,96
Random Forest,raw,P1,1-3,10,3275,3600,0.3997222222222222,0.41457546426944675,0.39972222222222226,0.37869909133214663,0.37869909133214663,6,random,0.75,17,96
Random Forest,raw,P1,1-3,4,3275,161,0.7639751552795031,0.79936293885143,0.7833333333333334,0.731824120158606,0.7633730168341535,5,random,0.75,18,96
Random Forest,raw,P1,1-3,5,3275,197,0.7563451776649747,0.7688427047473331,0.7653899240855763,0.7171802082525902,0.7252080255586897,5,random,0.75,18,96
Random Forest,raw,P1,1-3,6,3275,2300,0.707391304347826,0.6368319293321978,0.7465119919001028,0.6235540944098724,0.7133552548703943,6,random,0.75,18,96
Random Forest,raw,P1,1-3,7,3275,3613,0.5862164406310545,0.5502766009693455,0.5980749595116938,0.5338118582252624,0.5525141946472426,6,random,0.75,18,96
Random Forest,raw,P1,1-3,8,3275,294,0.15306122448979592,0.21631342324983946,0.18127428127428127,0.08055823525628657,0.07789179084071728,6,random,0.75,18,96
Random Forest,raw,P1,1-3,9,3275,470,0.44680851063829785,0.3997640216296891,0.4289510489510489,0.3782114758768714,0.3681006387406523,6,random,0.75,18,96
Random Forest,raw,P1,1-3,10,3275,3600,0.3858333333333333,0.5491848976039507,0.3858333333333333,0.3598494884458601,0.3598494884458602,6,random,0.75,18,96
Random Forest,raw,P1,1-3,4,3275,161,0.8509316770186336,0.8706062053888142,0.8270833333333334,0.8193134437461456,0.8279677100226548,5,random,0.75,19,96
Random Forest,raw,P1,1-3,5,3275,197,0.7563451776649747,0.7767213114754098,0.7722153209109731,0.7213261648745519,0.7256842915103927,5,random,0.75,19,96
Random Forest,raw,P1,1-3,6,3275,2300,0.7060869565217391,0.6203615771797878,0.7535929079476272,0.6142957527976977,0.699108251246655,6,random,0.75,19,96
Random Forest,raw,P1,1-3,7,3275,3613,0.5554940492665374,0.539997391485389,0.5637347242657129,0.49834061800922286,0.5056712683009192,6,random,0.75,19,96
Random Forest,raw,P1,1-3,8,3275,294,0.2687074829931973,0.33302571802571806,0.2614510489510489,0.2217644842389167,0.2819076770473141,6,random,0.75,19,96
Random Forest,raw,P1,1-3,9,3275,470,0.5574468085106383,0.5316102989953065,0.5871017871017871,0.5010087350163965,0.4595963653596167,6,random,0.75,19,96
Random Forest,raw,P1,1-3,10,3275,3600,0.3575,0.4081069382428786,0.3575,0.33737916409345,0.3373791640934499,6,random,0.75,19,96
Random Forest,raw,P1,1-3,4,3275,161,0.7950310559006211,0.818888888888889,0.791875,0.7636809427132007,0.7724103686335705,5,random,0.75,20,96
Random Forest,raw,P1,1-3,5,3275,197,0.7715736040609137,0.8033803241045717,0.7852587991718426,0.7434581898522505,0.7498749195042783,5,random,0.75,20,96
Random Forest,raw,P1,1-3,6,3275,2300,0.68,0.5727733566331396,0.7143504443435917,0.5791341602430672,0.6810991530577849,6,random,0.75,20,96
Random Forest,raw,P1,1-3,7,3275,3613,0.5258787711043454,0.5158058994264344,0.5388706676484655,0.48352022540908385,0.5010822335628199,6,random,0.75,20,96
Random Forest,raw,P1,1-3,8,3275,294,0.46598639455782315,0.3977411477411477,0.2918803418803419,0.22120340276985848,0.45370979672516737,6,random,0.75,20,96
Random Forest,raw,P1,1-3,9,3275,470,0.46595744680851064,0.5246696925575326,0.46488364094921475,0.39631699797221764,0.3736897906325726,6,random,0.75,20,96
Random Forest,raw,P1,1-3,10,3275,3600,0.3711111111111111,0.3934953559940984,0.3711111111111111,0.3389752137020175,0.3389752137020175,6,random,0.75,20,96
Random Forest,raw,P1,1-3,4,3275,161,0.6770186335403726,0.7298310475054661,0.7325,0.6555831524797042,0.6788255971914143,5,random,0.75,21,96
Random Forest,raw,P1,1-3,5,3275,197,0.7461928934010152,0.7401003069091997,0.7691718426501035,0.7036078753740843,0.7025854534394481,5,random,0.75,21,96
Random Forest,raw,P1,1-3,6,3275,2300,0.7195652173913043,0.6104006106552539,0.7643254389889336,0.6166706983384986,0.7081321824906356,6,random,0.75,21,96
Random Forest,raw,P1,1-3,7,3275,3613,0.5859396623304733,0.5442253921012966,0.5964339474063846,0.5389090349970956,0.5462138966121518,6,random,0.75,21,96
Random Forest,raw,P1,1-3,8,3275,294,0.21768707482993196,0.3555777793511439,0.22312548562548562,0.15603978077002514,0.19664062602294066,6,random,0.75,21,96
Random Forest,raw,P1,1-3,9,3275,470,0.48723404255319147,0.4775070689544374,0.4938228438228438,0.4128864739067619,0.3892192618400833,6,random,0.75,21,96
Random Forest,raw,P1,1-3,10,3275,3600,0.38555555555555554,0.3905412212155441,0.3855555555555556,0.361529278081785,0.361529278081785,6,random,0.75,21,96
Random Forest,raw,P1,1-3,4,3275,161,0.7080745341614907,0.7774206349206348,0.7729166666666667,0.7180249701988833,0.7247671538111721,5,random,0.75,22,96
Random Forest,raw,P1,1-3,5,3275,197,0.7715736040609137,0.7991271347248576,0.7897377501725329,0.7385075933075933,0.7414053531413939,5,random,0.75,22,96
Random Forest,raw,P1,1-3,6,3275,2300,0.6708695652173913,0.6242646021000317,0.7313298411824398,0.6031494093779775,0.683830724897158,6,random,0.75,22,96
Random Forest,raw,P1,1-3,7,3275,3613,0.5485745917520066,0.5130396414898357,0.5595399515897402,0.5009074120127441,0.5144179952460397,6,random,0.75,22,96
Random Forest,raw,P1,1-3,8,3275,294,0.17687074829931973,0.21073874755381608,0.2368686868686869,0.17196785694358566,0.11988515178013556,6,random,0.75,22,96
Random Forest,raw,P1,1-3,9,3275,470,0.551063829787234,0.46288743542195626,0.5787764148419886,0.4963124419430415,0.447054337442911,6,random,0.75,22,96
Random Forest,raw,P1,1-3,10,3275,3600,0.36277777777777775,0.35408891703361617,0.3627777777777777,0.3205038373890073,0.3205038373890073,6,random,0.75,22,96
Random Forest,raw,P1,1-3,4,3275,161,0.84472049689441,0.9007070707070707,0.8168749999999999,0.8216891412543585,0.8152278799726814,5,random,0.75,23,96
Random Forest,raw,P1,1-3,5,3275,197,0.7461928934010152,0.7494990892531875,0.76351966873706,0.7055483870967743,0.7083077706820953,5,random,0.75,23,96
Random Forest,raw,P1,1-3,6,3275,2300,0.71,0.6196166493575469,0.7620669975184994,0.6171103484254277,0.7067226414949394,6,random,0.75,23,96
Random Forest,raw,P1,1-3,7,3275,3613,0.5510655964572377,0.5397268641776016,0.5625534506211961,0.5030298934390541,0.5225468768093582,6,random,0.75,23,96
Random Forest,raw,P1,1-3,8,3275,294,0.16326530612244897,0.250380932199114,0.19355089355089353,0.08403147242845933,0.08201430045473597,6,random,0.75,23,96
Random Forest,raw,P1,1-3,9,3275,470,0.5255319148936171,0.4892265630549697,0.5476456876456877,0.4688449988644243,0.42694673240941966,6,random,0.75,23,96
Random Forest,raw,P1,1-3,10,3275,3600,0.3575,0.36751796230900924,0.3575,0.3273523367757854,0.32735233677578535,6,random,0.75,23,96
Random Forest,raw,P1,1-3,4,3275,161,0.8509316770186336,0.9214676173499704,0.8335416666666667,0.8401842960811798,0.8224379234336759,5,random,0.75,24,96
Random Forest,raw,P1,1-3,5,3275,197,0.7868020304568528,0.825732300486399,0.8039544513457557,0.7644289450741064,0.7692368969591827,5,random,0.75,24,96
Random Forest,raw,P1,1-3,6,3275,2300,0.7008695652173913,0.628949243004732,0.7469803469420632,0.6176255856874547,0.7004909278621851,6,random,0.75,24,96
Random Forest,raw,P1,1-3,7,3275,3613,0.6072515914752283,0.5700521071128866,0.6120855778837954,0.5654289178484264,0.5658213743332928,6,random,0.75,24,96
Random Forest,raw,P1,1-3,8,3275,294,0.5238095238095238,0.4412072856221793,0.33834498834498833,0.29374873894918835,0.5266099893138892,6,random,0.75,24,96
Random Forest,raw,P1,1-3,9,3275,470,0.5531914893617021,0.5498696252224479,0.5721056721056721,0.5002318938888053,0.46278927492179917,6,random,0.75,24,96
Random Forest,raw,P1,1-3,10,3275,3600,0.39944444444444444,0.4517418136708171,0.39944444444444444,0.3603909148850712,0.36039091488507113,6,random,0.75,24,96
Random Forest,raw,P1,1-3,4,3275,161,0.8571428571428571,0.8766598760716408,0.83375,0.8234383982366374,0.8376448839883537,5,random,0.75,25,96
Random Forest,raw,P1,1-3,5,3275,197,0.7461928934010152,0.7494990892531875,0.76351966873706,0.7055483870967743,0.7083077706820953,5,random,0.75,25,96
Random Forest,raw,P1,1-3,6,3275,2300,0.6830434782608695,0.5743016780097601,0.7212716140784924,0.5832688493824527,0.6781022848893937,6,random,0.75,25,96
Random Forest,raw,P1,1-3,7,3275,3613,0.5397176861334071,0.5135811594157602,0.5512014520214484,0.48277327932705516,0.4935734611743282,6,random,0.75,25,96
Random Forest,raw,P1,1-3,8,3275,294,0.14625850340136054,0.2701621582837052,0.1785936285936286,0.09509617988319814,0.08101954094420045,6,random,0.75,25,96
Random Forest,raw,P1,1-3,9,3275,470,0.5340425531914894,0.4701982593448382,0.527948717948718,0.45311498118515664,0.4387262117833226,6,random,0.75,25,96
Random Forest,raw,P1,1-3,10,3275,3600,0.35194444444444445,0.3568693350468876,0.3519444444444444,0.3221822214749361,0.322182221474936,6,random,0.75,25,96
Random Forest,raw,P1,1-3,4,3275,161,0.84472049689441,0.9171241830065359,0.8168749999999999,0.8284515261025328,0.8159025829729067,5,random,0.75,26,96
Random Forest,raw,P1,1-3,5,3275,197,0.7461928934010152,0.7494990892531875,0.76351966873706,0.7055483870967743,0.7083077706820953,5,random,0.75,26,96
Random Forest,raw,P1,1-3,6,3275,2300,0.6934782608695652,0.613262818857163,0.7457653723232288,0.6071544555801083,0.6894053024559589,6,random,0.75,26,96
Random Forest,raw,P1,1-3,7,3275,3613,0.5084417381677276,0.5251012782332108,0.5221481770952244,0.44977974517076547,0.45970055196666665,6,random,0.75,26,96
Random Forest,raw,P1,1-3,8,3275,294,0.1564625850340136,0.2868197227738661,0.1940947940947941,0.09595265845265843,0.07732210155679543,6,random,0.75,26,96
Random Forest,raw,P1,1-3,9,3275,470,0.3723404255319149,0.3193287037037037,0.3635042735042735,0.22926945731439322,0.23198186085503278,6,random,0.75,26,96
Random Forest,raw,P1,1-3,10,3275,3600,0.35333333333333333,0.394045244284664,0.35333333333333333,0.3296097251819798,0.32960972518197984,6,random,0.75,26,96
Random Forest,raw,P1,1-3,4,3275,161,0.7018633540372671,0.751943770515199,0.7591666666666667,0.6933765930732564,0.7084219845368883,5,random,0.75,27,96
Random Forest,raw,P1,1-3,5,3275,197,0.7766497461928934,0.8230494019009071,0.7976052449965494,0.7585091217187852,0.7620234224054251,5,random,0.75,27,96
Random Forest,raw,P1,1-3,6,3275,2300,0.6960869565217391,0.5869116954316845,0.7423676861477905,0.596073253063886,0.6888927048359023,6,random,0.75,27,96
Random Forest,raw,P1,1-3,7,3275,3613,0.5153611956822585,0.5087619255936797,0.529034986390115,0.46611354263139554,0.4762547331412,6,random,0.75,27,96
Random Forest,raw,P1,1-3,8,3275,294,0.1870748299319728,0.2896033829104695,0.18307109557109558,0.13632319364906695,0.1796137921468082,6,random,0.75,27,96
Random Forest,raw,P1,1-3,9,3275,470,0.4787234042553192,0.5782332239079644,0.47209013209013206,0.3848506463714974,0.373503026331908,6,random,0.75,27,96
Random Forest,raw,P1,1-3,10,3275,3600,0.3838888888888889,0.37917186316225476,0.3838888888888889,0.3555363530717537,0.35553635307175374,6,random,0.75,27,96
Random Forest,raw,P1,1-3,4,3275,161,0.8385093167701864,0.8056293887872835,0.81375,0.765900835956937,0.8096817252710905,5,random,0.75,28,96
Random Forest,raw,P1,1-3,5,3275,197,0.7766497461928934,0.807629010373353,0.7940855762594893,0.7460013276434329,0.7495933357883664,5,random,0.75,28,96
Random Forest,raw,P1,1-3,6,3275,2300,0.6956521739130435,0.5698914924615043,0.7385818787380253,0.5841967434605656,0.6901924818424712,6,random,0.75,28,96
Random Forest,raw,P1,1-3,7,3275,3613,0.604483808469416,0.5385765185299066,0.6171310106014533,0.5532813417538814,0.5676565158010508,6,random,0.75,28,96
Random Forest,raw,P1,1-3,8,3275,294,0.29931972789115646,0.3103528752800598,0.22203768453768455,0.16632328165815796,0.30909836810278024,6,random,0.75,28,96
Random Forest,raw,P1,1-3,9,3275,470,0.4425531914893617,0.3709833691930879,0.4210900938769791,0.3543961850807089,0.3487682075746028,6,random,0.75,28,96
Random Forest,raw,P1,1-3,10,3275,3600,0.38472222222222224,0.3784903546461645,0.3847222222222222,0.3507048982166279,0.3507048982166279,6,random,0.75,28,96
Random Forest,raw,P1,1-3,4,3275,161,0.8757763975155279,0.8844330523277891,0.8502083333333333,0.8453271848924022,0.8599468899090826,5,random,0.75,29,96
Random Forest,raw,P1,1-3,5,3275,197,0.766497461928934,0.7957409193185472,0.7809109730848862,0.7362686936101841,0.7420421386926754,5,random,0.75,29,96
Random Forest,raw,P1,1-3,6,3275,2300,0.6921739130434783,0.571637906290008,0.7484925469593828,0.5845342473553613,0.6878937042455382,6,random,0.75,29,96
Random Forest,raw,P1,1-3,7,3275,3613,0.5137005258787711,0.5250009096383729,0.527898002999816,0.4661179465348276,0.4845238909672445,6,random,0.75,29,96
Random Forest,raw,P1,1-3,8,3275,294,0.14625850340136054,0.11812865497076024,0.18232323232323233,0.07636907039892114,0.05795646124613532,6,random,0.75,29,96
Random Forest,raw,P1,1-3,9,3275,470,0.3680851063829787,0.4541533345881172,0.3359218923153349,0.26396318332135893,0.2668308777303024,6,random,0.75,29,96
Random Forest,raw,P1,1-3,10,3275,3600,0.3502777777777778,0.3517689691117963,0.35027777777777774,0.32030008437140206,0.32030008437140206,6,random,0.75,29,96
Random Forest,raw,P1,1-3,4,3275,161,0.84472049689441,0.8463312777236828,0.8168749999999999,0.7938777518777518,0.8144777444777446,5,random,0.75,30,96
Random Forest,raw,P1,1-3,5,3275,197,0.7715736040609137,0.7970229497672926,0.7840855762594894,0.7391483766888485,0.7455557827996679,5,random,0.75,30,96
Random Forest,raw,P1,1-3,6,3275,2300,0.7126086956521739,0.6206892837547106,0.7637203916164336,0.6185727416615382,0.7067911539117513,6,random,0.75,30,96
Random Forest,raw,P1,1-3,7,3275,3613,0.6321616385275395,0.5613272718036241,0.6387603458168284,0.5770500597349916,0.589780535837459,6,random,0.75,30,96
Random Forest,raw,P1,1-3,8,3275,294,0.3945578231292517,0.3112071503375851,0.2756118881118881,0.23902540255607355,0.4181146938101185,6,random,0.75,30,96
Random Forest,raw,P1,1-3,9,3275,470,0.4851063829787234,0.5125461026836006,0.48194250194250193,0.37175275074808,0.3642436796336011,6,random,0.75,30,96
Random Forest,raw,P1,1-3,10,3275,3600,0.3813888888888889,0.5529916129202364,0.38138888888888883,0.3538607280389801,0.35386072803898017,6,random,0.75,30,96
Random Forest,raw,P1,1-3,4,3275,161,0.8260869565217391,0.7978398895790201,0.8345833333333333,0.7637570389809195,0.8026395223391608,5,random,0.75,31,96
Random Forest,raw,P1,1-3,5,3275,197,0.766497461928934,0.7978807317652649,0.7865631469979297,0.735653231263474,0.7379097036782405,5,random,0.75,31,96
Random Forest,raw,P1,1-3,6,3275,2300,0.7039130434782609,0.6222144086961211,0.7515937375320704,0.616801134138148,0.705771256804036,6,random,0.75,31,96
Random Forest,raw,P1,1-3,7,3275,3613,0.6133407140880155,0.5648747003236628,0.622307212462135,0.5623984936796648,0.5777161807207792,6,random,0.75,31,96
Random Forest,raw,P1,1-3,8,3275,294,0.40816326530612246,0.23187613843351548,0.2492909867909868,0.1851887180268682,0.4085133967513185,6,random,0.75,31,96
Random Forest,raw,P1,1-3,9,3275,470,0.5829787234042553,0.6733478029766123,0.605050505050505,0.5777557544889858,0.5309600722826031,6,random,0.75,31,96
Random Forest,raw,P1,1-3,10,3275,3600,0.3511111111111111,0.3484085708026437,0.3511111111111111,0.3247693778260086,0.3247693778260087,6,random,0.75,31,96
Random Forest,raw,P1,1-3,4,3275,161,0.7888198757763976,0.7992584436839756,0.8229166666666667,0.7654405761405194,0.7741566590988278,5,random,0.75,32,96
Random Forest,raw,P1,1-3,5,3275,197,0.7715736040609137,0.7991271347248576,0.7897377501725329,0.7385075933075933,0.7414053531413939,5,random,0.75,32,96
Random Forest,raw,P1,1-3,6,3275,2300,0.7121739130434782,0.6332139833577515,0.7528731892394843,0.6234684433112968,0.7111170197427173,6,random,0.75,32,96
Random Forest,raw,P1,1-3,7,3275,3613,0.6260725159147523,0.593155023404165,0.6298732812269753,0.5827482731224463,0.5836209215103165,6,random,0.75,32,96
Random Forest,raw,P1,1-3,8,3275,294,0.45918367346938777,0.2947420634920635,0.3363539238539239,0.26565441381230853,0.4607523343506158,6,random,0.75,32,96
Random Forest,raw,P1,1-3,9,3275,470,0.5829787234042553,0.5115134411565171,0.5787179487179487,0.5128138233753492,0.4981068672014086,6,random,0.75,32,96
Random Forest,raw,P1,1-3,10,3275,3600,0.3933333333333333,0.40164895491379854,0.39333333333333337,0.3670354340293473,0.36703543402934724,6,random,0.75,32,96
Random Forest,raw,P1,1-3,4,3275,161,0.84472049689441,0.9007070707070707,0.8168749999999999,0.8216891412543585,0.8152278799726814,5,random,0.75,33,96
Random Forest,raw,P1,1-3,5,3275,197,0.7563451776649747,0.7755945509120294,0.7778674948240166,0.7200931136415007,0.7208087257211213,5,random,0.75,33,96
Random Forest,raw,P1,1-3,6,3275,2300,0.7091304347826087,0.6293978890270868,0.7553276517795262,0.6196276403670096,0.7040049321502343,6,random,0.75,33,96
Random Forest,raw,P1,1-3,7,3275,3613,0.5715471907002491,0.5363163063465335,0.5846459535766505,0.520744222724313,0.53586952487855,6,random,0.75,33,96
Random Forest,raw,P1,1-3,8,3275,294,0.43197278911564624,0.43360914105594955,0.2885003885003885,0.2247842459684565,0.43140945798840535,6,random,0.75,33,96
Random Forest,raw,P1,1-3,9,3275,470,0.5255319148936171,0.5666607068359258,0.5433488733488733,0.4812811797606777,0.4357795626162082,6,random,0.75,33,96
Random Forest,raw,P1,1-3,10,3275,3600,0.3852777777777778,0.38676757512416704,0.3852777777777778,0.3561046154768097,0.3561046154768097,6,random,0.75,33,96
Random Forest,raw,P1,1-3,4,3275,161,0.7018633540372671,0.7213521261347349,0.7485416666666667,0.6657049864919593,0.7016327491346095,5,random,0.75,34,96
Random Forest,raw,P1,1-3,5,3275,197,0.7563451776649747,0.7656630824372759,0.7710420979986197,0.7163544011544012,0.7205923191303901,5,random,0.75,34,96
Random Forest,raw,P1,1-3,6,3275,2300,0.7143478260869566,0.6268772490786906,0.7486099860564011,0.6211130443620887,0.7075313943311378,6,random,0.75,34,96
Random Forest,raw,P1,1-3,7,3275,3613,0.6072515914752283,0.552602331853679,0.6122932446427364,0.5545131368643741,0.5724581557296889,6,random,0.75,34,96
Random Forest,raw,P1,1-3,8,3275,294,0.29931972789115646,0.32822021995989453,0.2922202797202797,0.23273295543293612,0.29934366846542915,6,random,0.75,34,96
Random Forest,raw,P1,1-3,9,3275,470,0.5893617021276596,0.6406212421837422,0.6122222222222222,0.56204272763073,0.5172363489483641,6,random,0.75,34,96
Random Forest,raw,P1,1-3,10,3275,3600,0.36138888888888887,0.36851690780688684,0.3613888888888889,0.3323300523773873,0.3323300523773873,6,random,0.75,34,96
Random Forest,raw,P1,1-3,4,3275,161,0.8633540372670807,0.8698989898989898,0.836875,0.8242814693786016,0.8425403679697208,5,random,0.75,35,96
Random Forest,raw,P1,1-3,5,3275,197,0.7563451776649747,0.7866510172143976,0.7790407177363698,0.7251486519779202,0.725986918632703,5,random,0.75,35,96
Random Forest,raw,P1,1-3,6,3275,2300,0.7004347826086956,0.6231970550815235,0.7561455109705171,0.6149027950351369,0.6994152259846408,6,random,0.75,35,96
Random Forest,raw,P1,1-3,7,3275,3613,0.519512870190977,0.5447937971432483,0.537031705442993,0.47147250901483834,0.48933949512737823,6,random,0.75,35,96
Random Forest,raw,P1,1-3,8,3275,294,0.1870748299319728,0.3159806999186141,0.21487956487956492,0.13142099991164474,0.13339025123829673,6,random,0.75,35,96
Random Forest,raw,P1,1-3,9,3275,470,0.5319148936170213,0.6040384865589784,0.5458041958041958,0.48033497194006136,0.4479593502370187,6,random,0.75,35,96
Random Forest,raw,P1,1-3,10,3275,3600,0.36,0.37222266569895796,0.36000000000000004,0.335361342342307,0.3353613423423071,6,random,0.75,35,96
Random Forest,raw,P1,1-3,4,3275,161,0.8136645962732919,0.8597342995169083,0.8012499999999999,0.7896675733754386,0.7863889121478627,5,random,0.75,36,96
Random Forest,raw,P1,1-3,5,3275,197,0.7715736040609137,0.8063469799246077,0.7909109730848861,0.7431216445647685,0.746079691681374,5,random,0.75,36,96
Random Forest,raw,P1,1-3,6,3275,2300,0.7186956521739131,0.6212745226195807,0.761186995289224,0.6203295726853134,0.707451530235283,6,random,0.75,36,96
Random Forest,raw,P1,1-3,7,3275,3613,0.586769997232217,0.5529424689927509,0.5987292344453695,0.5393912421073708,0.5566592472943103,6,random,0.75,36,96
Random Forest,raw,P1,1-3,8,3275,294,0.22448979591836735,0.2838044308632544,0.21351981351981353,0.1411060411060411,0.20277099256691092,6,random,0.75,36,96
Random Forest,raw,P1,1-3,9,3275,470,0.5468085106382978,0.5920686699229649,0.5627673965378883,0.52750071671408,0.4854749229073387,6,random,0.75,36,96
Random Forest,raw,P1,1-3,10,3275,3600,0.38861111111111113,0.40206213241170863,0.3886111111111111,0.3614571972449259,0.361457197244926,6,random,0.75,36,96
Random Forest,raw,P1,1-3,4,3275,161,0.6583850931677019,0.699952718676123,0.723125,0.6281108252885582,0.6636829688167298,5,random,0.75,37,96
Random Forest,raw,P1,1-3,5,3275,197,0.7461928934010152,0.7401003069091997,0.7691718426501035,0.7036078753740843,0.7025854534394481,5,random,0.75,37,96
Random Forest,raw,P1,1-3,6,3275,2300,0.7017391304347826,0.6097887760168462,0.7193984252836972,0.6079904235682614,0.6987290429884525,6,random,0.75,37,96
Random Forest,raw,P1,1-3,7,3275,3613,0.5394409078328259,0.5292340583149965,0.5538284264942427,0.4910796287335799,0.5061510727146828,6,random,0.75,37,96
Random Forest,raw,P1,1-3,8,3275,294,0.16326530612244897,0.4134615384615385,0.18391608391608394,0.10368084774816894,0.11100062652456961,6,random,0.75,37,96
Random Forest,raw,P1,1-3,9,3275,470,0.4553191489361702,0.3011911195751945,0.4465811965811966,0.34405897600342045,0.3306882571066968,6,random,0.75,37,96
Random Forest,raw,P1,1-3,10,3275,3600,0.3491666666666667,0.3439428577748502,0.3491666666666666,0.3235122053046224,0.32351220530462244,6,random,0.75,37,96
Random Forest,raw,P1,1-3,4,3275,161,0.6708074534161491,0.7347186963305733,0.729375,0.6584328580282942,0.6689012464174346,5,random,0.75,38,96
Random Forest,raw,P1,1-3,5,3275,197,0.7614213197969543,0.7767741935483871,0.7810420979986198,0.7228991276991277,0.7242700162091025,5,random,0.75,38,96
Random Forest,raw,P1,1-3,6,3275,2300,0.71,0.6232723063973064,0.729545096733346,0.6162253335078433,0.7016133212596475,6,random,0.75,38,96
Random Forest,raw,P1,1-3,7,3275,3613,0.6100193744810407,0.5646076408744257,0.6156609611692128,0.5634393257599427,0.5653021900052615,6,random,0.75,38,96
Random Forest,raw,P1,1-3,8,3275,294,0.3979591836734694,0.44608843537414966,0.34335664335664334,0.31601803854024596,0.4347591693684383,6,random,0.75,38,96
Random Forest,raw,P1,1-3,9,3275,470,0.5553191489361702,0.5845121729233471,0.5828049728049728,0.5302057234576485,0.4860019249335015,6,random,0.75,38,96
Random Forest,raw,P1,1-3,10,3275,3600,0.3869444444444444,0.3920443719642797,0.38694444444444437,0.3545891967318881,0.35458919673188816,6,random,0.75,38,96
Random Forest,raw,P1,1-3,4,3275,161,0.6645962732919255,0.7402640652594399,0.7297916666666666,0.6574463215668619,0.6734208347373039,5,random,0.75,39,96
Random Forest,raw,P1,1-3,5,3275,197,0.7868020304568528,0.8213895781637717,0.8027812284334024,0.7604308404632079,0.7652816839453126,5,random,0.75,39,96
Random Forest,raw,P1,1-3,6,3275,2300,0.7230434782608696,0.6204237842565977,0.7699821099939682,0.6231536246238812,0.7082328736192872,6,random,0.75,39,96
Random Forest,raw,P1,1-3,7,3275,3613,0.5828951010240797,0.5444144100738343,0.5898971230693987,0.531274904467301,0.5472261081926275,6,random,0.75,39,96
Random Forest,raw,P1,1-3,8,3275,294,0.2891156462585034,0.3948412698412698,0.32346542346542345,0.1899512358622832,0.23097967558922675,6,random,0.75,39,96
Random Forest,raw,P1,1-3,9,3275,470,0.43829787234042555,0.3532823873832167,0.43937279478263086,0.3749074056868528,0.3525159903343205,6,random,0.75,39,96
Random Forest,raw,P1,1-3,10,3275,3600,0.375,0.3793172815985717,0.375,0.34940620336537415,0.34940620336537404,6,random,0.75,39,96
Random Forest,raw,P1,1-3,4,3275,161,0.8509316770186336,0.8639381153305203,0.8235416666666666,0.8098264698264698,0.8248647487777921,5,random,0.75,40,96
Random Forest,raw,P1,1-3,5,3275,197,0.7461928934010152,0.7743879472693032,0.7658661145617667,0.715655997918293,0.7186482377478467,5,random,0.75,40,96
Random Forest,raw,P1,1-3,6,3275,2300,0.7104347826086956,0.6298986536549886,0.7569990445997421,0.6215265962732129,0.7060843739757108,6,random,0.75,40,96
Random Forest,raw,P1,1-3,7,3275,3613,0.5621367284804871,0.541037137356625,0.5751081118993232,0.5076853242179031,0.5237273514545171,6,random,0.75,40,96
Random Forest,raw,P1,1-3,8,3275,294,0.17346938775510204,0.3984858059799512,0.21410256410256412,0.10061597762060148,0.09019940858017096,6,random,0.75,40,96
Random Forest,raw,P1,1-3,9,3275,470,0.4829787234042553,0.5521782793170712,0.5098523698523698,0.42903924082016864,0.3895865194478706,6,random,0.75,40,96
Random Forest,raw,P1,1-3,10,3275,3600,0.4025,0.4388232288015048,0.4025,0.37823979148536374,0.3782397914853638,6,random,0.75,40,96
Random Forest,raw,P1,1-3,4,3275,161,0.7204968944099379,0.7688217338217338,0.7814583333333334,0.703025641025641,0.7211148272017837,5,random,0.75,41,96
Random Forest,raw,P1,1-3,5,3275,197,0.766497461928934,0.7957409193185472,0.7809109730848862,0.7362686936101841,0.7420421386926754,5,random,0.75,41,96
Random Forest,raw,P1,1-3,6,3275,2300,0.717391304347826,0.6314525520791041,0.7613195928437771,0.6251413829842654,0.7122929014663067,6,random,0.75,41,96
Random Forest,raw,P1,1-3,7,3275,3613,0.57625242181013,0.5449784210884949,0.5915539098157298,0.5291351854273624,0.5456254700469005,6,random,0.75,41,96
Random Forest,raw,P1,1-3,8,3275,294,0.2789115646258503,0.24568965517241378,0.2170066045066045,0.146227260795705,0.2764417512395208,6,random,0.75,41,96
Random Forest,raw,P1,1-3,9,3275,470,0.4723404255319149,0.5711151685967975,0.4668686868686869,0.37738951250687075,0.3636564168401573,6,random,0.75,41,96
Random Forest,raw,P1,1-3,10,3275,3600,0.3655555555555556,0.3454830446878973,0.3655555555555556,0.33118895887252053,0.33118895887252053,6,random,0.75,41,96
Random Forest,raw,P1,1-3,4,3275,161,0.7453416149068323,0.7162664783427495,0.766875,0.680318055927812,0.7282002449401328,5,random,0.75,42,96
Random Forest,raw,P1,1-3,5,3275,197,0.7766497461928934,0.807629010373353,0.7940855762594893,0.7460013276434329,0.7495933357883664,5,random,0.75,42,96
Random Forest,raw,P1,1-3,6,3275,2300,0.6582608695652173,0.6121858081218577,0.7173162439060011,0.5928639051203979,0.6778750839769222,6,random,0.75,42,96
Random Forest,raw,P1,1-3,7,3275,3613,0.5538333794630501,0.5148308544107728,0.5638563876748116,0.5062013345535598,0.5157522905083736,6,random,0.75,42,96
Random Forest,raw,P1,1-3,8,3275,294,0.19387755102040816,0.3044131455399061,0.18363442113442116,0.12510813384855532,0.1805397528235514,6,random,0.75,42,96
Random Forest,raw,P1,1-3,9,3275,470,0.5212765957446809,0.62575789444164,0.5158041958041958,0.429299349390456,0.41608465081024815,6,random,0.75,42,96
Random Forest,raw,P1,1-3,10,3275,3600,0.3705555555555556,0.40070293799154805,0.3705555555555555,0.3433546911777261,0.34335469117772605,6,random,0.75,42,96
Random Forest,raw,P1,1-3,4,3275,161,0.84472049689441,0.8634188034188034,0.8204166666666666,0.801920614596671,0.8193735535744108,5,random,0.75,43,96
Random Forest,raw,P1,1-3,5,3275,197,0.7766497461928934,0.807629010373353,0.7940855762594893,0.7460013276434329,0.7495933357883664,5,random,0.75,43,96
Random Forest,raw,P1,1-3,6,3275,2300,0.7169565217391304,0.6281601224188955,0.7545445817885198,0.6223303488459194,0.7081891775518961,6,random,0.75,43,96
Random Forest,raw,P1,1-3,7,3275,3613,0.6028231386659286,0.552793263146769,0.6076305864773471,0.5454100713385844,0.5627284659325285,6,random,0.75,43,96
Random Forest,raw,P1,1-3,8,3275,294,0.336734693877551,0.3066137566137566,0.27143550893550894,0.2114086221751019,0.34357677396727143,6,random,0.75,43,96
Random Forest,raw,P1,1-3,9,3275,470,0.5680851063829787,0.566607606898181,0.5934032634032634,0.5191937286947624,0.47649445830226805,6,random,0.75,43,96
Random Forest,raw,P1,1-3,10,3275,3600,0.39416666666666667,0.3937464500122936,0.3941666666666667,0.3611343225243266,0.36113432252432653,6,random,0.75,43,96
Random Forest,raw,P1,1-3,4,3275,161,0.8385093167701864,0.8674767161559613,0.8456250000000001,0.8437028466982968,0.8315011571787191,5,random,0.75,44,96
Random Forest,raw,P1,1-3,5,3275,197,0.8020304568527918,0.8370967741935484,0.8158247066942719,0.7808475830669379,0.7872845290025575,5,random,0.75,44,96
Random Forest,raw,P1,1-3,6,3275,2300,0.6760869565217391,0.6018938581868091,0.727774788525079,0.597315605888929,0.673830887827753,6,random,0.75,44,96
Random Forest,raw,P1,1-3,7,3275,3613,0.5530030445613064,0.5122093597122993,0.5619298217414914,0.49806862299662535,0.5054814770113727,6,random,0.75,44,96
Random Forest,raw,P1,1-3,8,3275,294,0.30612244897959184,0.33689263322884005,0.3369949494949495,0.26670467096590306,0.30111145609061307,6,random,0.75,44,96
Random Forest,raw,P1,1-3,9,3275,470,0.574468085106383,0.4828796366203701,0.6144910644910645,0.5122739958560854,0.4659149376519971,6,random,0.75,44,96
Random Forest,raw,P1,1-3,10,3275,3600,0.3597222222222222,0.3907992744161411,0.3597222222222222,0.32434451175126555,0.32434451175126555,6,random,0.75,44,96
Random Forest,raw,P1,1-3,4,3275,161,0.8260869565217391,0.811783625730994,0.8074999999999999,0.7695693195693195,0.7976748923953892,5,random,0.75,45,96
Random Forest,raw,P1,1-3,5,3275,197,0.7563451776649747,0.7755945509120294,0.7778674948240166,0.7200931136415007,0.7208087257211213,5,random,0.75,45,96
Random Forest,raw,P1,1-3,6,3275,2300,0.6930434782608695,0.6212779700010091,0.7079732796831314,0.6082534825139023,0.694237767606859,6,random,0.75,45,96
Random Forest,raw,P1,1-3,7,3275,3613,0.5250484362026017,0.5183121558953169,0.5387078583502348,0.459054512691665,0.47329381978570484,6,random,0.75,45,96
Random Forest,raw,P1,1-3,8,3275,294,0.14625850340136054,0.1689342403628118,0.18232323232323233,0.08402470266877045,0.06410751810267548,6,random,0.75,45,96
Random Forest,raw,P1,1-3,9,3275,470,0.4723404255319149,0.42823071989738665,0.4645299145299145,0.3745584992744788,0.36310183065210344,6,random,0.75,45,96
Random Forest,raw,P1,1-3,10,3275,3600,0.3611111111111111,0.4054657552361261,0.36111111111111116,0.3441272420211117,0.3441272420211117,6,random,0.75,45,96
Random Forest,raw,P1,1-3,4,3275,161,0.6770186335403726,0.7452168746286393,0.7325,0.6608467886042256,0.6825304284810803,5,random,0.75,46,96
Random Forest,raw,P1,1-3,5,3275,197,0.7868020304568528,0.8213895781637717,0.8027812284334024,0.7604308404632079,0.7652816839453126,5,random,0.75,46,96
Random Forest,raw,P1,1-3,6,3275,2300,0.6760869565217391,0.6250822251430722,0.7355598334545693,0.6062759461190165,0.6889544845000243,6,random,0.75,46,96
Random Forest,raw,P1,1-3,7,3275,3613,0.5781898699141987,0.5393325891875128,0.5893063780337711,0.5334964119929534,0.5463203678299096,6,random,0.75,46,96
Random Forest,raw,P1,1-3,8,3275,294,0.1836734693877551,0.36258127749091607,0.20392385392385393,0.11747903696701145,0.13178446966120705,6,random,0.75,46,96
Random Forest,raw,P1,1-3,9,3275,470,0.5340425531914894,0.43222100332025737,0.5282905982905982,0.4382256744419557,0.4325601691512696,6,random,0.75,46,96
Random Forest,raw,P1,1-3,10,3275,3600,0.36527777777777776,0.3742699438142459,0.3652777777777778,0.3316588298467018,0.33165882984670186,6,random,0.75,46,96
Random Forest,raw,P1,1-3,4,3275,161,0.84472049689441,0.8655414908579466,0.8439583333333334,0.8126806526806527,0.8168266516092603,5,random,0.75,47,96
Random Forest,raw,P1,1-3,5,3275,197,0.7360406091370558,0.7472858451672011,0.7571704623878536,0.699967855994857,0.7013354175266956,5,random,0.75,47,96
Random Forest,raw,P1,1-3,6,3275,2300,0.707391304347826,0.6224965457380649,0.7488232311721882,0.615520402972936,0.6987215667818165,6,random,0.75,47,96
Random Forest,raw,P1,1-3,7,3275,3613,0.6025463603653474,0.5585679685792825,0.6134164951645654,0.5498091615996494,0.5654942797676671,6,random,0.75,47,96
Random Forest,raw,P1,1-3,8,3275,294,0.24149659863945577,0.27529095300834433,0.229516317016317,0.145782227032227,0.21641708631504547,6,random,0.75,47,96
Random Forest,raw,P1,1-3,9,3275,470,0.5276595744680851,0.5622149242838897,0.5437839937839939,0.4730998824761324,0.43949957431350717,6,random,0.75,47,96
Random Forest,raw,P1,1-3,10,3275,3600,0.37472222222222223,0.3893991883449191,0.37472222222222223,0.33773006856246734,0.3377300685624674,6,random,0.75,47,96
Random Forest,raw,P1,1-3,4,3275,161,0.7329192546583851,0.7395238095238096,0.77125,0.6964354854185363,0.736193194109817,5,random,0.75,48,96
Random Forest,raw,P1,1-3,5,3275,197,0.766497461928934,0.8075345392394245,0.7832574189095928,0.7446083788706739,0.7503185302303219,5,random,0.75,48,96
Random Forest,raw,P1,1-3,6,3275,2300,0.6591304347826087,0.6055400890355536,0.724587627284536,0.5906668855584993,0.6773976054781574,6,random,0.75,48,96
Random Forest,raw,P1,1-3,7,3275,3613,0.5427622474398007,0.5352707956580821,0.5531972128763254,0.49835282154925814,0.5074505782084511,6,random,0.75,48,96
Random Forest,raw,P1,1-3,8,3275,294,0.23469387755102042,0.34566905615292715,0.20816822066822063,0.1613472430013202,0.24108706249864026,6,random,0.75,48,96
Random Forest,raw,P1,1-3,9,3275,470,0.5191489361702127,0.6295260127265316,0.5207770007770007,0.47226888846344556,0.4453805686825856,6,random,0.75,48,96
Random Forest,raw,P1,1-3,10,3275,3600,0.3836111111111111,0.39619493052992155,0.3836111111111111,0.36401748573394244,0.36401748573394255,6,random,0.75,48,96
Random Forest,raw,P1,1-3,4,3275,161,0.8571428571428571,0.8927023331278651,0.8372916666666667,0.842455330144593,0.8398072140386534,5,random,0.75,49,96
Random Forest,raw,P1,1-3,5,3275,197,0.7969543147208121,0.8282732447817838,0.8058247066942718,0.7736126984126984,0.7828010635726371,5,random,0.75,49,96
Random Forest,raw,P1,1-3,6,3275,2300,0.7039130434782609,0.6292275001421342,0.7529930633267141,0.6188161508264376,0.7023388024149124,6,random,0.75,49,96
Random Forest,raw,P1,1-3,7,3275,3613,0.5687794076944368,0.5673128775450417,0.5796581443390614,0.5291668904046471,0.5270141273007918,6,random,0.75,49,96
Random Forest,raw,P1,1-3,8,3275,294,0.2857142857142857,0.42884979341596696,0.287995337995338,0.20235687439137984,0.274121846300575,6,random,0.75,49,96
Random Forest,raw,P1,1-3,9,3275,470,0.451063829787234,0.32359763892021953,0.44239316239316234,0.3303955977083453,0.3292397966212141,6,random,0.75,49,96
Random Forest,raw,P1,1-3,10,3275,3600,0.37416666666666665,0.40294852393083436,0.3741666666666667,0.35345692842783477,0.3534569284278347,6,random,0.75,49,96
SVM,raw,P1,1-3,4,3275,161,0.8757763975155279,0.9367441860465118,0.8909108527131782,0.9045080973664351,0.8727770477242239,5,all,1.0,0,128
SVM,raw,P1,1-3,5,3275,197,0.9543147208121827,0.954093361482524,0.9566666666666667,0.9545638490346157,0.9541023842745371,5,all,1.0,0,128
SVM,raw,P1,1-3,6,3275,2300,0.6969565217391305,0.6368197465758442,0.7556233695198041,0.6214286733662086,0.7057570105239612,6,all,1.0,0,128
SVM,raw,P1,1-3,7,3275,3613,0.6844727373373928,0.6620957152405974,0.6844195527456277,0.6482798604335648,0.6370770111933547,6,all,1.0,0,128
SVM,raw,P1,1-3,8,3275,294,0.5510204081632653,0.6084889974720483,0.6536810411810411,0.543149985563094,0.5457776655516333,6,all,1.0,0,128
SVM,raw,P1,1-3,9,3275,470,0.7425531914893617,0.7128403803086991,0.7898290598290597,0.7235897224622257,0.6923879689908639,6,all,1.0,0,128
SVM,raw,P1,1-3,10,3275,3600,0.43083333333333335,0.5228412012070439,0.43083333333333335,0.43105745769353226,0.4310574576935322,6,all,1.0,0,128
kNN,raw,P1,1-3,4,3275,161,0.7267080745341615,0.8207792207792208,0.7929166666666667,0.7551034959438321,0.7273571992320361,5,all,1.0,0,128
kNN,raw,P1,1-3,5,3275,197,0.7563451776649747,0.837883855981417,0.8166459627329192,0.7963850668794847,0.7504661408109461,5,all,1.0,0,128
kNN,raw,P1,1-3,6,3275,2300,0.63,0.6286780217681516,0.7053718598720323,0.5866974154755135,0.6630817778745628,6,all,1.0,0,128
kNN,raw,P1,1-3,7,3275,3613,0.6205369499031276,0.6151628373296117,0.6245166440607587,0.5905295713553597,0.5753864528368067,6,all,1.0,0,128
kNN,raw,P1,1-3,8,3275,294,0.4489795918367347,0.5424123638580216,0.5913655788655788,0.4635570143626002,0.39557485856463215,6,all,1.0,0,128
kNN,raw,P1,1-3,9,3275,470,0.6212765957446809,0.6029165257998209,0.6382597730138714,0.5793572352540337,0.558194064064957,6,all,1.0,0,128
kNN,raw,P1,1-3,10,3275,3600,0.49944444444444447,0.5033997491919409,0.4994444444444445,0.4890099430684122,0.4890099430684122,6,all,1.0,0,128
SVM,raw,P1,1-3,4,3275,161,0.7329192546583851,0.8636144578313253,0.8231249999999999,0.8003681885125185,0.7333059923506233,5,stable,0.25,0,32
SVM,raw,P1,1-3,5,3275,197,0.9390862944162437,0.9582887700534759,0.9428985507246377,0.9484471403465566,0.9390609900676709,5,stable,0.25,0,32
SVM,raw,P1,1-3,6,3275,2300,0.5417391304347826,0.47691742130571274,0.6287623996485633,0.47781715297102384,0.4965096084683113,6,stable,0.25,0,32
SVM,raw,P1,1-3,7,3275,3613,0.5482978134514254,0.6561964798179497,0.5852413840455698,0.5436370998271617,0.502572518762848,6,stable,0.25,0,32
SVM,raw,P1,1-3,8,3275,294,0.43537414965986393,0.42684562723572217,0.4151029526029526,0.33225854211285505,0.42584724772727245,6,stable,0.25,0,32
SVM,raw,P1,1-3,9,3275,470,0.5702127659574469,0.32477603522700155,0.476982313615977,0.3744175021925147,0.44816695690063413,6,stable,0.25,0,32
SVM,raw,P1,1-3,10,3275,3600,0.42583333333333334,0.37966693159516257,0.4258333333333333,0.36959794472001956,0.3695979447200195,6,stable,0.25,0,32
kNN,raw,P1,1-3,4,3275,161,0.5962732919254659,0.6701863354037266,0.7022286821705426,0.5999137336093858,0.58221294188753,5,stable,0.25,0,32
kNN,raw,P1,1-3,5,3275,197,0.8730964467005076,0.926929392446634,0.8784403036576949,0.8909251898146777,0.8677079406243279,5,stable,0.25,0,32
kNN,raw,P1,1-3,6,3275,2300,0.5091304347826087,0.6385755657731954,0.5297099555575749,0.4766916383415478,0.49078901596220476,6,stable,0.25,0,32
kNN,raw,P1,1-3,7,3275,3613,0.5048436202601716,0.6626333783107137,0.5293525430045434,0.4963734651202007,0.46579858860603934,6,stable,0.25,0,32
kNN,raw,P1,1-3,8,3275,294,0.35714285714285715,0.28759575601163406,0.3400932400932401,0.2444567627494457,0.3636929272817775,6,stable,0.25,0,32
kNN,raw,P1,1-3,9,3275,470,0.5340425531914894,0.32840513396068954,0.44017094017094016,0.35848244031657805,0.4293084043123721,6,stable,0.25,0,32
kNN,raw,P1,1-3,10,3275,3600,0.42277777777777775,0.407858464524752,0.42277777777777775,0.3767840238525193,0.37678402385251925,6,stable,0.25,0,32
SVM,raw,P1,1-3,4,3275,161,0.8322981366459627,0.8615384615384615,0.8802083333333333,0.8234870164281929,0.8623929007560722,5,discriminative,0.25,0,32
SVM,raw,P1,1-3,5,3275,197,0.9695431472081218,0.9771663504111322,0.9565079365079365,0.9650381417969047,0.9694728601455275,5,discriminative,0.25,0,32
SVM,raw,P1,1-3,6,3275,2300,0.6530434782608696,0.5488276034402163,0.715124711828269,0.5457155537304128,0.6711662138867617,6,discriminative,0.25,0,32
SVM,raw,P1,1-3,7,3275,3613,0.5505120398560753,0.5790869922652918,0.5576197713873239,0.5142179012792206,0.5335058223154241,6,discriminative,0.25,0,32
SVM,raw,P1,1-3,8,3275,294,0.23809523809523808,0.19112318840579712,0.1752816627816628,0.1282771541309161,0.2505872956938675,6,discriminative,0.25,0,32
SVM,raw,P1,1-3,9,3275,470,0.3638297872340426,0.37407407407407406,0.3194871794871795,0.26180281071585415,0.2791544024892776,6,discriminative,0.25,0,32
SVM,raw,P1,1-3,10,3275,3600,0.3888888888888889,0.34268647780775563,0.38888888888888884,0.3578000614426382,0.35780006144263815,6,discriminative,0.25,0,32
kNN,raw,P1,1-3,4,3275,161,0.8260869565217391,0.820855132709236,0.86,0.798791323018883,0.8427694188029011,5,discriminative,0.25,0,32
kNN,raw,P1,1-3,5,3275,197,0.9593908629441624,0.962928208027134,0.9489855072463769,0.9543058550910842,0.9593778482402839,5,discriminative,0.25,0,32
kNN,raw,P1,1-3,6,3275,2300,0.6482608695652174,0.5724345222804835,0.705933242850164,0.5626931628733246,0.6687692823683864,6,discriminative,0.25,0,32
kNN,raw,P1,1-3,7,3275,3613,0.5034597287572654,0.4512530455259732,0.45730158384940606,0.4224479386717146,0.4595208303485479,6,discriminative,0.25,0,32
kNN,raw,P1,1-3,8,3275,294,0.3231292517006803,0.3195451749818837,0.3237665112665113,0.2781357819984591,0.34853853610583013,6,discriminative,0.25,0,32
kNN,raw,P1,1-3,9,3275,470,0.35319148936170214,0.31562844025952735,0.380986790986791,0.30339277799769254,0.2821736192499386,6,discriminative,0.25,0,32
kNN,raw,P1,1-3,10,3275,3600,0.3347222222222222,0.26196386800764865,0.3347222222222222,0.28535235534582043,0.28535235534582043,6,discriminative,0.25,0,32
SVM,raw,P1,1-3,4,3275,161,0.8819875776397516,0.8718676122931441,0.8710416666666667,0.8378761347054031,0.8899439078654349,5,balanced,0.25,0,32
SVM,raw,P1,1-3,5,3275,197,0.949238578680203,0.9544096054980559,0.9426363008971705,0.9465192769273487,0.9492026331104292,5,balanced,0.25,0,32
SVM,raw,P1,1-3,6,3275,2300,0.668695652173913,0.5552737767411681,0.7295327687757226,0.5584482948485494,0.6773873972127501,6,balanced,0.25,0,32
SVM,raw,P1,1-3,7,3275,3613,0.5516191530584003,0.5713477836949298,0.5598819811865877,0.49192964268531175,0.5026903199984446,6,balanced,0.25,0,32
SVM,raw,P1,1-3,8,3275,294,0.1292517006802721,0.26588084173939325,0.16467560217560218,0.08071304313519394,0.06486099100702063,6,balanced,0.25,0,32
SVM,raw,P1,1-3,9,3275,470,0.3553191489361702,0.35774235774235774,0.31076923076923074,0.2579524433260947,0.276879587859924,6,balanced,0.25,0,32
SVM,raw,P1,1-3,10,3275,3600,0.33444444444444443,0.2686378592314987,0.3344444444444445,0.28006008765534146,0.28006008765534146,6,balanced,0.25,0,32
kNN,raw,P1,1-3,4,3275,161,0.7453416149068323,0.7826839826839826,0.8022916666666667,0.7409994852696279,0.748557109400609,5,balanced,0.25,0,32
kNN,raw,P1,1-3,5,3275,197,0.9187817258883249,0.9250066342326402,0.9161007591442374,0.9180786227862086,0.9194988245915465,5,balanced,0.25,0,32
kNN,raw,P1,1-3,6,3275,2300,0.6578260869565218,0.5606949220574056,0.7189520417134694,0.5563938023079442,0.6726798271803502,6,balanced,0.25,0,32
kNN,raw,P1,1-3,7,3275,3613,0.5676722944921119,0.566078867433596,0.5691781595481882,0.49887446014739795,0.5089276770858375,6,balanced,0.25,0,32
kNN,raw,P1,1-3,8,3275,294,0.11904761904761904,0.06630207623460997,0.1606060606060606,0.09361338797814207,0.06998438719750195,6,balanced,0.25,0,32
kNN,raw,P1,1-3,9,3275,470,0.3638297872340426,0.44374477861319966,0.3854498324990128,0.3860542127446677,0.3640885239905871,6,balanced,0.25,0,32
kNN,raw,P1,1-3,10,3275,3600,0.37916666666666665,0.3107090682198714,0.3791666666666667,0.3404281797167061,0.3404281797167061,6,balanced,0.25,0,32
SVM,raw,P1,1-3,4,3275,161,0.8633540372670807,0.9251572327044025,0.8872238372093022,0.8942307692307694,0.8588748208313426,5,random,0.25,0,32
SVM,raw,P1,1-3,5,3275,197,0.9543147208121827,0.9556131792896876,0.9606349206349207,0.9569428889543833,0.9540388384632507,5,random,0.25,0,32
SVM,raw,P1,1-3,6,3275,2300,0.6491304347826087,0.6346466827802927,0.7250257572293922,0.5983431312826736,0.6731820500951946,6,random,0.25,0,32
SVM,raw,P1,1-3,7,3275,3613,0.6418488790478827,0.6617844700127488,0.643893358863775,0.6029837445363256,0.5882145676465335,6,random,0.25,0,32
SVM,raw,P1,1-3,8,3275,294,0.5748299319727891,0.6220448278181329,0.6694541569541569,0.5675513646182507,0.5768296169767199,6,random,0.25,0,32
SVM,raw,P1,1-3,9,3275,470,0.725531914893617,0.7070307081886815,0.77005439005439,0.708511605316304,0.6790315979688135,6,random,0.25,0,32
SVM,raw,P1,1-3,10,3275,3600,0.41638888888888886,0.5454789790382619,0.41638888888888886,0.4228073789031213,0.42280737890312126,6,random,0.25,0,32
kNN,raw,P1,1-3,4,3275,161,0.7267080745341615,0.8214658015104777,0.82,0.781010651858256,0.7210288642701655,5,random,0.25,0,32
kNN,raw,P1,1-3,5,3275,197,0.7563451776649747,0.8385003078317033,0.8218495514147687,0.7967503972506169,0.7446024736139131,5,random,0.25,0,32
kNN,raw,P1,1-3,6,3275,2300,0.69,0.6448601618734221,0.7524051610681751,0.6209641578876379,0.7046134534865341,6,random,0.25,0,32
kNN,raw,P1,1-3,7,3275,3613,0.6197066150013839,0.6173197742937454,0.6209560747446299,0.5810238686491157,0.5653685613866617,6,random,0.25,0,32
kNN,raw,P1,1-3,8,3275,294,0.6666666666666666,0.6396049548041512,0.7043026418026418,0.6146494378723091,0.6731098638099223,6,random,0.25,0,32
kNN,raw,P1,1-3,9,3275,470,0.6,0.5150077284248794,0.6103418803418803,0.5369696697335694,0.5268822717338226,6,random,0.25,0,32
kNN,raw,P1,1-3,10,3275,3600,0.46055555555555555,0.506433409952428,0.46055555555555555,0.4627412829810736,0.4627412829810736,6,random,0.25,0,32
SVM,raw,P1,1-3,4,3275,161,0.8322981366459627,0.9010974641572875,0.8654941860465115,0.8745621818521458,0.829394287385065,5,random,0.25,1,32
SVM,raw,P1,1-3,5,3275,197,0.868020304568528,0.8820801555538775,0.89728088336784,0.8821094230028939,0.8695179274138578,5,random,0.25,1,32
SVM,raw,P1,1-3,6,3275,2300,0.7069565217391305,0.6427005067945518,0.7635581510536525,0.6278997664174494,0.7138585340449592,6,random,0.25,1,32
SVM,raw,P1,1-3,7,3275,3613,0.6194298367008026,0.6031384603665314,0.623898577811039,0.5742191907399307,0.5619594833766158,6,random,0.25,1,32
SVM,raw,P1,1-3,8,3275,294,0.3299319727891156,0.29502927526846906,0.4779040404040404,0.2910041818108679,0.20243205681625234,6,random,0.25,1,32
SVM,raw,P1,1-3,9,3275,470,0.6106382978723405,0.5109572425996193,0.6082051282051282,0.5220795143775027,0.5414859210315266,6,random,0.25,1,32
SVM,raw,P1,1-3,10,3275,3600,0.39611111111111114,0.5343647776083813,0.3961111111111111,0.3929256426943559,0.3929256426943559,6,random,0.25,1,32
kNN,raw,P1,1-3,4,3275,161,0.6708074534161491,0.7086050420168066,0.772640503875969,0.6792730728342569,0.651562995395504,5,random,0.25,1,32
kNN,raw,P1,1-3,5,3275,197,0.6802030456852792,0.8006644518272426,0.7707108350586611,0.7260267175929827,0.6463158611039475,5,random,0.25,1,32
kNN,raw,P1,1-3,6,3275,2300,0.6839130434782609,0.6359428311175036,0.7480617184130592,0.6155359529463457,0.6966010818598519,6,random,0.25,1,32
kNN,raw,P1,1-3,7,3275,3613,0.6390810960420703,0.737644130206398,0.642090555891338,0.5932929571373208,0.5868215032155916,6,random,0.25,1,32
kNN,raw,P1,1-3,8,3275,294,0.43197278911564624,0.5410931236509405,0.6005439005439005,0.4442062344888671,0.3413133268729157,6,random,0.25,1,32
kNN,raw,P1,1-3,9,3275,470,0.6787234042553192,0.6367458906664911,0.7160681213140229,0.6603817703103108,0.6190533811959569,6,random,0.25,1,32
kNN,raw,P1,1-3,10,3275,3600,0.43416666666666665,0.6228227540410671,0.4341666666666666,0.45412989477751514,0.4541298947775152,6,random,0.25,1,32
SVM,raw,P1,1-3,4,3275,161,0.7515527950310559,0.8724235125301082,0.8324999999999999,0.8210988526558165,0.7518556666124346,5,random,0.25,2,32
SVM,raw,P1,1-3,5,3275,197,0.9644670050761421,0.9672494910974223,0.9697791580400276,0.9678464288023234,0.9643042470101233,5,random,0.25,2,32
SVM,raw,P1,1-3,6,3275,2300,0.7126086956521739,0.6337066840721571,0.767164986540276,0.6255601841055144,0.709017493146367,6,random,0.25,2,32
SVM,raw,P1,1-3,7,3275,3613,0.6349294215333517,0.6619720305205858,0.6352378129239545,0.5911504848419828,0.5767953290283745,6,random,0.25,2,32
SVM,raw,P1,1-3,8,3275,294,0.38095238095238093,0.46299829612012355,0.5690656565656566,0.4586960488809937,0.3109989317798983,6,random,0.25,2,32
SVM,raw,P1,1-3,9,3275,470,0.6851063829787234,0.6622328922226917,0.7304351204351205,0.6557155779476186,0.6283400843464615,6,random,0.25,2,32
SVM,raw,P1,1-3,10,3275,3600,0.43194444444444446,0.48209327103748517,0.43194444444444446,0.4071595915294244,0.4071595915294244,6,random,0.25,2,32
kNN,raw,P1,1-3,4,3275,161,0.7329192546583851,0.801219715956558,0.8231249999999999,0.7583105621944622,0.7310402930468167,5,random,0.25,2,32
kNN,raw,P1,1-3,5,3275,197,0.883248730964467,0.9218282561866868,0.9042236024844721,0.9033952343400274,0.8844767231189675,5,random,0.25,2,32
kNN,raw,P1,1-3,6,3275,2300,0.6547826086956522,0.6247667663674003,0.7287826890716568,0.5957641094249585,0.6684574395261889,6,random,0.25,2,32
kNN,raw,P1,1-3,7,3275,3613,0.5964572377525602,0.6507605903121122,0.6002389868721619,0.5406017766726327,0.5224887056277883,6,random,0.25,2,32
kNN,raw,P1,1-3,8,3275,294,0.30612244897959184,0.3565277777777778,0.44633838383838387,0.3214530859380645,0.22048283482986122,6,random,0.25,2,32
kNN,raw,P1,1-3,9,3275,470,0.5340425531914894,0.5624751042898829,0.5457208911307272,0.48048733944802,0.4719054177373588,6,random,0.25,2,32
kNN,raw,P1,1-3,10,3275,3600,0.4841666666666667,0.4810666278902418,0.4841666666666667,0.454306825646037,0.454306825646037,6,random,0.25,2,32
SVM,raw,P1,1-3,4,3275,161,0.84472049689441,0.9052216218640001,0.8446608527131783,0.8620501364005013,0.8411800188950299,5,random,0.25,3,32
SVM,raw,P1,1-3,5,3275,197,0.9644670050761421,0.9633987873777043,0.9669841269841271,0.9645181708983431,0.9643920496646397,5,random,0.25,3,32
SVM,raw,P1,1-3,6,3275,2300,0.7373913043478261,0.6356621629233206,0.7819393279638976,0.6374966936848322,0.728037346815344,6,random,0.25,3,32
SVM,raw,P1,1-3,7,3275,3613,0.6889011901466925,0.5859237739124294,0.6983787587434108,0.6240125293691238,0.631571687555112,6,random,0.25,3,32
SVM,raw,P1,1-3,8,3275,294,0.46258503401360546,0.5085308820646065,0.47010489510489517,0.3604879739958344,0.4371665229723911,6,random,0.25,3,32
SVM,raw,P1,1-3,9,3275,470,0.6042553191489362,0.4612048277809147,0.6014529914529915,0.5075823659649618,0.5013507657165543,6,random,0.25,3,32
SVM,raw,P1,1-3,10,3275,3600,0.4063888888888889,0.516123623786216,0.4063888888888889,0.40942375338562553,0.40942375338562537,6,random,0.25,3,32
kNN,raw,P1,1-3,4,3275,161,0.7018633540372671,0.8003809523809524,0.7804166666666668,0.7252404681506738,0.7006157626691032,5,random,0.25,3,32
kNN,raw,P1,1-3,5,3275,197,0.8629441624365483,0.8844608254044436,0.8828640441683919,0.8767013289366394,0.8639113639999207,5,random,0.25,3,32
kNN,raw,P1,1-3,6,3275,2300,0.5260869565217391,0.39923173672312723,0.625730127277292,0.42740595828622974,0.48568885186073507,6,random,0.25,3,32
kNN,raw,P1,1-3,7,3275,3613,0.49294215333517855,0.5161713247699977,0.5203721104842514,0.46759653687219044,0.47952563663011855,6,random,0.25,3,32
kNN,raw,P1,1-3,8,3275,294,0.32653061224489793,0.33715718185903304,0.35516705516705516,0.270113965515092,0.3088850439852859,6,random,0.25,3,32
kNN,raw,P1,1-3,9,3275,470,0.5361702127659574,0.4349861919229289,0.5256690486198683,0.45639873359760325,0.45098930032492335,6,random,0.25,3,32
kNN,raw,P1,1-3,10,3275,3600,0.4691666666666667,0.45610119119379194,0.46916666666666673,0.4537967963607372,0.4537967963607372,6,random,0.25,3,32
SVM,raw,P1,1-3,4,3275,161,0.9006211180124224,0.9064690382081686,0.9110416666666665,0.8985733298764151,0.8967292937849012,5,random,0.25,4,32
SVM,raw,P1,1-3,5,3275,197,0.9543147208121827,0.9551646974579306,0.9634299516908212,0.9576788124156546,0.9543119806544867,5,random,0.25,4,32
SVM,raw,P1,1-3,6,3275,2300,0.7260869565217392,0.6367021171252337,0.7702364889531879,0.6329436248709239,0.7202250603114979,6,random,0.25,4,32
SVM,raw,P1,1-3,7,3275,3613,0.6889011901466925,0.6637719015695628,0.6855109228501198,0.6489203362103603,0.6398511459913343,6,random,0.25,4,32
SVM,raw,P1,1-3,8,3275,294,0.5204081632653061,0.5852435967968702,0.6349164724164724,0.5216335205260432,0.5065722397482246,6,random,0.25,4,32
SVM,raw,P1,1-3,9,3275,470,0.7170212765957447,0.657380588947526,0.7640170940170941,0.686208412208673,0.6516017930008371,6,random,0.25,4,32
SVM,raw,P1,1-3,10,3275,3600,0.45166666666666666,0.5301461370440516,0.45166666666666666,0.45279619604529175,0.4527961960452918,6,random,0.25,4,32
kNN,raw,P1,1-3,4,3275,161,0.7515527950310559,0.7966959064327485,0.8309738372093023,0.7708139569325553,0.7517972978119302,5,random,0.25,4,32
kNN,raw,P1,1-3,5,3275,197,0.751269035532995,0.8372583109425215,0.8190614216701173,0.7947262094630515,0.7446951481148649,5,random,0.25,4,32
kNN,raw,P1,1-3,6,3275,2300,0.69,0.6484100091896966,0.7536140381754658,0.621063191928002,0.7038677917058753,6,random,0.25,4,32
kNN,raw,P1,1-3,7,3275,3613,0.6446166620536949,0.6208282385859796,0.6440721424455705,0.5917704129383811,0.5783396668829814,6,random,0.25,4,32
kNN,raw,P1,1-3,8,3275,294,0.3163265306122449,0.4478701390466096,0.45371989121989126,0.2584010793880704,0.185329507551552,6,random,0.25,4,32
kNN,raw,P1,1-3,9,3275,470,0.7106382978723405,0.6570148204561449,0.7545022736826015,0.6885780788438641,0.6448456988465141,6,random,0.25,4,32
kNN,raw,P1,1-3,10,3275,3600,0.5294444444444445,0.5202969373372608,0.5294444444444445,0.5140666599965438,0.5140666599965439,6,random,0.25,4,32
SVM,raw,P1,1-3,4,3275,161,0.8881987577639752,0.941012145748988,0.8936191860465115,0.9075360943630804,0.8832487124024871,5,random,0.25,5,32
SVM,raw,P1,1-3,5,3275,197,0.9644670050761421,0.961634340186319,0.9658109040717736,0.9629755991391832,0.9647690119847581,5,random,0.25,5,32
SVM,raw,P1,1-3,6,3275,2300,0.5747826086956521,0.5715665179754822,0.6604713445896847,0.5326903731339008,0.5951917693138388,6,random,0.25,5,32
SVM,raw,P1,1-3,7,3275,3613,0.6742319402158871,0.6429514245744546,0.677983791293464,0.6519511832634186,0.6382716968284468,6,random,0.25,5,32
SVM,raw,P1,1-3,8,3275,294,0.6190476190476191,0.6160657051282051,0.6967657342657342,0.5931842182459829,0.6141701412690712,6,random,0.25,5,32
SVM,raw,P1,1-3,9,3275,470,0.7063829787234043,0.6761064822058799,0.7534188034188034,0.6885763232651629,0.6484267474125681,6,random,0.25,5,32
SVM,raw,P1,1-3,10,3275,3600,0.4,0.45253282851404303,0.39999999999999997,0.39017689826455043,0.3901768982645505,6,random,0.25,5,32
kNN,raw,P1,1-3,4,3275,161,0.6708074534161491,0.7491961461029624,0.7384738372093024,0.671041625041625,0.6691275184442886,5,random,0.25,5,32
kNN,raw,P1,1-3,5,3275,197,0.7715736040609137,0.8455060500645295,0.8329951690821256,0.8126068697858704,0.7672370412973448,5,random,0.25,5,32
kNN,raw,P1,1-3,6,3275,2300,0.5965217391304348,0.622880546673675,0.6822749003706347,0.5676817001972867,0.6389588065049379,6,random,0.25,5,32
kNN,raw,P1,1-3,7,3275,3613,0.5956269028508165,0.5942839628814869,0.6067309004759968,0.5754827521582098,0.559100133842494,6,random,0.25,5,32
kNN,raw,P1,1-3,8,3275,294,0.7278911564625851,0.6726791040040613,0.7222804972804973,0.659808112024738,0.7394175940795934,6,random,0.25,5,32
kNN,raw,P1,1-3,9,3275,470,0.6085106382978723,0.6175026962969851,0.6242482835925459,0.565087529966574,0.544232945373361,6,random,0.25,5,32
kNN,raw,P1,1-3,10,3275,3600,0.4652777777777778,0.4499740664478626,0.46527777777777785,0.4267335114093362,0.4267335114093362,6,random,0.25,5,32
SVM,raw,P1,1-3,4,3275,161,0.7453416149068323,0.8930881420418515,0.829375,0.824860853432282,0.7493325958277156,5,random,0.25,6,32
SVM,raw,P1,1-3,5,3275,197,0.9593908629441624,0.9626892109500804,0.9586680469289165,0.9597200906925816,0.9596243145872086,5,random,0.25,6,32
SVM,raw,P1,1-3,6,3275,2300,0.6643478260869565,0.6271273857327803,0.7170539819222493,0.6032102903935271,0.682607039140526,6,random,0.25,6,32
SVM,raw,P1,1-3,7,3275,3613,0.6014392471630224,0.6377829686979143,0.6056895570664794,0.5560264665782121,0.5384269711853561,6,random,0.25,6,32
SVM,raw,P1,1-3,8,3275,294,0.42857142857142855,0.38108490708111203,0.6375000000000001,0.4437936182284554,0.3032229835492344,6,random,0.25,6,32
SVM,raw,P1,1-3,9,3275,470,0.6063829787234043,0.6295809504803125,0.64993006993007,0.5268044625787457,0.4981073009411047,6,random,0.25,6,32
SVM,raw,P1,1-3,10,3275,3600,0.39,0.5054605635162012,0.38999999999999996,0.35940825659860826,0.35940825659860826,6,random,0.25,6,32
kNN,raw,P1,1-3,4,3275,161,0.6956521739130435,0.7860328077719382,0.804375,0.7391494067429896,0.6828884935770378,5,random,0.25,6,32
kNN,raw,P1,1-3,5,3275,197,0.8629441624365483,0.8992730073544027,0.8892408557625948,0.8846799162461814,0.8624210756863193,5,random,0.25,6,32
kNN,raw,P1,1-3,6,3275,2300,0.4908695652173913,0.445616394001121,0.5763667649441845,0.43101683258877893,0.4472205638931031,6,random,0.25,6,32
kNN,raw,P1,1-3,7,3275,3613,0.5696097425961805,0.5809600129073887,0.5758692265101675,0.5200554769313793,0.5035903128517033,6,random,0.25,6,32
kNN,raw,P1,1-3,8,3275,294,0.3469387755102041,0.37676278146479386,0.5055555555555555,0.3591514842649824,0.23845970719623166,6,random,0.25,6,32
kNN,raw,P1,1-3,9,3275,470,0.49361702127659574,0.5000428049208537,0.502527417937254,0.4185177601145936,0.4089924202239234,6,random,0.25,6,32
kNN,raw,P1,1-3,10,3275,3600,0.4261111111111111,0.4812290930069407,0.4261111111111111,0.4077700913728286,0.4077700913728286,6,random,0.25,6,32
SVM,raw,P1,1-3,4,3275,161,0.8385093167701864,0.868459191456903,0.8566036821705426,0.8503661274758534,0.8349224569397812,5,random,0.25,7,32
SVM,raw,P1,1-3,5,3275,197,0.9441624365482234,0.942003892651184,0.9479710144927538,0.9439419964260576,0.9445268500204741,5,random,0.25,7,32
SVM,raw,P1,1-3,6,3275,2300,0.6613043478260869,0.6330859297483964,0.7308862265448064,0.6016552670030806,0.6791710037900655,6,random,0.25,7,32
SVM,raw,P1,1-3,7,3275,3613,0.6091890395792969,0.6576952069460728,0.6101370988226599,0.552308129815484,0.5357360327700088,6,random,0.25,7,32
SVM,raw,P1,1-3,8,3275,294,0.40476190476190477,0.45143937191043904,0.6027777777777777,0.46396344551355834,0.31636082451948605,6,random,0.25,7,32
SVM,raw,P1,1-3,9,3275,470,0.502127659574468,0.6281204111600588,0.5002952602952603,0.3744553837859525,0.3984864954519336,6,random,0.25,7,32
SVM,raw,P1,1-3,10,3275,3600,0.4063888888888889,0.50793820703107,0.4063888888888889,0.40606617228078506,0.4060661722807851,6,random,0.25,7,32
kNN,raw,P1,1-3,4,3275,161,0.6956521739130435,0.7934696882065303,0.7772916666666667,0.7231372629311024,0.6910527935734962,5,random,0.25,7,32
kNN,raw,P1,1-3,5,3275,197,0.8274111675126904,0.8908078670713101,0.8613664596273292,0.8572116056469972,0.8251821467515519,5,random,0.25,7,32
kNN,raw,P1,1-3,6,3275,2300,0.6413043478260869,0.6349673737490278,0.7192612203098588,0.5923328978850225,0.6644174352343105,6,random,0.25,7,32
kNN,raw,P1,1-3,7,3275,3613,0.6097425961804595,0.6504129811122928,0.6115684995064544,0.55802645151103,0.5427473239416445,6,random,0.25,7,32
kNN,raw,P1,1-3,8,3275,294,0.30272108843537415,0.4973306404106707,0.4444444444444444,0.341513639868903,0.23673956280025024,6,random,0.25,7,32
kNN,raw,P1,1-3,9,3275,470,0.49361702127659574,0.61903451995685,0.5043987160380604,0.42667410401325717,0.41436835763460755,6,random,0.25,7,32
kNN,raw,P1,1-3,10,3275,3600,0.5066666666666667,0.5115161765145693,0.5066666666666667,0.48342720039411985,0.48342720039411985,6,random,0.25,7,32
SVM,raw,P1,1-3,4,3275,161,0.7267080745341615,0.8894736842105264,0.7929166666666667,0.8008658008658008,0.7330729016620765,5,random,0.25,8,32
SVM,raw,P1,1-3,5,3275,197,0.9238578680203046,0.9412043512043512,0.9376190476190477,0.9352692037516428,0.9232307220418629,5,random,0.25,8,32
SVM,raw,P1,1-3,6,3275,2300,0.6252173913043478,0.622602154405682,0.703598225371148,0.5853917237152019,0.6601683502017214,6,random,0.25,8,32
SVM,raw,P1,1-3,7,3275,3613,0.5959036811513977,0.6152799334535157,0.6004033611228206,0.5632069981726946,0.5505462558599722,6,random,0.25,8,32
SVM,raw,P1,1-3,8,3275,294,0.4013605442176871,0.3493058365696086,0.5972222222222222,0.4054662788934465,0.2733936514410756,6,random,0.25,8,32
SVM,raw,P1,1-3,9,3275,470,0.7063829787234043,0.6693823152156485,0.7516317016317017,0.6880712394122579,0.6419006543768706,6,random,0.25,8,32
SVM,raw,P1,1-3,10,3275,3600,0.43277777777777776,0.49807575300935913,0.43277777777777776,0.4130734199538957,0.4130734199538957,6,random,0.25,8,32
kNN,raw,P1,1-3,4,3275,161,0.7018633540372671,0.8251879699248119,0.7804166666666668,0.7518496026626128,0.6988762813765791,5,random,0.25,8,32
kNN,raw,P1,1-3,5,3275,197,0.7817258883248731,0.8894529346622371,0.8419047619047619,0.8256730765074796,0.7683196144779718,5,random,0.25,8,32
kNN,raw,P1,1-3,6,3275,2300,0.6208695652173913,0.6142645531907901,0.6973926242662906,0.5785640749686645,0.6539592947822938,6,random,0.25,8,32
kNN,raw,P1,1-3,7,3275,3613,0.5435925823415444,0.5444958480293082,0.5582113265831565,0.4994741139875736,0.4996465239284261,6,random,0.25,8,32
kNN,raw,P1,1-3,8,3275,294,0.32653061224489793,0.5272214040255278,0.44344405594405595,0.3377551785446522,0.26640411643096923,6,random,0.25,8,32
kNN,raw,P1,1-3,9,3275,470,0.6829787234042554,0.6687090631070464,0.717409275605997,0.6691421116709986,0.6290049351055793,6,random,0.25,8,32
kNN,raw,P1,1-3,10,3275,3600,0.44083333333333335,0.43710010630826507,0.44083333333333335,0.4262570485301423,0.4262570485301423,6,random,0.25,8,32
SVM,raw,P1,1-3,4,3275,161,0.7763975155279503,0.8706908735252765,0.845,0.8296978243709479,0.7777554485478628,5,random,0.25,9,32
SVM,raw,P1,1-3,5,3275,197,0.9644670050761421,0.9672494910974223,0.9697791580400276,0.9678464288023234,0.9643042470101233,5,random,0.25,9,32
SVM,raw,P1,1-3,6,3275,2300,0.5660869565217391,0.556153031129369,0.6482680277867848,0.5206492706007827,0.5791527206287268,6,random,0.25,9,32
SVM,raw,P1,1-3,7,3275,3613,0.6725712704123996,0.6264556686479329,0.6779076306924264,0.6455638822558446,0.6322804915550037,6,random,0.25,9,32
SVM,raw,P1,1-3,8,3275,294,0.6428571428571429,0.6097993349386538,0.6741938616938618,0.5925632739113076,0.6450289338921263,6,random,0.25,9,32
SVM,raw,P1,1-3,9,3275,470,0.7319148936170212,0.6818364721986218,0.7781662781662781,0.7108887678789779,0.6698484496401289,6,random,0.25,9,32
SVM,raw,P1,1-3,10,3275,3600,0.49166666666666664,0.4973247208615808,0.4916666666666667,0.4656106308061276,0.46561063080612763,6,random,0.25,9,32
kNN,raw,P1,1-3,4,3275,161,0.7142857142857143,0.7616289592760181,0.807156007751938,0.7367574147724524,0.7103525090093997,5,random,0.25,9,32
kNN,raw,P1,1-3,5,3275,197,0.7614213197969543,0.852,0.8357556935817805,0.8075469333533849,0.7496202467546826,5,random,0.25,9,32
kNN,raw,P1,1-3,6,3275,2300,0.48869565217391303,0.49911320755245514,0.6030130695793043,0.4537845990418991,0.517533782722364,6,random,0.25,9,32
kNN,raw,P1,1-3,7,3275,3613,0.5635206199833933,0.5665482422974264,0.5777160063072535,0.5439511242746486,0.5294901951640674,6,random,0.25,9,32
kNN,raw,P1,1-3,8,3275,294,0.6190476190476191,0.587534717816408,0.5383741258741259,0.45390341140371016,0.6078836594115266,6,random,0.25,9,32
kNN,raw,P1,1-3,9,3275,470,0.5702127659574469,0.4967716290112913,0.56004662004662,0.48959414678377094,0.48798166121156933,6,random,0.25,9,32
kNN,raw,P1,1-3,10,3275,3600,0.5272222222222223,0.5089609782992859,0.5272222222222221,0.5051668852783885,0.5051668852783885,6,random,0.25,9,32
SVM,raw,P1,1-3,4,3275,161,0.9006211180124224,0.952014652014652,0.9069525193798448,0.9219818548180878,0.8985330631765078,5,random,0.25,10,32
SVM,raw,P1,1-3,5,3275,197,0.9644670050761421,0.96495198746907,0.970952380952381,0.9668162659388028,0.9642953857639555,5,random,0.25,10,32
SVM,raw,P1,1-3,6,3275,2300,0.7221739130434782,0.6465039368761395,0.7736061538473971,0.6358084962227576,0.7246295003537042,6,random,0.25,10,32
SVM,raw,P1,1-3,7,3275,3613,0.7049543315804041,0.6496082336472354,0.7031749253318417,0.6585290044132369,0.6488139118786841,6,random,0.25,10,32
SVM,raw,P1,1-3,8,3275,294,0.6122448979591837,0.6101941879091441,0.6502136752136752,0.5798670700647628,0.617931030965355,6,random,0.25,10,32
SVM,raw,P1,1-3,9,3275,470,0.6829787234042554,0.693735658839716,0.7273504273504274,0.6623021994320364,0.6397694253715943,6,random,0.25,10,32
SVM,raw,P1,1-3,10,3275,3600,0.4691666666666667,0.5047100573844759,0.4691666666666667,0.44467572446242953,0.4446757244624295,6,random,0.25,10,32
kNN,raw,P1,1-3,4,3275,161,0.7639751552795031,0.8322514619883041,0.8387499999999999,0.8026578390553546,0.7612830362415641,5,random,0.25,10,32
kNN,raw,P1,1-3,5,3275,197,0.6903553299492385,0.8090645637749972,0.7826501035196689,0.7405155215772428,0.6638971278109923,5,random,0.25,10,32
kNN,raw,P1,1-3,6,3275,2300,0.6265217391304347,0.600938163521962,0.703648574431868,0.5712520072866001,0.6362928156480031,6,random,0.25,10,32
kNN,raw,P1,1-3,7,3275,3613,0.6008856905618599,0.604743232987481,0.6073075419507896,0.5720471694071937,0.553231661704282,6,random,0.25,10,32
kNN,raw,P1,1-3,8,3275,294,0.7789115646258503,0.6478335826085267,0.7014471639471641,0.6514603860980673,0.7693285190386641,6,random,0.25,10,32
kNN,raw,P1,1-3,9,3275,470,0.6595744680851063,0.5986575954138745,0.6978086030545047,0.6322323566013979,0.6084393163701097,6,random,0.25,10,32
kNN,raw,P1,1-3,10,3275,3600,0.48388888888888887,0.5603785577668362,0.483888888888889,0.47014556339405694,0.47014556339405694,6,random,0.25,10,32
SVM,raw,P1,1-3,4,3275,161,0.8136645962732919,0.8994708994708993,0.8708333333333332,0.8714166933162776,0.8112770559761008,5,random,0.25,11,32
SVM,raw,P1,1-3,5,3275,197,0.7868020304568528,0.8541798941798942,0.8598412698412699,0.8047958851287402,0.7678249556098787,5,random,0.25,11,32
SVM,raw,P1,1-3,6,3275,2300,0.6178260869565217,0.6141027458482339,0.7001324254227508,0.5763704397729298,0.6452322976331226,6,random,0.25,11,32
SVM,raw,P1,1-3,7,3275,3613,0.5427622474398007,0.5585796613723367,0.5558823183276437,0.49847604913405236,0.4770666223553874,6,random,0.25,11,32
SVM,raw,P1,1-3,8,3275,294,0.3333333333333333,0.23473889670005266,0.4960858585858586,0.30337867149279557,0.21242513079901393,6,random,0.25,11,32
SVM,raw,P1,1-3,9,3275,470,0.6851063829787234,0.62571264509249,0.7307692307692307,0.6586226290490682,0.6249086376128974,6,random,0.25,11,32
SVM,raw,P1,1-3,10,3275,3600,0.48777777777777775,0.5194537112388508,0.4877777777777778,0.46604378574461197,0.466043785744612,6,random,0.25,11,32
kNN,raw,P1,1-3,4,3275,161,0.8509316770186336,0.88744708994709,0.9072916666666668,0.8877585580830344,0.8492186124257015,5,random,0.25,11,32
kNN,raw,P1,1-3,5,3275,197,0.7258883248730964,0.8272520325203253,0.8076673567977914,0.7731167414310869,0.71408538854641,5,random,0.25,11,32
kNN,raw,P1,1-3,6,3275,2300,0.5904347826086956,0.6227104950042643,0.6807381708221935,0.5666867477499008,0.6332091585419491,6,random,0.25,11,32
kNN,raw,P1,1-3,7,3275,3613,0.49626349294215333,0.554205703441537,0.5146184764145397,0.46141885241070413,0.4347971609165099,6,random,0.25,11,32
kNN,raw,P1,1-3,8,3275,294,0.336734693877551,0.24286627172309747,0.5011363636363636,0.3158571153600151,0.21078129440911175,6,random,0.25,11,32
kNN,raw,P1,1-3,9,3275,470,0.4851063829787234,0.44368734335839594,0.4923847554995097,0.43316403555474886,0.43788926406023587,6,random,0.25,11,32
kNN,raw,P1,1-3,10,3275,3600,0.5036111111111111,0.47726016889256373,0.5036111111111111,0.4767513191994474,0.47675131919944735,6,random,0.25,11,32
SVM,raw,P1,1-3,4,3275,161,0.7577639751552795,0.9048780487804878,0.8120833333333334,0.8235398304776457,0.7667370903189057,5,random,0.25,12,32
SVM,raw,P1,1-3,5,3275,197,0.9695431472081218,0.974323347786099,0.9741269841269842,0.9735514944864375,0.9693619913434331,5,random,0.25,12,32
SVM,raw,P1,1-3,6,3275,2300,0.7034782608695652,0.6384399471389396,0.7580179942776338,0.6243093917411403,0.7113412327761142,6,random,0.25,12,32
SVM,raw,P1,1-3,7,3275,3613,0.7243288126210905,0.6809174287979953,0.7205492137297237,0.6862541607776244,0.678684967818061,6,random,0.25,12,32
SVM,raw,P1,1-3,8,3275,294,0.5578231292517006,0.5874280594141837,0.6203865578865578,0.5337753795966318,0.5671995844537031,6,random,0.25,12,32
SVM,raw,P1,1-3,9,3275,470,0.676595744680851,0.620850392697423,0.7217094017094018,0.6461816801078027,0.6184951803603408,6,random,0.25,12,32
SVM,raw,P1,1-3,10,3275,3600,0.45555555555555555,0.4441650948862031,0.4555555555555555,0.41559673821432513,0.4155967382143252,6,random,0.25,12,32
kNN,raw,P1,1-3,4,3275,161,0.7515527950310559,0.8169453734671126,0.8395833333333332,0.7786627282491944,0.751583650786238,5,random,0.25,12,32
kNN,raw,P1,1-3,5,3275,197,0.7969543147208121,0.8433175150992234,0.8373498964803314,0.8256085562042133,0.8017784629723321,5,random,0.25,12,32
kNN,raw,P1,1-3,6,3275,2300,0.6839130434782609,0.6433395027153662,0.7464654633958089,0.6183594469663016,0.7028256278930053,6,random,0.25,12,32
kNN,raw,P1,1-3,7,3275,3613,0.675339053418212,0.6424862847624637,0.6759677803265999,0.6430866310899034,0.6314102666054628,6,random,0.25,12,32
kNN,raw,P1,1-3,8,3275,294,0.6870748299319728,0.6090338173671507,0.6700757575757575,0.5980485125725853,0.6879442952336325,6,random,0.25,12,32
kNN,raw,P1,1-3,9,3275,470,0.5,0.5047881804794658,0.506365801775638,0.4971402622148417,0.49047691802204046,6,random,0.25,12,32
kNN,raw,P1,1-3,10,3275,3600,0.44472222222222224,0.44590781121620915,0.44472222222222224,0.42651044136947647,0.4265104413694764,6,random,0.25,12,32
SVM,raw,P1,1-3,4,3275,161,0.8198757763975155,0.8901567315889567,0.8321608527131783,0.8479263245153502,0.8177948643970776,5,random,0.25,13,32
SVM,raw,P1,1-3,5,3275,197,0.9644670050761421,0.962197882821507,0.963015873015873,0.9621692675069626,0.9644661427133739,5,random,0.25,13,32
SVM,raw,P1,1-3,6,3275,2300,0.7473913043478261,0.640012294254512,0.7885110940899266,0.6435008335340554,0.7352047907236712,6,random,0.25,13,32
SVM,raw,P1,1-3,7,3275,3613,0.7838361472460559,0.6871742541734488,0.7815184117567339,0.726585769618934,0.7219821646298343,6,random,0.25,13,32
SVM,raw,P1,1-3,8,3275,294,0.7959183673469388,0.6810011873326731,0.6849164724164725,0.664918767217307,0.776301342360733,6,random,0.25,13,32
SVM,raw,P1,1-3,9,3275,470,0.7404255319148936,0.6914974085575986,0.7846697746697746,0.7237251782265616,0.6783643713806334,6,random,0.25,13,32
SVM,raw,P1,1-3,10,3275,3600,0.42388888888888887,0.5006417760665124,0.4238888888888889,0.43088134068111517,0.4308813406811152,6,random,0.25,13,32
kNN,raw,P1,1-3,4,3275,161,0.7018633540372671,0.7951678951678952,0.7804166666666668,0.715235105097351,0.7084739830054252,5,random,0.25,13,32
kNN,raw,P1,1-3,5,3275,197,0.8578680203045685,0.8724909560723514,0.8733747412008281,0.8681562729726544,0.8594096912808519,5,random,0.25,13,32
kNN,raw,P1,1-3,6,3275,2300,0.6621739130434783,0.570631833559983,0.7273693768053576,0.5590536373167483,0.6802602175088364,6,random,0.25,13,32
kNN,raw,P1,1-3,7,3275,3613,0.6429559922502076,0.6032966011798915,0.6507202888727924,0.6039944405967679,0.6082255291788583,6,random,0.25,13,32
kNN,raw,P1,1-3,8,3275,294,0.6394557823129252,0.5154752496362086,0.558440170940171,0.4781612268336249,0.6072661430532484,6,random,0.25,13,32
kNN,raw,P1,1-3,9,3275,470,0.5851063829787234,0.6335875412967119,0.5758434279745756,0.5018266388603997,0.4968169640745323,6,random,0.25,13,32
kNN,raw,P1,1-3,10,3275,3600,0.5252777777777777,0.486814131315706,0.5252777777777777,0.5009021618552582,0.500902161855258,6,random,0.25,13,32
SVM,raw,P1,1-3,4,3275,161,0.7950310559006211,0.8133314054366686,0.8513226744186045,0.8174070897915355,0.7899744622837803,5,random,0.25,14,32
SVM,raw,P1,1-3,5,3275,197,0.9593908629441624,0.9561283643892338,0.9586680469289165,0.9568261835311237,0.9596651898334412,5,random,0.25,14,32
SVM,raw,P1,1-3,6,3275,2300,0.5973913043478261,0.5899667583856792,0.6770864302227618,0.5514923169876002,0.6197525355781336,6,random,0.25,14,32
SVM,raw,P1,1-3,7,3275,3613,0.6747854968170496,0.6529674100153734,0.6767358264725084,0.6450603492607425,0.6331229784470207,6,random,0.25,14,32
SVM,raw,P1,1-3,8,3275,294,0.5272108843537415,0.5615808214530872,0.6111305361305361,0.5105863324350719,0.5182126511229581,6,random,0.25,14,32
SVM,raw,P1,1-3,9,3275,470,0.7170212765957447,0.6906166378877647,0.7572105672105672,0.6948095934967587,0.6665581201990747,6,random,0.25,14,32
SVM,raw,P1,1-3,10,3275,3600,0.4311111111111111,0.5391039555196765,0.43111111111111106,0.4331784918251178,0.4331784918251178,6,random,0.25,14,32
kNN,raw,P1,1-3,4,3275,161,0.6645962732919255,0.7487846275080317,0.7887500000000001,0.6895725297990332,0.6648134633828292,5,random,0.25,14,32
kNN,raw,P1,1-3,5,3275,197,0.934010152284264,0.9445940961188877,0.9388267770876466,0.9395201957923434,0.9341157269868233,5,random,0.25,14,32
kNN,raw,P1,1-3,6,3275,2300,0.5260869565217391,0.517294767154376,0.6258221225395361,0.4891331569851096,0.5384413022390071,6,random,0.25,14,32
kNN,raw,P1,1-3,7,3275,3613,0.5452532521450318,0.5484405479620141,0.5557610033941964,0.5081402444529247,0.5009558108077939,6,random,0.25,14,32
kNN,raw,P1,1-3,8,3275,294,0.3197278911564626,0.3876414007992956,0.46388888888888885,0.2926398196962082,0.19554528712011301,6,random,0.25,14,32
kNN,raw,P1,1-3,9,3275,470,0.4765957446808511,0.5385987276612276,0.4713882838473002,0.41982138874766356,0.4086775452451161,6,random,0.25,14,32
kNN,raw,P1,1-3,10,3275,3600,0.5063888888888889,0.5314774155697487,0.5063888888888889,0.501386450571068,0.501386450571068,6,random,0.25,14,32
SVM,raw,P1,1-3,4,3275,161,0.7701863354037267,0.8993369499698615,0.8489583333333333,0.8443810051207628,0.774732771946912,5,random,0.25,15,32
SVM,raw,P1,1-3,5,3275,197,0.9593908629441624,0.9661250079969292,0.9638095238095239,0.9638255843040533,0.9592693756101814,5,random,0.25,15,32
SVM,raw,P1,1-3,6,3275,2300,0.71,0.6502109864564383,0.766511436864751,0.6312968205575493,0.7183743474369974,6,random,0.25,15,32
SVM,raw,P1,1-3,7,3275,3613,0.6725712704123996,0.6588952517844305,0.6728131804866528,0.6277511201262983,0.6147925951172459,6,random,0.25,15,32
SVM,raw,P1,1-3,8,3275,294,0.5816326530612245,0.6129086430810569,0.6602855477855477,0.5598934179138042,0.586698680584813,6,random,0.25,15,32
SVM,raw,P1,1-3,9,3275,470,0.7340425531914894,0.698391157036494,0.7814529914529915,0.7120449714187934,0.6789391959805766,6,random,0.25,15,32
SVM,raw,P1,1-3,10,3275,3600,0.4652777777777778,0.540802146655171,0.46527777777777773,0.41899870047516535,0.41899870047516535,6,random,0.25,15,32
kNN,raw,P1,1-3,4,3275,161,0.7453416149068323,0.8299498746867169,0.8364583333333332,0.792321744128313,0.7418742630436597,5,random,0.25,15,32
kNN,raw,P1,1-3,5,3275,197,0.8020304568527918,0.8906349206349207,0.8573982056590752,0.8444932180591179,0.7943212055272628,5,random,0.25,15,32
kNN,raw,P1,1-3,6,3275,2300,0.698695652173913,0.6497188105438064,0.7591638149430259,0.6259082935963874,0.7118331358717465,6,random,0.25,15,32
kNN,raw,P1,1-3,7,3275,3613,0.648214779961251,0.6244340725577506,0.6497408047777102,0.5935983836826458,0.5848097751124917,6,random,0.25,15,32
kNN,raw,P1,1-3,8,3275,294,0.5238095238095238,0.5830338464541863,0.6301767676767677,0.5275059191363608,0.5097995632426733,6,random,0.25,15,32
kNN,raw,P1,1-3,9,3275,470,0.5872340425531914,0.6599415204678363,0.626956704497688,0.5409884089887794,0.4984300209475051,6,random,0.25,15,32
kNN,raw,P1,1-3,10,3275,3600,0.49,0.5194936264431718,0.48999999999999994,0.4805649210008955,0.48056492100089543,6,random,0.25,15,32
SVM,raw,P1,1-3,4,3275,161,0.8944099378881988,0.9520253164556962,0.8767441860465116,0.9039716909596427,0.8917347712528435,5,random,0.25,16,32
SVM,raw,P1,1-3,5,3275,197,0.9543147208121827,0.955225193525686,0.9566045548654245,0.954043787153835,0.9543909696631139,5,random,0.25,16,32
SVM,raw,P1,1-3,6,3275,2300,0.6960869565217391,0.6378073237060066,0.7551469791971672,0.6201703943359204,0.7037681605513015,6,random,0.25,16,32
SVM,raw,P1,1-3,7,3275,3613,0.6601162468862442,0.6455492029344857,0.6616630094738953,0.6221418538820824,0.6088948090847571,6,random,0.25,16,32
SVM,raw,P1,1-3,8,3275,294,0.5476190476190477,0.596927634155895,0.6403554778554779,0.5337567743794073,0.5468278235048324,6,random,0.25,16,32
SVM,raw,P1,1-3,9,3275,470,0.723404255319149,0.6891942934841008,0.7698290598290597,0.7002163956551007,0.670952953940398,6,random,0.25,16,32
SVM,raw,P1,1-3,10,3275,3600,0.43222222222222223,0.5439415631588906,0.4322222222222223,0.4191814490888966,0.4191814490888967,6,random,0.25,16,32
kNN,raw,P1,1-3,4,3275,161,0.7701863354037267,0.855843137254902,0.821875,0.8045544457415106,0.7741933407464143,5,random,0.25,16,32
kNN,raw,P1,1-3,5,3275,197,0.7715736040609137,0.835140144408437,0.8294133885438233,0.8076483806460922,0.7708232806212804,5,random,0.25,16,32
kNN,raw,P1,1-3,6,3275,2300,0.6843478260869565,0.6454643941624764,0.7468389443236682,0.6195121775384265,0.7044955231571033,6,random,0.25,16,32
kNN,raw,P1,1-3,7,3275,3613,0.6202601716025463,0.5891515751936903,0.624471208478863,0.5767786436355887,0.5659059270719384,6,random,0.25,16,32
kNN,raw,P1,1-3,8,3275,294,0.37755102040816324,0.5271782076391115,0.5322746697746698,0.3955026050292047,0.2944549903090847,6,random,0.25,16,32
kNN,raw,P1,1-3,9,3275,470,0.5723404255319149,0.5176551813170128,0.5814113391162571,0.5157152984997917,0.5015964737149529,6,random,0.25,16,32
kNN,raw,P1,1-3,10,3275,3600,0.45111111111111113,0.4816844432698543,0.4511111111111111,0.44156736649211564,0.44156736649211564,6,random,0.25,16,32
SVM,raw,P1,1-3,4,3275,161,0.8571428571428571,0.9252173913043478,0.8509108527131783,0.8752665691757116,0.8532918670424688,5,random,0.25,17,32
SVM,raw,P1,1-3,5,3275,197,0.9543147208121827,0.95336722374454,0.9594616977225673,0.9553726202951962,0.9544081018429913,5,random,0.25,17,32
SVM,raw,P1,1-3,6,3275,2300,0.7104347826086956,0.6339175717040781,0.7633615947041904,0.626114321610885,0.7122529017930432,6,random,0.25,17,32
SVM,raw,P1,1-3,7,3275,3613,0.685856628840299,0.6221768828562708,0.6901302401607986,0.6440645709176843,0.638189284636825,6,random,0.25,17,32
SVM,raw,P1,1-3,8,3275,294,0.4217687074829932,0.34241555797283346,0.46815268065268073,0.31304435061039937,0.3764621972244413,6,random,0.25,17,32
SVM,raw,P1,1-3,9,3275,470,0.6553191489361702,0.6313188723749069,0.6838383838383839,0.6204890423720387,0.5932048001251768,6,random,0.25,17,32
SVM,raw,P1,1-3,10,3275,3600,0.43722222222222223,0.5191862567775473,0.4372222222222222,0.426757550097042,0.426757550097042,6,random,0.25,17,32
kNN,raw,P1,1-3,4,3275,161,0.7080745341614907,0.7936651583710408,0.7789631782945736,0.7230896662573681,0.7200619601954427,5,random,0.25,17,32
kNN,raw,P1,1-3,5,3275,197,0.7614213197969543,0.8391476407914764,0.8186473429951692,0.8010746149053849,0.7593539747132209,5,random,0.25,17,32
kNN,raw,P1,1-3,6,3275,2300,0.6243478260869565,0.61091143466709,0.7013080461098619,0.5760684734242599,0.6569706883901235,6,random,0.25,17,32
kNN,raw,P1,1-3,7,3275,3613,0.5275394409078328,0.5125257623003373,0.5462496239972746,0.4957936186403297,0.4952122475521422,6,random,0.25,17,32
kNN,raw,P1,1-3,8,3275,294,0.24829931972789115,0.34236204843766044,0.33101204351204355,0.2296882855706385,0.18685371584531246,6,random,0.25,17,32
kNN,raw,P1,1-3,9,3275,470,0.43617021276595747,0.40134633310564233,0.40694689645509313,0.3593242330661677,0.3672220311652264,6,random,0.25,17,32
kNN,raw,P1,1-3,10,3275,3600,0.4816666666666667,0.48437396115367504,0.48166666666666663,0.4615162263976451,0.46151622639764506,6,random,0.25,17,32
SVM,raw,P1,1-3,4,3275,161,0.7577639751552795,0.8956465237166992,0.835625,0.8321831063949056,0.762450224103123,5,random,0.25,18,32
SVM,raw,P1,1-3,5,3275,197,0.9543147208121827,0.9589340774328565,0.9475569358178053,0.9512625012194764,0.9547691709574054,5,random,0.25,18,32
SVM,raw,P1,1-3,6,3275,2300,0.6630434782608695,0.6261346595875285,0.7277717516731946,0.6023723870615485,0.6843032704908885,6,random,0.25,18,32
SVM,raw,P1,1-3,7,3275,3613,0.6365900913368392,0.6529286225505012,0.6393734895202315,0.6150976746813169,0.6001071939645232,6,random,0.25,18,32
SVM,raw,P1,1-3,8,3275,294,0.40816326530612246,0.46801546877947553,0.6124999999999999,0.48092347203188646,0.32487693481278396,6,random,0.25,18,32
SVM,raw,P1,1-3,9,3275,470,0.7,0.673079185428583,0.7367987567987568,0.6753664597151992,0.6399294566311372,6,random,0.25,18,32
SVM,raw,P1,1-3,10,3275,3600,0.43027777777777776,0.4639289083356648,0.43027777777777776,0.4132263934639444,0.41322639346394446,6,random,0.25,18,32
kNN,raw,P1,1-3,4,3275,161,0.6770186335403726,0.7730885490753912,0.7873691860465116,0.7116852167457275,0.6855552914057689,5,random,0.25,18,32
kNN,raw,P1,1-3,5,3275,197,0.8984771573604061,0.9227457472543609,0.9126363008971705,0.9121333506708172,0.8984078836857899,5,random,0.25,18,32
kNN,raw,P1,1-3,6,3275,2300,0.6826086956521739,0.636505694556542,0.7459567413783909,0.6154126346327415,0.6979258121578918,6,random,0.25,18,32
kNN,raw,P1,1-3,7,3275,3613,0.6255189593135898,0.6381807303890639,0.6283063824580452,0.5899275711713808,0.5738633602346046,6,random,0.25,18,32
kNN,raw,P1,1-3,8,3275,294,0.30952380952380953,0.44678010697032433,0.4513888888888889,0.35029403493014866,0.244037260098781,6,random,0.25,18,32
kNN,raw,P1,1-3,9,3275,470,0.5340425531914894,0.5121044807814822,0.5434654234654235,0.48047852376980815,0.47425281262754426,6,random,0.25,18,32
kNN,raw,P1,1-3,10,3275,3600,0.4438888888888889,0.46212151434363924,0.44388888888888883,0.4152902900150954,0.4152902900150954,6,random,0.25,18,32
SVM,raw,P1,1-3,4,3275,161,0.8881987577639752,0.9332898676712065,0.9331250000000001,0.92693870886339,0.8887206602713033,5,random,0.25,19,32
SVM,raw,P1,1-3,5,3275,197,0.9543147208121827,0.9586093461774954,0.9646031746031746,0.9600707785745044,0.9537664730067761,5,random,0.25,19,32
SVM,raw,P1,1-3,6,3275,2300,0.6834782608695652,0.6379350973794161,0.748820451873954,0.6143712833310927,0.6943626960638396,6,random,0.25,19,32
SVM,raw,P1,1-3,7,3275,3613,0.6902850816495987,0.6717799477464994,0.6896967907456651,0.6531046072001027,0.642351346111816,6,random,0.25,19,32
SVM,raw,P1,1-3,8,3275,294,0.5510204081632653,0.5986067038698617,0.6352369852369852,0.5369704771436493,0.5517108579079162,6,random,0.25,19,32
SVM,raw,P1,1-3,9,3275,470,0.6808510638297872,0.6932211523333018,0.7046309246309246,0.654511645129264,0.6403934821875398,6,random,0.25,19,32
SVM,raw,P1,1-3,10,3275,3600,0.4533333333333333,0.5549544034372721,0.45333333333333337,0.4355882462854859,0.43558824628548587,6,random,0.25,19,32
kNN,raw,P1,1-3,4,3275,161,0.8944099378881988,0.9046599326599326,0.9256249999999999,0.9074944533540176,0.8948739388184141,5,random,0.25,19,32
kNN,raw,P1,1-3,5,3275,197,0.700507614213198,0.8293040293040292,0.7941407867494824,0.7497282816685801,0.6730855678654755,5,random,0.25,19,32
kNN,raw,P1,1-3,6,3275,2300,0.6469565217391304,0.6416984870563207,0.7260368959793525,0.5959174361061458,0.6674217379438604,6,random,0.25,19,32
kNN,raw,P1,1-3,7,3275,3613,0.6097425961804595,0.6166803953803274,0.6132665668524664,0.5602913478582981,0.5428817948816044,6,random,0.25,19,32
kNN,raw,P1,1-3,8,3275,294,0.43537414965986393,0.5606751404623745,0.6058760683760684,0.4633089029185529,0.3714110532291076,6,random,0.25,19,32
kNN,raw,P1,1-3,9,3275,470,0.5936170212765958,0.5818883791496151,0.6310260231571706,0.5436415390619129,0.5142257838575534,6,random,0.25,19,32
kNN,raw,P1,1-3,10,3275,3600,0.465,0.526972307759095,0.465,0.4750462453673829,0.4750462453673828,6,random,0.25,19,32
SVM,raw,P1,1-3,4,3275,161,0.906832298136646,0.9620253164556962,0.9100775193798448,0.9266753000086334,0.9045490204910493,5,random,0.25,20,32
SVM,raw,P1,1-3,5,3275,197,0.8477157360406091,0.882136752136752,0.8967632850241547,0.8637859362859363,0.8464854519423047,5,random,0.25,20,32
SVM,raw,P1,1-3,6,3275,2300,0.6904347826086956,0.6347621465306897,0.751452168020799,0.6154248405926116,0.6974603733406912,6,random,0.25,20,32
SVM,raw,P1,1-3,7,3275,3613,0.532521450318295,0.5530811562089546,0.5180816338552807,0.4654222678022042,0.4690957419922086,6,random,0.25,20,32
SVM,raw,P1,1-3,8,3275,294,0.35374149659863946,0.3602473426417088,0.5196969696969697,0.34096465323515507,0.22920678733695493,6,random,0.25,20,32
SVM,raw,P1,1-3,9,3275,470,0.5893617021276596,0.6059370775709682,0.6314529914529915,0.5201172819314677,0.5077333471397264,6,random,0.25,20,32
SVM,raw,P1,1-3,10,3275,3600,0.48777777777777775,0.5460358734854965,0.4877777777777778,0.44131980043237135,0.4413198004323715,6,random,0.25,20,32
kNN,raw,P1,1-3,4,3275,161,0.7515527950310559,0.8271367521367521,0.8395833333333332,0.8016040523427606,0.7453971982832077,5,random,0.25,20,32
kNN,raw,P1,1-3,5,3275,197,0.7055837563451777,0.8202835105274129,0.7904899930986887,0.7530884805989546,0.6836030352290555,5,random,0.25,20,32
kNN,raw,P1,1-3,6,3275,2300,0.628695652173913,0.6231923937232292,0.710537103751726,0.5817505491370899,0.6523115012671876,6,random,0.25,20,32
kNN,raw,P1,1-3,7,3275,3613,0.4707998892886798,0.4933725338336122,0.4901636124845529,0.4001301127191094,0.3941139787148603,6,random,0.25,20,32
kNN,raw,P1,1-3,8,3275,294,0.35034013605442177,0.28614925710860983,0.5151515151515151,0.3445528342788617,0.22450956306142217,6,random,0.25,20,32
kNN,raw,P1,1-3,9,3275,470,0.5170212765957447,0.3607863688664202,0.55591985428051,0.4341134393457156,0.4045540895331897,6,random,0.25,20,32
kNN,raw,P1,1-3,10,3275,3600,0.5408333333333334,0.5066320370383539,0.5408333333333334,0.505464298203825,0.505464298203825,6,random,0.25,20,32
SVM,raw,P1,1-3,4,3275,161,0.8509316770186336,0.8992215699065014,0.8613275193798451,0.867990070862175,0.8470889975450294,5,random,0.25,21,32
SVM,raw,P1,1-3,5,3275,197,0.9695431472081218,0.9679806831438725,0.9661904761904762,0.9668587994202028,0.9696305176436978,5,random,0.25,21,32
SVM,raw,P1,1-3,6,3275,2300,0.548695652173913,0.4971789270093545,0.639505396125914,0.4821691750969368,0.5251040429705588,6,random,0.25,21,32
SVM,raw,P1,1-3,7,3275,3613,0.6105729310822031,0.5747924985570269,0.6209283373818044,0.5888058489920696,0.5689793131278115,6,random,0.25,21,32
SVM,raw,P1,1-3,8,3275,294,0.782312925170068,0.6765853281145544,0.7011946386946387,0.6626913768165782,0.7795340822537323,6,random,0.25,21,32
SVM,raw,P1,1-3,9,3275,470,0.7489361702127659,0.7009799359179918,0.7956021756021756,0.7303225492291073,0.6857176138175941,6,random,0.25,21,32
SVM,raw,P1,1-3,10,3275,3600,0.3938888888888889,0.44843944800068364,0.3938888888888889,0.38433972177818343,0.3843397217781834,6,random,0.25,21,32
kNN,raw,P1,1-3,4,3275,161,0.6894409937888198,0.7894288150042625,0.7711143410852713,0.7102541538017949,0.6956718457219775,5,random,0.25,21,32
kNN,raw,P1,1-3,5,3275,197,0.9390862944162437,0.9377925433739387,0.927688060731539,0.9319395182426253,0.9388991053302587,5,random,0.25,21,32
kNN,raw,P1,1-3,6,3275,2300,0.5530434782608695,0.5078893470621098,0.6426777113509016,0.4710847726608467,0.507037774823461,6,random,0.25,21,32
kNN,raw,P1,1-3,7,3275,3613,0.5541101577636314,0.529591417718311,0.5661682039484117,0.5308894608691829,0.5071306988876725,6,random,0.25,21,32
kNN,raw,P1,1-3,8,3275,294,0.6632653061224489,0.6146417748974048,0.6082264957264958,0.5531982777100671,0.674202419444358,6,random,0.25,21,32
kNN,raw,P1,1-3,9,3275,470,0.5957446808510638,0.49957614624797286,0.606068376068376,0.5261841252618412,0.5149756683625226,6,random,0.25,21,32
kNN,raw,P1,1-3,10,3275,3600,0.41305555555555556,0.41212744545415053,0.41305555555555556,0.36463033538761547,0.3646303353876154,6,random,0.25,21,32
SVM,raw,P1,1-3,4,3275,161,0.7391304347826086,0.8928571428571429,0.8197916666666666,0.819682638017072,0.7433054324414218,5,random,0.25,22,32
SVM,raw,P1,1-3,5,3275,197,0.9543147208121827,0.9623094098883573,0.9606349206349207,0.960044955044955,0.95409472084599,5,random,0.25,22,32
SVM,raw,P1,1-3,6,3275,2300,0.7204347826086956,0.6421882557647314,0.7686477986320033,0.6330612250870694,0.7267079367487058,6,random,0.25,22,32
SVM,raw,P1,1-3,7,3275,3613,0.7533905341821201,0.654703673676876,0.7552644240315098,0.6998414459217801,0.6948939837574728,6,random,0.25,22,32
SVM,raw,P1,1-3,8,3275,294,0.8809523809523809,0.7203210263555091,0.7748543123543122,0.7415658876105927,0.8574833192932335,6,random,0.25,22,32
SVM,raw,P1,1-3,9,3275,470,0.7425531914893617,0.6925948214650424,0.7894871794871795,0.7270220212896111,0.6802751431687676,6,random,0.25,22,32
SVM,raw,P1,1-3,10,3275,3600,0.4663888888888889,0.41397483196561674,0.4663888888888888,0.4230092138576464,0.42300921385764634,6,random,0.25,22,32
kNN,raw,P1,1-3,4,3275,161,0.7391304347826086,0.8076029510395706,0.8197916666666666,0.7648564898631162,0.7377418923096912,5,random,0.25,22,32
kNN,raw,P1,1-3,5,3275,197,0.8730964467005076,0.924031007751938,0.903015873015873,0.9005543017062381,0.8729651094851041,5,random,0.25,22,32
kNN,raw,P1,1-3,6,3275,2300,0.6478260869565218,0.5978299288584146,0.7166326549410863,0.5679067614993922,0.6786682786005683,6,random,0.25,22,32
kNN,raw,P1,1-3,7,3275,3613,0.6055909216717409,0.5875904132295093,0.6176024530690833,0.5663558978977606,0.5707754578431027,6,random,0.25,22,32
kNN,raw,P1,1-3,8,3275,294,0.47278911564625853,0.5957422263815869,0.5193376068376069,0.40691585818568754,0.4469679810790105,6,random,0.25,22,32
kNN,raw,P1,1-3,9,3275,470,0.46170212765957447,0.2856482543389564,0.4217948717948718,0.31886945716732945,0.34765809600576464,6,random,0.25,22,32
kNN,raw,P1,1-3,10,3275,3600,0.5077777777777778,0.460308909119389,0.5077777777777778,0.47844290649953597,0.4784429064995359,6,random,0.25,22,32
SVM,raw,P1,1-3,4,3275,161,0.8757763975155279,0.936203645505971,0.8944525193798448,0.9077586788001348,0.8740660725537853,5,random,0.25,23,32
SVM,raw,P1,1-3,5,3275,197,0.8781725888324873,0.9000765822758382,0.9094962042788131,0.8962243261696814,0.8771053877264524,5,random,0.25,23,32
SVM,raw,P1,1-3,6,3275,2300,0.6747826086956522,0.6413176203438399,0.7433408796620656,0.611793544997817,0.6909210834970226,6,random,0.25,23,32
SVM,raw,P1,1-3,7,3275,3613,0.6343758649321893,0.6310043122616936,0.6358865811319275,0.5846679218432403,0.5701876394695221,6,random,0.25,23,32
SVM,raw,P1,1-3,8,3275,294,0.3673469387755102,0.3231184602072294,0.5460858585858587,0.37906102611984965,0.26397665293223516,6,random,0.25,23,32
SVM,raw,P1,1-3,9,3275,470,0.6851063829787234,0.6407772302421132,0.7308547008547008,0.6526875350730992,0.6268614558510884,6,random,0.25,23,32
SVM,raw,P1,1-3,10,3275,3600,0.4066666666666667,0.5237453542590872,0.4066666666666667,0.3989277376443337,0.3989277376443337,6,random,0.25,23,32
kNN,raw,P1,1-3,4,3275,161,0.7515527950310559,0.845021645021645,0.8395833333333332,0.802108843537415,0.7504647821861664,5,random,0.25,23,32
kNN,raw,P1,1-3,5,3275,197,0.7106598984771574,0.8042298395956934,0.7861766735679779,0.7571448486283174,0.7006217302783287,5,random,0.25,23,32
kNN,raw,P1,1-3,6,3275,2300,0.6821739130434783,0.64720541450309,0.7466791420800725,0.61873017430006,0.7023038012404744,6,random,0.25,23,32
kNN,raw,P1,1-3,7,3275,3613,0.6415721007473014,0.6018598954253378,0.6420677016390338,0.5782135789049566,0.5674777642571991,6,random,0.25,23,32
kNN,raw,P1,1-3,8,3275,294,0.3469387755102041,0.3629895229115852,0.5046717171717172,0.34343367717360396,0.22743848590781335,6,random,0.25,23,32
kNN,raw,P1,1-3,9,3275,470,0.5382978723404256,0.41104398294667505,0.5278940731399747,0.44732025300881534,0.4456969828766937,6,random,0.25,23,32
kNN,raw,P1,1-3,10,3275,3600,0.515,0.5295875774064607,0.515,0.5043144770743978,0.5043144770743978,6,random,0.25,23,32
SVM,raw,P1,1-3,4,3275,161,0.84472049689441,0.9143775569842199,0.8864583333333332,0.8896466231989052,0.8422716230114149,5,random,0.25,24,32
SVM,raw,P1,1-3,5,3275,197,0.8730964467005076,0.9169607843137255,0.913809523809524,0.9008350625991983,0.8698132341493487,5,random,0.25,24,32
SVM,raw,P1,1-3,6,3275,2300,0.6639130434782609,0.6356197845493805,0.7334601550828763,0.6035146781288705,0.6810837433111179,6,random,0.25,24,32
SVM,raw,P1,1-3,7,3275,3613,0.6108497093827844,0.6279828583561541,0.6147014516273674,0.5602951593608809,0.5429348771820475,6,random,0.25,24,32
SVM,raw,P1,1-3,8,3275,294,0.4421768707482993,0.5297216772036916,0.5630050505050505,0.45324298208913594,0.4212498139107244,6,random,0.25,24,32
SVM,raw,P1,1-3,9,3275,470,0.6212765957446809,0.6756670980956397,0.6640170940170941,0.5933157679027502,0.5755388553429975,6,random,0.25,24,32
SVM,raw,P1,1-3,10,3275,3600,0.4786111111111111,0.557336841292109,0.47861111111111115,0.4586067920301264,0.4586067920301264,6,random,0.25,24,32
kNN,raw,P1,1-3,4,3275,161,0.84472049689441,0.8445098039215686,0.8935416666666667,0.8488854490193626,0.845238679214895,5,random,0.25,24,32
kNN,raw,P1,1-3,5,3275,197,0.6700507614213198,0.8156551332955189,0.7659213250517599,0.7188228278205394,0.637202922838486,5,random,0.25,24,32
kNN,raw,P1,1-3,6,3275,2300,0.6591304347826087,0.6409791264806453,0.732010107354368,0.6013689461872517,0.6766706780655773,6,random,0.25,24,32
kNN,raw,P1,1-3,7,3275,3613,0.567949072792693,0.6010310427911011,0.5763061602249684,0.5106792389322775,0.48806303264625267,6,random,0.25,24,32
kNN,raw,P1,1-3,8,3275,294,0.40476190476190477,0.5055672023022691,0.5501845376845377,0.4200043209508315,0.35707006669930985,6,random,0.25,24,32
kNN,raw,P1,1-3,9,3275,470,0.48723404255319147,0.48572162668253344,0.4937578814627995,0.4788184717355854,0.4768450460772909,6,random,0.25,24,32
kNN,raw,P1,1-3,10,3275,3600,0.5075,0.5261198338600981,0.5075,0.4943670193922492,0.4943670193922492,6,random,0.25,24,32
SVM,raw,P1,1-3,4,3275,161,0.8695652173913043,0.9267441860465115,0.8707025193798451,0.8892730236685169,0.8651584209163006,5,random,0.25,25,32
SVM,raw,P1,1-3,5,3275,197,0.9593908629441624,0.9594287773982595,0.9638095238095239,0.9607235182134813,0.9592134932274422,5,random,0.25,25,32
SVM,raw,P1,1-3,6,3275,2300,0.6508695652173913,0.6104608473034322,0.7129744011478564,0.5900062810186459,0.6673705290423613,6,random,0.25,25,32
SVM,raw,P1,1-3,7,3275,3613,0.5878771104345419,0.580574264798102,0.5948415826728518,0.5577496468523606,0.5441341358239191,6,random,0.25,25,32
SVM,raw,P1,1-3,8,3275,294,0.41836734693877553,0.3948696145124717,0.6223484848484849,0.4446051086318261,0.3049420590314811,6,random,0.25,25,32
SVM,raw,P1,1-3,9,3275,470,0.6893617021276596,0.6391911775663421,0.7333022533022534,0.6661673338510355,0.6260014829305182,6,random,0.25,25,32
SVM,raw,P1,1-3,10,3275,3600,0.41583333333333333,0.4915500245426987,0.41583333333333344,0.42315180845634126,0.4231518084563413,6,random,0.25,25,32
kNN,raw,P1,1-3,4,3275,161,0.7267080745341615,0.8154477101845522,0.8064583333333333,0.763113476350974,0.7242820393951089,5,random,0.25,25,32
kNN,raw,P1,1-3,5,3275,197,0.9238578680203046,0.934681567650783,0.92447895100069,0.9275249283593314,0.9241887969969005,5,random,0.25,25,32
kNN,raw,P1,1-3,6,3275,2300,0.508695652173913,0.43812330195182453,0.6143473169291197,0.4435284665654393,0.4668700512708902,6,random,0.25,25,32
kNN,raw,P1,1-3,7,3275,3613,0.5217270965956269,0.5153502821194872,0.536283701940525,0.4652609032272312,0.4610839734515864,6,random,0.25,25,32
kNN,raw,P1,1-3,8,3275,294,0.3945578231292517,0.5747626177313677,0.514481351981352,0.38572551662174304,0.3307422025413939,6,random,0.25,25,32
kNN,raw,P1,1-3,9,3275,470,0.676595744680851,0.6624952838321486,0.7148687378195575,0.6638918279285275,0.6177351515007102,6,random,0.25,25,32
kNN,raw,P1,1-3,10,3275,3600,0.5102777777777778,0.49499303150890994,0.5102777777777777,0.49464672377614455,0.4946467237761446,6,random,0.25,25,32
SVM,raw,P1,1-3,4,3275,161,0.8695652173913043,0.9289562289562291,0.8683333333333334,0.8865475025710665,0.8660656516161962,5,random,0.25,26,32
SVM,raw,P1,1-3,5,3275,197,0.8121827411167513,0.8778225806451612,0.8745410628019323,0.8338825240952901,0.810767439949857,5,random,0.25,26,32
SVM,raw,P1,1-3,6,3275,2300,0.6417391304347826,0.5721107921027633,0.7174697697945339,0.5611766100814796,0.6514454348985501,6,random,0.25,26,32
SVM,raw,P1,1-3,7,3275,3613,0.6365900913368392,0.6058994907809162,0.6443551131759652,0.5876595105601231,0.5848873204343309,6,random,0.25,26,32
SVM,raw,P1,1-3,8,3275,294,0.47278911564625853,0.526367628845351,0.5371794871794872,0.424638032500607,0.45641228103289405,6,random,0.25,26,32
SVM,raw,P1,1-3,9,3275,470,0.7063829787234043,0.660015239064866,0.7520124320124321,0.6868145499811386,0.6446686636585918,6,random,0.25,26,32
SVM,raw,P1,1-3,10,3275,3600,0.39555555555555555,0.43836416110812265,0.3955555555555555,0.35130535722082695,0.35130535722082706,6,random,0.25,26,32
kNN,raw,P1,1-3,4,3275,161,0.7329192546583851,0.8492857142857144,0.8015988372093024,0.7872058564741493,0.7361506510120356,5,random,0.25,26,32
kNN,raw,P1,1-3,5,3275,197,0.7106598984771574,0.8167190446260214,0.7889717046238786,0.7574162415151382,0.701405956865593,5,random,0.25,26,32
kNN,raw,P1,1-3,6,3275,2300,0.6443478260869565,0.639536797392038,0.7211331441716685,0.5950460988243879,0.6715918717802302,6,random,0.25,26,32
kNN,raw,P1,1-3,7,3275,3613,0.6202601716025463,0.5889352861577947,0.6238435516901868,0.5574167647096463,0.5592883218919464,6,random,0.25,26,32
kNN,raw,P1,1-3,8,3275,294,0.4217687074829932,0.4284527744481978,0.48596542346542354,0.3246676852555999,0.36976779925554093,6,random,0.25,26,32
kNN,raw,P1,1-3,9,3275,470,0.6723404255319149,0.6517253367098841,0.6971936897346733,0.6518768931937234,0.6165996209863468,6,random,0.25,26,32
kNN,raw,P1,1-3,10,3275,3600,0.43333333333333335,0.3614274556078727,0.43333333333333335,0.3807307024093638,0.3807307024093638,6,random,0.25,26,32
SVM,raw,P1,1-3,4,3275,161,0.8260869565217391,0.906878306878307,0.8770833333333332,0.8781963543332267,0.8247521586184842,5,random,0.25,27,32
SVM,raw,P1,1-3,5,3275,197,0.9644670050761421,0.9656941193035781,0.9669841269841271,0.9657244882323972,0.9643079993983465,5,random,0.25,27,32
SVM,raw,P1,1-3,6,3275,2300,0.6647826086956522,0.6298272179208037,0.7341237873838224,0.6050098049909404,0.6830260623762888,6,random,0.25,27,32
SVM,raw,P1,1-3,7,3275,3613,0.6011624688624412,0.6330743501472101,0.605670533352814,0.5581674637942078,0.5440089412194653,6,random,0.25,27,32
SVM,raw,P1,1-3,8,3275,294,0.41156462585034015,0.38282861467828866,0.6166666666666667,0.43211692522037354,0.2936260236752848,6,random,0.25,27,32
SVM,raw,P1,1-3,9,3275,470,0.7063829787234043,0.6664569109136737,0.7533333333333334,0.6863733451414524,0.641712063656641,6,random,0.25,27,32
SVM,raw,P1,1-3,10,3275,3600,0.43833333333333335,0.5420848232409118,0.4383333333333333,0.4174614596820416,0.41746145968204157,6,random,0.25,27,32
kNN,raw,P1,1-3,4,3275,161,0.7763975155279503,0.843157262905162,0.8143750000000001,0.7991836185968079,0.7736989625373244,5,random,0.25,27,32
kNN,raw,P1,1-3,5,3275,197,0.7055837563451777,0.8084761904761905,0.7858592132505177,0.7520258316528043,0.6929657031871744,5,random,0.25,27,32
kNN,raw,P1,1-3,6,3275,2300,0.6413043478260869,0.6189774002327149,0.7155353226994224,0.5893459401311388,0.6633180762788112,6,random,0.25,27,32
kNN,raw,P1,1-3,7,3275,3613,0.5480210351508442,0.5299149408554972,0.5597866465987118,0.4926418544380205,0.4888674464406345,6,random,0.25,27,32
kNN,raw,P1,1-3,8,3275,294,0.282312925170068,0.2549357520786092,0.41414141414141414,0.2881324638677167,0.19033721763051295,6,random,0.25,27,32
kNN,raw,P1,1-3,9,3275,470,0.5659574468085107,0.47630991997083516,0.5754700854700855,0.5019802434410319,0.4892530785268335,6,random,0.25,27,32
kNN,raw,P1,1-3,10,3275,3600,0.4683333333333333,0.4656798796381569,0.4683333333333333,0.45586642950028894,0.45586642950028894,6,random,0.25,27,32
SVM,raw,P1,1-3,4,3275,161,0.8509316770186336,0.882531606537157,0.8543798449612403,0.8545476244724364,0.848304784978768,5,random,0.25,28,32
SVM,raw,P1,1-3,5,3275,197,0.9543147208121827,0.9507791453110654,0.9515251897860593,0.9506035683126027,0.9545270266683512,5,random,0.25,28,32
SVM,raw,P1,1-3,6,3275,2300,0.6865217391304348,0.6331064042580488,0.7502687098113681,0.6141891529764026,0.6939195201139455,6,random,0.25,28,32
SVM,raw,P1,1-3,7,3275,3613,0.6324384168281206,0.6574791364514337,0.6333607073729497,0.5907115197832299,0.5762741322007415,6,random,0.25,28,32
SVM,raw,P1,1-3,8,3275,294,0.3707482993197279,0.406323429656763,0.5547979797979798,0.41022508400341956,0.2811908934405937,6,random,0.25,28,32
SVM,raw,P1,1-3,9,3275,470,0.6127659574468085,0.6313488764327082,0.6561693861693861,0.5453044619285129,0.5192595923945436,6,random,0.25,28,32
SVM,raw,P1,1-3,10,3275,3600,0.415,0.5095144707695075,0.41500000000000004,0.4045901655709519,0.4045901655709519,6,random,0.25,28,32
kNN,raw,P1,1-3,4,3275,161,0.7080745341614907,0.7906004447739066,0.7835416666666667,0.72444618038603,0.7081619107864847,5,random,0.25,28,32
kNN,raw,P1,1-3,5,3275,197,0.868020304568528,0.8771705771705772,0.8841407867494825,0.8751784291395668,0.8704774725264557,5,random,0.25,28,32
kNN,raw,P1,1-3,6,3275,2300,0.5434782608695652,0.5191478622141276,0.6398268426064396,0.481620638658067,0.5145202952610433,6,random,0.25,28,32
kNN,raw,P1,1-3,7,3275,3613,0.5989482424577913,0.5789132039117068,0.6032400701277136,0.5550867700303612,0.5407549282550044,6,random,0.25,28,32
kNN,raw,P1,1-3,8,3275,294,0.3435374149659864,0.4191087890215797,0.5024572649572651,0.36244459694253744,0.2601611332893494,6,random,0.25,28,32
kNN,raw,P1,1-3,9,3275,470,0.5872340425531914,0.5651100884986229,0.6255093176404652,0.5299746449359923,0.49934541000941207,6,random,0.25,28,32
kNN,raw,P1,1-3,10,3275,3600,0.47888888888888886,0.5844896412843399,0.4788888888888889,0.46261597637125784,0.46261597637125784,6,random,0.25,28,32
SVM,raw,P1,1-3,4,3275,161,0.8944099378881988,0.9460121457489878,0.8982703488372092,0.9123553714715141,0.8896843930131284,5,random,0.25,29,32
SVM,raw,P1,1-3,5,3275,197,0.8426395939086294,0.8875,0.8935886818495515,0.8599006754742662,0.844473846695146,5,random,0.25,29,32
SVM,raw,P1,1-3,6,3275,2300,0.6573913043478261,0.6209914885026658,0.7298046595152878,0.5908033507704427,0.6606392036386012,6,random,0.25,29,32
SVM,raw,P1,1-3,7,3275,3613,0.6271796291170773,0.6584800291921992,0.6293835973679556,0.5733442509969463,0.5577526472217864,6,random,0.25,29,32
SVM,raw,P1,1-3,8,3275,294,0.40476190476190477,0.4210478064760601,0.607449494949495,0.44142714695766466,0.3029420919785413,6,random,0.25,29,32
SVM,raw,P1,1-3,9,3275,470,0.7,0.6465594368050703,0.7468376068376069,0.6689920217328776,0.634068603562636,6,random,0.25,29,32
SVM,raw,P1,1-3,10,3275,3600,0.4552777777777778,0.5708030402781117,0.4552777777777777,0.44599581244349684,0.4459958124434968,6,random,0.25,29,32
kNN,raw,P1,1-3,4,3275,161,0.7204968944099379,0.7795854590603013,0.8118071705426356,0.7572510822510823,0.7114503508913447,5,random,0.25,29,32
kNN,raw,P1,1-3,5,3275,197,0.766497461928934,0.862598204264871,0.8412767425810903,0.8133593369533422,0.7523006586250122,5,random,0.25,29,32
kNN,raw,P1,1-3,6,3275,2300,0.6756521739130434,0.6479322621940764,0.7439966367466068,0.613956788246495,0.6941440960523451,6,random,0.25,29,32
kNN,raw,P1,1-3,7,3275,3613,0.6360365347356767,0.6533409368105004,0.6370793612660752,0.580762446997996,0.564626032904164,6,random,0.25,29,32
kNN,raw,P1,1-3,8,3275,294,0.40816326530612246,0.41652935338706093,0.6124999999999999,0.4395690977303755,0.300685210543856,6,random,0.25,29,32
kNN,raw,P1,1-3,9,3275,470,0.6829787234042554,0.6480655499388773,0.7220877119237775,0.6629571208954328,0.6247143968427856,6,random,0.25,29,32
kNN,raw,P1,1-3,10,3275,3600,0.5122222222222222,0.4950846860941769,0.5122222222222222,0.48915474754205107,0.48915474754205107,6,random,0.25,29,32
SVM,raw,P1,1-3,4,3275,161,0.84472049689441,0.917015262860373,0.8778488372093023,0.8820302648171501,0.8434046352791899,5,random,0.25,30,32
SVM,raw,P1,1-3,5,3275,197,0.9441624365482234,0.9484086645062254,0.9542857142857143,0.9494155051194934,0.9436903972714078,5,random,0.25,30,32
SVM,raw,P1,1-3,6,3275,2300,0.6652173913043479,0.6370045118849343,0.7350008260360466,0.6071094787259681,0.6861499015860412,6,random,0.25,30,32
SVM,raw,P1,1-3,7,3275,3613,0.6327151951287019,0.6503317109921987,0.6355305334445331,0.5991951136907864,0.5850636129570782,6,random,0.25,30,32
SVM,raw,P1,1-3,8,3275,294,0.5476190476190477,0.6055488810623598,0.6648989898989899,0.5468530518177221,0.533073692425612,6,random,0.25,30,32
SVM,raw,P1,1-3,9,3275,470,0.7042553191489361,0.6558958823185002,0.7505128205128205,0.6843420755653274,0.6437727373938834,6,random,0.25,30,32
SVM,raw,P1,1-3,10,3275,3600,0.4638888888888889,0.5656717832681828,0.46388888888888885,0.4656593576958956,0.4656593576958956,6,random,0.25,30,32
kNN,raw,P1,1-3,4,3275,161,0.782608695652174,0.8963036963036963,0.8387499999999999,0.8397560286550299,0.7886320989727832,5,random,0.25,30,32
kNN,raw,P1,1-3,5,3275,197,0.6751269035532995,0.8133594053198794,0.7691580400276052,0.7244600753372683,0.6446727378689263,5,random,0.25,30,32
kNN,raw,P1,1-3,6,3275,2300,0.6256521739130435,0.6397276844214179,0.7092179643268358,0.5872442448869996,0.6576318858633773,6,random,0.25,30,32
kNN,raw,P1,1-3,7,3275,3613,0.5981179075560477,0.6077111079929832,0.6020720528990074,0.5409060647188466,0.5281630188423914,6,random,0.25,30,32
kNN,raw,P1,1-3,8,3275,294,0.41496598639455784,0.5070300647980801,0.6169483294483294,0.4192953881386717,0.2822141922393217,6,random,0.25,30,32
kNN,raw,P1,1-3,9,3275,470,0.5872340425531914,0.5161574764033781,0.5970940170940171,0.5306709067210172,0.5190066514875621,6,random,0.25,30,32
kNN,raw,P1,1-3,10,3275,3600,0.4905555555555556,0.5095013288840474,0.4905555555555556,0.48348821117408686,0.4834882111740869,6,random,0.25,30,32
SVM,raw,P1,1-3,4,3275,161,0.8819875776397516,0.9140601503759397,0.8904941860465115,0.8918295473889277,0.8768754513358482,5,random,0.25,31,32
SVM,raw,P1,1-3,5,3275,197,0.9593908629441624,0.9591101694915254,0.9597791580400277,0.9577936470055501,0.9595172298991756,5,random,0.25,31,32
SVM,raw,P1,1-3,6,3275,2300,0.7365217391304347,0.6399022782946429,0.7825214873471511,0.6387847571923434,0.7275011213033967,6,random,0.25,31,32
SVM,raw,P1,1-3,7,3275,3613,0.6556877940769443,0.6672741030017573,0.6569608160863886,0.6154108136328822,0.6015736816302453,6,random,0.25,31,32
SVM,raw,P1,1-3,8,3275,294,0.41156462585034015,0.45385888681978065,0.6140151515151515,0.47842400313832684,0.32550262426826393,6,random,0.25,31,32
SVM,raw,P1,1-3,9,3275,470,0.6680851063829787,0.6587669017525912,0.7158119658119658,0.6225444833040518,0.5931826912764315,6,random,0.25,31,32
SVM,raw,P1,1-3,10,3275,3600,0.445,0.5455541919152661,0.445,0.4495173558331367,0.44951735583313673,6,random,0.25,31,32
kNN,raw,P1,1-3,4,3275,161,0.6956521739130435,0.7895571218408975,0.783202519379845,0.7173836574260595,0.7249241138365532,5,random,0.25,31,32
kNN,raw,P1,1-3,5,3275,197,0.9390862944162437,0.9527201842991317,0.9391442374051071,0.9434490817502802,0.9401532726075171,5,random,0.25,31,32
kNN,raw,P1,1-3,6,3275,2300,0.668695652173913,0.6395798115721342,0.7379450920457765,0.6092450430302762,0.6885519716645829,6,random,0.25,31,32
kNN,raw,P1,1-3,7,3275,3613,0.6127871574868531,0.6623560473091247,0.6185064790859894,0.564326515321122,0.5450003879384563,6,random,0.25,31,32
kNN,raw,P1,1-3,8,3275,294,0.2755102040816326,0.3119654694631602,0.3902777777777778,0.27559370120653465,0.20074692776015554,6,random,0.25,31,32
kNN,raw,P1,1-3,9,3275,470,0.5212765957446809,0.541011951024454,0.532051282051282,0.4542023694058925,0.4473072979971973,6,random,0.25,31,32
kNN,raw,P1,1-3,10,3275,3600,0.5436111111111112,0.5302397579810816,0.5436111111111112,0.5251524920582388,0.5251524920582387,6,random,0.25,31,32
SVM,raw,P1,1-3,4,3275,161,0.8757763975155279,0.936203645505971,0.8944525193798448,0.9077586788001348,0.8740660725537853,5,random,0.25,32,32
SVM,raw,P1,1-3,5,3275,197,0.8629441624365483,0.9052878637383659,0.9034920634920635,0.889032672236117,0.8585091438175589,5,random,0.25,32,32
SVM,raw,P1,1-3,6,3275,2300,0.6391304347826087,0.6422788504511164,0.715445493965739,0.5969371233293242,0.6737059706268509,6,random,0.25,32,32
SVM,raw,P1,1-3,7,3275,3613,0.6072515914752283,0.6082567057247777,0.6110851281436301,0.5785999793256879,0.5609069536494902,6,random,0.25,32,32
SVM,raw,P1,1-3,8,3275,294,0.7210884353741497,0.6248965421360979,0.726961926961927,0.6366380190486419,0.7162228016326672,6,random,0.25,32,32
SVM,raw,P1,1-3,9,3275,470,0.723404255319149,0.6740962506113027,0.7703418803418803,0.7071139666345309,0.660128504529875,6,random,0.25,32,32
SVM,raw,P1,1-3,10,3275,3600,0.42,0.49700612594870147,0.41999999999999993,0.3778680465628997,0.37786804656289974,6,random,0.25,32,32
kNN,raw,P1,1-3,4,3275,161,0.7515527950310559,0.815359477124183,0.8395833333333332,0.7768073882359597,0.7522241861194834,5,random,0.25,32,32
kNN,raw,P1,1-3,5,3275,197,0.6903553299492385,0.8016051698978529,0.7758247066942718,0.739055059740285,0.6678155913149543,5,random,0.25,32,32
kNN,raw,P1,1-3,6,3275,2300,0.6165217391304347,0.6259181786969298,0.6973630631545644,0.5754729797873727,0.6455862354628739,6,random,0.25,32,32
kNN,raw,P1,1-3,7,3275,3613,0.5704400774979241,0.5991110530664214,0.5799484666761867,0.5485573833191334,0.5286685655704734,6,random,0.25,32,32
kNN,raw,P1,1-3,8,3275,294,0.4897959183673469,0.534784501414178,0.6447066822066821,0.5009971798939502,0.42714751623322283,6,random,0.25,32,32
kNN,raw,P1,1-3,9,3275,470,0.5617021276595745,0.45882408447606654,0.570940170940171,0.4906553219000405,0.48382515373507795,6,random,0.25,32,32
kNN,raw,P1,1-3,10,3275,3600,0.46416666666666667,0.48935410933508633,0.46416666666666667,0.45809442797227157,0.4580944279722715,6,random,0.25,32,32
SVM,raw,P1,1-3,4,3275,161,0.8695652173913043,0.926217870257038,0.8842441860465116,0.8963448320603128,0.8651715210415011,5,random,0.25,33,32
SVM,raw,P1,1-3,5,3275,197,0.9543147208121827,0.954093361482524,0.9566666666666667,0.9545638490346157,0.9541023842745371,5,random,0.25,33,32
SVM,raw,P1,1-3,6,3275,2300,0.6573913043478261,0.6305608730165152,0.7288237051175663,0.6022542101996043,0.6798314884808017,6,random,0.25,33,32
SVM,raw,P1,1-3,7,3275,3613,0.6722944921118185,0.637956277051828,0.6748378371018564,0.6429500648469949,0.631272517261427,6,random,0.25,33,32
SVM,raw,P1,1-3,8,3275,294,0.5578231292517006,0.5805113445607789,0.649446386946387,0.5338987134684005,0.5451694072950944,6,random,0.25,33,32
SVM,raw,P1,1-3,9,3275,470,0.6106382978723405,0.5857541605510592,0.6232223878125517,0.5564221894579037,0.5409331756102274,6,random,0.25,33,32
SVM,raw,P1,1-3,10,3275,3600,0.46444444444444444,0.49513567679823156,0.46444444444444444,0.4592225215904306,0.4592225215904306,6,random,0.25,33,32
kNN,raw,P1,1-3,4,3275,161,0.6832298136645962,0.7790064102564103,0.7739583333333333,0.7180545574320278,0.6724976919168361,5,random,0.25,33,32
kNN,raw,P1,1-3,5,3275,197,0.751269035532995,0.8234155534651373,0.8139820565907522,0.7911890914510087,0.7457824211752304,5,random,0.25,33,32
kNN,raw,P1,1-3,6,3275,2300,0.6473913043478261,0.626200660327795,0.7236302869430641,0.5947216171849818,0.6712379256850729,6,random,0.25,33,32
kNN,raw,P1,1-3,7,3275,3613,0.6302241904234708,0.61110831898367,0.6372736785016125,0.5795486150777197,0.5767744485540426,6,random,0.25,33,32
kNN,raw,P1,1-3,8,3275,294,0.46258503401360546,0.5730825872960509,0.5290112665112665,0.41111260304219893,0.4314081563662853,6,random,0.25,33,32
kNN,raw,P1,1-3,9,3275,470,0.7127659574468085,0.675291688766166,0.7516187091596928,0.6968169581755217,0.655594312963081,6,random,0.25,33,32
kNN,raw,P1,1-3,10,3275,3600,0.4786111111111111,0.46017715862867975,0.47861111111111115,0.4561745966240977,0.45617459662409765,6,random,0.25,33,32
SVM,raw,P1,1-3,4,3275,161,0.8571428571428571,0.9252173913043478,0.8509108527131783,0.8752665691757116,0.8532918670424688,5,random,0.25,34,32
SVM,raw,P1,1-3,5,3275,197,0.9390862944162437,0.9364989449856962,0.9408281573498964,0.9377337362066651,0.9393988883776075,5,random,0.25,34,32
SVM,raw,P1,1-3,6,3275,2300,0.6917391304347826,0.6373724080677723,0.7528645333249008,0.6190808434257905,0.7020619246525801,6,random,0.25,34,32
SVM,raw,P1,1-3,7,3275,3613,0.6548574591752007,0.6454371193086242,0.6554607662554034,0.6127443267820069,0.5994731539143302,6,random,0.25,34,32
SVM,raw,P1,1-3,8,3275,294,0.43537414965986393,0.5131846131846132,0.5204739704739705,0.3923725225582811,0.40043284070263285,6,random,0.25,34,32
SVM,raw,P1,1-3,9,3275,470,0.6212765957446809,0.5235235816981954,0.6188888888888889,0.5340348227672171,0.5543512625622304,6,random,0.25,34,32
SVM,raw,P1,1-3,10,3275,3600,0.39416666666666667,0.4751572100523234,0.3941666666666666,0.3885385840912341,0.38853858409123415,6,random,0.25,34,32
kNN,raw,P1,1-3,4,3275,161,0.6770186335403726,0.7820042643923241,0.7638275193798449,0.7048892748588796,0.688585163632833,5,random,0.25,34,32
kNN,raw,P1,1-3,5,3275,197,0.817258883248731,0.8513343499809378,0.8468046928916495,0.8390178244463063,0.8188341702608526,5,random,0.25,34,32
kNN,raw,P1,1-3,6,3275,2300,0.7169565217391304,0.6345067241226177,0.7693576223225164,0.6301751471366478,0.7146711269195682,6,random,0.25,34,32
kNN,raw,P1,1-3,7,3275,3613,0.626902850816496,0.6054275056343552,0.6307445276107885,0.587437745339593,0.5750900534937953,6,random,0.25,34,32
kNN,raw,P1,1-3,8,3275,294,0.5306122448979592,0.5658299821957065,0.502952602952603,0.41889040107460734,0.5225605757631208,6,random,0.25,34,32
kNN,raw,P1,1-3,9,3275,470,0.6276595744680851,0.6256178993749162,0.635853363394347,0.5846999413582855,0.5607663521328438,6,random,0.25,34,32
kNN,raw,P1,1-3,10,3275,3600,0.4469444444444444,0.4713098803806554,0.4469444444444444,0.41887384848014747,0.41887384848014747,6,random,0.25,34,32
SVM,raw,P1,1-3,4,3275,161,0.7329192546583851,0.8906501547987616,0.8095833333333333,0.8113936335403726,0.7379991643565339,5,random,0.25,35,32
SVM,raw,P1,1-3,5,3275,197,0.9543147208121827,0.9585395763656633,0.9515251897860593,0.9536255842971174,0.9546265590301053,5,random,0.25,35,32
SVM,raw,P1,1-3,6,3275,2300,0.6739130434782609,0.6341858336928757,0.7390778433718587,0.6111848051922398,0.6930512304016023,6,random,0.25,35,32
SVM,raw,P1,1-3,7,3275,3613,0.6905618599501799,0.6446427186143574,0.6889348395668194,0.6567713040220089,0.6469914696592304,6,random,0.25,35,32
SVM,raw,P1,1-3,8,3275,294,0.7687074829931972,0.6664097504830024,0.6131216006216006,0.5532877510055573,0.721988547842666,6,random,0.25,35,32
SVM,raw,P1,1-3,9,3275,470,0.6340425531914894,0.49643934289179414,0.6316239316239316,0.5315648040002919,0.5529724661529883,6,random,0.25,35,32
SVM,raw,P1,1-3,10,3275,3600,0.42,0.4610171154521772,0.42,0.3968540894877279,0.3968540894877279,6,random,0.25,35,32
kNN,raw,P1,1-3,4,3275,161,0.6956521739130435,0.8130881420418516,0.7772916666666667,0.7399960766320214,0.6907645470773387,5,random,0.25,35,32
kNN,raw,P1,1-3,5,3275,197,0.8984771573604061,0.9227457472543609,0.9126363008971705,0.9121333506708172,0.8984078836857899,5,random,0.25,35,32
kNN,raw,P1,1-3,6,3275,2300,0.6926086956521739,0.6330161360137152,0.7532176814801831,0.6197530002248174,0.7013994897997529,6,random,0.25,35,32
kNN,raw,P1,1-3,7,3275,3613,0.680044284528093,0.7943522904038662,0.6804915660441564,0.6429158755259862,0.6328262028874408,6,random,0.25,35,32
kNN,raw,P1,1-3,8,3275,294,0.782312925170068,0.6849831330381614,0.6441239316239317,0.6132910261853786,0.7497750402518816,6,random,0.25,35,32
kNN,raw,P1,1-3,9,3275,470,0.6659574468085107,0.6530170181280059,0.6920638923917611,0.6434978842499357,0.6144063190894598,6,random,0.25,35,32
kNN,raw,P1,1-3,10,3275,3600,0.42777777777777776,0.45272779346922293,0.4277777777777778,0.39239490786356,0.39239490786356,6,random,0.25,35,32
SVM,raw,P1,1-3,4,3275,161,0.8944099378881988,0.8980249554367201,0.8772916666666667,0.8699739674489397,0.8892242528795221,5,random,0.25,36,32
SVM,raw,P1,1-3,5,3275,197,0.949238578680203,0.948924766378083,0.9495238095238095,0.9483282703730044,0.9489550085102967,5,random,0.25,36,32
SVM,raw,P1,1-3,6,3275,2300,0.7295652173913043,0.6382539572082684,0.7776287801776015,0.6352911140845058,0.7231107948729276,6,random,0.25,36,32
SVM,raw,P1,1-3,7,3275,3613,0.7373373927484085,0.6615799040829408,0.736214877671607,0.687526719014761,0.6839663058846763,6,random,0.25,36,32
SVM,raw,P1,1-3,8,3275,294,0.6020408163265306,0.6157130437868142,0.6589452214452215,0.5804647350699982,0.6122926363527869,6,random,0.25,36,32
SVM,raw,P1,1-3,9,3275,470,0.7021276595744681,0.687339129580509,0.7401243201243202,0.6820290234715541,0.6542373495709988,6,random,0.25,36,32
SVM,raw,P1,1-3,10,3275,3600,0.405,0.47966122318781096,0.405,0.40647429308888383,0.4064742930888838,6,random,0.25,36,32
kNN,raw,P1,1-3,4,3275,161,0.7267080745341615,0.7983625730994153,0.791390503875969,0.7419205881911318,0.7301344698302712,5,random,0.25,36,32
kNN,raw,P1,1-3,5,3275,197,0.8527918781725888,0.8696794092313928,0.8729951690821256,0.8649044604978903,0.8547897553358588,5,random,0.25,36,32
kNN,raw,P1,1-3,6,3275,2300,0.5969565217391304,0.6113564025823668,0.6823247945261182,0.567256607529603,0.6377917928281849,6,random,0.25,36,32
kNN,raw,P1,1-3,7,3275,3613,0.5956269028508165,0.5591757720764928,0.6065149504682977,0.5554438758834211,0.5599775649931358,6,random,0.25,36,32
kNN,raw,P1,1-3,8,3275,294,0.48639455782312924,0.5041776110068793,0.5691919191919191,0.461385746388707,0.4649193950359244,6,random,0.25,36,32
kNN,raw,P1,1-3,9,3275,470,0.5851063829787234,0.49991000221533005,0.5951282051282051,0.5202632152651084,0.5074653257135715,6,random,0.25,36,32
kNN,raw,P1,1-3,10,3275,3600,0.4766666666666667,0.5732372117099099,0.4766666666666666,0.46466213236513626,0.4646621323651362,6,random,0.25,36,32
SVM,raw,P1,1-3,4,3275,161,0.8881987577639752,0.9004456327985739,0.8741666666666668,0.8708408612663933,0.882684185115796,5,random,0.25,37,32
SVM,raw,P1,1-3,5,3275,197,0.949238578680203,0.949540693132295,0.9494616977225674,0.9479588321423262,0.9493146150958075,5,random,0.25,37,32
SVM,raw,P1,1-3,6,3275,2300,0.6326086956521739,0.6334800409655729,0.7096685449992594,0.5850744056212619,0.6534606648742168,6,random,0.25,37,32
SVM,raw,P1,1-3,7,3275,3613,0.6158317187932466,0.6446847736045186,0.6200774017714373,0.5635774766930455,0.5477826617664172,6,random,0.25,37,32
SVM,raw,P1,1-3,8,3275,294,0.3945578231292517,0.4100822022365838,0.5914141414141415,0.431762630782839,0.29597385769199264,6,random,0.25,37,32
SVM,raw,P1,1-3,9,3275,470,0.7042553191489361,0.6783143440835016,0.7503885003885005,0.6830852641070786,0.6490372076506126,6,random,0.25,37,32
SVM,raw,P1,1-3,10,3275,3600,0.42444444444444446,0.5330632031946443,0.42444444444444446,0.4105821088460391,0.4105821088460391,6,random,0.25,37,32
kNN,raw,P1,1-3,4,3275,161,0.7267080745341615,0.7997474747474748,0.789375,0.7333881071105354,0.7321942771348265,5,random,0.25,37,32
kNN,raw,P1,1-3,5,3275,197,0.8020304568527918,0.8369932531549681,0.837729468599034,0.824552460855568,0.8043813388327969,5,random,0.25,37,32
kNN,raw,P1,1-3,6,3275,2300,0.6204347826086957,0.6105387919253523,0.7038711125820484,0.576473068497137,0.642385095506032,6,random,0.25,37,32
kNN,raw,P1,1-3,7,3275,3613,0.5804040963188486,0.5639162907082097,0.5862015323790121,0.5312780845343942,0.5199684927162366,6,random,0.25,37,32
kNN,raw,P1,1-3,8,3275,294,0.37755102040816324,0.31159667723838846,0.5593434343434344,0.38023918698260806,0.25838991611682266,6,random,0.25,37,32
kNN,raw,P1,1-3,9,3275,470,0.574468085106383,0.4919932685750213,0.5845299145299145,0.5109691383884932,0.5003474493934342,6,random,0.25,37,32
kNN,raw,P1,1-3,10,3275,3600,0.5055555555555555,0.5111508856388544,0.5055555555555555,0.489221953357904,0.48922195335790397,6,random,0.25,37,32
SVM,raw,P1,1-3,4,3275,161,0.8881987577639752,0.9473911701142328,0.8700775193798449,0.8968935826078683,0.8842600759193484,5,random,0.25,38,32
SVM,raw,P1,1-3,5,3275,197,0.9441624365482234,0.9478342245989305,0.9570807453416149,0.950156319305367,0.9439692494456823,5,random,0.25,38,32
SVM,raw,P1,1-3,6,3275,2300,0.6578260869565218,0.6283312675486395,0.7287446894338968,0.5996150351196049,0.6760179816181586,6,random,0.25,38,32
SVM,raw,P1,1-3,7,3275,3613,0.6376972045391641,0.6539266641427208,0.636252380883814,0.6024359013394294,0.5903151322585151,6,random,0.25,38,32
SVM,raw,P1,1-3,8,3275,294,0.5340136054421769,0.59958610830997,0.6478535353535353,0.5332089976455462,0.5228842058511587,6,random,0.25,38,32
SVM,raw,P1,1-3,9,3275,470,0.6212765957446809,0.6544906709122396,0.6646153846153846,0.6065218064553171,0.5817882277337914,6,random,0.25,38,32
SVM,raw,P1,1-3,10,3275,3600,0.4361111111111111,0.5288036600071738,0.4361111111111111,0.40630575405894104,0.406305754058941,6,random,0.25,38,32
kNN,raw,P1,1-3,4,3275,161,0.7391304347826086,0.8421940928270043,0.80625,0.7815772985796405,0.7405511154300192,5,random,0.25,38,32
kNN,raw,P1,1-3,5,3275,197,0.7208121827411168,0.8277801611134944,0.7972187715665976,0.7674010586733339,0.7056449567963976,5,random,0.25,38,32
kNN,raw,P1,1-3,6,3275,2300,0.6460869565217391,0.6249539503400002,0.7202244151664723,0.593457938361863,0.667428668004189,6,random,0.25,38,32
kNN,raw,P1,1-3,7,3275,3613,0.6039302518682536,0.592671638149371,0.6080411893151094,0.5675723886673864,0.5538042411843042,6,random,0.25,38,32
kNN,raw,P1,1-3,8,3275,294,0.7040816326530612,0.6267293571208034,0.7022435897435897,0.6222760517701769,0.7091684428844861,6,random,0.25,38,32
kNN,raw,P1,1-3,9,3275,470,0.648936170212766,0.6223453115814227,0.6884068936527953,0.6285481911125738,0.5897692492644405,6,random,0.25,38,32
kNN,raw,P1,1-3,10,3275,3600,0.4797222222222222,0.49262230513375327,0.4797222222222223,0.4541046080153118,0.45410460801531183,6,random,0.25,38,32
SVM,raw,P1,1-3,4,3275,161,0.7080745341614907,0.8624428718855963,0.8106249999999999,0.8007391933151213,0.7020899228767655,5,random,0.25,39,32
SVM,raw,P1,1-3,5,3275,197,0.9593908629441624,0.9660546139359699,0.9598412698412698,0.9616082968593279,0.9594929807800957,5,random,0.25,39,32
SVM,raw,P1,1-3,6,3275,2300,0.6026086956521739,0.6027310357560511,0.6867370061752985,0.5674425543914269,0.6352254936165587,6,random,0.25,39,32
SVM,raw,P1,1-3,7,3275,3613,0.5978411292554664,0.6335982988790244,0.6014034848622658,0.5562644349703205,0.5391057491229757,6,random,0.25,39,32
SVM,raw,P1,1-3,8,3275,294,0.41836734693877553,0.4175370593599396,0.6241161616161616,0.44995118034899634,0.309781358860792,6,random,0.25,39,32
SVM,raw,P1,1-3,9,3275,470,0.7,0.702136752136752,0.7468376068376069,0.6877963362068966,0.6599579282831988,6,random,0.25,39,32
SVM,raw,P1,1-3,10,3275,3600,0.4036111111111111,0.5174135330005076,0.4036111111111111,0.3834459519006561,0.38344595190065617,6,random,0.25,39,32
kNN,raw,P1,1-3,4,3275,161,0.6708074534161491,0.7271561771561772,0.7842441860465116,0.7145625816171943,0.6615469090236973,5,random,0.25,39,32
kNN,raw,P1,1-3,5,3275,197,0.8477157360406091,0.907997557997558,0.886031746031746,0.8797032339798427,0.8451621990015572,5,random,0.25,39,32
kNN,raw,P1,1-3,6,3275,2300,0.4891304347826087,0.4749466613078008,0.6027724135230265,0.4514861358173748,0.4773744445477779,6,random,0.25,39,32
kNN,raw,P1,1-3,7,3275,3613,0.5715471907002491,0.6078483348706909,0.5756623487077287,0.5414639872734597,0.5225731814745975,6,random,0.25,39,32
kNN,raw,P1,1-3,8,3275,294,0.29931972789115646,0.29459100713456116,0.4291666666666667,0.2866622096082306,0.1942075765129316,6,random,0.25,39,32
kNN,raw,P1,1-3,9,3275,470,0.4829787234042553,0.3916997246082224,0.4938433515482696,0.40011136796699237,0.39259561781754165,6,random,0.25,39,32
kNN,raw,P1,1-3,10,3275,3600,0.45861111111111114,0.5114922520573627,0.45861111111111114,0.46798790784880057,0.4679879078488006,6,random,0.25,39,32
SVM,raw,P1,1-3,4,3275,161,0.7763975155279503,0.8139658444022769,0.8102858527131783,0.7967266586841054,0.7740439757883922,5,random,0.25,40,32
SVM,raw,P1,1-3,5,3275,197,0.9543147208121827,0.951046011948433,0.9515251897860593,0.9508506483784963,0.9544574957479991,5,random,0.25,40,32
SVM,raw,P1,1-3,6,3275,2300,0.5726086956521739,0.5690792024485316,0.6532795211540204,0.5297220378518762,0.5917847927139948,6,random,0.25,40,32
SVM,raw,P1,1-3,7,3275,3613,0.649321893163576,0.6339697714078792,0.6527890831450757,0.6269733340470233,0.6129226220116758,6,random,0.25,40,32
SVM,raw,P1,1-3,8,3275,294,0.5170068027210885,0.5933030845819974,0.651029526029526,0.5226231282906789,0.49024974223945816,6,random,0.25,40,32
SVM,raw,P1,1-3,9,3275,470,0.7191489361702128,0.680032004731875,0.7661538461538462,0.6959301519559381,0.6625519861348598,6,random,0.25,40,32
SVM,raw,P1,1-3,10,3275,3600,0.4077777777777778,0.5019602500121713,0.4077777777777778,0.4096891433062486,0.40968914330624867,6,random,0.25,40,32
kNN,raw,P1,1-3,4,3275,161,0.6521739130434783,0.7576253015277405,0.7554166666666667,0.6957697372395046,0.6288836271340966,5,random,0.25,40,32
kNN,raw,P1,1-3,5,3275,197,0.8984771573604061,0.9228965768169551,0.9058109040717737,0.9087184589264062,0.8988388628364661,5,random,0.25,40,32
kNN,raw,P1,1-3,6,3275,2300,0.5195652173913043,0.5149201033533614,0.621686209890529,0.4855643077546616,0.5319968404228794,6,random,0.25,40,32
kNN,raw,P1,1-3,7,3275,3613,0.5220038748962081,0.5359039905895846,0.5337892303188331,0.4967727232210499,0.4782863943591944,6,random,0.25,40,32
kNN,raw,P1,1-3,8,3275,294,0.24489795918367346,0.2614224553426005,0.3416666666666666,0.1920333915597169,0.13315162627141627,6,random,0.25,40,32
kNN,raw,P1,1-3,9,3275,470,0.4425531914893617,0.42749183006535957,0.4314141414141414,0.3657840286330796,0.364917832612632,6,random,0.25,40,32
kNN,raw,P1,1-3,10,3275,3600,0.47638888888888886,0.4773334964984392,0.4763888888888889,0.44869649504784875,0.4486964950478487,6,random,0.25,40,32
SVM,raw,P1,1-3,4,3275,161,0.8757763975155279,0.9367441860465118,0.8909108527131782,0.9045080973664351,0.8727770477242239,5,random,0.25,41,32
SVM,raw,P1,1-3,5,3275,197,0.9543147208121827,0.954093361482524,0.9566666666666667,0.9545638490346157,0.9541023842745371,5,random,0.25,41,32
SVM,raw,P1,1-3,6,3275,2300,0.6852173913043478,0.6340418543667403,0.748492987220874,0.6151139601078988,0.696274120916361,6,random,0.25,41,32
SVM,raw,P1,1-3,7,3275,3613,0.6709106006089123,0.650236437884436,0.6719215974578967,0.6312003794896798,0.6206764007360711,6,random,0.25,41,32
SVM,raw,P1,1-3,8,3275,294,0.5136054421768708,0.5398502785113103,0.6171425796425797,0.5029076900244575,0.49349490262796036,6,random,0.25,41,32
SVM,raw,P1,1-3,9,3275,470,0.7106382978723405,0.6643235599534448,0.7547552447552448,0.6835461871921775,0.6511670872977312,6,random,0.25,41,32
SVM,raw,P1,1-3,10,3275,3600,0.4266666666666667,0.47584495069091687,0.4266666666666667,0.4167448563635754,0.4167448563635755,6,random,0.25,41,32
kNN,raw,P1,1-3,4,3275,161,0.7142857142857143,0.7936784241868988,0.8096608527131781,0.7408563425370148,0.7303741372325327,5,random,0.25,41,32
kNN,raw,P1,1-3,5,3275,197,0.7563451776649747,0.8145493103387841,0.8148102139406486,0.7931980867956477,0.7542709194080371,5,random,0.25,41,32
kNN,raw,P1,1-3,6,3275,2300,0.6126086956521739,0.6085625414766869,0.6979360832814527,0.5733908284269843,0.6395388612358275,6,random,0.25,41,32
kNN,raw,P1,1-3,7,3275,3613,0.5842789925269859,0.5568392479264049,0.5907307571735289,0.5323585570128984,0.5252749110913307,6,random,0.25,41,32
kNN,raw,P1,1-3,8,3275,294,0.41496598639455784,0.49704164313892507,0.5486013986013986,0.4339877920214126,0.3611767472761672,6,random,0.25,41,32
kNN,raw,P1,1-3,9,3275,470,0.5851063829787234,0.4906063858081045,0.5950427350427351,0.5189105166836424,0.5080448570084073,6,random,0.25,41,32
kNN,raw,P1,1-3,10,3275,3600,0.45805555555555555,0.45523267983984805,0.4580555555555556,0.44781555491215236,0.44781555491215236,6,random,0.25,41,32
SVM,raw,P1,1-3,4,3275,161,0.8260869565217391,0.8909843937575029,0.8623691860465115,0.8698234519104083,0.8230787485985972,5,random,0.25,42,32
SVM,raw,P1,1-3,5,3275,197,0.9695431472081218,0.9674954366079656,0.9689855072463768,0.9678101166308675,0.9696957349208675,5,random,0.25,42,32
SVM,raw,P1,1-3,6,3275,2300,0.6121739130434782,0.6166467512575131,0.6925414776730321,0.5762264742174219,0.6495978160149264,6,random,0.25,42,32
SVM,raw,P1,1-3,7,3275,3613,0.6216440631054525,0.6371009996940371,0.6253579141991784,0.5905316242957623,0.5741183265940571,6,random,0.25,42,32
SVM,raw,P1,1-3,8,3275,294,0.4013605442176871,0.5847518494577318,0.598513986013986,0.437126524259001,0.3044086082650263,6,random,0.25,42,32
SVM,raw,P1,1-3,9,3275,470,0.7212765957446808,0.7006600735882503,0.7667599067599068,0.7030459842133626,0.6739400839950948,6,random,0.25,42,32
SVM,raw,P1,1-3,10,3275,3600,0.40944444444444444,0.5486299621706121,0.40944444444444444,0.409111378265336,0.409111378265336,6,random,0.25,42,32
kNN,raw,P1,1-3,4,3275,161,0.6894409937888198,0.7740989729225023,0.7900775193798448,0.7168722499349599,0.7108219031024425,5,random,0.25,42,32
kNN,raw,P1,1-3,5,3275,197,0.8324873096446701,0.893007293007293,0.871304347826087,0.8634624635172056,0.8306438751813087,5,random,0.25,42,32
kNN,raw,P1,1-3,6,3275,2300,0.5995652173913043,0.6172200219368007,0.6807049962985153,0.5624324477250842,0.6339545608531926,6,random,0.25,42,32
kNN,raw,P1,1-3,7,3275,3613,0.5709936340990867,0.5889406706153267,0.5777445492518734,0.5509129471276023,0.5305685896818163,6,random,0.25,42,32
kNN,raw,P1,1-3,8,3275,294,0.445578231292517,0.5722964916105874,0.6126554001554002,0.4672253309581608,0.38521169280251216,6,random,0.25,42,32
kNN,raw,P1,1-3,9,3275,470,0.5553191489361702,0.5022572637797719,0.5653846153846154,0.500930263502366,0.4925427296766923,6,random,0.25,42,32
kNN,raw,P1,1-3,10,3275,3600,0.47444444444444445,0.5256310238865505,0.4744444444444445,0.4804811999524701,0.4804811999524701,6,random,0.25,42,32
SVM,raw,P1,1-3,4,3275,161,0.7453416149068323,0.841909071320836,0.8364583333333332,0.8006112210347321,0.7426634873982373,5,random,0.25,43,32
SVM,raw,P1,1-3,5,3275,197,0.9644670050761421,0.9710465116279069,0.9669841269841271,0.9683690826027063,0.96430566592713,5,random,0.25,43,32
SVM,raw,P1,1-3,6,3275,2300,0.5852173913043478,0.6032960603088325,0.6661649236142041,0.5302707769440881,0.5939589100021182,6,random,0.25,43,32
SVM,raw,P1,1-3,7,3275,3613,0.714364793800166,0.6562059379183828,0.7147500713300499,0.6780011015120863,0.6670039186931255,6,random,0.25,43,32
SVM,raw,P1,1-3,8,3275,294,0.8673469387755102,0.7126773494660616,0.7527874902874903,0.7244471129113487,0.8393025362549076,6,random,0.25,43,32
SVM,raw,P1,1-3,9,3275,470,0.7382978723404255,0.6497737491914081,0.7852136752136752,0.7009149439578986,0.6648682418136665,6,random,0.25,43,32
SVM,raw,P1,1-3,10,3275,3600,0.49,0.4560233383167523,0.49,0.45273277163465875,0.4527327716346587,6,random,0.25,43,32
kNN,raw,P1,1-3,4,3275,161,0.7453416149068323,0.803616917410021,0.8364583333333332,0.761201432701283,0.7550758753032919,5,random,0.25,43,32
kNN,raw,P1,1-3,5,3275,197,0.8527918781725888,0.9158861905850493,0.8903174603174604,0.8845246869765357,0.8510958954473913,5,random,0.25,43,32
kNN,raw,P1,1-3,6,3275,2300,0.63,0.6349608738967386,0.7026151639689789,0.5828340617548228,0.6607778632028023,6,random,0.25,43,32
kNN,raw,P1,1-3,7,3275,3613,0.6302241904234708,0.6004826984384132,0.6363570422604217,0.6047639440490488,0.5902008930706999,6,random,0.25,43,32
kNN,raw,P1,1-3,8,3275,294,0.7551020408163265,0.6352669008104012,0.678982128982129,0.6447275887953854,0.7581257187794718,6,random,0.25,43,32
kNN,raw,P1,1-3,9,3275,470,0.5638297872340425,0.4826573663717592,0.5723931623931624,0.5093047603213384,0.49718698155530555,6,random,0.25,43,32
kNN,raw,P1,1-3,10,3275,3600,0.48944444444444446,0.5059683099759179,0.4894444444444444,0.46885088750720194,0.4688508875072019,6,random,0.25,43,32
SVM,raw,P1,1-3,4,3275,161,0.906832298136646,0.9620253164556962,0.9100775193798448,0.9266753000086334,0.9045490204910493,5,random,0.25,44,32
SVM,raw,P1,1-3,5,3275,197,0.9644670050761421,0.963099531193653,0.9697791580400276,0.9652507830614653,0.9646613258732648,5,random,0.25,44,32
SVM,raw,P1,1-3,6,3275,2300,0.6843478260869565,0.6239187200724002,0.7475959066371258,0.6097578019413877,0.6869413801611183,6,random,0.25,44,32
SVM,raw,P1,1-3,7,3275,3613,0.583171879324661,0.6048979411218883,0.5897601434165131,0.5294910006703745,0.5090246462467335,6,random,0.25,44,32
SVM,raw,P1,1-3,8,3275,294,0.2891156462585034,0.29154920941497475,0.42866161616161613,0.31147454448574025,0.2200259166665665,6,random,0.25,44,32
SVM,raw,P1,1-3,9,3275,470,0.597872340425532,0.5452219564061669,0.6403418803418803,0.5377191726953593,0.5314501739198126,6,random,0.25,44,32
SVM,raw,P1,1-3,10,3275,3600,0.4305555555555556,0.45871229798982704,0.4305555555555555,0.4086375215827851,0.40863752158278505,6,random,0.25,44,32
kNN,raw,P1,1-3,4,3275,161,0.7515527950310559,0.8115079365079365,0.8395833333333332,0.7701305702383869,0.756772734556465,5,random,0.25,44,32
kNN,raw,P1,1-3,5,3275,197,0.8324873096446701,0.8570735785953177,0.8703657694962044,0.853938724395898,0.8350417577302855,5,random,0.25,44,32
kNN,raw,P1,1-3,6,3275,2300,0.6573913043478261,0.6312640341226486,0.7291811860587893,0.6011647464432847,0.6771372084955601,6,random,0.25,44,32
kNN,raw,P1,1-3,7,3275,3613,0.5876003321339607,0.6190800202858823,0.5924081345623172,0.5384792692420682,0.5183650359651819,6,random,0.25,44,32
kNN,raw,P1,1-3,8,3275,294,0.2653061224489796,0.5004324569241697,0.37998251748251755,0.2976463847973393,0.22118126012893075,6,random,0.25,44,32
kNN,raw,P1,1-3,9,3275,470,0.5127659574468085,0.49042570583200495,0.5213619167717528,0.4826994595361416,0.4823576318521309,6,random,0.25,44,32
kNN,raw,P1,1-3,10,3275,3600,0.46694444444444444,0.43477181860713077,0.46694444444444444,0.4357190881247388,0.43571908812473875,6,random,0.25,44,32
SVM,raw,P1,1-3,4,3275,161,0.8819875776397516,0.9358921694480102,0.8940358527131782,0.9072380952380952,0.8787341023365869,5,random,0.25,45,32
SVM,raw,P1,1-3,5,3275,197,0.9593908629441624,0.9590517241379309,0.9666045548654244,0.961457575306705,0.9594844564102974,5,random,0.25,45,32
SVM,raw,P1,1-3,6,3275,2300,0.6969565217391305,0.6416837309216953,0.7581282641882865,0.6207186014562959,0.7027326853917867,6,random,0.25,45,32
SVM,raw,P1,1-3,7,3275,3613,0.6363133130362579,0.6583938810362554,0.6381059054446151,0.5864799329369764,0.5713806112236341,6,random,0.25,45,32
SVM,raw,P1,1-3,8,3275,294,0.40816326530612246,0.4242919389978214,0.6124999999999999,0.443082566963164,0.3036776537842636,6,random,0.25,45,32
SVM,raw,P1,1-3,9,3275,470,0.6234042553191489,0.697459539371304,0.6666666666666666,0.6149498046460624,0.5920643340637414,6,random,0.25,45,32
SVM,raw,P1,1-3,10,3275,3600,0.47,0.550853958266705,0.47000000000000003,0.42867978848715027,0.42867978848715027,6,random,0.25,45,32
kNN,raw,P1,1-3,4,3275,161,0.7888198757763976,0.8397334691452338,0.8583333333333332,0.8269671424406523,0.7848417938898873,5,random,0.25,45,32
kNN,raw,P1,1-3,5,3275,197,0.6903553299492385,0.8259426847662141,0.7866183574879229,0.7416334757111789,0.6618244068154975,5,random,0.25,45,32
kNN,raw,P1,1-3,6,3275,2300,0.6452173913043479,0.6324143728696431,0.7219541214821872,0.5939940962344913,0.6663878458200414,6,random,0.25,45,32
kNN,raw,P1,1-3,7,3275,3613,0.6053141433711597,0.6351801716159822,0.6068511700619409,0.5502083294476555,0.53254712759079,6,random,0.25,45,32
kNN,raw,P1,1-3,8,3275,294,0.41836734693877553,0.5901999560536146,0.6189976689976691,0.4502676357899482,0.3189649997930207,6,random,0.25,45,32
kNN,raw,P1,1-3,9,3275,470,0.5425531914893617,0.5356458183560987,0.5516239316239316,0.5160050104798403,0.5083784363598077,6,random,0.25,45,32
kNN,raw,P1,1-3,10,3275,3600,0.5013888888888889,0.517071406645922,0.5013888888888888,0.48606960800757415,0.4860696080075742,6,random,0.25,45,32
SVM,raw,P1,1-3,4,3275,161,0.906832298136646,0.888888888888889,0.9177083333333332,0.87494684177611,0.917906766263076,5,random,0.25,46,32
SVM,raw,P1,1-3,5,3275,197,0.9644670050761421,0.963099531193653,0.9697791580400276,0.9652507830614653,0.9646613258732648,5,random,0.25,46,32
SVM,raw,P1,1-3,6,3275,2300,0.7513043478260869,0.6435941388342448,0.7918094665389206,0.6468421289041739,0.7398916038888785,6,random,0.25,46,32
SVM,raw,P1,1-3,7,3275,3613,0.7663991143094382,0.6832970603789549,0.7610339968102369,0.7125624470192452,0.7086214385289455,6,random,0.25,46,32
SVM,raw,P1,1-3,8,3275,294,0.7687074829931972,0.6597431608222158,0.720503108003108,0.6617026998585769,0.7605190285492791,6,random,0.25,46,32
SVM,raw,P1,1-3,9,3275,470,0.7127659574468085,0.7054132118667189,0.7584226884226885,0.6983669759724656,0.6717678358213456,6,random,0.25,46,32
SVM,raw,P1,1-3,10,3275,3600,0.4411111111111111,0.5032052779294632,0.4411111111111112,0.42160487818922004,0.42160487818921993,6,random,0.25,46,32
kNN,raw,P1,1-3,4,3275,161,0.8881987577639752,0.8800000000000001,0.9083333333333332,0.8609523809523809,0.9042886719905354,5,random,0.25,46,32
kNN,raw,P1,1-3,5,3275,197,0.7817258883248731,0.8359744990892531,0.8345893719806764,0.8142523116059761,0.7830794656964879,5,random,0.25,46,32
kNN,raw,P1,1-3,6,3275,2300,0.6595652173913044,0.6331161175295361,0.7263873855491135,0.6027908689755413,0.6852644307927748,6,random,0.25,46,32
kNN,raw,P1,1-3,7,3275,3613,0.6864101854414614,0.6327005483049176,0.6851789261302655,0.6488960266653837,0.6378918580235657,6,random,0.25,46,32
kNN,raw,P1,1-3,8,3275,294,0.7346938775510204,0.6047612677329659,0.6068667443667444,0.5503964971706907,0.709093284010993,6,random,0.25,46,32
kNN,raw,P1,1-3,9,3275,470,0.5787234042553191,0.4480781925718997,0.5685806361216197,0.4849190738399305,0.4855820270351197,6,random,0.25,46,32
kNN,raw,P1,1-3,10,3275,3600,0.4886111111111111,0.47499233841209976,0.4886111111111111,0.4585759619742397,0.4585759619742397,6,random,0.25,46,32
SVM,raw,P1,1-3,4,3275,161,0.8198757763975155,0.8950961606699313,0.8739583333333332,0.8735078646843352,0.8167109653225838,5,random,0.25,47,32
SVM,raw,P1,1-3,5,3275,197,0.9796954314720813,0.9806913918218478,0.9804761904761905,0.9802917366018669,0.9795697590663965,5,random,0.25,47,32
SVM,raw,P1,1-3,6,3275,2300,0.6343478260869565,0.6355980010280193,0.716563550225601,0.5862851651437687,0.6543726287883364,6,random,0.25,47,32
SVM,raw,P1,1-3,7,3275,3613,0.5823415444229172,0.6394391417487715,0.5879305768348366,0.5167539978808763,0.4958674916601883,6,random,0.25,47,32
SVM,raw,P1,1-3,8,3275,294,0.3741496598639456,0.4081717242252359,0.5589646464646465,0.42152898521765625,0.2880196596883681,6,random,0.25,47,32
SVM,raw,P1,1-3,9,3275,470,0.6276595744680851,0.6343469028229919,0.6747863247863247,0.5622811052684876,0.5335147775924234,6,random,0.25,47,32
SVM,raw,P1,1-3,10,3275,3600,0.4413888888888889,0.563432601821552,0.4413888888888889,0.3933338346965991,0.39333383469659905,6,random,0.25,47,32
kNN,raw,P1,1-3,4,3275,161,0.8074534161490683,0.8599547511312217,0.8854166666666667,0.8480632327488312,0.8057039664198271,5,random,0.25,47,32
kNN,raw,P1,1-3,5,3275,197,0.7817258883248731,0.8827838827838829,0.8463837129054521,0.8283302465324937,0.7716695403685652,5,random,0.25,47,32
kNN,raw,P1,1-3,6,3275,2300,0.6565217391304348,0.6382416953920667,0.7298432372420122,0.6017584722888228,0.6773519280665374,6,random,0.25,47,32
kNN,raw,P1,1-3,7,3275,3613,0.5928591198450042,0.641196248046213,0.5947852868027826,0.5252653287835712,0.5058180167424299,6,random,0.25,47,32
kNN,raw,P1,1-3,8,3275,294,0.2857142857142857,0.312968347960946,0.41590909090909095,0.30971751263516495,0.21825211769484312,6,random,0.25,47,32
kNN,raw,P1,1-3,9,3275,470,0.4127659574468085,0.38827368068439494,0.44089743589743585,0.3746380537913168,0.35652339406929795,6,random,0.25,47,32
kNN,raw,P1,1-3,10,3275,3600,0.4675,0.5249352404438531,0.4675,0.46931050908250554,0.46931050908250554,6,random,0.25,47,32
SVM,raw,P1,1-3,4,3275,161,0.9006211180124224,0.9568971113274911,0.9034108527131781,0.9194888734958422,0.8969296766816623,5,random,0.25,48,32
SVM,raw,P1,1-3,5,3275,197,0.9644670050761421,0.96495198746907,0.970952380952381,0.9668162659388028,0.9642953857639555,5,random,0.25,48,32
SVM,raw,P1,1-3,6,3275,2300,0.6739130434782609,0.6326693820987939,0.7396040046662512,0.6101710869967595,0.6910121818250535,6,random,0.25,48,32
SVM,raw,P1,1-3,7,3275,3613,0.6825352892333241,0.6638730551529861,0.6819683731157816,0.6576778087740446,0.6466915483222441,6,random,0.25,48,32
SVM,raw,P1,1-3,8,3275,294,0.6224489795918368,0.616874725982472,0.6820415695415695,0.5881600759047569,0.624582279972832,6,random,0.25,48,32
SVM,raw,P1,1-3,9,3275,470,0.7170212765957447,0.6657984311286198,0.763846153846154,0.6934101207605982,0.6552171870754567,6,random,0.25,48,32
SVM,raw,P1,1-3,10,3275,3600,0.4597222222222222,0.5007311201298307,0.4597222222222223,0.4575638516822111,0.457563851682211,6,random,0.25,48,32
kNN,raw,P1,1-3,4,3275,161,0.7391304347826086,0.8092292089249493,0.8162499999999999,0.7572100245331574,0.7421828311586216,5,random,0.25,48,32
kNN,raw,P1,1-3,5,3275,197,0.7461928934010152,0.8236590540543067,0.8067770876466529,0.785977556076717,0.7430626443121263,5,random,0.25,48,32
kNN,raw,P1,1-3,6,3275,2300,0.6578260869565218,0.6350914262608619,0.728142424866275,0.6032972809560225,0.6820954436844033,6,random,0.25,48,32
kNN,raw,P1,1-3,7,3275,3613,0.6346526432327706,0.6205072225901422,0.637368010864457,0.6045252185756034,0.5888333964046673,6,random,0.25,48,32
kNN,raw,P1,1-3,8,3275,294,0.7653061224489796,0.6849078341013826,0.7309926184926185,0.6743595406588749,0.772307954606669,6,random,0.25,48,32
kNN,raw,P1,1-3,9,3275,470,0.6212765957446809,0.6217734602609066,0.6398752977441502,0.5892641436104284,0.5661755832056093,6,random,0.25,48,32
kNN,raw,P1,1-3,10,3275,3600,0.4913888888888889,0.46632809367708905,0.4913888888888888,0.46719216395688856,0.46719216395688856,6,random,0.25,48,32
SVM,raw,P1,1-3,4,3275,161,0.7763975155279503,0.893993993993994,0.845,0.8437975378342351,0.7768901532363839,5,random,0.25,49,32
SVM,raw,P1,1-3,5,3275,197,0.9543147208121827,0.9587176005895218,0.9566666666666667,0.9565528570313259,0.9541009399848931,5,random,0.25,49,32
SVM,raw,P1,1-3,6,3275,2300,0.6413043478260869,0.621192556770356,0.7135281094101357,0.5914469759746309,0.6689892260569279,6,random,0.25,49,32
SVM,raw,P1,1-3,7,3275,3613,0.6720177138112372,0.6351456890438657,0.6744949927663931,0.6430386082772114,0.6333343042814549,6,random,0.25,49,32
SVM,raw,P1,1-3,8,3275,294,0.5578231292517006,0.5540227358549054,0.5637626262626262,0.4623290891122804,0.544107568928773,6,random,0.25,49,32
SVM,raw,P1,1-3,9,3275,470,0.5765957446808511,0.4554922313169499,0.5735042735042735,0.47665218537957044,0.4893927782176283,6,random,0.25,49,32
SVM,raw,P1,1-3,10,3275,3600,0.44722222222222224,0.46459311130564224,0.44722222222222224,0.4318613779121179,0.43186137791211787,6,random,0.25,49,32
kNN,raw,P1,1-3,4,3275,161,0.7204968944099379,0.8051587301587302,0.7897916666666667,0.7374658734362903,0.7224348099428489,5,random,0.25,49,32
kNN,raw,P1,1-3,5,3275,197,0.8324873096446701,0.870461834208552,0.8706418219461696,0.8576816244033939,0.8313190704008029,5,random,0.25,49,32
kNN,raw,P1,1-3,6,3275,2300,0.5960869565217392,0.6040211258998213,0.6852395217965106,0.5651661569835994,0.6366140014217153,6,random,0.25,49,32
kNN,raw,P1,1-3,7,3275,3613,0.5474674785496817,0.5293978206797431,0.5644330918966737,0.5142835940724079,0.5152664860551597,6,random,0.25,49,32
kNN,raw,P1,1-3,8,3275,294,0.3673469387755102,0.5491430242568824,0.40762432012432015,0.3280024045741176,0.3539206236942468,6,random,0.25,49,32
kNN,raw,P1,1-3,9,3275,470,0.425531914893617,0.5376243639401533,0.39009909944336174,0.3278586072606959,0.3442588215465562,6,random,0.25,49,32
kNN,raw,P1,1-3,10,3275,3600,0.4672222222222222,0.5372078821734828,0.4672222222222222,0.4587012480670691,0.458701248067069,6,random,0.25,49,32
SVM,raw,P1,1-3,4,3275,161,0.7018633540372671,0.8707182823090569,0.8074999999999999,0.7909809362480169,0.6989595626137426,5,stable,0.5,0,64
SVM,raw,P1,1-3,5,3275,197,0.9593908629441624,0.9669340774328565,0.9519047619047619,0.9569436125609652,0.9598105810366473,5,stable,0.5,0,64
SVM,raw,P1,1-3,6,3275,2300,0.5334782608695652,0.8107055594633387,0.6363200049104365,0.5280918320893159,0.5816293892720449,6,stable,0.5,0,64
SVM,raw,P1,1-3,7,3275,3613,0.6767229449211182,0.7612417718318346,0.6801407398476588,0.6922095516089181,0.6785251238465341,6,stable,0.5,0,64
SVM,raw,P1,1-3,8,3275,294,0.8775510204081632,0.9141590366771583,0.7997604247604247,0.8254068054557854,0.8618756818502217,6,stable,0.5,0,64
SVM,raw,P1,1-3,9,3275,470,0.6361702127659574,0.6588599311872337,0.6335693569356936,0.5490944548010964,0.5646376969247717,6,stable,0.5,0,64
SVM,raw,P1,1-3,10,3275,3600,0.44555555555555554,0.5172141496728105,0.4455555555555555,0.4399532243165957,0.4399532243165957,6,stable,0.5,0,64
kNN,raw,P1,1-3,4,3275,161,0.6645962732919255,0.7787163561076604,0.7740358527131782,0.7017035628670614,0.6713650603419533,5,stable,0.5,0,64
kNN,raw,P1,1-3,5,3275,197,0.9695431472081218,0.9755411924789709,0.9582539682539682,0.9653833167413014,0.9690595815660471,5,stable,0.5,0,64
kNN,raw,P1,1-3,6,3275,2300,0.5443478260869565,0.6705351880663936,0.6368203674690488,0.5196570374949566,0.5716420459777654,6,stable,0.5,0,64
kNN,raw,P1,1-3,7,3275,3613,0.6197066150013839,0.6873346474299763,0.6393952484024233,0.6311929501773054,0.6065935333203413,6,stable,0.5,0,64
kNN,raw,P1,1-3,8,3275,294,0.7585034013605442,0.6946820175438596,0.575417637917638,0.6033357859070003,0.7264982460848813,6,stable,0.5,0,64
kNN,raw,P1,1-3,9,3275,470,0.4085106382978723,0.3005203619909502,0.36632478632478627,0.32234980128238555,0.3662355915344201,6,stable,0.5,0,64
kNN,raw,P1,1-3,10,3275,3600,0.4063888888888889,0.5049564346044865,0.4063888888888889,0.40432757191064317,0.4043275719106432,6,stable,0.5,0,64
SVM,raw,P1,1-3,4,3275,161,0.8819875776397516,0.8729752770673487,0.8710416666666667,0.8438096810644813,0.8843258500206029,5,discriminative,0.5,0,64
SVM,raw,P1,1-3,5,3275,197,0.949238578680203,0.9520053361524325,0.9506349206349206,0.9495688332759326,0.9489917398841706,5,discriminative,0.5,0,64
SVM,raw,P1,1-3,6,3275,2300,0.6739130434782609,0.5825628336531737,0.7417266296512648,0.579376350361709,0.6790024479328276,6,discriminative,0.5,0,64
SVM,raw,P1,1-3,7,3275,3613,0.6374204262385829,0.6202533449685416,0.6447871983041558,0.5686974114018252,0.5661532872944903,6,discriminative,0.5,0,64
SVM,raw,P1,1-3,8,3275,294,0.30272108843537415,0.24914510853404695,0.4407828282828283,0.2400503940838478,0.1702299470176153,6,discriminative,0.5,0,64
SVM,raw,P1,1-3,9,3275,470,0.5893617021276596,0.43853235823513864,0.5863247863247864,0.4822579599755043,0.48436027838099177,6,discriminative,0.5,0,64
SVM,raw,P1,1-3,10,3275,3600,0.47444444444444445,0.48440992188739057,0.4744444444444444,0.4264623007964479,0.4264623007964479,6,discriminative,0.5,0,64
kNN,raw,P1,1-3,4,3275,161,0.8322981366459627,0.8452525252525251,0.8460416666666667,0.8077966133245637,0.8403330283388922,5,discriminative,0.5,0,64
kNN,raw,P1,1-3,5,3275,197,0.7461928934010152,0.8320000000000001,0.8051552795031055,0.785639843746974,0.7417574228027206,5,discriminative,0.5,0,64
kNN,raw,P1,1-3,6,3275,2300,0.6413043478260869,0.5888546144954553,0.7201150326939038,0.5665262002857275,0.6642212572182089,6,discriminative,0.5,0,64
kNN,raw,P1,1-3,7,3275,3613,0.6053141433711597,0.5798361598146714,0.6132142896550957,0.5321751694545859,0.5349219725729057,6,discriminative,0.5,0,64
kNN,raw,P1,1-3,8,3275,294,0.272108843537415,0.21213189668720567,0.3928030303030303,0.2519344001838999,0.17721329527763766,6,discriminative,0.5,0,64
kNN,raw,P1,1-3,9,3275,470,0.6787234042553192,0.6355998855998856,0.7168762021221037,0.658799383222553,0.6225864603432334,6,discriminative,0.5,0,64
kNN,raw,P1,1-3,10,3275,3600,0.4922222222222222,0.44985912175156456,0.4922222222222223,0.4601320808793117,0.4601320808793117,6,discriminative,0.5,0,64
SVM,raw,P1,1-3,4,3275,161,0.8819875776397516,0.8729752770673487,0.8710416666666667,0.8438096810644813,0.8843258500206029,5,balanced,0.5,0,64
SVM,raw,P1,1-3,5,3275,197,0.9543147208121827,0.9556736753574432,0.9538095238095238,0.9533078636925637,0.954117827471878,5,balanced,0.5,0,64
SVM,raw,P1,1-3,6,3275,2300,0.6634782608695652,0.5720719369636386,0.7283152932137167,0.5671720146183538,0.6669729551737597,6,balanced,0.5,0,64
SVM,raw,P1,1-3,7,3275,3613,0.6058676999723221,0.5966951728858106,0.6156689053275644,0.5323757836871131,0.5381150197109741,6,balanced,0.5,0,64
SVM,raw,P1,1-3,8,3275,294,0.2755102040816326,0.2234596908939014,0.3998737373737374,0.21642594273038918,0.1496297702384039,6,balanced,0.5,0,64
SVM,raw,P1,1-3,9,3275,470,0.5808510638297872,0.44930463207953847,0.5774358974358974,0.48536983853835497,0.48176535010788096,6,balanced,0.5,0,64
SVM,raw,P1,1-3,10,3275,3600,0.4077777777777778,0.35950409687968393,0.4077777777777778,0.35828499474104963,0.35828499474104963,6,balanced,0.5,0,64
kNN,raw,P1,1-3,4,3275,161,0.8198757763975155,0.839766081871345,0.8397916666666667,0.8003464323287333,0.8278144787109774,5,balanced,0.5,0,64
kNN,raw,P1,1-3,5,3275,197,0.7411167512690355,0.8307017543859649,0.8019806763285023,0.7814912021543029,0.735556390840023,5,balanced,0.5,0,64
kNN,raw,P1,1-3,6,3275,2300,0.6404347826086957,0.5881977945653679,0.7185709872387746,0.5648651185309631,0.6630377527999989,6,balanced,0.5,0,64
kNN,raw,P1,1-3,7,3275,3613,0.5889842236368669,0.5790787839781696,0.598396231498099,0.5194806950009033,0.5246207900344481,6,balanced,0.5,0,64
kNN,raw,P1,1-3,8,3275,294,0.21428571428571427,0.13839425179631365,0.307449494949495,0.16880425971335064,0.12009903104522772,6,balanced,0.5,0,64
kNN,raw,P1,1-3,9,3275,470,0.6914893617021277,0.6509851557568623,0.7269305921764938,0.6736072073901985,0.635227870068826,6,balanced,0.5,0,64
kNN,raw,P1,1-3,10,3275,3600,0.39694444444444443,0.3214080189411987,0.3969444444444445,0.3512090780314768,0.3512090780314768,6,balanced,0.5,0,64
SVM,raw,P1,1-3,4,3275,161,0.9006211180124224,0.952014652014652,0.9069525193798448,0.9219818548180878,0.8985330631765078,5,random,0.5,0,64
SVM,raw,P1,1-3,5,3275,197,0.9543147208121827,0.9551646974579306,0.9634299516908212,0.9576788124156546,0.9543119806544867,5,random,0.5,0,64
SVM,raw,P1,1-3,6,3275,2300,0.701304347826087,0.6390413333408071,0.7598351133802353,0.6235792952067968,0.7075748771070823,6,random,0.5,0,64
SVM,raw,P1,1-3,7,3275,3613,0.6769997232216994,0.6602880785112205,0.6755041601779661,0.6389764956407432,0.6281835253515125,6,random,0.5,0,64
SVM,raw,P1,1-3,8,3275,294,0.5612244897959183,0.6115965989607935,0.6562937062937063,0.549210482304769,0.5601923717617258,6,random,0.5,0,64
SVM,raw,P1,1-3,9,3275,470,0.7425531914893617,0.7101116565230244,0.7899145299145299,0.7223709353991045,0.6909285475512624,6,random,0.5,0,64
SVM,raw,P1,1-3,10,3275,3600,0.4261111111111111,0.5440619414890199,0.42611111111111116,0.42270459526245135,0.4227045952624514,6,random,0.5,0,64
kNN,raw,P1,1-3,4,3275,161,0.7577639751552795,0.8183880597014926,0.8502810077519379,0.7911810546850979,0.7595293686502607,5,random,0.5,0,64
kNN,raw,P1,1-3,5,3275,197,0.8020304568527918,0.8678968253968253,0.8475638371290545,0.8371757480869244,0.8026130024364017,5,random,0.5,0,64
kNN,raw,P1,1-3,6,3275,2300,0.6739130434782609,0.642879447393587,0.73782617534249,0.6139317554178613,0.6985443521446849,6,random,0.5,0,64
kNN,raw,P1,1-3,7,3275,3613,0.6252421810130085,0.611219515277586,0.6278223411873286,0.5870309760038152,0.5708752186201692,6,random,0.5,0,64
kNN,raw,P1,1-3,8,3275,294,0.40476190476190477,0.5430732572036919,0.5221445221445221,0.39683989773064304,0.34973192851389573,6,random,0.5,0,64
kNN,raw,P1,1-3,9,3275,470,0.597872340425532,0.506035875888817,0.6083760683760684,0.5298800531081651,0.5185332777884069,6,random,0.5,0,64
kNN,raw,P1,1-3,10,3275,3600,0.5113888888888889,0.5266447947202574,0.5113888888888889,0.5047817848259549,0.504781784825955,6,random,0.5,0,64
SVM,raw,P1,1-3,4,3275,161,0.8385093167701864,0.9000915750915752,0.8686191860465116,0.873212071510579,0.8352136729498368,5,random,0.5,1,64
SVM,raw,P1,1-3,5,3275,197,0.949238578680203,0.9519426795108286,0.9574603174603176,0.9531742268503663,0.9488653702586576,5,random,0.5,1,64
SVM,raw,P1,1-3,6,3275,2300,0.6656521739130434,0.6305976669787411,0.7346891749330303,0.6055411500639405,0.6838183599693012,6,random,0.5,1,64
SVM,raw,P1,1-3,7,3275,3613,0.6476612233600886,0.6357897037508687,0.649432112933147,0.6117326986752339,0.5976236620153281,6,random,0.5,1,64
SVM,raw,P1,1-3,8,3275,294,0.5680272108843537,0.6020269991494331,0.6736305361305361,0.5578766852539823,0.5588061591022359,6,random,0.5,1,64
SVM,raw,P1,1-3,9,3275,470,0.7042553191489361,0.6719893546240853,0.7494949494949495,0.6812754511076403,0.6466727384810057,6,random,0.5,1,64
SVM,raw,P1,1-3,10,3275,3600,0.3877777777777778,0.5476979039211575,0.3877777777777778,0.3801419164828956,0.3801419164828956,6,random,0.5,1,64
kNN,raw,P1,1-3,4,3275,161,0.7329192546583851,0.8100156494522691,0.8095833333333333,0.7540339740895479,0.7342213416814584,5,random,0.5,1,64
kNN,raw,P1,1-3,5,3275,197,0.700507614213198,0.8129661503155479,0.780552104899931,0.7457749348845317,0.677938071109768,5,random,0.5,1,64
kNN,raw,P1,1-3,6,3275,2300,0.6108695652173913,0.6224887296899663,0.6923353422124844,0.574970015844042,0.6484411397755581,6,random,0.5,1,64
kNN,raw,P1,1-3,7,3275,3613,0.5906448934403543,0.5527829628343803,0.5971953441406851,0.5472768187744651,0.5389342387540534,6,random,0.5,1,64
kNN,raw,P1,1-3,8,3275,294,0.5068027210884354,0.5779535633194169,0.6310800310800311,0.5162091425265808,0.47228428125261157,6,random,0.5,1,64
kNN,raw,P1,1-3,9,3275,470,0.6127659574468085,0.6325547105489396,0.633795712484237,0.5841578824858858,0.5547841442819212,6,random,0.5,1,64
kNN,raw,P1,1-3,10,3275,3600,0.4608333333333333,0.5254972744972198,0.4608333333333334,0.46639418034408986,0.4663941803440899,6,random,0.5,1,64
SVM,raw,P1,1-3,4,3275,161,0.8633540372670807,0.9288888888888888,0.8675775193798451,0.8866934910569568,0.8594187768141612,5,random,0.5,2,64
SVM,raw,P1,1-3,5,3275,197,0.9593908629441624,0.9594287773982595,0.9638095238095239,0.9607235182134813,0.9592134932274422,5,random,0.5,2,64
SVM,raw,P1,1-3,6,3275,2300,0.7069565217391305,0.6389708525354092,0.7633273500345871,0.6260642182715657,0.7110456781686844,6,random,0.5,2,64
SVM,raw,P1,1-3,7,3275,3613,0.6861334071408801,0.6627685627831474,0.6863037846872682,0.6486133751356462,0.6375862723980433,6,random,0.5,2,64
SVM,raw,P1,1-3,8,3275,294,0.5374149659863946,0.5960458163537342,0.6423562548562548,0.5324069096465521,0.5299422789852334,6,random,0.5,2,64
SVM,raw,P1,1-3,9,3275,470,0.723404255319149,0.7015904493432582,0.7694483294483295,0.7054369723027918,0.6744655547277526,6,random,0.5,2,64
SVM,raw,P1,1-3,10,3275,3600,0.41555555555555557,0.5106480555426641,0.4155555555555555,0.4085286542081839,0.408528654208184,6,random,0.5,2,64
kNN,raw,P1,1-3,4,3275,161,0.7267080745341615,0.8207792207792208,0.7929166666666667,0.7551034959438321,0.7273571992320361,5,random,0.5,2,64
kNN,raw,P1,1-3,5,3275,197,0.7360406091370558,0.8239701840677449,0.8016011042097999,0.7783723634326648,0.7290289366191439,5,random,0.5,2,64
kNN,raw,P1,1-3,6,3275,2300,0.6804347826086956,0.6438953014033187,0.7444807118491646,0.6171379863418415,0.7017503531747354,6,random,0.5,2,64
kNN,raw,P1,1-3,7,3275,3613,0.6006089122612788,0.5791910354560271,0.607544944315446,0.5491932169142262,0.542713909330063,6,random,0.5,2,64
kNN,raw,P1,1-3,8,3275,294,0.29931972789115646,0.4524189646831156,0.43108974358974356,0.28266209229625905,0.1928409340013276,6,random,0.5,2,64
kNN,raw,P1,1-3,9,3275,470,0.676595744680851,0.6515308045018432,0.7109990191957406,0.659607358305275,0.6203834331793108,6,random,0.5,2,64
kNN,raw,P1,1-3,10,3275,3600,0.49166666666666664,0.4912950013233534,0.4916666666666667,0.4731940285623706,0.4731940285623706,6,random,0.5,2,64
SVM,raw,P1,1-3,4,3275,161,0.8881987577639752,0.9473911701142328,0.8700775193798449,0.8968935826078683,0.8842600759193484,5,random,0.5,3,64
SVM,raw,P1,1-3,5,3275,197,0.9644670050761421,0.9633987873777043,0.9669841269841271,0.9645181708983431,0.9643920496646397,5,random,0.5,3,64
SVM,raw,P1,1-3,6,3275,2300,0.731304347826087,0.6357961842217897,0.7776951292249575,0.6353507773289908,0.7234153788483829,6,random,0.5,3,64
SVM,raw,P1,1-3,7,3275,3613,0.7384445059507334,0.6665735094794819,0.7361976667503684,0.6913058008346699,0.6844201908248271,6,random,0.5,3,64
SVM,raw,P1,1-3,8,3275,294,0.6190476190476191,0.6119419754319385,0.6769910644910645,0.5782029063070168,0.6203823458480419,6,random,0.5,3,64
SVM,raw,P1,1-3,9,3275,470,0.7425531914893617,0.6591539403584812,0.7889355089355089,0.7071144208991554,0.668781384659744,6,random,0.5,3,64
SVM,raw,P1,1-3,10,3275,3600,0.4122222222222222,0.5157450124377673,0.41222222222222227,0.41216071100889434,0.4121607110088944,6,random,0.5,3,64
kNN,raw,P1,1-3,4,3275,161,0.7329192546583851,0.825974025974026,0.7995833333333333,0.7644836116264688,0.7337049670235118,5,random,0.5,3,64
kNN,raw,P1,1-3,5,3275,197,0.8375634517766497,0.8634558293932073,0.8622981366459627,0.8545616422054645,0.841333278152054,5,random,0.5,3,64
kNN,raw,P1,1-3,6,3275,2300,0.577391304347826,0.5949356242793024,0.6619528292530171,0.5032886391028079,0.5473588494435119,6,random,0.5,3,64
kNN,raw,P1,1-3,7,3275,3613,0.5983946858566288,0.5488998957488511,0.6100978568571841,0.5523927459486399,0.5512391538965854,6,random,0.5,3,64
kNN,raw,P1,1-3,8,3275,294,0.5884353741496599,0.4841871798358946,0.5037198912198912,0.42954963972120835,0.5822903115069982,6,random,0.5,3,64
kNN,raw,P1,1-3,9,3275,470,0.5765957446808511,0.6250293441047673,0.5749520424930261,0.5261964005403879,0.5078804290682438,6,random,0.5,3,64
kNN,raw,P1,1-3,10,3275,3600,0.48083333333333333,0.4527659382659653,0.4808333333333333,0.46080281328489897,0.46080281328489897,6,random,0.5,3,64
SVM,raw,P1,1-3,4,3275,161,0.8571428571428571,0.9183483483483483,0.8544525193798449,0.8775599472990777,0.8544726225255524,5,random,0.5,4,64
SVM,raw,P1,1-3,5,3275,197,0.9593908629441624,0.9594287773982595,0.9638095238095239,0.9607235182134813,0.9592134932274422,5,random,0.5,4,64
SVM,raw,P1,1-3,6,3275,2300,0.7304347826086957,0.636253953372521,0.772839083843027,0.6345497217228254,0.72231298956156,6,random,0.5,4,64
SVM,raw,P1,1-3,7,3275,3613,0.6916689731525049,0.6625292851099512,0.6896029180711473,0.6531635890790012,0.6439484782919531,6,random,0.5,4,64
SVM,raw,P1,1-3,8,3275,294,0.5340136054421769,0.5911832359889977,0.6429584304584305,0.5271576408336794,0.5214068465501179,6,random,0.5,4,64
SVM,raw,P1,1-3,9,3275,470,0.7212765957446808,0.6643170563073476,0.7682905982905983,0.6899594676204122,0.6580504194332685,6,random,0.5,4,64
SVM,raw,P1,1-3,10,3275,3600,0.4608333333333333,0.5287609462373918,0.46083333333333343,0.45107787359035006,0.4510778735903501,6,random,0.5,4,64
kNN,raw,P1,1-3,4,3275,161,0.7267080745341615,0.8028959276018099,0.7929166666666667,0.7342007773684792,0.734899779381088,5,random,0.5,4,64
kNN,raw,P1,1-3,5,3275,197,0.7766497461928934,0.8755173952515041,0.8352104899930988,0.8208187134502923,0.769329414907828,5,random,0.5,4,64
kNN,raw,P1,1-3,6,3275,2300,0.6952173913043478,0.6393719002698667,0.7539680364815179,0.6223249541958688,0.7075869404172415,6,random,0.5,4,64
kNN,raw,P1,1-3,7,3275,3613,0.6329919734292832,0.6164376119160456,0.6357653755539695,0.5932502869875239,0.5809116483931612,6,random,0.5,4,64
kNN,raw,P1,1-3,8,3275,294,0.3435374149659864,0.4855912379944482,0.4806041181041181,0.32287230504066183,0.24429330895628326,6,random,0.5,4,64
kNN,raw,P1,1-3,9,3275,470,0.7127659574468085,0.6681595736832215,0.7536615843173219,0.694066981203894,0.651166899138509,6,random,0.5,4,64
kNN,raw,P1,1-3,10,3275,3600,0.5191666666666667,0.5128765153412354,0.5191666666666667,0.5061800804642431,0.506180080464243,6,random,0.5,4,64
SVM,raw,P1,1-3,4,3275,161,0.7701863354037267,0.898860759493671,0.8454166666666666,0.8420032144005143,0.7751413038486955,5,random,0.5,5,64
SVM,raw,P1,1-3,5,3275,197,0.9695431472081218,0.9742295293359122,0.9701587301587302,0.9714310027764,0.9696331340490183,5,random,0.5,5,64
SVM,raw,P1,1-3,6,3275,2300,0.6995652173913044,0.6355893569541903,0.757470441386524,0.6219899590601287,0.7061057603153069,6,random,0.5,5,64
SVM,raw,P1,1-3,7,3275,3613,0.7395516191530584,0.6819024665893655,0.736739347590146,0.6962064726639835,0.6893909127199538,6,random,0.5,5,64
SVM,raw,P1,1-3,8,3275,294,0.6020408163265306,0.6117919576429778,0.6667735042735042,0.5741226372243818,0.605207821432642,6,random,0.5,5,64
SVM,raw,P1,1-3,9,3275,470,0.7489361702127659,0.7183516483516484,0.7963247863247863,0.7299631319066976,0.6990898971800034,6,random,0.5,5,64
SVM,raw,P1,1-3,10,3275,3600,0.4275,0.48309504226489697,0.42750000000000005,0.4173136109963537,0.41731361099635367,6,random,0.5,5,64
kNN,raw,P1,1-3,4,3275,161,0.7453416149068323,0.8045486851457001,0.8364583333333332,0.7693088556884797,0.7446831387295964,5,random,0.5,5,64
kNN,raw,P1,1-3,5,3275,197,0.8020304568527918,0.8855619753304224,0.8590821256038648,0.8436481275793104,0.7952673853164001,5,random,0.5,5,64
kNN,raw,P1,1-3,6,3275,2300,0.5826086956521739,0.5679444272562083,0.6698804702661456,0.5292438004943419,0.5802321154022645,6,random,0.5,5,64
kNN,raw,P1,1-3,7,3275,3613,0.6349294215333517,0.6130857112836801,0.6379343238419236,0.6049704319472264,0.5896075817356092,6,random,0.5,5,64
kNN,raw,P1,1-3,8,3275,294,0.7891156462585034,0.7030831556693626,0.7386460761460761,0.6914633693546953,0.7900600676105793,6,random,0.5,5,64
kNN,raw,P1,1-3,9,3275,470,0.7106382978723405,0.6703618481068571,0.7501218999579655,0.69197316378568,0.6506502837091604,6,random,0.5,5,64
kNN,raw,P1,1-3,10,3275,3600,0.47638888888888886,0.47716380682545184,0.4763888888888889,0.4553061519682237,0.45530615196822366,6,random,0.5,5,64
SVM,raw,P1,1-3,4,3275,161,0.84472049689441,0.9154761904761906,0.8752858527131782,0.8863141123269056,0.8429484935861659,5,random,0.5,6,64
SVM,raw,P1,1-3,5,3275,197,0.9644670050761421,0.962197882821507,0.963015873015873,0.9621692675069626,0.9644661427133739,5,random,0.5,6,64
SVM,raw,P1,1-3,6,3275,2300,0.701304347826087,0.6373535496638106,0.7592597253732883,0.6232091502952078,0.707365203396629,6,random,0.5,6,64
SVM,raw,P1,1-3,7,3275,3613,0.6603930251868253,0.658123629637302,0.6615669904384455,0.6205412684853248,0.6071963151087095,6,random,0.5,6,64
SVM,raw,P1,1-3,8,3275,294,0.42857142857142855,0.5811536947900584,0.5844988344988346,0.4522698454378313,0.37789483117204714,6,random,0.5,6,64
SVM,raw,P1,1-3,9,3275,470,0.7382978723404255,0.7059288429661832,0.784918414918415,0.7176057152329315,0.6856722571568098,6,random,0.5,6,64
SVM,raw,P1,1-3,10,3275,3600,0.42055555555555557,0.5434313660059805,0.4205555555555555,0.4225604457712759,0.42256044577127594,6,random,0.5,6,64
kNN,raw,P1,1-3,4,3275,161,0.7080745341614907,0.7978571428571428,0.7835416666666667,0.7236477960790956,0.7108610572918708,5,random,0.5,6,64
kNN,raw,P1,1-3,5,3275,197,0.8223350253807107,0.8454435107376284,0.8588750862663905,0.8419803597516624,0.825155516966815,5,random,0.5,6,64
kNN,raw,P1,1-3,6,3275,2300,0.6321739130434783,0.6235217965863277,0.7062055035476839,0.5847403642973888,0.6602060437209405,6,random,0.5,6,64
kNN,raw,P1,1-3,7,3275,3613,0.6152781621920841,0.5995376687407933,0.6190332929124618,0.5741768804816471,0.5597082029075215,6,random,0.5,6,64
kNN,raw,P1,1-3,8,3275,294,0.3707482993197279,0.3721087729545827,0.5499999999999999,0.4006385742702878,0.26242952667609487,6,random,0.5,6,64
kNN,raw,P1,1-3,9,3275,470,0.5765957446808511,0.500818150123881,0.587008547008547,0.5127674936615095,0.5015783742762221,6,random,0.5,6,64
kNN,raw,P1,1-3,10,3275,3600,0.4897222222222222,0.49308830547193816,0.4897222222222222,0.4816202326802077,0.4816202326802077,6,random,0.5,6,64
SVM,raw,P1,1-3,4,3275,161,0.8509316770186336,0.9113133640552995,0.8724999999999999,0.8821210866428257,0.8475602052701702,5,random,0.5,7,64
SVM,raw,P1,1-3,5,3275,197,0.949238578680203,0.950277763373952,0.9534920634920635,0.9507832197755176,0.9489277295103455,5,random,0.5,7,64
SVM,raw,P1,1-3,6,3275,2300,0.6630434782608695,0.6339075910705737,0.7301649481912901,0.6044364562729279,0.6850913660131993,6,random,0.5,7,64
SVM,raw,P1,1-3,7,3275,3613,0.6603930251868253,0.6528363429846912,0.6591733358578035,0.6302599257555611,0.6187477715750742,6,random,0.5,7,64
SVM,raw,P1,1-3,8,3275,294,0.5510204081632653,0.6122282608695653,0.6570609945609945,0.5415417480029435,0.5426419739809683,6,random,0.5,7,64
SVM,raw,P1,1-3,9,3275,470,0.7212765957446808,0.6603384828278747,0.7639937839937839,0.6896928674706452,0.6536970810729675,6,random,0.5,7,64
SVM,raw,P1,1-3,10,3275,3600,0.43027777777777776,0.504464203949536,0.4302777777777778,0.4306467191318533,0.4306467191318534,6,random,0.5,7,64
kNN,raw,P1,1-3,4,3275,161,0.7267080745341615,0.8207792207792208,0.7929166666666667,0.7551034959438321,0.7273571992320361,5,random,0.5,7,64
kNN,raw,P1,1-3,5,3275,197,0.766497461928934,0.8598209198209197,0.8276880607315391,0.8085489953863515,0.7558053919704424,5,random,0.5,7,64
kNN,raw,P1,1-3,6,3275,2300,0.6821739130434783,0.6445889152042282,0.7436420676734629,0.6165514798877428,0.701566031581107,6,random,0.5,7,64
kNN,raw,P1,1-3,7,3275,3613,0.6346526432327706,0.6285166597113959,0.6355843698638698,0.601945982480807,0.5884645009413059,6,random,0.5,7,64
kNN,raw,P1,1-3,8,3275,294,0.7619047619047619,0.6922656015836836,0.7293220668220668,0.6762710073917493,0.7713041805478955,6,random,0.5,7,64
kNN,raw,P1,1-3,9,3275,470,0.6085106382978723,0.574330131445905,0.6221199383494466,0.56180096300385,0.5456507610528323,6,random,0.5,7,64
kNN,raw,P1,1-3,10,3275,3600,0.4658333333333333,0.4746715239799415,0.4658333333333333,0.45427356761684745,0.4542735676168474,6,random,0.5,7,64
SVM,raw,P1,1-3,4,3275,161,0.7515527950310559,0.9036144578313253,0.8089583333333333,0.8199628126077915,0.7603397049047027,5,random,0.5,8,64
SVM,raw,P1,1-3,5,3275,197,0.949238578680203,0.9582690058479532,0.9534920634920635,0.9540330149153678,0.9491397695787066,5,random,0.5,8,64
SVM,raw,P1,1-3,6,3275,2300,0.6830434782608695,0.6339944097112759,0.7463794490188048,0.6144602174660267,0.6961241910535643,6,random,0.5,8,64
SVM,raw,P1,1-3,7,3275,3613,0.6545806808746194,0.6429218646182147,0.6554191520872172,0.6135355296173618,0.6018462481607871,6,random,0.5,8,64
SVM,raw,P1,1-3,8,3275,294,0.5204081632653061,0.5790240240240241,0.6521950271950272,0.5198348565015232,0.4911918995592464,6,random,0.5,8,64
SVM,raw,P1,1-3,9,3275,470,0.7085106382978723,0.6405435204088783,0.7554700854700855,0.6741793978252558,0.6383014277845867,6,random,0.5,8,64
SVM,raw,P1,1-3,10,3275,3600,0.415,0.48684481546967046,0.41500000000000004,0.3898796995343783,0.3898796995343783,6,random,0.5,8,64
kNN,raw,P1,1-3,4,3275,161,0.7329192546583851,0.8138082191780821,0.7995833333333333,0.7537013246372852,0.7344450585432135,5,random,0.5,8,64
kNN,raw,P1,1-3,5,3275,197,0.7766497461928934,0.8763799418971832,0.8363837129054522,0.8196739905078166,0.766613949419306,5,random,0.5,8,64
kNN,raw,P1,1-3,6,3275,2300,0.6191304347826087,0.6196912687031638,0.6977085449024031,0.5774913014895248,0.6506537888117705,6,random,0.5,8,64
kNN,raw,P1,1-3,7,3275,3613,0.5660116246886244,0.5383167587569151,0.5768264214121408,0.5201889422561304,0.5146345200362143,6,random,0.5,8,64
kNN,raw,P1,1-3,8,3275,294,0.29931972789115646,0.46626509455456827,0.42970085470085473,0.28519453736034245,0.19418230275672252,6,random,0.5,8,64
kNN,raw,P1,1-3,9,3275,470,0.5297872340425532,0.5562658662766488,0.509569083011706,0.4425374286316976,0.4451143558181937,6,random,0.5,8,64
kNN,raw,P1,1-3,10,3275,3600,0.46055555555555555,0.4718560837804842,0.46055555555555544,0.4485524262737208,0.4485524262737208,6,random,0.5,8,64
SVM,raw,P1,1-3,4,3275,161,0.8385093167701864,0.8766353677621282,0.8550775193798451,0.8513861179078569,0.8353828266331642,5,random,0.5,9,64
SVM,raw,P1,1-3,5,3275,197,0.9644670050761421,0.9633987873777043,0.9669841269841271,0.9645181708983431,0.9643920496646397,5,random,0.5,9,64
SVM,raw,P1,1-3,6,3275,2300,0.581304347826087,0.5829972453153865,0.6660243317950201,0.5417881425037251,0.6067031135208812,6,random,0.5,9,64
SVM,raw,P1,1-3,7,3275,3613,0.662330473290894,0.6426272663630314,0.6652631563202319,0.6414098733906756,0.627905276374229,6,random,0.5,9,64
SVM,raw,P1,1-3,8,3275,294,0.5544217687074829,0.5971918767507003,0.6462898212898213,0.5427583958632795,0.5495843228402056,6,random,0.5,9,64
SVM,raw,P1,1-3,9,3275,470,0.7297872340425532,0.6777157463133073,0.7683294483294484,0.7005524015769901,0.6658941657695906,6,random,0.5,9,64
SVM,raw,P1,1-3,10,3275,3600,0.43333333333333335,0.5178435134735225,0.43333333333333335,0.43407200883550945,0.4340720088355095,6,random,0.5,9,64
kNN,raw,P1,1-3,4,3275,161,0.6770186335403726,0.7855799373040752,0.7602858527131783,0.6985538328268917,0.6998559301126955,5,random,0.5,9,64
kNN,raw,P1,1-3,5,3275,197,0.8324873096446701,0.867770737327189,0.868295376121463,0.8572953333928945,0.8338432755666879,5,random,0.5,9,64
kNN,raw,P1,1-3,6,3275,2300,0.4908695652173913,0.5100855518699995,0.6031083125666381,0.47478098389285367,0.515657440807451,6,random,0.5,9,64
kNN,raw,P1,1-3,7,3275,3613,0.5518959313589814,0.5722894997749624,0.5616444988401746,0.5418847315010332,0.5213741875277996,6,random,0.5,9,64
kNN,raw,P1,1-3,8,3275,294,0.7142857142857143,0.6362116901590587,0.6575466200466201,0.6009481031977164,0.7185316725867805,6,random,0.5,9,64
kNN,raw,P1,1-3,9,3275,470,0.6127659574468085,0.5144137517707311,0.6234188034188034,0.5417571612598092,0.5311513427978661,6,random,0.5,9,64
kNN,raw,P1,1-3,10,3275,3600,0.5030555555555556,0.5155477729115318,0.5030555555555556,0.49368933239772056,0.4936893323977206,6,random,0.5,9,64
SVM,raw,P1,1-3,4,3275,161,0.9006211180124224,0.952014652014652,0.9069525193798448,0.9219818548180878,0.8985330631765078,5,random,0.5,10,64
SVM,raw,P1,1-3,5,3275,197,0.9593908629441624,0.9611363893604981,0.9677777777777777,0.9630356366797045,0.959120730999764,5,random,0.5,10,64
SVM,raw,P1,1-3,6,3275,2300,0.7226086956521739,0.6503082325909655,0.7737827279250383,0.6377144759040406,0.7279070576907721,6,random,0.5,10,64
SVM,raw,P1,1-3,7,3275,3613,0.6805978411292555,0.6441451206824864,0.6777436422597712,0.6322322356946719,0.6210251601561039,6,random,0.5,10,64
SVM,raw,P1,1-3,8,3275,294,0.564625850340136,0.6043816501904498,0.6634615384615384,0.5521758631551557,0.5591604051949882,6,random,0.5,10,64
SVM,raw,P1,1-3,9,3275,470,0.7404255319148936,0.6936049591582369,0.7876923076923076,0.7147099713189401,0.6843453636214865,6,random,0.5,10,64
SVM,raw,P1,1-3,10,3275,3600,0.4475,0.533822971703156,0.44749999999999995,0.4369260077131281,0.4369260077131282,6,random,0.5,10,64
kNN,raw,P1,1-3,4,3275,161,0.7453416149068323,0.841909071320836,0.8364583333333332,0.8006112210347321,0.7426634873982373,5,random,0.5,10,64
kNN,raw,P1,1-3,5,3275,197,0.7868020304568528,0.8812385135345606,0.8467011732229125,0.8295337881741389,0.7766744012692004,5,random,0.5,10,64
kNN,raw,P1,1-3,6,3275,2300,0.6204347826086957,0.5953101462440423,0.6981398137102177,0.5644373197361835,0.6275131269745049,6,random,0.5,10,64
kNN,raw,P1,1-3,7,3275,3613,0.6003321339606975,0.6023200881210761,0.6049040319885044,0.569923812424578,0.5512738207735834,6,random,0.5,10,64
kNN,raw,P1,1-3,8,3275,294,0.42517006802721086,0.48675932194405985,0.620444832944833,0.4422578049886518,0.31010423648308755,6,random,0.5,10,64
kNN,raw,P1,1-3,9,3275,470,0.7063829787234043,0.6645157230683546,0.7469539021998038,0.6880434203408239,0.6454220319044465,6,random,0.5,10,64
kNN,raw,P1,1-3,10,3275,3600,0.5147222222222222,0.6356045334220556,0.5147222222222222,0.4967505737879609,0.49675057378796095,6,random,0.5,10,64
SVM,raw,P1,1-3,4,3275,161,0.8944099378881988,0.9431159420289855,0.9099321705426355,0.9190514748409486,0.8913779910837772,5,random,0.5,11,64
SVM,raw,P1,1-3,5,3275,197,0.9644670050761421,0.96495198746907,0.970952380952381,0.9668162659388028,0.9642953857639555,5,random,0.5,11,64
SVM,raw,P1,1-3,6,3275,2300,0.6982608695652174,0.6381635546210138,0.75776224072332,0.6218928837330501,0.7052744036317197,6,random,0.5,11,64
SVM,raw,P1,1-3,7,3275,3613,0.6648214779961251,0.6486520252680144,0.6662094208873276,0.6249126472927476,0.6133252118767207,6,random,0.5,11,64
SVM,raw,P1,1-3,8,3275,294,0.5068027210884354,0.5704342225782036,0.6406468531468531,0.5101483345400397,0.47655115441023504,6,random,0.5,11,64
SVM,raw,P1,1-3,9,3275,470,0.7148936170212766,0.6962965146640162,0.7618803418803419,0.6975142550504639,0.6648114328656317,6,random,0.5,11,64
SVM,raw,P1,1-3,10,3275,3600,0.43222222222222223,0.5449389003796604,0.43222222222222223,0.4282686541463437,0.42826865414634363,6,random,0.5,11,64
kNN,raw,P1,1-3,4,3275,161,0.7515527950310559,0.8243501875080822,0.8395833333333332,0.7944689207362018,0.7477158169547328,5,random,0.5,11,64
kNN,raw,P1,1-3,5,3275,197,0.7563451776649747,0.8315649867374006,0.8239199447895101,0.7984946103297376,0.7520852306745972,5,random,0.5,11,64
kNN,raw,P1,1-3,6,3275,2300,0.6173913043478261,0.6334608618052627,0.6980360095554832,0.5836250045250956,0.6593105112519746,6,random,0.5,11,64
kNN,raw,P1,1-3,7,3275,3613,0.6025463603653474,0.5905408959862183,0.6074295177246909,0.5592872122875724,0.5472957650945699,6,random,0.5,11,64
kNN,raw,P1,1-3,8,3275,294,0.3401360544217687,0.4634234224847797,0.49560994560994565,0.3484077109033554,0.2341236795315483,6,random,0.5,11,64
kNN,raw,P1,1-3,9,3275,470,0.5808510638297872,0.4920406604383336,0.591111111111111,0.5135097636176772,0.5013732479062343,6,random,0.5,11,64
kNN,raw,P1,1-3,10,3275,3600,0.48055555555555557,0.5000643786076172,0.48055555555555557,0.4784598501482194,0.4784598501482194,6,random,0.5,11,64
SVM,raw,P1,1-3,4,3275,161,0.8819875776397516,0.9316342499441091,0.9006298449612402,0.9105327787680728,0.8795833133429041,5,random,0.5,12,64
SVM,raw,P1,1-3,5,3275,197,0.9644670050761421,0.9633987873777043,0.9669841269841271,0.9645181708983431,0.9643920496646397,5,random,0.5,12,64
SVM,raw,P1,1-3,6,3275,2300,0.7269565217391304,0.6398599796485874,0.7759939477048072,0.6349338149166023,0.7230334862291903,6,random,0.5,12,64
SVM,raw,P1,1-3,7,3275,3613,0.7481317464710767,0.6792319076142587,0.74505607996374,0.7011590305502079,0.6949304325958608,6,random,0.5,12,64
SVM,raw,P1,1-3,8,3275,294,0.6360544217687075,0.6249236874236874,0.6740384615384616,0.5925158308687026,0.6442475290169463,6,random,0.5,12,64
SVM,raw,P1,1-3,9,3275,470,0.7340425531914894,0.6812490598754081,0.780940170940171,0.7064021453474525,0.6764724372161549,6,random,0.5,12,64
SVM,raw,P1,1-3,10,3275,3600,0.44055555555555553,0.5197522943463185,0.44055555555555553,0.44054567828953767,0.4405456782895377,6,random,0.5,12,64
kNN,raw,P1,1-3,4,3275,161,0.7453416149068323,0.8183098591549296,0.8349321705426356,0.7794772645900465,0.7459153651653535,5,random,0.5,12,64
kNN,raw,P1,1-3,5,3275,197,0.8121827411167513,0.8629644864938981,0.8515665976535542,0.8419495132518202,0.8151609216937488,5,random,0.5,12,64
kNN,raw,P1,1-3,6,3275,2300,0.6943478260869566,0.6454989430408544,0.7524261761986066,0.623950484032374,0.7124567794765843,6,random,0.5,12,64
kNN,raw,P1,1-3,7,3275,3613,0.6615001383891503,0.614181794194894,0.6638784187786375,0.6246344301142852,0.614759001541695,6,random,0.5,12,64
kNN,raw,P1,1-3,8,3275,294,0.717687074829932,0.6179761904761905,0.5912490287490287,0.5065685762974107,0.6784303433096539,6,random,0.5,12,64
kNN,raw,P1,1-3,9,3275,470,0.5914893617021276,0.49959233473958187,0.5988578088578088,0.5244700000871804,0.514326797539576,6,random,0.5,12,64
kNN,raw,P1,1-3,10,3275,3600,0.4875,0.4800344446283235,0.4875,0.47015354577970464,0.4701535457797046,6,random,0.5,12,64
SVM,raw,P1,1-3,4,3275,161,0.8571428571428571,0.9252173913043478,0.8509108527131783,0.8752665691757116,0.8532918670424688,5,random,0.5,13,64
SVM,raw,P1,1-3,5,3275,197,0.9644670050761421,0.962197882821507,0.963015873015873,0.9621692675069626,0.9644661427133739,5,random,0.5,13,64
SVM,raw,P1,1-3,6,3275,2300,0.7373913043478261,0.638284422645163,0.7820870081015613,0.6387011590927102,0.7278581154305693,6,random,0.5,13,64
SVM,raw,P1,1-3,7,3275,3613,0.7569886520896761,0.677111718842487,0.7546374545010156,0.7062273656596115,0.7006476081684777,6,random,0.5,13,64
SVM,raw,P1,1-3,8,3275,294,0.7006802721088435,0.5884216897771205,0.5781565656565657,0.49396291752282545,0.6615300843340908,6,random,0.5,13,64
SVM,raw,P1,1-3,9,3275,470,0.6808510638297872,0.6671016891605127,0.6984615384615385,0.6327800884021603,0.6156242076618211,6,random,0.5,13,64
SVM,raw,P1,1-3,10,3275,3600,0.425,0.5356005577870485,0.42500000000000004,0.4262415020590475,0.4262415020590474,6,random,0.5,13,64
kNN,raw,P1,1-3,4,3275,161,0.7018633540372671,0.7577315350991893,0.7804166666666668,0.7056099381822485,0.6982239165522841,5,random,0.5,13,64
kNN,raw,P1,1-3,5,3275,197,0.8426395939086294,0.8616853723731508,0.8654727398205658,0.8562476545507616,0.844947800008395,5,random,0.5,13,64
kNN,raw,P1,1-3,6,3275,2300,0.6226086956521739,0.5675680847721348,0.6991421377390387,0.5487031459388636,0.6497062395740548,6,random,0.5,13,64
kNN,raw,P1,1-3,7,3275,3613,0.5931358981455854,0.5671730483205079,0.6073602025627467,0.554261572744675,0.5585712935065315,6,random,0.5,13,64
kNN,raw,P1,1-3,8,3275,294,0.6428571428571429,0.5131144910486891,0.5340229215229215,0.4636683233163816,0.6294779207722541,6,random,0.5,13,64
kNN,raw,P1,1-3,9,3275,470,0.5808510638297872,0.45704623086340046,0.5693582737845032,0.48486982051650146,0.48471743239624193,6,random,0.5,13,64
kNN,raw,P1,1-3,10,3275,3600,0.5077777777777778,0.5072382863947266,0.5077777777777778,0.49711082039111626,0.49711082039111626,6,random,0.5,13,64
SVM,raw,P1,1-3,4,3275,161,0.8695652173913043,0.9327272727272728,0.8842441860465116,0.8973745141817581,0.8653106642978613,5,random,0.5,14,64
SVM,raw,P1,1-3,5,3275,197,0.9644670050761421,0.962197882821507,0.963015873015873,0.9621692675069626,0.9644661427133739,5,random,0.5,14,64
SVM,raw,P1,1-3,6,3275,2300,0.7134782608695652,0.6337720968587058,0.765729827636433,0.6271850731735379,0.7132072770311363,6,random,0.5,14,64
SVM,raw,P1,1-3,7,3275,3613,0.6811513977304179,0.6629721006397404,0.6818597998099863,0.6461136246967023,0.6345083141193816,6,random,0.5,14,64
SVM,raw,P1,1-3,8,3275,294,0.54421768707483,0.5973091070542345,0.6416860916860917,0.5352718064573085,0.5400029482847343,6,random,0.5,14,64
SVM,raw,P1,1-3,9,3275,470,0.7404255319148936,0.7102820108600456,0.7878632478632479,0.7210343125836083,0.6886809457981169,6,random,0.5,14,64
SVM,raw,P1,1-3,10,3275,3600,0.42777777777777776,0.5314478070495988,0.4277777777777778,0.42971044877803366,0.4297104487780337,6,random,0.5,14,64
kNN,raw,P1,1-3,4,3275,161,0.7018633540372671,0.7978271138403401,0.778890503875969,0.7242452545462594,0.7039741195037744,5,random,0.5,14,64
kNN,raw,P1,1-3,5,3275,197,0.8477157360406091,0.8901590657404611,0.8756866804692892,0.870578101881209,0.8478325576647264,5,random,0.5,14,64
kNN,raw,P1,1-3,6,3275,2300,0.5460869565217391,0.5262178183936548,0.6407725011034706,0.4888240300980598,0.5309100691240952,6,random,0.5,14,64
kNN,raw,P1,1-3,7,3275,3613,0.5804040963188486,0.5742471468267223,0.5881556332319383,0.5428113595319869,0.530024900105318,6,random,0.5,14,64
kNN,raw,P1,1-3,8,3275,294,0.36054421768707484,0.5376777505260478,0.4762626262626262,0.3256217871918226,0.27936402841849334,6,random,0.5,14,64
kNN,raw,P1,1-3,9,3275,470,0.6212765957446809,0.6322027775980678,0.6551885819098934,0.598553263465303,0.5604628402696666,6,random,0.5,14,64
kNN,raw,P1,1-3,10,3275,3600,0.5019444444444444,0.5041736540563833,0.5019444444444444,0.49165344576840647,0.4916534457684064,6,random,0.5,14,64
SVM,raw,P1,1-3,4,3275,161,0.8509316770186336,0.9186039633244603,0.8799370155038758,0.8900807920422175,0.8487835943394229,5,random,0.5,15,64
SVM,raw,P1,1-3,5,3275,197,0.9441624365482234,0.9425120288692863,0.9451759834368529,0.9430005894686158,0.9441661165265842,5,random,0.5,15,64
SVM,raw,P1,1-3,6,3275,2300,0.6934782608695652,0.6386623717388598,0.7552784320311666,0.6193884522889318,0.701346350693957,6,random,0.5,15,64
SVM,raw,P1,1-3,7,3275,3613,0.6543039025740381,0.6561446555842041,0.6562781186173157,0.6159861994569987,0.6020556301666655,6,random,0.5,15,64
SVM,raw,P1,1-3,8,3275,294,0.5306122448979592,0.5970679012345679,0.6208527583527584,0.5214263632688864,0.5322337774451704,6,random,0.5,15,64
SVM,raw,P1,1-3,9,3275,470,0.7340425531914894,0.7148995878277646,0.780940170940171,0.7181649012646828,0.6878276851595326,6,random,0.5,15,64
SVM,raw,P1,1-3,10,3275,3600,0.4438888888888889,0.576051803022526,0.44388888888888883,0.40996715068919937,0.4099671506891993,6,random,0.5,15,64
kNN,raw,P1,1-3,4,3275,161,0.7391304347826086,0.8316883116883117,0.8262499999999999,0.7821088435374149,0.7374213039252968,5,random,0.5,15,64
kNN,raw,P1,1-3,5,3275,197,0.7208121827411168,0.8120138431114041,0.7965562456866805,0.7667069994364557,0.7111761781955361,5,random,0.5,15,64
kNN,raw,P1,1-3,6,3275,2300,0.6565217391304348,0.634490177820569,0.7276619293459058,0.6018160992415414,0.6792984643628378,6,random,0.5,15,64
kNN,raw,P1,1-3,7,3275,3613,0.6274564074176584,0.6164554094067245,0.6298166057460753,0.5910804873059241,0.57507300851423,6,random,0.5,15,64
kNN,raw,P1,1-3,8,3275,294,0.6428571428571429,0.6411261983630404,0.6665792540792541,0.5978437715947789,0.6606953512880267,6,random,0.5,15,64
kNN,raw,P1,1-3,9,3275,470,0.6595744680851063,0.6252195450394119,0.6995208070617905,0.6326462075228151,0.5977772617927277,6,random,0.5,15,64
kNN,raw,P1,1-3,10,3275,3600,0.5044444444444445,0.5381324465965759,0.5044444444444444,0.5018688147706872,0.5018688147706872,6,random,0.5,15,64
SVM,raw,P1,1-3,4,3275,161,0.906832298136646,0.9620253164556962,0.9100775193798448,0.9266753000086334,0.9045490204910493,5,random,0.5,16,64
SVM,raw,P1,1-3,5,3275,197,0.9644670050761421,0.96495198746907,0.970952380952381,0.9668162659388028,0.9642953857639555,5,random,0.5,16,64
SVM,raw,P1,1-3,6,3275,2300,0.7026086956521739,0.6391764945387405,0.7606109691759317,0.624194326896452,0.7085009721575185,6,random,0.5,16,64
SVM,raw,P1,1-3,7,3275,3613,0.683642402435649,0.6547436293081613,0.6843887305867132,0.6467450900662851,0.6352471012754644,6,random,0.5,16,64
SVM,raw,P1,1-3,8,3275,294,0.5510204081632653,0.604386667058424,0.6492909867909867,0.5418637956569243,0.5482760886352688,6,random,0.5,16,64
SVM,raw,P1,1-3,9,3275,470,0.7319148936170212,0.7053238833418155,0.7788034188034189,0.7131664476632026,0.6825436791052979,6,random,0.5,16,64
SVM,raw,P1,1-3,10,3275,3600,0.4266666666666667,0.5071659818267841,0.4266666666666667,0.42028535424122043,0.42028535424122043,6,random,0.5,16,64
kNN,raw,P1,1-3,4,3275,161,0.7391304347826086,0.8073076923076922,0.80625,0.7489438603724318,0.7459841581403249,5,random,0.5,16,64
kNN,raw,P1,1-3,5,3275,197,0.7360406091370558,0.822037037037037,0.8032229123533472,0.779107006465982,0.7314270919541669,5,random,0.5,16,64
kNN,raw,P1,1-3,6,3275,2300,0.6865217391304348,0.6438740079999751,0.7486078955378557,0.6196888004699169,0.7051153200588369,6,random,0.5,16,64
kNN,raw,P1,1-3,7,3275,3613,0.635206199833933,0.6127956244459423,0.6377832715448899,0.5962449359228296,0.5828590959181033,6,random,0.5,16,64
kNN,raw,P1,1-3,8,3275,294,0.4931972789115646,0.5458420896962904,0.6416375291375291,0.49900367994261013,0.4384746028873574,6,random,0.5,16,64
kNN,raw,P1,1-3,9,3275,470,0.6936170212765957,0.6532255060283827,0.734047919293821,0.6756172554491883,0.6323847378558625,6,random,0.5,16,64
kNN,raw,P1,1-3,10,3275,3600,0.47555555555555556,0.4769260661919659,0.47555555555555556,0.45699757355077547,0.4569975735507754,6,random,0.5,16,64
SVM,raw,P1,1-3,4,3275,161,0.8571428571428571,0.9252173913043478,0.8509108527131783,0.8752665691757116,0.8532918670424688,5,random,0.5,17,64
SVM,raw,P1,1-3,5,3275,197,0.9593908629441624,0.9594287773982595,0.9638095238095239,0.9607235182134813,0.9592134932274422,5,random,0.5,17,64
SVM,raw,P1,1-3,6,3275,2300,0.6991304347826087,0.634461749847505,0.7562108796326833,0.6217304909472205,0.7064817465077678,6,random,0.5,17,64
SVM,raw,P1,1-3,7,3275,3613,0.6958206476612233,0.6517832378816429,0.6959634689573954,0.6595445979706095,0.6490659925687792,6,random,0.5,17,64
SVM,raw,P1,1-3,8,3275,294,0.5510204081632653,0.5998971193415638,0.6552933177933179,0.5406577336419389,0.5415088426093007,6,random,0.5,17,64
SVM,raw,P1,1-3,9,3275,470,0.7297872340425532,0.6835224914493208,0.7766666666666667,0.7045583204762429,0.6716445629785345,6,random,0.5,17,64
SVM,raw,P1,1-3,10,3275,3600,0.43555555555555553,0.5308384236838246,0.43555555555555553,0.4349983425663755,0.4349983425663755,6,random,0.5,17,64
kNN,raw,P1,1-3,4,3275,161,0.7080745341614907,0.8018967334035827,0.7789631782945736,0.7348405159787064,0.7146048071839204,5,random,0.5,17,64
kNN,raw,P1,1-3,5,3275,197,0.7614213197969543,0.8356775067750677,0.8186473429951692,0.7996594600173154,0.7580777739508762,5,random,0.5,17,64
kNN,raw,P1,1-3,6,3275,2300,0.6356521739130435,0.6253097395756547,0.7080675947446696,0.5872439438964837,0.665622497719446,6,random,0.5,17,64
kNN,raw,P1,1-3,7,3275,3613,0.596180459451979,0.5699355190888254,0.6042429911370685,0.5718527374540644,0.5592036379828219,6,random,0.5,17,64
kNN,raw,P1,1-3,8,3275,294,0.41156462585034015,0.5538500454459708,0.48935508935508937,0.35525335082900433,0.36277972359769234,6,random,0.5,17,64
kNN,raw,P1,1-3,9,3275,470,0.574468085106383,0.4868710032484647,0.5782750582750583,0.5059400724607718,0.49685850351575195,6,random,0.5,17,64
kNN,raw,P1,1-3,10,3275,3600,0.48694444444444446,0.4981399808307439,0.48694444444444446,0.47892453308734684,0.4789245330873468,6,random,0.5,17,64
SVM,raw,P1,1-3,4,3275,161,0.8881987577639752,0.941012145748988,0.8936191860465115,0.9075360943630804,0.8832487124024871,5,random,0.5,18,64
SVM,raw,P1,1-3,5,3275,197,0.9644670050761421,0.962197882821507,0.963015873015873,0.9621692675069626,0.9644661427133739,5,random,0.5,18,64
SVM,raw,P1,1-3,6,3275,2300,0.7126086956521739,0.6380134520485398,0.766361213732241,0.6283607491031333,0.7144966971707487,6,random,0.5,18,64
SVM,raw,P1,1-3,7,3275,3613,0.6570716855798505,0.6482520505992754,0.6569638530524864,0.6117641716372869,0.6013467220283034,6,random,0.5,18,64
SVM,raw,P1,1-3,8,3275,294,0.41156462585034015,0.36468000031956027,0.6140151515151515,0.4267734237158361,0.2908829384894875,6,random,0.5,18,64
SVM,raw,P1,1-3,9,3275,470,0.7191489361702128,0.6968495739637389,0.7665811965811966,0.6993460274095079,0.664738628800947,6,random,0.5,18,64
SVM,raw,P1,1-3,10,3275,3600,0.4027777777777778,0.5352761638540585,0.40277777777777773,0.4104416961329134,0.4104416961329135,6,random,0.5,18,64
kNN,raw,P1,1-3,4,3275,161,0.7329192546583851,0.8169172932330827,0.8231249999999999,0.773013610317604,0.7291311245868416,5,random,0.5,18,64
kNN,raw,P1,1-3,5,3275,197,0.8629441624365483,0.9106598194833488,0.8915251897860594,0.8877717575535289,0.8627425147785106,5,random,0.5,18,64
kNN,raw,P1,1-3,6,3275,2300,0.6665217391304348,0.6197121900000327,0.7307878255931181,0.5990600148611462,0.6774995992424526,6,random,0.5,18,64
kNN,raw,P1,1-3,7,3275,3613,0.626902850816496,0.6129068048193004,0.6293125512986092,0.5832817204997952,0.5696373433699112,6,random,0.5,18,64
kNN,raw,P1,1-3,8,3275,294,0.4217687074829932,0.39125713149482255,0.6282828282828282,0.4565263009109352,0.2981765702487953,6,random,0.5,18,64
kNN,raw,P1,1-3,9,3275,470,0.5808510638297872,0.49308433396751394,0.5911965811965813,0.5131909548646411,0.5006242556100723,6,random,0.5,18,64
kNN,raw,P1,1-3,10,3275,3600,0.5036111111111111,0.5031605779659749,0.5036111111111111,0.4900922645608256,0.49009226456082566,6,random,0.5,18,64
SVM,raw,P1,1-3,4,3275,161,0.8819875776397516,0.9301823708206687,0.8986143410852712,0.9073565505804311,0.8781413841764264,5,random,0.5,19,64
SVM,raw,P1,1-3,5,3275,197,0.9644670050761421,0.96495198746907,0.970952380952381,0.9668162659388028,0.9642953857639555,5,random,0.5,19,64
SVM,raw,P1,1-3,6,3275,2300,0.6982608695652174,0.6366377452966788,0.7575161071605473,0.6214125901880473,0.7046147371329374,6,random,0.5,19,64
SVM,raw,P1,1-3,7,3275,3613,0.6745087185164683,0.663789969758929,0.6753876082913214,0.6377218279291915,0.6257435298337531,6,random,0.5,19,64
SVM,raw,P1,1-3,8,3275,294,0.5476190476190477,0.6105618250212353,0.6606351981351981,0.5491864699181532,0.5391714072587531,6,random,0.5,19,64
SVM,raw,P1,1-3,9,3275,470,0.7297872340425532,0.7086312563840654,0.7769230769230769,0.7128544862854488,0.6810739191073918,6,random,0.5,19,64
SVM,raw,P1,1-3,10,3275,3600,0.44583333333333336,0.5666379058013392,0.44583333333333336,0.43528438723054413,0.435284387230544,6,random,0.5,19,64
kNN,raw,P1,1-3,4,3275,161,0.8074534161490683,0.843465909090909,0.8677083333333332,0.8226717976910389,0.8103763244428206,5,random,0.5,19,64
kNN,raw,P1,1-3,5,3275,197,0.7360406091370558,0.8321220886438278,0.813567977915804,0.7827060611306673,0.7230095887892317,5,random,0.5,19,64
kNN,raw,P1,1-3,6,3275,2300,0.6634782608695652,0.6426784965643807,0.7343267981674182,0.6075876805747691,0.6883786485236485,6,random,0.5,19,64
kNN,raw,P1,1-3,7,3275,3613,0.62330473290894,0.6128831200927137,0.626052373158476,0.5770003663303783,0.5609729838298753,6,random,0.5,19,64
kNN,raw,P1,1-3,8,3275,294,0.43537414965986393,0.5272880123985827,0.628049728049728,0.44380495705765904,0.317935931365091,6,random,0.5,19,64
kNN,raw,P1,1-3,9,3275,470,0.6872340425531915,0.6561837220007293,0.7247456914670029,0.670276270163421,0.6293496779032148,6,random,0.5,19,64
kNN,raw,P1,1-3,10,3275,3600,0.49666666666666665,0.5151450435186412,0.4966666666666666,0.4930218736716419,0.4930218736716419,6,random,0.5,19,64
SVM,raw,P1,1-3,4,3275,161,0.906832298136646,0.9620253164556962,0.9100775193798448,0.9266753000086334,0.9045490204910493,5,random,0.5,20,64
SVM,raw,P1,1-3,5,3275,197,0.9593908629441624,0.9594287773982595,0.9638095238095239,0.9607235182134813,0.9592134932274422,5,random,0.5,20,64
SVM,raw,P1,1-3,6,3275,2300,0.6969565217391305,0.6375870945516274,0.7567636454259453,0.6209396703934292,0.7050361551884258,6,random,0.5,20,64
SVM,raw,P1,1-3,7,3275,3613,0.6792139496263493,0.6678111676488884,0.6796042985841367,0.6361377847406801,0.6247718178379197,6,random,0.5,20,64
SVM,raw,P1,1-3,8,3275,294,0.42517006802721086,0.5080468556450257,0.4901320901320902,0.32754106622584767,0.3708937620949842,6,random,0.5,20,64
SVM,raw,P1,1-3,9,3275,470,0.5914893617021276,0.43473679710505736,0.5884615384615385,0.4795308548397344,0.48235628476282943,6,random,0.5,20,64
SVM,raw,P1,1-3,10,3275,3600,0.47,0.564239519445009,0.47000000000000003,0.4505545347035181,0.4505545347035181,6,random,0.5,20,64
kNN,raw,P1,1-3,4,3275,161,0.7515527950310559,0.845021645021645,0.8395833333333332,0.802108843537415,0.7504647821861664,5,random,0.5,20,64
kNN,raw,P1,1-3,5,3275,197,0.7614213197969543,0.8616214859437751,0.8284817115251897,0.8054533687868428,0.7482802112727505,5,random,0.5,20,64
kNN,raw,P1,1-3,6,3275,2300,0.6778260869565217,0.6356574172532564,0.7434027057581774,0.6112584643150387,0.6995312426761586,6,random,0.5,20,64
kNN,raw,P1,1-3,7,3275,3613,0.5864932189316358,0.5794492233196574,0.5979762459375285,0.5375463509285693,0.538820269172216,6,random,0.5,20,64
kNN,raw,P1,1-3,8,3275,294,0.23469387755102042,0.49317720496064443,0.3355089355089355,0.21977351307423357,0.15104353830844508,6,random,0.5,20,64
kNN,raw,P1,1-3,9,3275,470,0.5638297872340425,0.44211830878497543,0.5538769791228808,0.4716330612068189,0.47023436966378923,6,random,0.5,20,64
kNN,raw,P1,1-3,10,3275,3600,0.5230555555555556,0.49505654080452005,0.5230555555555556,0.4962776858179625,0.4962776858179625,6,random,0.5,20,64
SVM,raw,P1,1-3,4,3275,161,0.7577639751552795,0.9048780487804878,0.8391666666666666,0.8367020408163265,0.7635360628723538,5,random,0.5,21,64
SVM,raw,P1,1-3,5,3275,197,0.9644670050761421,0.9701891252955083,0.963015873015873,0.9654190626468129,0.964678182781735,5,random,0.5,21,64
SVM,raw,P1,1-3,6,3275,2300,0.6630434782608695,0.622795111296016,0.7273287112602039,0.6006869603836649,0.6818892296871276,6,random,0.5,21,64
SVM,raw,P1,1-3,7,3275,3613,0.6875172986437863,0.6512875889607411,0.6880248374129682,0.6567951689989049,0.6456883197909355,6,random,0.5,21,64
SVM,raw,P1,1-3,8,3275,294,0.608843537414966,0.6033129904097646,0.6598193473193473,0.5683898413579183,0.6082266780289504,6,random,0.5,21,64
SVM,raw,P1,1-3,9,3275,470,0.7489361702127659,0.6776106071408083,0.7962393162393163,0.7189121658794316,0.6797908814484211,6,random,0.5,21,64
SVM,raw,P1,1-3,10,3275,3600,0.4225,0.4728554787396051,0.42250000000000004,0.4066823553182801,0.4066823553182801,6,random,0.5,21,64
kNN,raw,P1,1-3,4,3275,161,0.7142857142857143,0.8058212058212059,0.785140503875969,0.7378061891084137,0.7168088503222618,5,random,0.5,21,64
kNN,raw,P1,1-3,5,3275,197,0.8274111675126904,0.890044270799366,0.8709868875086265,0.8621200005513732,0.8252015457051786,5,random,0.5,21,64
kNN,raw,P1,1-3,6,3275,2300,0.6260869565217392,0.6219476253455261,0.6995984226061266,0.577563787687656,0.652916522861533,6,random,0.5,21,64
kNN,raw,P1,1-3,7,3275,3613,0.6075283697758096,0.5943246787524643,0.6126035341043542,0.5853055867314071,0.5677825322276862,6,random,0.5,21,64
kNN,raw,P1,1-3,8,3275,294,0.7755102040816326,0.6973264787711287,0.7282051282051282,0.6813492814112184,0.7804930676073238,6,random,0.5,21,64
kNN,raw,P1,1-3,9,3275,470,0.6106382978723405,0.5523099415204679,0.6217065994115174,0.544224778336928,0.5327550361748016,6,random,0.5,21,64
kNN,raw,P1,1-3,10,3275,3600,0.4625,0.46856350617142,0.4625000000000001,0.44534300390243375,0.44534300390243375,6,random,0.5,21,64
SVM,raw,P1,1-3,4,3275,161,0.7577639751552795,0.9048780487804878,0.8427083333333332,0.8390141414141414,0.7629597841771755,5,random,0.5,22,64
SVM,raw,P1,1-3,5,3275,197,0.9593908629441624,0.9660546139359699,0.9598412698412698,0.9616082968593279,0.9594929807800957,5,random,0.5,22,64
SVM,raw,P1,1-3,6,3275,2300,0.6934782608695652,0.6319161385630081,0.7507649070198578,0.6182766139849213,0.7032521214396419,6,random,0.5,22,64
SVM,raw,P1,1-3,7,3275,3613,0.7049543315804041,0.663291429455926,0.7045369965523657,0.6707817338270914,0.6610508110201294,6,random,0.5,22,64
SVM,raw,P1,1-3,8,3275,294,0.5782312925170068,0.6044407894736842,0.6651223776223777,0.5643005129737536,0.5764134678225092,6,random,0.5,22,64
SVM,raw,P1,1-3,9,3275,470,0.7425531914893617,0.7036718352507827,0.7897435897435897,0.7204961472560604,0.6894791739310517,6,random,0.5,22,64
SVM,raw,P1,1-3,10,3275,3600,0.43583333333333335,0.4769113340739038,0.43583333333333335,0.4239693662827562,0.4239693662827563,6,random,0.5,22,64
kNN,raw,P1,1-3,4,3275,161,0.7453416149068323,0.8135265700483092,0.8329166666666665,0.7705259026687598,0.7458133038212896,5,random,0.5,22,64
kNN,raw,P1,1-3,5,3275,197,0.8324873096446701,0.8958286265837219,0.8781297446514837,0.8674302458616184,0.8302315410905041,5,random,0.5,22,64
kNN,raw,P1,1-3,6,3275,2300,0.6413043478260869,0.6312214742280237,0.7120795345305488,0.5920400007424712,0.672552458074232,6,random,0.5,22,64
kNN,raw,P1,1-3,7,3275,3613,0.6257957376141711,0.609466923836225,0.6294770487293725,0.6011063923538598,0.5858208864873617,6,random,0.5,22,64
kNN,raw,P1,1-3,8,3275,294,0.7074829931972789,0.6338082573454914,0.6420454545454546,0.5853318533976396,0.7084486100985766,6,random,0.5,22,64
kNN,raw,P1,1-3,9,3275,470,0.597872340425532,0.5006723926178153,0.6081196581196581,0.5292055901965821,0.5183837576207786,6,random,0.5,22,64
kNN,raw,P1,1-3,10,3275,3600,0.4791666666666667,0.4737498783974637,0.47916666666666674,0.4640654327229528,0.4640654327229529,6,random,0.5,22,64
SVM,raw,P1,1-3,4,3275,161,0.8944099378881988,0.9464102564102564,0.9002858527131782,0.9148306423909309,0.8909465275214383,5,random,0.5,23,64
SVM,raw,P1,1-3,5,3275,197,0.9593908629441624,0.9594287773982595,0.9638095238095239,0.9607235182134813,0.9592134932274422,5,random,0.5,23,64
SVM,raw,P1,1-3,6,3275,2300,0.7204347826086956,0.6386076074517956,0.7715917365133659,0.6318321249165333,0.7189313500956033,6,random,0.5,23,64
SVM,raw,P1,1-3,7,3275,3613,0.6958206476612233,0.6564723551972987,0.6956278498903486,0.6572898542910871,0.64689519017598,6,random,0.5,23,64
SVM,raw,P1,1-3,8,3275,294,0.564625850340136,0.606795665394921,0.6634615384615384,0.5569524882024882,0.5604377883714619,6,random,0.5,23,64
SVM,raw,P1,1-3,9,3275,470,0.7212765957446808,0.6446597974882646,0.7681196581196582,0.6881691833342777,0.6495912446971258,6,random,0.5,23,64
SVM,raw,P1,1-3,10,3275,3600,0.43,0.5361470236850266,0.43,0.4335641154619531,0.4335641154619531,6,random,0.5,23,64
kNN,raw,P1,1-3,4,3275,161,0.7515527950310559,0.8268991282689914,0.8395833333333332,0.7882278428612824,0.7500500735740858,5,random,0.5,23,64
kNN,raw,P1,1-3,5,3275,197,0.7766497461928934,0.856156862745098,0.8344858523119394,0.8173240352280328,0.7729831489232224,5,random,0.5,23,64
kNN,raw,P1,1-3,6,3275,2300,0.6795652173913044,0.6435185919750429,0.7419430267163433,0.6166744122060454,0.7030406019571563,6,random,0.5,23,64
kNN,raw,P1,1-3,7,3275,3613,0.6302241904234708,0.6077880110967383,0.6343503738733373,0.5882894528485368,0.581004826595453,6,random,0.5,23,64
kNN,raw,P1,1-3,8,3275,294,0.32653061224489793,0.5428571428571428,0.4632187257187257,0.2910859267244596,0.2096807484138731,6,random,0.5,23,64
kNN,raw,P1,1-3,9,3275,470,0.6212765957446809,0.6346609976557872,0.6364656654820589,0.5975388297581107,0.5645213017315838,6,random,0.5,23,64
kNN,raw,P1,1-3,10,3275,3600,0.49472222222222223,0.49453439326548027,0.49472222222222223,0.47956873675880346,0.47956873675880346,6,random,0.5,23,64
SVM,raw,P1,1-3,4,3275,161,0.8074534161490683,0.9082844096542727,0.8677083333333332,0.8658862707184067,0.8127203381738016,5,random,0.5,24,64
SVM,raw,P1,1-3,5,3275,197,0.9644670050761421,0.9703533378066543,0.970952380952381,0.9697568418015757,0.9641834349062357,5,random,0.5,24,64
SVM,raw,P1,1-3,6,3275,2300,0.6952173913043478,0.6393666337885167,0.7562518397476213,0.620563003913407,0.703179702480132,6,random,0.5,24,64
SVM,raw,P1,1-3,7,3275,3613,0.6963742042623858,0.6740723903795404,0.6943584482055392,0.6602160694486415,0.6509485105598882,6,random,0.5,24,64
SVM,raw,P1,1-3,8,3275,294,0.6156462585034014,0.6237039884041988,0.6730477855477855,0.590954821135378,0.6266474100700823,6,random,0.5,24,64
SVM,raw,P1,1-3,9,3275,470,0.7468085106382979,0.7119424829000431,0.7941880341880342,0.7258472090946538,0.6960539665174903,6,random,0.5,24,64
SVM,raw,P1,1-3,10,3275,3600,0.45944444444444443,0.5333279940891276,0.4594444444444445,0.44091359944685404,0.440913599446854,6,random,0.5,24,64
kNN,raw,P1,1-3,4,3275,161,0.7577639751552795,0.8228571428571427,0.8427083333333332,0.7869598641280058,0.7576285029151516,5,random,0.5,24,64
kNN,raw,P1,1-3,5,3275,197,0.7411167512690355,0.8266596417281349,0.8143961352657006,0.7860724341078684,0.733535155444985,5,random,0.5,24,64
kNN,raw,P1,1-3,6,3275,2300,0.6595652173913044,0.6390265567844616,0.730276295840921,0.6051464748077979,0.6840470230115466,6,random,0.5,24,64
kNN,raw,P1,1-3,7,3275,3613,0.6421256573484638,0.6223736481658418,0.6425122965445546,0.6043496640193003,0.5896927593125642,6,random,0.5,24,64
kNN,raw,P1,1-3,8,3275,294,0.7551020408163265,0.6744009387616755,0.7242132867132867,0.6646247601281194,0.762255926826696,6,random,0.5,24,64
kNN,raw,P1,1-3,9,3275,470,0.6063829787234043,0.5199642625081221,0.6168376068376068,0.5425223395520425,0.5334629114700739,6,random,0.5,24,64
kNN,raw,P1,1-3,10,3275,3600,0.49277777777777776,0.49636870491279,0.4927777777777778,0.48183484517753733,0.48183484517753744,6,random,0.5,24,64
SVM,raw,P1,1-3,4,3275,161,0.9006211180124224,0.9461538461538461,0.9069525193798448,0.9171191097200486,0.8984746050106328,5,random,0.5,25,64
SVM,raw,P1,1-3,5,3275,197,0.9644670050761421,0.96495198746907,0.970952380952381,0.9668162659388028,0.9642953857639555,5,random,0.5,25,64
SVM,raw,P1,1-3,6,3275,2300,0.6917391304347826,0.6357452603372071,0.7529137600374551,0.6183497297809754,0.7007589731664386,6,random,0.5,25,64
SVM,raw,P1,1-3,7,3275,3613,0.6537503459728757,0.6509637966171664,0.6549615343045584,0.6125446331600438,0.598769659792189,6,random,0.5,25,64
SVM,raw,P1,1-3,8,3275,294,0.4965986394557823,0.6015625,0.6401515151515151,0.512592575267606,0.46666749402316576,6,random,0.5,25,64
SVM,raw,P1,1-3,9,3275,470,0.725531914893617,0.7053379882614855,0.7727350427350427,0.7088089340006355,0.6775789521259894,6,random,0.5,25,64
SVM,raw,P1,1-3,10,3275,3600,0.4111111111111111,0.5281442572204728,0.41111111111111115,0.4114320908108502,0.4114320908108502,6,random,0.5,25,64
kNN,raw,P1,1-3,4,3275,161,0.7453416149068323,0.8253071253071254,0.8329166666666665,0.7820625686171905,0.743794380309856,5,random,0.5,25,64
kNN,raw,P1,1-3,5,3275,197,0.8071065989847716,0.8768719512195122,0.8610835058661145,0.8443880800169641,0.8015573855444923,5,random,0.5,25,64
kNN,raw,P1,1-3,6,3275,2300,0.6147826086956522,0.625987943478178,0.6955368869632798,0.5791996394363784,0.6522504762420871,6,random,0.5,25,64
kNN,raw,P1,1-3,7,3275,3613,0.5889842236368669,0.5860542943358856,0.5942639078775742,0.5551126717275084,0.5363494355094791,6,random,0.5,25,64
kNN,raw,P1,1-3,8,3275,294,0.42857142857142855,0.5122095369889869,0.6197163947163947,0.4494112498625343,0.3209609965215008,6,random,0.5,25,64
kNN,raw,P1,1-3,9,3275,470,0.6170212765957447,0.6135408151055257,0.6363682219419924,0.5845599272017713,0.5606340164454696,6,random,0.5,25,64
kNN,raw,P1,1-3,10,3275,3600,0.5008333333333334,0.5031570248623821,0.5008333333333334,0.49083667722798513,0.49083667722798513,6,random,0.5,25,64
SVM,raw,P1,1-3,4,3275,161,0.9192546583850931,0.9609679446888748,0.9209060077519379,0.9333063700707787,0.9157439913583582,5,random,0.5,26,64
SVM,raw,P1,1-3,5,3275,197,0.9644670050761421,0.963099531193653,0.9697791580400276,0.9652507830614653,0.9646613258732648,5,random,0.5,26,64
SVM,raw,P1,1-3,6,3275,2300,0.6960869565217391,0.6344695800830626,0.7546795008138675,0.620079263269541,0.7039650365756756,6,random,0.5,26,64
SVM,raw,P1,1-3,7,3275,3613,0.6703570440077498,0.6603261031094226,0.6718734941224779,0.6364022457380006,0.6242304390531487,6,random,0.5,26,64
SVM,raw,P1,1-3,8,3275,294,0.5238095238095238,0.5982561345464571,0.6365870240870241,0.5219981219859556,0.513722601461672,6,random,0.5,26,64
SVM,raw,P1,1-3,9,3275,470,0.7191489361702128,0.680700314485455,0.7663247863247863,0.6942589144564316,0.6627742988225109,6,random,0.5,26,64
SVM,raw,P1,1-3,10,3275,3600,0.445,0.5404747709326362,0.445,0.4372330815932243,0.4372330815932243,6,random,0.5,26,64
kNN,raw,P1,1-3,4,3275,161,0.7577639751552795,0.8061763907734057,0.8427083333333332,0.7813536613536614,0.7560957387044344,5,random,0.5,26,64
kNN,raw,P1,1-3,5,3275,197,0.7258883248730964,0.8142592592592592,0.7917322291235335,0.769834823016331,0.7232890694733858,5,random,0.5,26,64
kNN,raw,P1,1-3,6,3275,2300,0.6104347826086957,0.6243753542554265,0.6926663678040955,0.5760454814103447,0.6476950792459697,6,random,0.5,26,64
kNN,raw,P1,1-3,7,3275,3613,0.5964572377525602,0.6063404385943795,0.6014895552297125,0.562723436657816,0.5434429186650983,6,random,0.5,26,64
kNN,raw,P1,1-3,8,3275,294,0.46598639455782315,0.5860592701181448,0.6284285159285159,0.48290342658783936,0.41375062933796924,6,random,0.5,26,64
kNN,raw,P1,1-3,9,3275,470,0.6042553191489362,0.5629267715858273,0.6175928261174163,0.5545239338378022,0.5394810396570205,6,random,0.5,26,64
kNN,raw,P1,1-3,10,3275,3600,0.5063888888888889,0.4795702533121407,0.5063888888888889,0.48455743485277153,0.48455743485277153,6,random,0.5,26,64
SVM,raw,P1,1-3,4,3275,161,0.84472049689441,0.9154202898550725,0.8732703488372092,0.8831554693184576,0.8415953227086951,5,random,0.5,27,64
SVM,raw,P1,1-3,5,3275,197,0.9593908629441624,0.9594287773982595,0.9638095238095239,0.9607235182134813,0.9592134932274422,5,random,0.5,27,64
SVM,raw,P1,1-3,6,3275,2300,0.6773913043478261,0.6327331019634513,0.7424933986640166,0.6116502931000385,0.6923290497136168,6,random,0.5,27,64
SVM,raw,P1,1-3,7,3275,3613,0.650429006365901,0.6428066591356663,0.6520252124302924,0.6143111413814055,0.6003608710390897,6,random,0.5,27,64
SVM,raw,P1,1-3,8,3275,294,0.5136054421768708,0.5934050121550122,0.631575369075369,0.5148586978332192,0.4974139018935963,6,random,0.5,27,64
SVM,raw,P1,1-3,9,3275,470,0.7361702127659574,0.6699595367005596,0.7833333333333333,0.7071214001701378,0.6682279517810762,6,random,0.5,27,64
SVM,raw,P1,1-3,10,3275,3600,0.4288888888888889,0.5544644071828123,0.4288888888888889,0.4208386687300416,0.42083866873004155,6,random,0.5,27,64
kNN,raw,P1,1-3,4,3275,161,0.7329192546583851,0.7998256510842323,0.8095833333333333,0.7505900621118012,0.7338204820140317,5,random,0.5,27,64
kNN,raw,P1,1-3,5,3275,197,0.7208121827411168,0.8120138431114041,0.7965562456866805,0.7667069994364557,0.7111761781955361,5,random,0.5,27,64
kNN,raw,P1,1-3,6,3275,2300,0.6065217391304348,0.6205932984279876,0.6897480798663523,0.572095499349579,0.6428118258672468,6,random,0.5,27,64
kNN,raw,P1,1-3,7,3275,3613,0.5992250207583726,0.5931068033380922,0.6043162538524068,0.5691729983468,0.5516892493398765,6,random,0.5,27,64
kNN,raw,P1,1-3,8,3275,294,0.6428571428571429,0.6079229054838811,0.6797494172494173,0.5960180600897069,0.6470728135021379,6,random,0.5,27,64
kNN,raw,P1,1-3,9,3275,470,0.597872340425532,0.5019004110872128,0.6081196581196581,0.5299167468217172,0.5192916171422278,6,random,0.5,27,64
kNN,raw,P1,1-3,10,3275,3600,0.4791666666666667,0.4858725063085605,0.4791666666666667,0.4696395123305542,0.46963951233055423,6,random,0.5,27,64
SVM,raw,P1,1-3,4,3275,161,0.9006211180124224,0.952014652014652,0.9069525193798448,0.9219818548180878,0.8985330631765078,5,random,0.5,28,64
SVM,raw,P1,1-3,5,3275,197,0.9593908629441624,0.9594287773982595,0.9638095238095239,0.9607235182134813,0.9592134932274422,5,random,0.5,28,64
SVM,raw,P1,1-3,6,3275,2300,0.7,0.6391689693304019,0.7591052552156611,0.6229186371208216,0.7065970902969413,6,random,0.5,28,64
SVM,raw,P1,1-3,7,3275,3613,0.683642402435649,0.6648717961369831,0.684145515020917,0.6473993069396656,0.6360496760883637,6,random,0.5,28,64
SVM,raw,P1,1-3,8,3275,294,0.5238095238095238,0.5929832444285709,0.6308080808080808,0.5226536119469501,0.5165191415479722,6,random,0.5,28,64
SVM,raw,P1,1-3,9,3275,470,0.7191489361702128,0.6968447345306613,0.7661538461538462,0.700157972265825,0.668161950648536,6,random,0.5,28,64
SVM,raw,P1,1-3,10,3275,3600,0.4444444444444444,0.5356545346471875,0.4444444444444444,0.4345742793759042,0.43457427937590426,6,random,0.5,28,64
kNN,raw,P1,1-3,4,3275,161,0.7515527950310559,0.8115079365079365,0.8395833333333332,0.7701305702383869,0.756772734556465,5,random,0.5,28,64
kNN,raw,P1,1-3,5,3275,197,0.751269035532995,0.8325551770089025,0.8150931677018634,0.7928481166045666,0.7458458268011264,5,random,0.5,28,64
kNN,raw,P1,1-3,6,3275,2300,0.6782608695652174,0.6428125167860405,0.7430038918288716,0.6154760034279994,0.7003808764379648,6,random,0.5,28,64
kNN,raw,P1,1-3,7,3275,3613,0.6188762800996402,0.5834938921937189,0.6241747449237881,0.5703776245098658,0.5654467049724714,6,random,0.5,28,64
kNN,raw,P1,1-3,8,3275,294,0.336734693877551,0.5112741361788619,0.4710081585081585,0.33227090512423196,0.24933478893534797,6,random,0.5,28,64
kNN,raw,P1,1-3,9,3275,470,0.6148936170212767,0.6182343884595655,0.6359621435031272,0.6010274106147673,0.5633644916099222,6,random,0.5,28,64
kNN,raw,P1,1-3,10,3275,3600,0.5047222222222222,0.49638487664832387,0.5047222222222222,0.4866501745715747,0.4866501745715747,6,random,0.5,28,64
SVM,raw,P1,1-3,4,3275,161,0.8695652173913043,0.9346389228886169,0.8842441860465116,0.8981727574750831,0.8655723158828749,5,random,0.5,29,64
SVM,raw,P1,1-3,5,3275,197,0.9644670050761421,0.962197882821507,0.963015873015873,0.9621692675069626,0.9644661427133739,5,random,0.5,29,64
SVM,raw,P1,1-3,6,3275,2300,0.66,0.6261643145228537,0.7259942392916062,0.6013102903363355,0.6827516634547864,6,random,0.5,29,64
SVM,raw,P1,1-3,7,3275,3613,0.6615001383891503,0.655898354473851,0.6627428183365259,0.6399665248318028,0.6272523688157364,6,random,0.5,29,64
SVM,raw,P1,1-3,8,3275,294,0.5306122448979592,0.5926691729323308,0.6237276612276612,0.5137479869829231,0.5242467445288318,6,random,0.5,29,64
SVM,raw,P1,1-3,9,3275,470,0.7127659574468085,0.6711796187844091,0.751872571872572,0.6875139426813094,0.6533905470167218,6,random,0.5,29,64
SVM,raw,P1,1-3,10,3275,3600,0.42,0.4968904970511026,0.42,0.4218544800935819,0.42185448009358184,6,random,0.5,29,64
kNN,raw,P1,1-3,4,3275,161,0.7080745341614907,0.7978571428571428,0.7835416666666667,0.7236477960790956,0.7108610572918708,5,random,0.5,29,64
kNN,raw,P1,1-3,5,3275,197,0.766497461928934,0.8341833077316949,0.8218219461697723,0.8023414167946752,0.7628393513127351,5,random,0.5,29,64
kNN,raw,P1,1-3,6,3275,2300,0.6308695652173913,0.6194257163182199,0.7060413685181476,0.5859926673593824,0.6628723977588393,6,random,0.5,29,64
kNN,raw,P1,1-3,7,3275,3613,0.618599501799059,0.6133981173867501,0.6235522782453401,0.5946632587306322,0.5799999699495851,6,random,0.5,29,64
kNN,raw,P1,1-3,8,3275,294,0.7108843537414966,0.6378217953848205,0.6635489510489511,0.6088278705492766,0.7183363637496654,6,random,0.5,29,64
kNN,raw,P1,1-3,9,3275,470,0.6212765957446809,0.6050997163451264,0.6364733081126523,0.5738475310631289,0.5555940601979782,6,random,0.5,29,64
kNN,raw,P1,1-3,10,3275,3600,0.45222222222222225,0.4663491460214304,0.45222222222222214,0.43037673122782644,0.4303767312278264,6,random,0.5,29,64
SVM,raw,P1,1-3,4,3275,161,0.8695652173913043,0.926217870257038,0.8842441860465116,0.8963448320603128,0.8651715210415011,5,random,0.5,30,64
SVM,raw,P1,1-3,5,3275,197,0.9593908629441624,0.9594287773982595,0.9638095238095239,0.9607235182134813,0.9592134932274422,5,random,0.5,30,64
SVM,raw,P1,1-3,6,3275,2300,0.6960869565217391,0.638650671183639,0.7563039823281668,0.6211020788718452,0.7043557763329066,6,random,0.5,30,64
SVM,raw,P1,1-3,7,3275,3613,0.6913921948519236,0.6632045289096886,0.6908317967193808,0.65289603701559,0.6421537234164622,6,random,0.5,30,64
SVM,raw,P1,1-3,8,3275,294,0.5612244897959183,0.6072107505735824,0.6652972027972028,0.5527434196897787,0.5536955564568049,6,random,0.5,30,64
SVM,raw,P1,1-3,9,3275,470,0.7404255319148936,0.6590124714634509,0.7876068376068376,0.7045651593970922,0.6668763249980844,6,random,0.5,30,64
SVM,raw,P1,1-3,10,3275,3600,0.4255555555555556,0.5394058243502026,0.4255555555555555,0.43994015096433864,0.43994015096433864,6,random,0.5,30,64
kNN,raw,P1,1-3,4,3275,161,0.7391304347826086,0.8205640423031728,0.8262499999999999,0.7729269143554858,0.7375377161535103,5,random,0.5,30,64
kNN,raw,P1,1-3,5,3275,197,0.7614213197969543,0.8445406445406445,0.8221670117322292,0.8007242950772907,0.7520777173145347,5,random,0.5,30,64
kNN,raw,P1,1-3,6,3275,2300,0.6304347826086957,0.629015095847881,0.7068283284760911,0.5876359239586489,0.6641346959560945,6,random,0.5,30,64
kNN,raw,P1,1-3,7,3275,3613,0.617492388596734,0.6051872732077889,0.6214869234718333,0.5854824672526928,0.5696746311282358,6,random,0.5,30,64
kNN,raw,P1,1-3,8,3275,294,0.5102040816326531,0.5601023914720528,0.6564685314685315,0.5155758847574705,0.4577165983450236,6,random,0.5,30,64
kNN,raw,P1,1-3,9,3275,470,0.6063829787234043,0.5708952848023723,0.6178576432674793,0.5438310237581248,0.5311374490519952,6,random,0.5,30,64
kNN,raw,P1,1-3,10,3275,3600,0.5136111111111111,0.508807484710604,0.5136111111111111,0.5011221227687223,0.5011221227687221,6,random,0.5,30,64
SVM,raw,P1,1-3,4,3275,161,0.7453416149068323,0.8940906483075158,0.8364583333333332,0.8294531558327798,0.7479814277421711,5,random,0.5,31,64
SVM,raw,P1,1-3,5,3275,197,0.9695431472081218,0.9742295293359122,0.9701587301587302,0.9714310027764,0.9696331340490183,5,random,0.5,31,64
SVM,raw,P1,1-3,6,3275,2300,0.721304347826087,0.6363954854235474,0.770941788792418,0.6314182488573228,0.719098187242877,6,random,0.5,31,64
SVM,raw,P1,1-3,7,3275,3613,0.6969277608635484,0.6699913172746145,0.6964521023343386,0.6610363041879187,0.6507132397996235,6,random,0.5,31,64
SVM,raw,P1,1-3,8,3275,294,0.5476190476190477,0.6079606575502609,0.6541278166278167,0.5428945461538665,0.540467317111125,6,random,0.5,31,64
SVM,raw,P1,1-3,9,3275,470,0.7510638297872341,0.7092172322440704,0.7988034188034189,0.7280252740779057,0.6953055111509759,6,random,0.5,31,64
SVM,raw,P1,1-3,10,3275,3600,0.43777777777777777,0.5051979796841838,0.43777777777777777,0.4253936419418313,0.42539364194183127,6,random,0.5,31,64
kNN,raw,P1,1-3,4,3275,161,0.7142857142857143,0.7886580086580086,0.8132025193798448,0.7403549524488622,0.7326782846661797,5,random,0.5,31,64
kNN,raw,P1,1-3,5,3275,197,0.868020304568528,0.9248155600268276,0.8958730158730159,0.8955217102585523,0.8694480789591663,5,random,0.5,31,64
kNN,raw,P1,1-3,6,3275,2300,0.6417391304347826,0.6352270060793036,0.7130098418402152,0.5945923995800685,0.6749805554467257,6,random,0.5,31,64
kNN,raw,P1,1-3,7,3275,3613,0.6141710489897592,0.6206317893194369,0.6178843191213339,0.580266307645329,0.5631470837257736,6,random,0.5,31,64
kNN,raw,P1,1-3,8,3275,294,0.6496598639455783,0.678613827665061,0.6793026418026419,0.6250713237952202,0.6767540840747965,6,random,0.5,31,64
kNN,raw,P1,1-3,9,3275,470,0.6106382978723405,0.5276057854182854,0.6214529914529915,0.5451804679207933,0.5355706365161984,6,random,0.5,31,64
kNN,raw,P1,1-3,10,3275,3600,0.5205555555555555,0.5072058837310166,0.5205555555555555,0.5016456592842056,0.5016456592842056,6,random,0.5,31,64
SVM,raw,P1,1-3,4,3275,161,0.9006211180124224,0.952014652014652,0.9069525193798448,0.9219818548180878,0.8985330631765078,5,random,0.5,32,64
SVM,raw,P1,1-3,5,3275,197,0.9593908629441624,0.9594287773982595,0.9638095238095239,0.9607235182134813,0.9592134932274422,5,random,0.5,32,64
SVM,raw,P1,1-3,6,3275,2300,0.7078260869565217,0.6447564982477604,0.7638822374760422,0.629081723835783,0.7159722547730833,6,random,0.5,32,64
SVM,raw,P1,1-3,7,3275,3613,0.6734016053141434,0.666213655202903,0.6732926826752966,0.63352677949002,0.621185700099885,6,random,0.5,32,64
SVM,raw,P1,1-3,8,3275,294,0.5578231292517006,0.6086634460547504,0.6620143745143746,0.5494219990083761,0.5507401230151557,6,random,0.5,32,64
SVM,raw,P1,1-3,9,3275,470,0.7553191489361702,0.7148368606701941,0.8029914529914531,0.7330970508041518,0.7006169056321261,6,random,0.5,32,64
SVM,raw,P1,1-3,10,3275,3600,0.43222222222222223,0.541743617289783,0.4322222222222223,0.4315237973433042,0.4315237973433042,6,random,0.5,32,64
kNN,raw,P1,1-3,4,3275,161,0.7515527950310559,0.7714795008912656,0.8395833333333332,0.75542425005434,0.7469925667866578,5,random,0.5,32,64
kNN,raw,P1,1-3,5,3275,197,0.8020304568527918,0.8588598739248262,0.8492477570738439,0.8361356410631773,0.8023966507892059,5,random,0.5,32,64
kNN,raw,P1,1-3,6,3275,2300,0.67,0.6337634471038124,0.7365815956316005,0.6076188587771598,0.687002676941181,6,random,0.5,32,64
kNN,raw,P1,1-3,7,3275,3613,0.6329919734292832,0.6211013669328537,0.6351527919461216,0.5940611695752186,0.5778190730042488,6,random,0.5,32,64
kNN,raw,P1,1-3,8,3275,294,0.6564625850340136,0.6709536610343062,0.690413752913753,0.6294350548909396,0.6787241616164169,6,random,0.5,32,64
kNN,raw,P1,1-3,9,3275,470,0.6085106382978723,0.5257022881388247,0.6197407874457054,0.5387600155965974,0.5306475625876563,6,random,0.5,32,64
kNN,raw,P1,1-3,10,3275,3600,0.4930555555555556,0.4927165845332082,0.4930555555555555,0.48058913307296364,0.48058913307296364,6,random,0.5,32,64
SVM,raw,P1,1-3,4,3275,161,0.8944099378881988,0.9515384615384616,0.9002858527131782,0.9156993596692029,0.8908542390852099,5,random,0.5,33,64
SVM,raw,P1,1-3,5,3275,197,0.9644670050761421,0.96495198746907,0.970952380952381,0.9668162659388028,0.9642953857639555,5,random,0.5,33,64
SVM,raw,P1,1-3,6,3275,2300,0.6947826086956522,0.6365660036895753,0.7546912724190435,0.6200766354539735,0.7034330533309887,6,random,0.5,33,64
SVM,raw,P1,1-3,7,3275,3613,0.6778300581234431,0.6676153737271368,0.6783921781903692,0.6417689221160224,0.6301708374327305,6,random,0.5,33,64
SVM,raw,P1,1-3,8,3275,294,0.5034013605442177,0.597200545026632,0.6348096348096349,0.5162803187370419,0.48079632772350567,6,random,0.5,33,64
SVM,raw,P1,1-3,9,3275,470,0.6957446808510638,0.658174512202253,0.7415850815850816,0.6678501356423885,0.6364499568980041,6,random,0.5,33,64
SVM,raw,P1,1-3,10,3275,3600,0.42833333333333334,0.5212393157148701,0.4283333333333334,0.4301111290505535,0.43011112905055343,6,random,0.5,33,64
kNN,raw,P1,1-3,4,3275,161,0.7329192546583851,0.8162162162162161,0.8095833333333333,0.760421738372049,0.7328774021224158,5,random,0.5,33,64
kNN,raw,P1,1-3,5,3275,197,0.7258883248730964,0.8172973898160034,0.7940786749482401,0.7693736944135667,0.7182200707245436,5,random,0.5,33,64
kNN,raw,P1,1-3,6,3275,2300,0.6513043478260869,0.6388493468535663,0.7255156044082289,0.6009160583134806,0.6794920572045224,6,random,0.5,33,64
kNN,raw,P1,1-3,7,3275,3613,0.6042070301688348,0.6061744141622805,0.6098812239810161,0.5547479805958474,0.5478245965981543,6,random,0.5,33,64
kNN,raw,P1,1-3,8,3275,294,0.35034013605442177,0.34429603494623656,0.5125000000000001,0.33211557945600495,0.22123370429927097,6,random,0.5,33,64
kNN,raw,P1,1-3,9,3275,470,0.6702127659574468,0.649958645443196,0.7072681416943712,0.6558865287687743,0.6124096982675716,6,random,0.5,33,64
kNN,raw,P1,1-3,10,3275,3600,0.4708333333333333,0.4872806758590354,0.4708333333333334,0.4675629919968603,0.4675629919968603,6,random,0.5,33,64
SVM,raw,P1,1-3,4,3275,161,0.7391304347826086,0.9011764705882352,0.7991666666666667,0.8101931818181818,0.7477000988142293,5,random,0.5,34,64
SVM,raw,P1,1-3,5,3275,197,0.9543147208121827,0.962189879636453,0.9526984126984127,0.9555061670600141,0.9544898075755862,5,random,0.5,34,64
SVM,raw,P1,1-3,6,3275,2300,0.681304347826087,0.6354838354111189,0.744934752019922,0.6143928956480823,0.6966044814004748,6,random,0.5,34,64
SVM,raw,P1,1-3,7,3275,3613,0.6307777470246333,0.6477671065656011,0.6318626433407141,0.5984809655889168,0.5839743598873999,6,random,0.5,34,64
SVM,raw,P1,1-3,8,3275,294,0.4217687074829932,0.5308641975308641,0.5996017871017871,0.4482602939737848,0.3463106321632645,6,random,0.5,34,64
SVM,raw,P1,1-3,9,3275,470,0.7276595744680852,0.7111171301312146,0.7688733488733489,0.7098408203284136,0.6829821738775284,6,random,0.5,34,64
SVM,raw,P1,1-3,10,3275,3600,0.39111111111111113,0.4527004293448833,0.39111111111111113,0.36779999802373725,0.3677999980237372,6,random,0.5,34,64
kNN,raw,P1,1-3,4,3275,161,0.7018633540372671,0.808860759493671,0.7804166666666668,0.7337946961769772,0.6992026717311441,5,random,0.5,34,64
kNN,raw,P1,1-3,5,3275,197,0.8121827411167513,0.8645776013092356,0.8471497584541062,0.8407234229294775,0.8124699918087172,5,random,0.5,34,64
kNN,raw,P1,1-3,6,3275,2300,0.6952173913043478,0.6326050669320168,0.754104426020362,0.6196017865454572,0.7027375638898735,6,random,0.5,34,64
kNN,raw,P1,1-3,7,3275,3613,0.6194298367008026,0.61948950076533,0.6223996390937945,0.5857075907358956,0.5693578096520724,6,random,0.5,34,64
kNN,raw,P1,1-3,8,3275,294,0.6258503401360545,0.6654707545118504,0.6651418026418027,0.6085313923549217,0.649222012037138,6,random,0.5,34,64
kNN,raw,P1,1-3,9,3275,470,0.6148936170212767,0.5730894833581882,0.6277665685862407,0.5603048089269619,0.546943138658606,6,random,0.5,34,64
kNN,raw,P1,1-3,10,3275,3600,0.44222222222222224,0.46172222694706927,0.44222222222222224,0.40405700999012945,0.40405700999012945,6,random,0.5,34,64
SVM,raw,P1,1-3,4,3275,161,0.7515527950310559,0.8948780487804878,0.8225,0.8249043478260869,0.757405347015933,5,random,0.5,35,64
SVM,raw,P1,1-3,5,3275,197,0.9543147208121827,0.9620846039565251,0.9566666666666667,0.9578136441744661,0.9543144243428983,5,random,0.5,35,64
SVM,raw,P1,1-3,6,3275,2300,0.6843478260869565,0.6344797606251207,0.7468107178266193,0.6152518487572632,0.6977449709004399,6,random,0.5,35,64
SVM,raw,P1,1-3,7,3275,3613,0.6758926100193745,0.6643025502827428,0.6760031357179478,0.6430224121883376,0.6312695869744209,6,random,0.5,35,64
SVM,raw,P1,1-3,8,3275,294,0.5170068027210885,0.6047696147878298,0.6244658119658121,0.5155045953026102,0.5099646986616676,6,random,0.5,35,64
SVM,raw,P1,1-3,9,3275,470,0.7170212765957447,0.6636862176036259,0.7632090132090132,0.6859269615244395,0.6542168890558702,6,random,0.5,35,64
SVM,raw,P1,1-3,10,3275,3600,0.4311111111111111,0.4637340479102203,0.43111111111111117,0.4153436450981951,0.4153436450981951,6,random,0.5,35,64
kNN,raw,P1,1-3,4,3275,161,0.7080745341614907,0.8054655870445344,0.7835416666666667,0.7331981022073901,0.7070316123120769,5,random,0.5,35,64
kNN,raw,P1,1-3,5,3275,197,0.7918781725888325,0.8578373015873015,0.848040027605245,0.8294466155530971,0.7872104900984715,5,random,0.5,35,64
kNN,raw,P1,1-3,6,3275,2300,0.6330434782608696,0.6310729544543509,0.7079345834365158,0.5905679213807319,0.6685373309603402,6,random,0.5,35,64
kNN,raw,P1,1-3,7,3275,3613,0.6042070301688348,0.6123195683623365,0.6087343591687421,0.5784704143968068,0.5619939620000869,6,random,0.5,35,64
kNN,raw,P1,1-3,8,3275,294,0.46258503401360546,0.5606554264449001,0.5960275835275836,0.4612791444601579,0.4219599547432186,6,random,0.5,35,64
kNN,raw,P1,1-3,9,3275,470,0.6085106382978723,0.5745440146368939,0.6212708420905142,0.5529209609767726,0.5384562268193545,6,random,0.5,35,64
kNN,raw,P1,1-3,10,3275,3600,0.4677777777777778,0.47580357822391944,0.4677777777777778,0.4572127491779873,0.4572127491779873,6,random,0.5,35,64
SVM,raw,P1,1-3,4,3275,161,0.8633540372670807,0.9288888888888888,0.8675775193798451,0.8866934910569568,0.8594187768141612,5,random,0.5,36,64
SVM,raw,P1,1-3,5,3275,197,0.9593908629441624,0.9580633714619686,0.9598412698412698,0.9583585017194775,0.9592809407117345,5,random,0.5,36,64
SVM,raw,P1,1-3,6,3275,2300,0.721304347826087,0.6378097525711107,0.7712710432365922,0.632042759773136,0.7198830826331513,6,random,0.5,36,64
SVM,raw,P1,1-3,7,3275,3613,0.6974813174647108,0.6492811638354186,0.6977470412023697,0.6574689665389564,0.6488371505504764,6,random,0.5,36,64
SVM,raw,P1,1-3,8,3275,294,0.47278911564625853,0.5225256355849307,0.5148504273504274,0.3868125173183965,0.4464997263085157,6,random,0.5,36,64
SVM,raw,P1,1-3,9,3275,470,0.7042553191489361,0.6603783522566237,0.7395804195804195,0.6718888583407324,0.6457653489670656,6,random,0.5,36,64
SVM,raw,P1,1-3,10,3275,3600,0.42388888888888887,0.5185443122872186,0.4238888888888889,0.42703397783292174,0.42703397783292174,6,random,0.5,36,64
kNN,raw,P1,1-3,4,3275,161,0.6956521739130435,0.8093478260869565,0.775765503875969,0.7332059792827825,0.6947489430185475,5,random,0.5,36,64
kNN,raw,P1,1-3,5,3275,197,0.8527918781725888,0.897813075633277,0.8800345065562457,0.8760056389459143,0.8526859877798247,5,random,0.5,36,64
kNN,raw,P1,1-3,6,3275,2300,0.6326086956521739,0.6169542848168478,0.7064030778408309,0.5851917869203729,0.6622957315924249,6,random,0.5,36,64
kNN,raw,P1,1-3,7,3275,3613,0.5721007473014116,0.5527512937783968,0.5851636707366358,0.5369282020031139,0.5376567417074906,6,random,0.5,36,64
kNN,raw,P1,1-3,8,3275,294,0.35374149659863946,0.5321748303586703,0.4056138306138306,0.31148973962780296,0.32993404827007294,6,random,0.5,36,64
kNN,raw,P1,1-3,9,3275,470,0.5680851063829787,0.4845893097585467,0.5741181041181042,0.5037520470798872,0.4919555536996341,6,random,0.5,36,64
kNN,raw,P1,1-3,10,3275,3600,0.4652777777777778,0.47892063058636875,0.46527777777777773,0.4583698203609154,0.4583698203609154,6,random,0.5,36,64
SVM,raw,P1,1-3,4,3275,161,0.8695652173913043,0.9332535885167464,0.860702519379845,0.8859185805983835,0.8665158012035593,5,random,0.5,37,64
SVM,raw,P1,1-3,5,3275,197,0.9593908629441624,0.9594287773982595,0.9638095238095239,0.9607235182134813,0.9592134932274422,5,random,0.5,37,64
SVM,raw,P1,1-3,6,3275,2300,0.6952173913043478,0.6356620013207557,0.7555077937598935,0.6196940011024158,0.7021803147054714,6,random,0.5,37,64
SVM,raw,P1,1-3,7,3275,3613,0.658732355383338,0.6566253336566096,0.6603032002067596,0.6203502866949624,0.6068849238050104,6,random,0.5,37,64
SVM,raw,P1,1-3,8,3275,294,0.5068027210884354,0.6029736789230461,0.6496503496503496,0.5211442696736813,0.4768575439943987,6,random,0.5,37,64
SVM,raw,P1,1-3,9,3275,470,0.7361702127659574,0.7075288113518998,0.7835897435897436,0.716948103118316,0.6847345275819698,6,random,0.5,37,64
SVM,raw,P1,1-3,10,3275,3600,0.43166666666666664,0.5472812641727265,0.4316666666666667,0.4253603991187229,0.425360399118723,6,random,0.5,37,64
kNN,raw,P1,1-3,4,3275,161,0.7018633540372671,0.7910267471958585,0.774312015503876,0.7165936920222634,0.7194239389714101,5,random,0.5,37,64
kNN,raw,P1,1-3,5,3275,197,0.7563451776649747,0.8269617189417631,0.8131262939958592,0.7939790108866825,0.7549589506528511,5,random,0.5,37,64
kNN,raw,P1,1-3,6,3275,2300,0.6517391304347826,0.6280395223495093,0.7220276110502629,0.5973792421776523,0.6750640257444634,6,random,0.5,37,64
kNN,raw,P1,1-3,7,3275,3613,0.5972875726543039,0.5925426580338877,0.6020995858124554,0.5600408626147525,0.5438924988339408,6,random,0.5,37,64
kNN,raw,P1,1-3,8,3275,294,0.40476190476190477,0.5379391100702576,0.593997668997669,0.4329924987878269,0.29411986921918587,6,random,0.5,37,64
kNN,raw,P1,1-3,9,3275,470,0.5829787234042553,0.4999452654625068,0.5933333333333334,0.517837031668878,0.507693323711789,6,random,0.5,37,64
kNN,raw,P1,1-3,10,3275,3600,0.49194444444444446,0.48403743744229083,0.49194444444444446,0.4758200009612457,0.4758200009612457,6,random,0.5,37,64
SVM,raw,P1,1-3,4,3275,161,0.7329192546583851,0.8911764705882353,0.7995833333333333,0.8069686920222635,0.7391793737540188,5,random,0.5,38,64
SVM,raw,P1,1-3,5,3275,197,0.9644670050761421,0.9700950179763741,0.9669841269841271,0.9676202369889151,0.9644479320473789,5,random,0.5,38,64
SVM,raw,P1,1-3,6,3275,2300,0.6847826086956522,0.6341278477118586,0.7468888384791516,0.6153998171439686,0.6980880676660975,6,random,0.5,38,64
SVM,raw,P1,1-3,7,3275,3613,0.6792139496263493,0.6574980410944339,0.67829828250462,0.647722080107656,0.6372375211749192,6,random,0.5,38,64
SVM,raw,P1,1-3,8,3275,294,0.5476190476190477,0.5901702496401159,0.6437354312354312,0.5393213241181823,0.5412686059390208,6,random,0.5,38,64
SVM,raw,P1,1-3,9,3275,470,0.7319148936170212,0.7095299573292578,0.7782517482517483,0.7143537206788825,0.6841310307197389,6,random,0.5,38,64
SVM,raw,P1,1-3,10,3275,3600,0.44472222222222224,0.5285675423725705,0.44472222222222224,0.42597772195021605,0.4259777219502161,6,random,0.5,38,64
kNN,raw,P1,1-3,4,3275,161,0.6956521739130435,0.8093478260869565,0.775765503875969,0.7332059792827825,0.6947489430185475,5,random,0.5,38,64
kNN,raw,P1,1-3,5,3275,197,0.817258883248731,0.8678960081832858,0.8611180124223601,0.8479163214353995,0.8153657192252677,5,random,0.5,38,64
kNN,raw,P1,1-3,6,3275,2300,0.6186956521739131,0.6225764797165665,0.6977450230821426,0.5803687227653365,0.6563624565836744,6,random,0.5,38,64
kNN,raw,P1,1-3,7,3275,3613,0.5986714641572101,0.6016902126395537,0.6048663724846499,0.5765615557180711,0.5615763959652986,6,random,0.5,38,64
kNN,raw,P1,1-3,8,3275,294,0.6870748299319728,0.6047266458824851,0.6510003885003885,0.5810765714443563,0.6888314385701811,6,random,0.5,38,64
kNN,raw,P1,1-3,9,3275,470,0.6957446808510638,0.6594144181141398,0.7338881883144178,0.6776868079721607,0.6367535186144971,6,random,0.5,38,64
kNN,raw,P1,1-3,10,3275,3600,0.47,0.5079792419255654,0.47,0.4681999926113917,0.4681999926113918,6,random,0.5,38,64
SVM,raw,P1,1-3,4,3275,161,0.906832298136646,0.9487179487179487,0.9100775193798448,0.9199360111284994,0.9040734152634541,5,random,0.5,39,64
SVM,raw,P1,1-3,5,3275,197,0.9644670050761421,0.9633987873777043,0.9669841269841271,0.9645181708983431,0.9643920496646397,5,random,0.5,39,64
SVM,raw,P1,1-3,6,3275,2300,0.7321739130434782,0.6442150308532565,0.7791877404229258,0.6395476604520584,0.7299366324242699,6,random,0.5,39,64
SVM,raw,P1,1-3,7,3275,3613,0.6999723221699419,0.6701816062641718,0.6972652137769688,0.6601128317053142,0.6509638005246506,6,random,0.5,39,64
SVM,raw,P1,1-3,8,3275,294,0.54421768707483,0.6117598622651396,0.6513500388500388,0.5399444509650678,0.5384779855628902,6,random,0.5,39,64
SVM,raw,P1,1-3,9,3275,470,0.7340425531914894,0.7076617415620268,0.7811965811965812,0.7155759885938914,0.684793209609556,6,random,0.5,39,64
SVM,raw,P1,1-3,10,3275,3600,0.44027777777777777,0.5117804697443613,0.44027777777777777,0.4347003613783387,0.43470036137833856,6,random,0.5,39,64
kNN,raw,P1,1-3,4,3275,161,0.7453416149068323,0.8082111436950147,0.8349321705426356,0.7654421768707482,0.7528457345671188,5,random,0.5,39,64
kNN,raw,P1,1-3,5,3275,197,0.8477157360406091,0.9045297425579116,0.8876535541752932,0.8800330388565684,0.847850997746489,5,random,0.5,39,64
kNN,raw,P1,1-3,6,3275,2300,0.6369565217391304,0.6259677480783045,0.7092800327904915,0.5882103103990507,0.6654949917477134,6,random,0.5,39,64
kNN,raw,P1,1-3,7,3275,3613,0.6158317187932466,0.6035128444138351,0.6198736236325082,0.5858800984677862,0.5707471794505676,6,random,0.5,39,64
kNN,raw,P1,1-3,8,3275,294,0.42857142857142855,0.5264587439472467,0.619493006993007,0.4606241377669949,0.33018880050950017,6,random,0.5,39,64
kNN,raw,P1,1-3,9,3275,470,0.5702127659574469,0.5037377236961159,0.5799117276166456,0.5211696704909266,0.5094924082169828,6,random,0.5,39,64
kNN,raw,P1,1-3,10,3275,3600,0.4713888888888889,0.6205323383543967,0.47138888888888886,0.4614738924989683,0.4614738924989683,6,random,0.5,39,64
SVM,raw,P1,1-3,4,3275,161,0.8571428571428571,0.91779299847793,0.8679941860465117,0.8853746862467903,0.8546857486200413,5,random,0.5,40,64
SVM,raw,P1,1-3,5,3275,197,0.9543147208121827,0.954093361482524,0.9566666666666667,0.9545638490346157,0.9541023842745371,5,random,0.5,40,64
SVM,raw,P1,1-3,6,3275,2300,0.6921739130434783,0.6350531399961992,0.7464367940797566,0.6186840400685104,0.7031213446011068,6,random,0.5,40,64
SVM,raw,P1,1-3,7,3275,3613,0.6919457514530861,0.6547373601868363,0.6923003011813244,0.6569746965570757,0.6461912519996919,6,random,0.5,40,64
SVM,raw,P1,1-3,8,3275,294,0.564625850340136,0.6099770057276642,0.6574592074592075,0.5539372169913276,0.564460024020736,6,random,0.5,40,64
SVM,raw,P1,1-3,9,3275,470,0.725531914893617,0.6367074354574355,0.7723076923076923,0.687514597428856,0.6504579209767376,6,random,0.5,40,64
SVM,raw,P1,1-3,10,3275,3600,0.43,0.5463396086655266,0.43,0.43312867923293985,0.43312867923293985,6,random,0.5,40,64
kNN,raw,P1,1-3,4,3275,161,0.7204968944099379,0.8061965811965812,0.800281007751938,0.7490043431560267,0.7243865904876384,5,random,0.5,40,64
kNN,raw,P1,1-3,5,3275,197,0.7817258883248731,0.8594461961355,0.8360386473429952,0.820024234174612,0.7759293407826416,5,random,0.5,40,64
kNN,raw,P1,1-3,6,3275,2300,0.6382608695652174,0.6316512690945574,0.7107297300182438,0.5917730642889253,0.6715201061949386,6,random,0.5,40,64
kNN,raw,P1,1-3,7,3275,3613,0.6197066150013839,0.613083193196816,0.6235494719576499,0.5935184854288363,0.5778602050056535,6,random,0.5,40,64
kNN,raw,P1,1-3,8,3275,294,0.42517006802721086,0.5386407777502913,0.5529817404817404,0.43834693390802987,0.3786556267168204,6,random,0.5,40,64
kNN,raw,P1,1-3,9,3275,470,0.5808510638297872,0.4873919062198974,0.5908547008547008,0.513960669133083,0.502299331279522,6,random,0.5,40,64
kNN,raw,P1,1-3,10,3275,3600,0.49416666666666664,0.5081394750821016,0.49416666666666664,0.4842020713664144,0.4842020713664144,6,random,0.5,40,64
SVM,raw,P1,1-3,4,3275,161,0.7267080745341615,0.89,0.8235416666666666,0.8158596491228071,0.7281682467037158,5,random,0.5,41,64
SVM,raw,P1,1-3,5,3275,197,0.9593908629441624,0.9660546139359699,0.9598412698412698,0.9616082968593279,0.9594929807800957,5,random,0.5,41,64
SVM,raw,P1,1-3,6,3275,2300,0.6908695652173913,0.6357051854809631,0.7511177046743841,0.6186125599202043,0.7023579896175698,6,random,0.5,41,64
SVM,raw,P1,1-3,7,3275,3613,0.6606698034874066,0.6562204486562596,0.6621259924189892,0.6265476623939318,0.6131932012849233,6,random,0.5,41,64
SVM,raw,P1,1-3,8,3275,294,0.5204081632653061,0.589420132637831,0.6418026418026418,0.519127330801577,0.5011981428000328,6,random,0.5,41,64
SVM,raw,P1,1-3,9,3275,470,0.7319148936170212,0.7029737413453011,0.778974358974359,0.7124383568029722,0.6811282218056758,6,random,0.5,41,64
SVM,raw,P1,1-3,10,3275,3600,0.44277777777777777,0.47359627834455537,0.44277777777777777,0.42462381515863884,0.42462381515863884,6,random,0.5,41,64
kNN,raw,P1,1-3,4,3275,161,0.7142857142857143,0.7943778801843318,0.8076453488372092,0.7394745983499782,0.7265756520660333,5,random,0.5,41,64
kNN,raw,P1,1-3,5,3275,197,0.7868020304568528,0.8499354524418463,0.8413457556935817,0.8247292863518771,0.7871282740088015,5,random,0.5,41,64
kNN,raw,P1,1-3,6,3275,2300,0.6104347826086957,0.6183143627655311,0.6929504374806034,0.5753523610459277,0.6460427402155596,6,random,0.5,41,64
kNN,raw,P1,1-3,7,3275,3613,0.5898145585386105,0.5997356766429741,0.5953738791809221,0.5643546933514564,0.5464819481112717,6,random,0.5,41,64
kNN,raw,P1,1-3,8,3275,294,0.3469387755102041,0.4637145405887601,0.5081099456099457,0.36537084689408017,0.24488523539639098,6,random,0.5,41,64
kNN,raw,P1,1-3,9,3275,470,0.5872340425531914,0.49710684503931385,0.5948407148407148,0.5195513270279625,0.5091092922311853,6,random,0.5,41,64
kNN,raw,P1,1-3,10,3275,3600,0.47638888888888886,0.48472621216072825,0.4763888888888889,0.4684766541114101,0.4684766541114101,6,random,0.5,41,64
SVM,raw,P1,1-3,4,3275,161,0.8260869565217391,0.8825787031230401,0.8503536821705426,0.8537092403186846,0.8231198419397691,5,random,0.5,42,64
SVM,raw,P1,1-3,5,3275,197,0.9695431472081218,0.9675332987372427,0.9701587301587302,0.9683289366858283,0.9695772516662791,5,random,0.5,42,64
SVM,raw,P1,1-3,6,3275,2300,0.5943478260869566,0.5961200513160873,0.6763426788048185,0.5553391758844447,0.6242144698865869,6,random,0.5,42,64
SVM,raw,P1,1-3,7,3275,3613,0.6318848602269582,0.6343198735475338,0.6363569965160404,0.6123441905802568,0.5967603288837511,6,random,0.5,42,64
SVM,raw,P1,1-3,8,3275,294,0.5068027210884354,0.5963549445716751,0.6376456876456876,0.515401249789708,0.4850120031701063,6,random,0.5,42,64
SVM,raw,P1,1-3,9,3275,470,0.7297872340425532,0.7076735729720803,0.7743278943278943,0.7120437988312757,0.6828728314410011,6,random,0.5,42,64
SVM,raw,P1,1-3,10,3275,3600,0.40555555555555556,0.5313995669512652,0.4055555555555556,0.4044151949877092,0.4044151949877092,6,random,0.5,42,64
kNN,raw,P1,1-3,4,3275,161,0.7018633540372671,0.7938405797101449,0.7844476744186046,0.7249972368057475,0.7067562244812146,5,random,0.5,42,64
kNN,raw,P1,1-3,5,3275,197,0.8477157360406091,0.8642709768455477,0.8754727398205657,0.8631407147069797,0.8494333302112643,5,random,0.5,42,64
kNN,raw,P1,1-3,6,3275,2300,0.5143478260869565,0.5130408806879395,0.6179105710025984,0.48481546551788113,0.5311064953150235,6,random,0.5,42,64
kNN,raw,P1,1-3,7,3275,3613,0.5488513700525879,0.5711019630712936,0.5582702631136804,0.5404697221712305,0.5185685669288861,6,random,0.5,42,64
kNN,raw,P1,1-3,8,3275,294,0.6394557823129252,0.634880512441488,0.6654137529137529,0.5968593083269327,0.6558953958803061,6,random,0.5,42,64
kNN,raw,P1,1-3,9,3275,470,0.5829787234042553,0.5049061089619601,0.5931623931623932,0.5220498618953866,0.5127950038367933,6,random,0.5,42,64
kNN,raw,P1,1-3,10,3275,3600,0.4930555555555556,0.5213404423861863,0.4930555555555556,0.4922221220362,0.49222212203620014,6,random,0.5,42,64
SVM,raw,P1,1-3,4,3275,161,0.7515527950310559,0.8738191632928475,0.8395833333333332,0.8274820936639118,0.7499916157623667,5,random,0.5,43,64
SVM,raw,P1,1-3,5,3275,197,0.9695431472081218,0.9742295293359122,0.9701587301587302,0.9714310027764,0.9696331340490183,5,random,0.5,43,64
SVM,raw,P1,1-3,6,3275,2300,0.66,0.6326144619593858,0.7233335582232961,0.5994982974906725,0.6832120911327363,6,random,0.5,43,64
SVM,raw,P1,1-3,7,3275,3613,0.6985884306670357,0.6649833524542946,0.6984055717638445,0.6680851686589858,0.6574568484308044,6,random,0.5,43,64
SVM,raw,P1,1-3,8,3275,294,0.5374149659863946,0.5815140281509533,0.631458818958819,0.523813751666959,0.5318322944677849,6,random,0.5,43,64
SVM,raw,P1,1-3,9,3275,470,0.7404255319148936,0.7016372900493794,0.7876923076923076,0.7173117961262497,0.687876243494068,6,random,0.5,43,64
SVM,raw,P1,1-3,10,3275,3600,0.46166666666666667,0.4842307862651985,0.46166666666666667,0.43800647539384774,0.4380064753938477,6,random,0.5,43,64
kNN,raw,P1,1-3,4,3275,161,0.7391304347826086,0.8051587301587301,0.8302810077519378,0.7625834004270662,0.7466942158643285,5,random,0.5,43,64
kNN,raw,P1,1-3,5,3275,197,0.817258883248731,0.8624603174603175,0.8575362318840579,0.8454598114038994,0.8198500714888093,5,random,0.5,43,64
kNN,raw,P1,1-3,6,3275,2300,0.5878260869565217,0.6128157035659677,0.6723931728982766,0.5545351641410169,0.6234761022089063,6,random,0.5,43,64
kNN,raw,P1,1-3,7,3275,3613,0.5792969831165237,0.5958069384965762,0.5858662453112972,0.5538381532076682,0.5356277194767805,6,random,0.5,43,64
kNN,raw,P1,1-3,8,3275,294,0.6156462585034014,0.6276932764335865,0.6402000777000777,0.5829737799873929,0.6399669523687871,6,random,0.5,43,64
kNN,raw,P1,1-3,9,3275,470,0.5936170212765958,0.5119240623012175,0.603038073038073,0.5302989356257046,0.5220525569851945,6,random,0.5,43,64
kNN,raw,P1,1-3,10,3275,3600,0.4847222222222222,0.467982405098973,0.4847222222222222,0.4682918061281818,0.4682918061281818,6,random,0.5,43,64
SVM,raw,P1,1-3,4,3275,161,0.8571428571428571,0.912963732963733,0.8544525193798449,0.8726619881154043,0.8543813562053599,5,random,0.5,44,64
SVM,raw,P1,1-3,5,3275,197,0.9695431472081218,0.9675332987372427,0.9701587301587302,0.9683289366858283,0.9695772516662791,5,random,0.5,44,64
SVM,raw,P1,1-3,6,3275,2300,0.6969565217391305,0.6336050155567327,0.7555249160946952,0.620085263205731,0.703486654843362,6,random,0.5,44,64
SVM,raw,P1,1-3,7,3275,3613,0.6368668696374205,0.6583648030930643,0.6382757551666197,0.5976797653459854,0.5834552338942122,6,random,0.5,44,64
SVM,raw,P1,1-3,8,3275,294,0.40476190476190477,0.4160426267281106,0.6069444444444444,0.43689541617454347,0.29954555661678384,6,random,0.5,44,64
SVM,raw,P1,1-3,9,3275,470,0.6893617021276596,0.6986084556731535,0.7352136752136752,0.6800389347589824,0.6528862636510095,6,random,0.5,44,64
SVM,raw,P1,1-3,10,3275,3600,0.4141666666666667,0.48958223638198356,0.41416666666666674,0.4006874961073117,0.4006874961073117,6,random,0.5,44,64
kNN,raw,P1,1-3,4,3275,161,0.7204968944099379,0.8131578947368421,0.7897916666666667,0.7457718045043696,0.7206901423215469,5,random,0.5,44,64
kNN,raw,P1,1-3,5,3275,197,0.8375634517766497,0.8737422556462683,0.8754382332643204,0.8635293829829349,0.839007243695047,5,random,0.5,44,64
kNN,raw,P1,1-3,6,3275,2300,0.5573913043478261,0.5492225930870791,0.6505265866409577,0.5093685483084026,0.5560589246527164,6,random,0.5,44,64
kNN,raw,P1,1-3,7,3275,3613,0.595073346249654,0.6111920481695902,0.5985782981281198,0.5631221381583732,0.5448951733422688,6,random,0.5,44,64
kNN,raw,P1,1-3,8,3275,294,0.3707482993197279,0.5268599234008892,0.5469988344988346,0.39190075884896675,0.2764200048783234,6,random,0.5,44,64
kNN,raw,P1,1-3,9,3275,470,0.5702127659574469,0.5180095287853909,0.57991452991453,0.5230282290899221,0.5154709839727697,6,random,0.5,44,64
kNN,raw,P1,1-3,10,3275,3600,0.46416666666666667,0.46061749636676463,0.46416666666666667,0.4332462433906012,0.4332462433906012,6,random,0.5,44,64
SVM,raw,P1,1-3,4,3275,161,0.8757763975155279,0.930952380952381,0.8909108527131782,0.9034853999153618,0.8726637104638539,5,random,0.5,45,64
SVM,raw,P1,1-3,5,3275,197,0.9543147208121827,0.95336722374454,0.9594616977225673,0.9553726202951962,0.9544081018429913,5,random,0.5,45,64
SVM,raw,P1,1-3,6,3275,2300,0.6769565217391305,0.6345301836498672,0.7422829304175282,0.6118988257834413,0.6929220665993664,6,random,0.5,45,64
SVM,raw,P1,1-3,7,3275,3613,0.6346526432327706,0.6584969880708027,0.6373685077858895,0.5960384521163661,0.5807650655083159,6,random,0.5,45,64
SVM,raw,P1,1-3,8,3275,294,0.42857142857142855,0.5929169840060929,0.6284965034965034,0.46096267683110864,0.33219781618287414,6,random,0.5,45,64
SVM,raw,P1,1-3,9,3275,470,0.7,0.6937427031323745,0.7468376068376069,0.6846455757879496,0.6553031978872689,6,random,0.5,45,64
SVM,raw,P1,1-3,10,3275,3600,0.4272222222222222,0.5138638710696818,0.42722222222222217,0.4211446899610065,0.42114468996100657,6,random,0.5,45,64
kNN,raw,P1,1-3,4,3275,161,0.7701863354037267,0.831948051948052,0.8418749999999999,0.7948451706483779,0.7711942321092174,5,random,0.5,45,64
kNN,raw,P1,1-3,5,3275,197,0.7208121827411168,0.8124109589041095,0.7953830227743272,0.7678282501811913,0.7145948507548984,5,random,0.5,45,64
kNN,raw,P1,1-3,6,3275,2300,0.6647826086956522,0.6390584785467487,0.7343303591059497,0.6071072463109407,0.6861034359360307,6,random,0.5,45,64
kNN,raw,P1,1-3,7,3275,3613,0.6291170772211458,0.6433093440718272,0.6315704856369153,0.5883135498511403,0.5722477989067406,6,random,0.5,45,64
kNN,raw,P1,1-3,8,3275,294,0.4217687074829932,0.4066711900019699,0.6291666666666667,0.4488053467000836,0.30770719315295036,6,random,0.5,45,64
kNN,raw,P1,1-3,9,3275,470,0.5680851063829787,0.5035772744073076,0.5776923076923076,0.5165763864446121,0.5057794076591509,6,random,0.5,45,64
kNN,raw,P1,1-3,10,3275,3600,0.4888888888888889,0.4843372181077347,0.48888888888888893,0.46718214836394223,0.46718214836394223,6,random,0.5,45,64
SVM,raw,P1,1-3,4,3275,161,0.8881987577639752,0.9273393273393273,0.8971608527131781,0.9009698039129427,0.8849663085665829,5,random,0.5,46,64
SVM,raw,P1,1-3,5,3275,197,0.9695431472081218,0.9675332987372427,0.9701587301587302,0.9683289366858283,0.9695772516662791,5,random,0.5,46,64
SVM,raw,P1,1-3,6,3275,2300,0.7034782608695652,0.6315289080396286,0.7575828067086593,0.622110848737692,0.7078864518852073,6,random,0.5,46,64
SVM,raw,P1,1-3,7,3275,3613,0.7163022419042347,0.6671913514924102,0.714615495352724,0.6797575806813314,0.6714564744400616,6,random,0.5,46,64
SVM,raw,P1,1-3,8,3275,294,0.5578231292517006,0.6002942186570505,0.6511169386169386,0.5452083222310399,0.552596554045183,6,random,0.5,46,64
SVM,raw,P1,1-3,9,3275,470,0.7319148936170212,0.6833709975080592,0.7792307692307693,0.7045129815214826,0.673692094163098,6,random,0.5,46,64
SVM,raw,P1,1-3,10,3275,3600,0.41638888888888886,0.5128650414205923,0.4163888888888889,0.4149390624137114,0.4149390624137114,6,random,0.5,46,64
kNN,raw,P1,1-3,4,3275,161,0.7329192546583851,0.8074534161490684,0.8015988372093024,0.7505936920222636,0.7376848085366274,5,random,0.5,46,64
kNN,raw,P1,1-3,5,3275,197,0.7766497461928934,0.8439087301587301,0.8349965493443754,0.8154843175578204,0.7751157185130487,5,random,0.5,46,64
kNN,raw,P1,1-3,6,3275,2300,0.5369565217391304,0.555182807672609,0.6344893238764623,0.5038785475356559,0.5566215485763059,6,random,0.5,46,64
kNN,raw,P1,1-3,7,3275,3613,0.5892610019374481,0.5981940332892758,0.5954826029783825,0.5720478070996239,0.5527447764239173,6,random,0.5,46,64
kNN,raw,P1,1-3,8,3275,294,0.7414965986394558,0.6614474288543325,0.7140540015540017,0.6514395868155497,0.7487966120231687,6,random,0.5,46,64
kNN,raw,P1,1-3,9,3275,470,0.5957446808510638,0.5164092081211646,0.6061538461538462,0.5340188282206642,0.5243741689129915,6,random,0.5,46,64
kNN,raw,P1,1-3,10,3275,3600,0.46944444444444444,0.47363388315160315,0.4694444444444444,0.4492566314339154,0.4492566314339154,6,random,0.5,46,64
SVM,raw,P1,1-3,4,3275,161,0.7267080745341615,0.8620186542305129,0.8235416666666666,0.8145522340083573,0.7205803490319863,5,random,0.5,47,64
SVM,raw,P1,1-3,5,3275,197,0.9644670050761421,0.9700950179763741,0.9669841269841271,0.9676202369889151,0.9644479320473789,5,random,0.5,47,64
SVM,raw,P1,1-3,6,3275,2300,0.6952173913043478,0.6387606335956407,0.7562461944482114,0.6203526251510274,0.7028334454387858,6,random,0.5,47,64
SVM,raw,P1,1-3,7,3275,3613,0.6266260725159147,0.6506122873623894,0.6273282769214378,0.5803435235389026,0.5653164623141993,6,random,0.5,47,64
SVM,raw,P1,1-3,8,3275,294,0.391156462585034,0.5177590956587822,0.5730672105672107,0.4259395260035089,0.30788418688954133,6,random,0.5,47,64
SVM,raw,P1,1-3,9,3275,470,0.7340425531914894,0.7029310973880746,0.7815384615384615,0.7135120375141732,0.6820757804237225,6,random,0.5,47,64
SVM,raw,P1,1-3,10,3275,3600,0.4558333333333333,0.5551460263570425,0.45583333333333337,0.4171093627638513,0.41710936276385124,6,random,0.5,47,64
kNN,raw,P1,1-3,4,3275,161,0.7391304347826086,0.7965973292244479,0.8378536821705426,0.7660606877344295,0.7477285729770767,5,random,0.5,47,64
kNN,raw,P1,1-3,5,3275,197,0.8324873096446701,0.8880701754385966,0.8757832988267771,0.8655443793716241,0.8327887737675731,5,random,0.5,47,64
kNN,raw,P1,1-3,6,3275,2300,0.6847826086956522,0.6429249511339395,0.7476062389519637,0.6182091169408136,0.7017287874924302,6,random,0.5,47,64
kNN,raw,P1,1-3,7,3275,3613,0.6227511763077774,0.6177598976699589,0.6232645523636672,0.576205195093093,0.5607156532263191,6,random,0.5,47,64
kNN,raw,P1,1-3,8,3275,294,0.46938775510204084,0.5868941445028403,0.5895784770784771,0.47655625614339975,0.4471334421609634,6,random,0.5,47,64
kNN,raw,P1,1-3,9,3275,470,0.5404255319148936,0.4991265213138705,0.5506837606837607,0.4828984511529139,0.47410892823563794,6,random,0.5,47,64
kNN,raw,P1,1-3,10,3275,3600,0.49194444444444446,0.5390604561604299,0.49194444444444446,0.49482581553994415,0.49482581553994415,6,random,0.5,47,64
SVM,raw,P1,1-3,4,3275,161,0.8944099378881988,0.9520253164556962,0.8867441860465117,0.9085598977838745,0.890706672389013,5,random,0.5,48,64
SVM,raw,P1,1-3,5,3275,197,0.9644670050761421,0.96495198746907,0.970952380952381,0.9668162659388028,0.9642953857639555,5,random,0.5,48,64
SVM,raw,P1,1-3,6,3275,2300,0.7139130434782609,0.6490801048675331,0.7670022833436153,0.6337347264650479,0.7235021922988275,6,random,0.5,48,64
SVM,raw,P1,1-3,7,3275,3613,0.7301411569332964,0.6712953557854294,0.7272863236231197,0.6869663287256337,0.6791428603042146,6,random,0.5,48,64
SVM,raw,P1,1-3,8,3275,294,0.6326530612244898,0.6199494949494949,0.6894230769230769,0.5919510972270431,0.6326110312226244,6,random,0.5,48,64
SVM,raw,P1,1-3,9,3275,470,0.7425531914893617,0.6870469947207809,0.7895726495726496,0.7224295935407642,0.6802388979322876,6,random,0.5,48,64
SVM,raw,P1,1-3,10,3275,3600,0.46305555555555555,0.49510531438776656,0.46305555555555555,0.44553257413768593,0.44553257413768593,6,random,0.5,48,64
kNN,raw,P1,1-3,4,3275,161,0.7329192546583851,0.8057775637939335,0.7995833333333333,0.7436872761789706,0.7384994815753569,5,random,0.5,48,64
kNN,raw,P1,1-3,5,3275,197,0.7258883248730964,0.8136536536536536,0.7901104209799862,0.7701334285066341,0.7213066000378074,5,random,0.5,48,64
kNN,raw,P1,1-3,6,3275,2300,0.6147826086956522,0.6209207406845001,0.6955982171381091,0.5757969474141194,0.6474063658489819,6,random,0.5,48,64
kNN,raw,P1,1-3,7,3275,3613,0.6230279546083587,0.6001400223940891,0.6276839905735476,0.5864963041816921,0.5754573606185035,6,random,0.5,48,64
kNN,raw,P1,1-3,8,3275,294,0.6598639455782312,0.6293819031464382,0.6860819735819735,0.6156716618171546,0.67143652382575,6,random,0.5,48,64
kNN,raw,P1,1-3,9,3275,470,0.6,0.5443846662596663,0.6108518985568165,0.5352558583273871,0.5232953503061826,6,random,0.5,48,64
kNN,raw,P1,1-3,10,3275,3600,0.49194444444444446,0.44970659096056226,0.4919444444444445,0.45815620239045346,0.4581562023904534,6,random,0.5,48,64
SVM,raw,P1,1-3,4,3275,161,0.7515527950310559,0.9036144578313253,0.8324999999999999,0.8305079365079365,0.7573242630385488,5,random,0.5,49,64
SVM,raw,P1,1-3,5,3275,197,0.9593908629441624,0.9663243909959913,0.9558730158730159,0.9593169328474991,0.9596750095772256,5,random,0.5,49,64
SVM,raw,P1,1-3,6,3275,2300,0.72,0.6388870110271742,0.771528948404541,0.6316771244989371,0.7185880633449497,6,random,0.5,49,64
SVM,raw,P1,1-3,7,3275,3613,0.7055078881815665,0.6661973923734885,0.704895630138053,0.6672103651602761,0.6575146839006272,6,random,0.5,49,64
SVM,raw,P1,1-3,8,3275,294,0.5272108843537415,0.579129600558172,0.6109071484071483,0.5119703200986895,0.5255250340092397,6,random,0.5,49,64
SVM,raw,P1,1-3,9,3275,470,0.7127659574468085,0.7083990018387182,0.7448096348096348,0.6918566806677046,0.6701846182915563,6,random,0.5,49,64
SVM,raw,P1,1-3,10,3275,3600,0.4330555555555556,0.5154914967116265,0.4330555555555555,0.4093788638386331,0.40937886383863314,6,random,0.5,49,64
kNN,raw,P1,1-3,4,3275,161,0.7080745341614907,0.8054655870445344,0.7835416666666667,0.7331981022073901,0.7070316123120769,5,random,0.5,49,64
kNN,raw,P1,1-3,5,3275,197,0.9289340101522843,0.9335955312357502,0.9344789510006901,0.9325315563294769,0.9289779148994063,5,random,0.5,49,64
kNN,raw,P1,1-3,6,3275,2300,0.621304347826087,0.6148216261623284,0.6990554559191057,0.5796274840410273,0.654344000915783,6,random,0.5,49,64
kNN,raw,P1,1-3,7,3275,3613,0.6019928037641848,0.6012468221773405,0.6083798494300907,0.5775128097109502,0.5636202970173733,6,random,0.5,49,64
kNN,raw,P1,1-3,8,3275,294,0.5680272108843537,0.5594832122508149,0.6233780108780109,0.5194900037116174,0.5616439967301736,6,random,0.5,49,64
kNN,raw,P1,1-3,9,3275,470,0.6595744680851063,0.6436370200254015,0.685739106066975,0.6349839602799084,0.603933939783455,6,random,0.5,49,64
kNN,raw,P1,1-3,10,3275,3600,0.5044444444444445,0.5509368753272136,0.5044444444444446,0.5074518907048197,0.5074518907048197,6,random,0.5,49,64
SVM,raw,P1,1-3,4,3275,161,0.7391304347826086,0.8918546365914786,0.8262499999999999,0.8211473565804275,0.742652731851287,5,stable,0.75,0,96
SVM,raw,P1,1-3,5,3275,197,0.949238578680203,0.9584896021156389,0.9455555555555556,0.9493038407414843,0.9494307536484395,5,stable,0.75,0,96
SVM,raw,P1,1-3,6,3275,2300,0.7160869565217391,0.6425100101591215,0.7689552474546794,0.6320197640358889,0.7197461346447431,6,stable,0.75,0,96
SVM,raw,P1,1-3,7,3275,3613,0.7431497370606145,0.666872130730254,0.7376422592556496,0.6923798440210901,0.6876355493977867,6,stable,0.75,0,96
SVM,raw,P1,1-3,8,3275,294,0.8605442176870748,0.7688445654042644,0.7327149702149702,0.7271037525400632,0.8392247851392871,6,stable,0.75,0,96
SVM,raw,P1,1-3,9,3275,470,0.6425531914893617,0.5258209884861597,0.6401709401709402,0.5482124155582185,0.5706549187330582,6,stable,0.75,0,96
SVM,raw,P1,1-3,10,3275,3600,0.41888888888888887,0.5146462052003017,0.4188888888888889,0.4118578666699133,0.4118578666699133,6,stable,0.75,0,96
kNN,raw,P1,1-3,4,3275,161,0.7018633540372671,0.7902564630754969,0.8059738372093023,0.7364975445127995,0.6974703469294226,5,stable,0.75,0,96
kNN,raw,P1,1-3,5,3275,197,0.8934010152284264,0.9145428969194243,0.9082884748102138,0.9065812507790948,0.8934581568703415,5,stable,0.75,0,96
kNN,raw,P1,1-3,6,3275,2300,0.6217391304347826,0.5955975904371881,0.6993797101344105,0.5698668938767377,0.6355926952534181,6,stable,0.75,0,96
kNN,raw,P1,1-3,7,3275,3613,0.6797675062275118,0.6669376025863424,0.6829869275622422,0.6526983765015052,0.6412755435459228,6,stable,0.75,0,96
kNN,raw,P1,1-3,8,3275,294,0.8027210884353742,0.7254389739176758,0.6340617715617716,0.6169782004802485,0.7572723977028343,6,stable,0.75,0,96
kNN,raw,P1,1-3,9,3275,470,0.6787234042553192,0.6356169744534524,0.7151702395964691,0.663343346723304,0.6254960220142509,6,stable,0.75,0,96
kNN,raw,P1,1-3,10,3275,3600,0.42333333333333334,0.5666625239431307,0.42333333333333334,0.4351949549064465,0.43519495490644644,6,stable,0.75,0,96
SVM,raw,P1,1-3,4,3275,161,0.8881987577639752,0.9267722473604827,0.8777083333333333,0.8906868248266424,0.88352138991041,5,discriminative,0.75,0,96
SVM,raw,P1,1-3,5,3275,197,0.9593908629441624,0.9594287773982595,0.9638095238095239,0.9607235182134813,0.9592134932274422,5,discriminative,0.75,0,96
SVM,raw,P1,1-3,6,3275,2300,0.6952173913043478,0.6376992256741861,0.7559508341728843,0.6201324403463159,0.7026715736534573,6,discriminative,0.75,0,96
SVM,raw,P1,1-3,7,3275,3613,0.6529200110711321,0.659238867273744,0.652885901515421,0.6129982859330281,0.6002621430263304,6,discriminative,0.75,0,96
SVM,raw,P1,1-3,8,3275,294,0.5340136054421769,0.6056003584229391,0.646969696969697,0.5351329801667313,0.5252974513203195,6,discriminative,0.75,0,96
SVM,raw,P1,1-3,9,3275,470,0.7212765957446808,0.7042896458529029,0.7684615384615384,0.7046525211156616,0.6723074033456814,6,discriminative,0.75,0,96
SVM,raw,P1,1-3,10,3275,3600,0.44166666666666665,0.545747213260496,0.4416666666666667,0.4331285454880159,0.4331285454880158,6,discriminative,0.75,0,96
kNN,raw,P1,1-3,4,3275,161,0.8571428571428571,0.8682758620689655,0.865625,0.8433117927177334,0.8602848340256865,5,discriminative,0.75,0,96
kNN,raw,P1,1-3,5,3275,197,0.7461928934010152,0.8308256549232158,0.8091235334713597,0.7873741535503894,0.7397754957640481,5,discriminative,0.75,0,96
kNN,raw,P1,1-3,6,3275,2300,0.6560869565217391,0.6396261520806105,0.7279227503818455,0.6044576649915053,0.6835729942052818,6,discriminative,0.75,0,96
kNN,raw,P1,1-3,7,3275,3613,0.5978411292554664,0.6004103772879504,0.6025139228953573,0.5573565026278977,0.5394949902028154,6,discriminative,0.75,0,96
kNN,raw,P1,1-3,8,3275,294,0.40476190476190477,0.5577497665732959,0.5937742812742813,0.42704555048211984,0.3069527707796357,6,discriminative,0.75,0,96
kNN,raw,P1,1-3,9,3275,470,0.6787234042553192,0.6464181706078157,0.7131357713324927,0.659967127226287,0.6229168001933694,6,discriminative,0.75,0,96
kNN,raw,P1,1-3,10,3275,3600,0.49472222222222223,0.5188708010941699,0.4947222222222221,0.490811145934356,0.49081114593435593,6,discriminative,0.75,0,96
SVM,raw,P1,1-3,4,3275,161,0.8944099378881988,0.9297497129735935,0.9079166666666666,0.9091475140166878,0.8895683398003409,5,balanced,0.75,0,96
SVM,raw,P1,1-3,5,3275,197,0.9593908629441624,0.9594287773982595,0.9638095238095239,0.9607235182134813,0.9592134932274422,5,balanced,0.75,0,96
SVM,raw,P1,1-3,6,3275,2300,0.6956521739130435,0.6375751275087485,0.7562750883881891,0.6202226775463083,0.7027289359071851,6,balanced,0.75,0,96
SVM,raw,P1,1-3,7,3275,3613,0.6531967893717132,0.6598400830186057,0.6550577738485838,0.6137451286375122,0.5998878619374858,6,balanced,0.75,0,96
SVM,raw,P1,1-3,8,3275,294,0.5306122448979592,0.6046490646634262,0.6428030303030302,0.5313079638183165,0.5223033422231665,6,balanced,0.75,0,96
SVM,raw,P1,1-3,9,3275,470,0.7212765957446808,0.7042896458529029,0.7684615384615384,0.7046525211156616,0.6723074033456814,6,balanced,0.75,0,96
SVM,raw,P1,1-3,10,3275,3600,0.44027777777777777,0.5506237683304478,0.44027777777777777,0.43306909469121574,0.4330690946912157,6,balanced,0.75,0,96
kNN,raw,P1,1-3,4,3275,161,0.8509316770186336,0.8625615763546797,0.8589583333333334,0.8338683789886053,0.8540275598003554,5,balanced,0.75,0,96
kNN,raw,P1,1-3,5,3275,197,0.751269035532995,0.8321589882565492,0.8191235334713596,0.7937915479582147,0.7437056801693012,5,balanced,0.75,0,96
kNN,raw,P1,1-3,6,3275,2300,0.6495652173913044,0.6380349100537451,0.7224835491453265,0.601216703495619,0.6800884274420437,6,balanced,0.75,0,96
kNN,raw,P1,1-3,7,3275,3613,0.5975643509548851,0.6018277901836627,0.6010565553529368,0.5582042960848421,0.5400107745643727,6,balanced,0.75,0,96
kNN,raw,P1,1-3,8,3275,294,0.41836734693877553,0.591140642303433,0.6116064491064491,0.44984368759168275,0.3286258766383722,6,balanced,0.75,0,96
kNN,raw,P1,1-3,9,3275,470,0.6361702127659574,0.6164242194822986,0.6584909625893233,0.6075246135371923,0.580982476551544,6,balanced,0.75,0,96
kNN,raw,P1,1-3,10,3275,3600,0.4925,0.5187296311284965,0.4925,0.4895876048915235,0.48958760489152336,6,balanced,0.75,0,96
SVM,raw,P1,1-3,4,3275,161,0.9006211180124224,0.952014652014652,0.9069525193798448,0.9219818548180878,0.8985330631765078,5,random,0.75,0,96
SVM,raw,P1,1-3,5,3275,197,0.9593908629441624,0.9594287773982595,0.9638095238095239,0.9607235182134813,0.9592134932274422,5,random,0.75,0,96
SVM,raw,P1,1-3,6,3275,2300,0.6978260869565217,0.6369121019798082,0.7562226512378594,0.6218228079356763,0.7062623666125414,6,random,0.75,0,96
SVM,raw,P1,1-3,7,3275,3613,0.6792139496263493,0.6606029671977979,0.6794923613382391,0.6432365180480685,0.631655113395742,6,random,0.75,0,96
SVM,raw,P1,1-3,8,3275,294,0.54421768707483,0.604162544218679,0.6504662004662005,0.5385926274257744,0.5369067644733544,6,random,0.75,0,96
SVM,raw,P1,1-3,9,3275,470,0.7382978723404255,0.6711254473935634,0.7854700854700855,0.7052285483974737,0.6726579567950578,6,random,0.75,0,96
SVM,raw,P1,1-3,10,3275,3600,0.4336111111111111,0.5286605819392087,0.4336111111111111,0.4362721224216029,0.4362721224216029,6,random,0.75,0,96
kNN,raw,P1,1-3,4,3275,161,0.7267080745341615,0.7985714285714286,0.8209786821705425,0.7523594804581613,0.7397449045707498,5,random,0.75,0,96
kNN,raw,P1,1-3,5,3275,197,0.766497461928934,0.8574947790137664,0.8293098688750863,0.8100784200939508,0.7592601708982449,5,random,0.75,0,96
kNN,raw,P1,1-3,6,3275,2300,0.6226086956521739,0.626732951761656,0.7010409793131593,0.5827173762676743,0.6565989510778307,6,random,0.75,0,96
kNN,raw,P1,1-3,7,3275,3613,0.6133407140880155,0.6060552800491427,0.6170574992813922,0.579278541917501,0.5629230952231883,6,random,0.75,0,96
kNN,raw,P1,1-3,8,3275,294,0.40816326530612246,0.3713983480287828,0.6124999999999999,0.43862612612612617,0.28585217870932156,6,random,0.75,0,96
kNN,raw,P1,1-3,9,3275,470,0.648936170212766,0.6502850750419731,0.6743743869973379,0.626461427931281,0.594437388412459,6,random,0.75,0,96
kNN,raw,P1,1-3,10,3275,3600,0.5008333333333334,0.4921197072515883,0.5008333333333334,0.484327890416667,0.484327890416667,6,random,0.75,0,96
SVM,raw,P1,1-3,4,3275,161,0.8695652173913043,0.9327272727272728,0.8842441860465116,0.8973745141817581,0.8653106642978613,5,random,0.75,1,96
SVM,raw,P1,1-3,5,3275,197,0.949238578680203,0.948924766378083,0.9495238095238095,0.9483282703730044,0.9489550085102967,5,random,0.75,1,96
SVM,raw,P1,1-3,6,3275,2300,0.6960869565217391,0.6373531946448613,0.7555655816398489,0.6210655841271997,0.7048414767962112,6,random,0.75,1,96
SVM,raw,P1,1-3,7,3275,3613,0.6742319402158871,0.6587960406625428,0.6743242066948416,0.6365704327897409,0.6246219086387406,6,random,0.75,1,96
SVM,raw,P1,1-3,8,3275,294,0.564625850340136,0.6193650793650795,0.6694638694638694,0.5619289830627592,0.5615223688041525,6,random,0.75,1,96
SVM,raw,P1,1-3,9,3275,470,0.7297872340425532,0.7046279491833031,0.7762004662004661,0.7109856461755913,0.6784181306758585,6,random,0.75,1,96
SVM,raw,P1,1-3,10,3275,3600,0.4136111111111111,0.5393100618838216,0.4136111111111111,0.4147339515828605,0.41473395158286047,6,random,0.75,1,96
kNN,raw,P1,1-3,4,3275,161,0.6956521739130435,0.7950873878129429,0.7742393410852714,0.7207969786841903,0.69936927906685,5,random,0.75,1,96
kNN,raw,P1,1-3,5,3275,197,0.8223350253807107,0.8846201947949703,0.8649551414768807,0.8537264456488629,0.8185112220865617,5,random,0.75,1,96
kNN,raw,P1,1-3,6,3275,2300,0.6260869565217392,0.6238257187655587,0.7027489322096163,0.5825929557281493,0.6577223628124654,6,random,0.75,1,96
kNN,raw,P1,1-3,7,3275,3613,0.6075283697758096,0.5957611361933866,0.6125185076741405,0.57026778393974,0.5586801511393886,6,random,0.75,1,96
kNN,raw,P1,1-3,8,3275,294,0.41836734693877553,0.5579472724790607,0.5783216783216784,0.4376370319542922,0.3364089420379911,6,random,0.75,1,96
kNN,raw,P1,1-3,9,3275,470,0.6914893617021277,0.6566170986388217,0.7314866190276027,0.6737025220896188,0.629947560637334,6,random,0.75,1,96
kNN,raw,P1,1-3,10,3275,3600,0.48194444444444445,0.5189117656442461,0.48194444444444445,0.4860177482384338,0.48601774823843374,6,random,0.75,1,96
SVM,raw,P1,1-3,4,3275,161,0.8695652173913043,0.9327272727272728,0.8742441860465118,0.8937809028241717,0.8668235027575768,5,random,0.75,2,96
SVM,raw,P1,1-3,5,3275,197,0.9593908629441624,0.9594287773982595,0.9638095238095239,0.9607235182134813,0.9592134932274422,5,random,0.75,2,96
SVM,raw,P1,1-3,6,3275,2300,0.6960869565217391,0.6385732025190055,0.7565501158909393,0.6209346535823798,0.7038535278725041,6,random,0.75,2,96
SVM,raw,P1,1-3,7,3275,3613,0.6808746194298367,0.6651557731287023,0.6809858332443851,0.6437154239762407,0.6321341883948133,6,random,0.75,2,96
SVM,raw,P1,1-3,8,3275,294,0.5340136054421769,0.594426523297491,0.6332944832944832,0.524238658510959,0.5281653496801528,6,random,0.75,2,96
SVM,raw,P1,1-3,9,3275,470,0.7297872340425532,0.7097022192609298,0.7761149961149961,0.7129968864883388,0.6819063964358242,6,random,0.75,2,96
SVM,raw,P1,1-3,10,3275,3600,0.43277777777777776,0.5193085133205548,0.4327777777777779,0.4241353227796077,0.4241353227796077,6,random,0.75,2,96
kNN,raw,P1,1-3,4,3275,161,0.7080745341614907,0.8102564102564103,0.7835416666666667,0.7378265912715674,0.7064564933714091,5,random,0.75,2,96
kNN,raw,P1,1-3,5,3275,197,0.7411167512690355,0.8292425090242805,0.8059489302967565,0.783175574379691,0.7334946143745553,5,random,0.75,2,96
kNN,raw,P1,1-3,6,3275,2300,0.671304347826087,0.6403616669261323,0.7395153652623088,0.6110673389054909,0.6922659498293164,6,random,0.75,2,96
kNN,raw,P1,1-3,7,3275,3613,0.6255189593135898,0.6184856634553116,0.6290713774358444,0.5891446829415784,0.5754168825309808,6,random,0.75,2,96
kNN,raw,P1,1-3,8,3275,294,0.36054421768707484,0.5450121457489878,0.5083818958818959,0.36974549996327905,0.2735187727815828,6,random,0.75,2,96
kNN,raw,P1,1-3,9,3275,470,0.6893617021276596,0.6558445381025795,0.726882443603755,0.6717857334467667,0.6310355921034285,6,random,0.75,2,96
kNN,raw,P1,1-3,10,3275,3600,0.48527777777777775,0.4934358323824824,0.48527777777777775,0.47151908749291627,0.47151908749291627,6,random,0.75,2,96
SVM,raw,P1,1-3,4,3275,161,0.8881987577639752,0.9473911701142328,0.8700775193798449,0.8968935826078683,0.8842600759193484,5,random,0.75,3,96
SVM,raw,P1,1-3,5,3275,197,0.9644670050761421,0.9633987873777043,0.9669841269841271,0.9645181708983431,0.9643920496646397,5,random,0.75,3,96
SVM,raw,P1,1-3,6,3275,2300,0.7108695652173913,0.636095089672642,0.7640796626199314,0.6270806639672335,0.7135888704788607,6,random,0.75,3,96
SVM,raw,P1,1-3,7,3275,3613,0.7074453362856352,0.6662839617422955,0.7065434907115559,0.6702822209715978,0.6607967252379828,6,random,0.75,3,96
SVM,raw,P1,1-3,8,3275,294,0.5578231292517006,0.6125548625548626,0.6560120435120435,0.5467241922781315,0.555148519948644,6,random,0.75,3,96
SVM,raw,P1,1-3,9,3275,470,0.7382978723404255,0.6965443210923513,0.7855555555555555,0.7150741128727393,0.6828074752376143,6,random,0.75,3,96
SVM,raw,P1,1-3,10,3275,3600,0.4325,0.5154766831810239,0.43249999999999994,0.4337663596334472,0.43376635963344723,6,random,0.75,3,96
kNN,raw,P1,1-3,4,3275,161,0.7329192546583851,0.8162162162162161,0.7995833333333333,0.7560376131804702,0.7340956391533143,5,random,0.75,3,96
kNN,raw,P1,1-3,5,3275,197,0.7868020304568528,0.8512605042016806,0.8356935817805384,0.8216700062753162,0.7871187307009635,5,random,0.75,3,96
kNN,raw,P1,1-3,6,3275,2300,0.6417391304347826,0.6215735960369304,0.7120099750454174,0.5874702196041749,0.6652118806659011,6,random,0.75,3,96
kNN,raw,P1,1-3,7,3275,3613,0.618599501799059,0.591165948945902,0.6235141751719454,0.5826649047507398,0.5717379751119787,6,random,0.75,3,96
kNN,raw,P1,1-3,8,3275,294,0.6462585034013606,0.5873148295284002,0.5672785547785547,0.4725786779358208,0.6277303438382155,6,random,0.75,3,96
kNN,raw,P1,1-3,9,3275,470,0.5957446808510638,0.6222954459561602,0.6012968270345319,0.565289588300992,0.5410227109723792,6,random,0.75,3,96
kNN,raw,P1,1-3,10,3275,3600,0.5025,0.484722503333695,0.5025000000000001,0.48252794083320877,0.48252794083320877,6,random,0.75,3,96
SVM,raw,P1,1-3,4,3275,161,0.7329192546583851,0.8863203463203464,0.8266666666666665,0.8193918337527396,0.7338193438505081,5,random,0.75,4,96
SVM,raw,P1,1-3,5,3275,197,0.9593908629441624,0.9661250079969292,0.9638095238095239,0.9638255843040533,0.9592693756101814,5,random,0.75,4,96
SVM,raw,P1,1-3,6,3275,2300,0.7095652173913043,0.6385653348573785,0.7646821547757616,0.6271458735281265,0.7127402640782354,6,random,0.75,4,96
SVM,raw,P1,1-3,7,3275,3613,0.7110434541931913,0.6687114884748103,0.708307048468826,0.67079063627033,0.6624044286437375,6,random,0.75,4,96
SVM,raw,P1,1-3,8,3275,294,0.5544217687074829,0.6009144542772861,0.6451825951825952,0.541871543400724,0.5526364218588293,6,random,0.75,4,96
SVM,raw,P1,1-3,9,3275,470,0.7468085106382979,0.7007383785252269,0.794102564102564,0.7223366874843057,0.6903812063028205,6,random,0.75,4,96
SVM,raw,P1,1-3,10,3275,3600,0.45,0.4941638238204624,0.45,0.428872114847397,0.428872114847397,6,random,0.75,4,96
kNN,raw,P1,1-3,4,3275,161,0.7267080745341615,0.8033582089552238,0.7929166666666667,0.7360482374768089,0.7328005623480335,5,random,0.75,4,96
kNN,raw,P1,1-3,5,3275,197,0.7817258883248731,0.8701436781609194,0.8383850931677019,0.8222410309701708,0.7730815182513637,5,random,0.75,4,96
kNN,raw,P1,1-3,6,3275,2300,0.6595652173913044,0.6318819602178724,0.728299165821353,0.603778542381447,0.6837605482920442,6,random,0.75,4,96
kNN,raw,P1,1-3,7,3275,3613,0.6208137282037088,0.6152019443005309,0.6250486654867898,0.5902567339957103,0.5755504123428842,6,random,0.75,4,96
kNN,raw,P1,1-3,8,3275,294,0.564625850340136,0.5707266918275312,0.5914821289821289,0.5039686128062475,0.5659620012600605,6,random,0.75,4,96
kNN,raw,P1,1-3,9,3275,470,0.7063829787234043,0.6664658967153312,0.7457629255989912,0.6883461382587025,0.6466922750496868,6,random,0.75,4,96
kNN,raw,P1,1-3,10,3275,3600,0.5013888888888889,0.5174345592372295,0.5013888888888889,0.49360284559064604,0.4936028455906461,6,random,0.75,4,96
SVM,raw,P1,1-3,4,3275,161,0.7204968944099379,0.8888505747126437,0.8204166666666666,0.8119672667757774,0.7211007309064663,5,random,0.75,5,96
SVM,raw,P1,1-3,5,3275,197,0.9593908629441624,0.9660546139359699,0.9598412698412698,0.9616082968593279,0.9594929807800957,5,random,0.75,5,96
SVM,raw,P1,1-3,6,3275,2300,0.6943478260869566,0.6369683011588909,0.7543670182037387,0.6201740127626499,0.7036570338189125,6,random,0.75,5,96
SVM,raw,P1,1-3,7,3275,3613,0.6695267091060061,0.6587872219883517,0.6700235982252883,0.6319373956698214,0.619401678371702,6,random,0.75,5,96
SVM,raw,P1,1-3,8,3275,294,0.5272108843537415,0.5987027139459381,0.6446386946386947,0.5251575191328729,0.5128721786000819,6,random,0.75,5,96
SVM,raw,P1,1-3,9,3275,470,0.7319148936170212,0.7095840698833703,0.7791452991452991,0.7145653996139657,0.6838929267423864,6,random,0.75,5,96
SVM,raw,P1,1-3,10,3275,3600,0.43222222222222223,0.49623143945364395,0.43222222222222223,0.4184978801832291,0.41849788018322903,6,random,0.75,5,96
kNN,raw,P1,1-3,4,3275,161,0.7267080745341615,0.8071987480438185,0.8049321705426357,0.7505252021597232,0.7295357145702019,5,random,0.75,5,96
kNN,raw,P1,1-3,5,3275,197,0.7614213197969543,0.8373928571428572,0.8170255348516218,0.8006180294582977,0.7558044082804042,5,random,0.75,5,96
kNN,raw,P1,1-3,6,3275,2300,0.6291304347826087,0.6237828165322543,0.7043787644535411,0.58372250052505,0.6587188516652612,6,random,0.75,5,96
kNN,raw,P1,1-3,7,3275,3613,0.613894270689178,0.6045192735083784,0.6176831615117564,0.5809929638122464,0.5648059408746113,6,random,0.75,5,96
kNN,raw,P1,1-3,8,3275,294,0.3979591836734694,0.4606416957026713,0.591443278943279,0.43187021611299525,0.28678066383703277,6,random,0.75,5,96
kNN,raw,P1,1-3,9,3275,470,0.6531914893617021,0.6385188720424128,0.680434356172061,0.6309095166653363,0.5982182725300236,6,random,0.75,5,96
kNN,raw,P1,1-3,10,3275,3600,0.49583333333333335,0.4963228369892844,0.4958333333333333,0.4839717352268847,0.4839717352268847,6,random,0.75,5,96
SVM,raw,P1,1-3,4,3275,161,0.8695652173913043,0.9208190301213557,0.8877858527131781,0.8948607196164613,0.8665213900845242,5,random,0.75,6,96
SVM,raw,P1,1-3,5,3275,197,0.9593908629441624,0.9580633714619686,0.9598412698412698,0.9583585017194775,0.9592809407117345,5,random,0.75,6,96
SVM,raw,P1,1-3,6,3275,2300,0.69,0.6340547780334275,0.750386075362373,0.617724634930613,0.7010113590867258,6,random,0.75,6,96
SVM,raw,P1,1-3,7,3275,3613,0.6617769166897315,0.6509173309681889,0.6628890744354884,0.6269408079929519,0.613916785715887,6,random,0.75,6,96
SVM,raw,P1,1-3,8,3275,294,0.5272108843537415,0.604516806722689,0.6388597513597514,0.5266074115620819,0.5178080454039491,6,random,0.75,6,96
SVM,raw,P1,1-3,9,3275,470,0.7340425531914894,0.7070462870462869,0.7803885003885004,0.7152384834779287,0.6836135194954155,6,random,0.75,6,96
SVM,raw,P1,1-3,10,3275,3600,0.4222222222222222,0.5279496791002366,0.4222222222222222,0.42612295674768447,0.42612295674768447,6,random,0.75,6,96
kNN,raw,P1,1-3,4,3275,161,0.7204968944099379,0.8083287671232877,0.8138226744186046,0.7571915143013614,0.7219051382639692,5,random,0.75,6,96
kNN,raw,P1,1-3,5,3275,197,0.8121827411167513,0.8606431823419888,0.8567701863354037,0.8436524492947607,0.8107494723905014,5,random,0.75,6,96
kNN,raw,P1,1-3,6,3275,2300,0.6356521739130435,0.6256758279797437,0.7076673228813682,0.5863626529466559,0.6647197012043494,6,random,0.75,6,96
kNN,raw,P1,1-3,7,3275,3613,0.6064212565734847,0.5974486437041283,0.6108947595142237,0.5775973989725531,0.560536468167296,6,random,0.75,6,96
kNN,raw,P1,1-3,8,3275,294,0.36394557823129253,0.49174937234322175,0.5301087801087802,0.38713839036390807,0.26378986849110914,6,random,0.75,6,96
kNN,raw,P1,1-3,9,3275,470,0.5957446808510638,0.5195198145593228,0.6066638643687824,0.5315451774704155,0.5192050640212712,6,random,0.75,6,96
kNN,raw,P1,1-3,10,3275,3600,0.49027777777777776,0.4952030126537559,0.4902777777777778,0.48258173896160145,0.4825817389616015,6,random,0.75,6,96
SVM,raw,P1,1-3,4,3275,161,0.9006211180124224,0.9568971113274911,0.9034108527131781,0.9194888734958422,0.8969296766816623,5,random,0.75,7,96
SVM,raw,P1,1-3,5,3275,197,0.9644670050761421,0.96495198746907,0.970952380952381,0.9668162659388028,0.9642953857639555,5,random,0.75,7,96
SVM,raw,P1,1-3,6,3275,2300,0.6965217391304348,0.636892180261517,0.7565297831183625,0.6204987177813394,0.7033128336885405,6,random,0.75,7,96
SVM,raw,P1,1-3,7,3275,3613,0.6980348740658733,0.6635770318993183,0.6958411968778891,0.6598995507606563,0.6509204389324341,6,random,0.75,7,96
SVM,raw,P1,1-3,8,3275,294,0.564625850340136,0.6107333013070718,0.6544580419580419,0.5547118489871828,0.5665733942175979,6,random,0.75,7,96
SVM,raw,P1,1-3,9,3275,470,0.7297872340425532,0.7117874961473262,0.7768376068376068,0.7140666531470546,0.6846865697856636,6,random,0.75,7,96
SVM,raw,P1,1-3,10,3275,3600,0.44166666666666665,0.5228907721754249,0.44166666666666665,0.4348316932504317,0.4348316932504317,6,random,0.75,7,96
kNN,raw,P1,1-3,4,3275,161,0.7577639751552795,0.8282844096542726,0.8291666666666666,0.7904429549930917,0.7575589004912961,5,random,0.75,7,96
kNN,raw,P1,1-3,5,3275,197,0.7563451776649747,0.8455337690631808,0.8178191856452728,0.798577626862856,0.7500848896434634,5,random,0.75,7,96
kNN,raw,P1,1-3,6,3275,2300,0.6582608695652173,0.6389342152818921,0.727826731818371,0.6054448733328576,0.6862943698287941,6,random,0.75,7,96
kNN,raw,P1,1-3,7,3275,3613,0.626902850816496,0.6107685124390392,0.628472697239783,0.5920514123857101,0.5771876975082078,6,random,0.75,7,96
kNN,raw,P1,1-3,8,3275,294,0.5510204081632653,0.5380528410043754,0.6614510489510489,0.5207850929679488,0.5160513763060328,6,random,0.75,7,96
kNN,raw,P1,1-3,9,3275,470,0.6191489361702127,0.6119931835840926,0.6379094857783382,0.5826814448038169,0.5582983980758087,6,random,0.75,7,96
kNN,raw,P1,1-3,10,3275,3600,0.4891666666666667,0.48750904069433276,0.4891666666666667,0.4740969498613005,0.4740969498613005,6,random,0.75,7,96
SVM,raw,P1,1-3,4,3275,161,0.7391304347826086,0.9011764705882352,0.8127083333333334,0.8170934892402284,0.7460957212552204,5,random,0.75,8,96
SVM,raw,P1,1-3,5,3275,197,0.9543147208121827,0.9620846039565251,0.9566666666666667,0.9578136441744661,0.9543144243428983,5,random,0.75,8,96
SVM,raw,P1,1-3,6,3275,2300,0.66,0.6255651023287633,0.7272741338180239,0.6016575471803651,0.6818146630021621,6,random,0.75,8,96
SVM,raw,P1,1-3,7,3275,3613,0.6598394685856629,0.6517230794001202,0.6615979799923983,0.630539112924448,0.6173845502620827,6,random,0.75,8,96
SVM,raw,P1,1-3,8,3275,294,0.54421768707483,0.6137097672346586,0.6642385392385393,0.545493801259341,0.5306773719897335,6,random,0.75,8,96
SVM,raw,P1,1-3,9,3275,470,0.7085106382978723,0.6456761734131135,0.7554700854700855,0.6784281799678937,0.637186192986194,6,random,0.75,8,96
SVM,raw,P1,1-3,10,3275,3600,0.4330555555555556,0.47144751731159484,0.4330555555555555,0.4164871139078607,0.4164871139078606,6,random,0.75,8,96
kNN,raw,P1,1-3,4,3275,161,0.7204968944099379,0.8231464737793852,0.7897916666666667,0.7543388080569084,0.720461060861969,5,random,0.75,8,96
kNN,raw,P1,1-3,5,3275,197,0.7969543147208121,0.8841695702671313,0.8490821256038649,0.8371325566005815,0.7912225785187212,5,random,0.75,8,96
kNN,raw,P1,1-3,6,3275,2300,0.6321739130434783,0.6234161339485325,0.7054549993970912,0.5846515047158957,0.6611677357460902,6,random,0.75,8,96
kNN,raw,P1,1-3,7,3275,3613,0.5848325491281483,0.5782062712674438,0.59279866927247,0.5546456336435086,0.5449577556508092,6,random,0.75,8,96
kNN,raw,P1,1-3,8,3275,294,0.36054421768707484,0.5542386866811546,0.4984362859362859,0.34742255180842574,0.26527323976616907,6,random,0.75,8,96
kNN,raw,P1,1-3,9,3275,470,0.5829787234042553,0.5841357630672147,0.592055612875285,0.526448582301728,0.5110867517578985,6,random,0.75,8,96
kNN,raw,P1,1-3,10,3275,3600,0.4597222222222222,0.46721269030214047,0.4597222222222222,0.44706315603961744,0.4470631560396173,6,random,0.75,8,96
SVM,raw,P1,1-3,4,3275,161,0.8757763975155279,0.9367441860465118,0.8909108527131782,0.9045080973664351,0.8727770477242239,5,random,0.75,9,96
SVM,raw,P1,1-3,5,3275,197,0.9593908629441624,0.9580633714619686,0.9598412698412698,0.9583585017194775,0.9592809407117345,5,random,0.75,9,96
SVM,raw,P1,1-3,6,3275,2300,0.6865217391304348,0.6301729380321026,0.7454783861498719,0.6145655369771925,0.6988414881332156,6,random,0.75,9,96
SVM,raw,P1,1-3,7,3275,3613,0.6999723221699419,0.6600422324250877,0.7000638862890866,0.6665397906197912,0.6564159965160739,6,random,0.75,9,96
SVM,raw,P1,1-3,8,3275,294,0.5782312925170068,0.6022553559369829,0.6676184926184927,0.5650433782647529,0.5744215371122366,6,random,0.75,9,96
SVM,raw,P1,1-3,9,3275,470,0.7425531914893617,0.682768913939887,0.7898290598290597,0.7127320758115686,0.6803542136229476,6,random,0.75,9,96
SVM,raw,P1,1-3,10,3275,3600,0.4286111111111111,0.5208389957810294,0.42861111111111105,0.43383305630847874,0.43383305630847874,6,random,0.75,9,96
kNN,raw,P1,1-3,4,3275,161,0.7267080745341615,0.8056157635467981,0.7929166666666667,0.7398792521345017,0.7302317275472896,5,random,0.75,9,96
kNN,raw,P1,1-3,5,3275,197,0.7715736040609137,0.8427973224432705,0.8261697722567287,0.8085570472775412,0.7685509491024595,5,random,0.75,9,96
kNN,raw,P1,1-3,6,3275,2300,0.6373913043478261,0.6285517083635627,0.709327488355609,0.5892582935520722,0.6676342662671427,6,random,0.75,9,96
kNN,raw,P1,1-3,7,3275,3613,0.6011624688624412,0.6048976313422053,0.6068989379021482,0.5783620477092117,0.5625234258716714,6,random,0.75,9,96
kNN,raw,P1,1-3,8,3275,294,0.47278911564625853,0.559883657444633,0.5368978243978244,0.41585095021828455,0.44148944531514284,6,random,0.75,9,96
kNN,raw,P1,1-3,9,3275,470,0.597872340425532,0.5029332342375821,0.6082051282051282,0.5296642527978933,0.5188071659686524,6,random,0.75,9,96
kNN,raw,P1,1-3,10,3275,3600,0.5013888888888889,0.5049996703985944,0.5013888888888889,0.4915991765767169,0.491599176576717,6,random,0.75,9,96
SVM,raw,P1,1-3,4,3275,161,0.7329192546583851,0.8911764705882353,0.8266666666666665,0.8197083333333334,0.7351384575569357,5,random,0.75,10,96
SVM,raw,P1,1-3,5,3275,197,0.9543147208121827,0.9620846039565251,0.9566666666666667,0.9578136441744661,0.9543144243428983,5,random,0.75,10,96
SVM,raw,P1,1-3,6,3275,2300,0.7121739130434782,0.6368902363533236,0.7656923725290546,0.6279638109633178,0.7140757706587034,6,random,0.75,10,96
SVM,raw,P1,1-3,7,3275,3613,0.6905618599501799,0.6576498548305544,0.6901216734081093,0.6522756306464085,0.641575018653353,6,random,0.75,10,96
SVM,raw,P1,1-3,8,3275,294,0.5612244897959183,0.6074422320550639,0.6562937062937063,0.5484686639598867,0.5586356657895222,6,random,0.75,10,96
SVM,raw,P1,1-3,9,3275,470,0.7425531914893617,0.6973655473655475,0.7898290598290597,0.7183255202274813,0.6854111119789402,6,random,0.75,10,96
SVM,raw,P1,1-3,10,3275,3600,0.44333333333333336,0.4824912161222801,0.44333333333333336,0.42625312370466845,0.4262531237046684,6,random,0.75,10,96
kNN,raw,P1,1-3,4,3275,161,0.7391304347826086,0.8134344528710725,0.8262499999999999,0.7659684926602219,0.7386689883537594,5,random,0.75,10,96
kNN,raw,P1,1-3,5,3275,197,0.7715736040609137,0.863099078341014,0.8296894409937888,0.8145849194912531,0.7662256743343698,5,random,0.75,10,96
kNN,raw,P1,1-3,6,3275,2300,0.6373913043478261,0.6231798947747357,0.710047327418787,0.5872348079099742,0.6630534132928132,6,random,0.75,10,96
kNN,raw,P1,1-3,7,3275,3613,0.6238582895101024,0.6089043207908751,0.6276514329685461,0.5934158509081513,0.5777460300758862,6,random,0.75,10,96
kNN,raw,P1,1-3,8,3275,294,0.42857142857142855,0.5336860950947968,0.6005439005439005,0.45410324082356274,0.345839900391701,6,random,0.75,10,96
kNN,raw,P1,1-3,9,3275,470,0.6957446808510638,0.6603483716591153,0.7338881883144178,0.6781292111887408,0.6366907634664867,6,random,0.75,10,96
kNN,raw,P1,1-3,10,3275,3600,0.49472222222222223,0.49885163402772176,0.4947222222222223,0.48427614652607237,0.4842761465260724,6,random,0.75,10,96
SVM,raw,P1,1-3,4,3275,161,0.906832298136646,0.9620253164556962,0.9100775193798448,0.9266753000086334,0.9045490204910493,5,random,0.75,11,96
SVM,raw,P1,1-3,5,3275,197,0.9644670050761421,0.96495198746907,0.970952380952381,0.9668162659388028,0.9642953857639555,5,random,0.75,11,96
SVM,raw,P1,1-3,6,3275,2300,0.6839130434782609,0.6355652205939956,0.7469633981931524,0.6153268871498835,0.6975642430108422,6,random,0.75,11,96
SVM,raw,P1,1-3,7,3275,3613,0.6742319402158871,0.661652488320593,0.6748922093541511,0.640598955053978,0.6285638299075444,6,random,0.75,11,96
SVM,raw,P1,1-3,8,3275,294,0.5374149659863946,0.6074561403508772,0.6481351981351982,0.5351910995510653,0.5293196438348738,6,random,0.75,11,96
SVM,raw,P1,1-3,9,3275,470,0.7297872340425532,0.6652822748094699,0.7769230769230769,0.6969380912482658,0.6631589452072237,6,random,0.75,11,96
SVM,raw,P1,1-3,10,3275,3600,0.4255555555555556,0.5428460655721281,0.4255555555555555,0.43181895922717506,0.43181895922717506,6,random,0.75,11,96
kNN,raw,P1,1-3,4,3275,161,0.7515527950310559,0.8314586466165415,0.8395833333333332,0.796239676843947,0.7488626128043766,5,random,0.75,11,96
kNN,raw,P1,1-3,5,3275,197,0.751269035532995,0.8398653198653199,0.8134713595583161,0.7936858406178047,0.745590069846731,5,random,0.75,11,96
kNN,raw,P1,1-3,6,3275,2300,0.6186956521739131,0.6307131269276035,0.6982211448005252,0.5826917571252855,0.6594738453402451,6,random,0.75,11,96
kNN,raw,P1,1-3,7,3275,3613,0.6003321339606975,0.5993247024978046,0.6051374250458449,0.5628341762877762,0.5485336010730347,6,random,0.75,11,96
kNN,raw,P1,1-3,8,3275,294,0.3979591836734694,0.5443460719917934,0.5607128982128983,0.4227330249665365,0.3159436437615227,6,random,0.75,11,96
kNN,raw,P1,1-3,9,3275,470,0.5936170212765958,0.4998901849296933,0.6039316239316239,0.5255403348554033,0.5143068104537064,6,random,0.75,11,96
kNN,raw,P1,1-3,10,3275,3600,0.4886111111111111,0.5008941482479341,0.48861111111111116,0.4851062477061352,0.4851062477061351,6,random,0.75,11,96
SVM,raw,P1,1-3,4,3275,161,0.8757763975155279,0.9372705018359853,0.8773691860465117,0.8974362889746395,0.8727639475990234,5,random,0.75,12,96
SVM,raw,P1,1-3,5,3275,197,0.9644670050761421,0.9633987873777043,0.9669841269841271,0.9645181708983431,0.9643920496646397,5,random,0.75,12,96
SVM,raw,P1,1-3,6,3275,2300,0.7065217391304348,0.6376884026106596,0.7622646951309645,0.6256549532881398,0.7110681912921387,6,random,0.75,12,96
SVM,raw,P1,1-3,7,3275,3613,0.729587600332134,0.6761967888561159,0.7259050191149105,0.6870622701450363,0.6801518685671956,6,random,0.75,12,96
SVM,raw,P1,1-3,8,3275,294,0.5884353741496599,0.610860037877493,0.666501554001554,0.5660094199321488,0.5895784032165668,6,random,0.75,12,96
SVM,raw,P1,1-3,9,3275,470,0.7382978723404255,0.711533382165043,0.7853846153846153,0.7202553776764877,0.6900717280622283,6,random,0.75,12,96
SVM,raw,P1,1-3,10,3275,3600,0.4330555555555556,0.5171401445165104,0.4330555555555555,0.4370458658552425,0.4370458658552425,6,random,0.75,12,96
kNN,raw,P1,1-3,4,3275,161,0.7329192546583851,0.8053030303030303,0.7995833333333333,0.7425848070671137,0.7394696915955759,5,random,0.75,12,96
kNN,raw,P1,1-3,5,3275,197,0.766497461928934,0.8407706093189965,0.8218219461697723,0.8050569874921708,0.7652669644955232,5,random,0.75,12,96
kNN,raw,P1,1-3,6,3275,2300,0.6426086956521739,0.6357018187306583,0.714726005403317,0.5961178113503182,0.6757844676661587,6,random,0.75,12,96
kNN,raw,P1,1-3,7,3275,3613,0.6512593412676446,0.6100534594243675,0.6534893869571289,0.6156538429682253,0.6049865750972996,6,random,0.75,12,96
kNN,raw,P1,1-3,8,3275,294,0.7040816326530612,0.6155113338757529,0.5909770784770785,0.509047933436766,0.6742620780877931,6,random,0.75,12,96
kNN,raw,P1,1-3,9,3275,470,0.5851063829787234,0.5240137341884051,0.5870445947495128,0.5176101515433379,0.5092512474854669,6,random,0.75,12,96
kNN,raw,P1,1-3,10,3275,3600,0.485,0.4814883585303957,0.48500000000000004,0.46989897348431753,0.46989897348431753,6,random,0.75,12,96
SVM,raw,P1,1-3,4,3275,161,0.8695652173913043,0.9327272727272728,0.8742441860465118,0.8937809028241717,0.8668235027575768,5,random,0.75,13,96
SVM,raw,P1,1-3,5,3275,197,0.9593908629441624,0.9580633714619686,0.9598412698412698,0.9583585017194775,0.9592809407117345,5,random,0.75,13,96
SVM,raw,P1,1-3,6,3275,2300,0.7121739130434782,0.635161847109848,0.7646586115654096,0.6272253600502985,0.7138348576043982,6,random,0.75,13,96
SVM,raw,P1,1-3,7,3275,3613,0.7044007749792416,0.6632907529530988,0.704051686654689,0.667959125228566,0.6580013483604096,6,random,0.75,13,96
SVM,raw,P1,1-3,8,3275,294,0.5510204081632653,0.6005928708842284,0.6522921522921523,0.5398061327630318,0.5436577456915718,6,random,0.75,13,96
SVM,raw,P1,1-3,9,3275,470,0.7361702127659574,0.6643347959945585,0.7807381507381507,0.7028947005949715,0.6660564967555542,6,random,0.75,13,96
SVM,raw,P1,1-3,10,3275,3600,0.43333333333333335,0.5256810660386713,0.43333333333333335,0.43695813944545564,0.4369581394454556,6,random,0.75,13,96
kNN,raw,P1,1-3,4,3275,161,0.7080745341614907,0.8005668398677374,0.7835416666666667,0.7276935304083284,0.7085789599406987,5,random,0.75,13,96
kNN,raw,P1,1-3,5,3275,197,0.8071065989847716,0.8590644530943038,0.8495652173913044,0.8371405360538597,0.8068671244332587,5,random,0.75,13,96
kNN,raw,P1,1-3,6,3275,2300,0.6452173913043479,0.6256160022695857,0.7143917693739303,0.590733047099647,0.6701116749163447,6,random,0.75,13,96
kNN,raw,P1,1-3,7,3275,3613,0.6042070301688348,0.5812436156707385,0.6125353906381584,0.5638356759965448,0.5587011925374581,6,random,0.75,13,96
kNN,raw,P1,1-3,8,3275,294,0.37755102040816324,0.5496009645856069,0.4820901320901321,0.3373914654156347,0.3086245388410414,6,random,0.75,13,96
kNN,raw,P1,1-3,9,3275,470,0.6595744680851063,0.6421962991684306,0.6847562637726572,0.6389787149465924,0.6022980033295996,6,random,0.75,13,96
kNN,raw,P1,1-3,10,3275,3600,0.49944444444444447,0.4951319819170976,0.4994444444444444,0.48730911956711137,0.4873091195671114,6,random,0.75,13,96
SVM,raw,P1,1-3,4,3275,161,0.8695652173913043,0.9327272727272728,0.8742441860465118,0.8937809028241717,0.8668235027575768,5,random,0.75,14,96
SVM,raw,P1,1-3,5,3275,197,0.9543147208121827,0.954093361482524,0.9566666666666667,0.9545638490346157,0.9541023842745371,5,random,0.75,14,96
SVM,raw,P1,1-3,6,3275,2300,0.7043478260869566,0.6369073493458628,0.7609387843297677,0.6244681260578789,0.7092419365665404,6,random,0.75,14,96
SVM,raw,P1,1-3,7,3275,3613,0.6966509825629671,0.6622599653144139,0.6962428318802792,0.6586370675861527,0.6484280942015039,6,random,0.75,14,96
SVM,raw,P1,1-3,8,3275,294,0.5612244897959183,0.600607219014927,0.6562937062937063,0.5517665006443618,0.5571674738886015,6,random,0.75,14,96
SVM,raw,P1,1-3,9,3275,470,0.7361702127659574,0.7085792689240966,0.7834188034188033,0.7174324830364324,0.685058383141658,6,random,0.75,14,96
SVM,raw,P1,1-3,10,3275,3600,0.43472222222222223,0.5397689877322139,0.4347222222222222,0.4269903055036251,0.4269903055036251,6,random,0.75,14,96
kNN,raw,P1,1-3,4,3275,161,0.7267080745341615,0.8038899430740039,0.7929166666666667,0.7371765539539626,0.7318648689957578,5,random,0.75,14,96
kNN,raw,P1,1-3,5,3275,197,0.7563451776649747,0.8340397069535174,0.815472739820566,0.7956134267419994,0.7520629916970663,5,random,0.75,14,96
kNN,raw,P1,1-3,6,3275,2300,0.6243478260869565,0.6214246193249912,0.7015995954860607,0.5806309363690682,0.6546413063315188,6,random,0.75,14,96
kNN,raw,P1,1-3,7,3275,3613,0.6036534735676723,0.5786545050486596,0.6100477062273125,0.5625139795654507,0.5525463071222528,6,random,0.75,14,96
kNN,raw,P1,1-3,8,3275,294,0.4013605442176871,0.549174307133183,0.49763986013986017,0.3633084789515509,0.3449444325364515,6,random,0.75,14,96
kNN,raw,P1,1-3,9,3275,470,0.6851063829787234,0.6518510008185393,0.7214166889576726,0.6663832542146731,0.6249313656376838,6,random,0.75,14,96
kNN,raw,P1,1-3,10,3275,3600,0.5041666666666667,0.5168085926867395,0.5041666666666668,0.49654389890733225,0.4965438989073323,6,random,0.75,14,96
SVM,raw,P1,1-3,4,3275,161,0.84472049689441,0.9154761904761906,0.8752858527131782,0.8863141123269056,0.8429484935861659,5,random,0.75,15,96
SVM,raw,P1,1-3,5,3275,197,0.9543147208121827,0.954093361482524,0.9566666666666667,0.9545638490346157,0.9541023842745371,5,random,0.75,15,96
SVM,raw,P1,1-3,6,3275,2300,0.6930434782608695,0.6365087663617075,0.7532958021327153,0.6195711992115237,0.7029927753715359,6,random,0.75,15,96
SVM,raw,P1,1-3,7,3275,3613,0.6634375864932189,0.6539921442767472,0.6644611754608426,0.6271726972051836,0.6143550146665703,6,random,0.75,15,96
SVM,raw,P1,1-3,8,3275,294,0.5510204081632653,0.6070459359936701,0.6479020979020979,0.5405708454448214,0.5485345437790358,6,random,0.75,15,96
SVM,raw,P1,1-3,9,3275,470,0.7404255319148936,0.7146714991294459,0.7867987567987568,0.722435443383068,0.6918026034595214,6,random,0.75,15,96
SVM,raw,P1,1-3,10,3275,3600,0.4222222222222222,0.5426295397293887,0.4222222222222223,0.40979992991384423,0.4097999299138442,6,random,0.75,15,96
kNN,raw,P1,1-3,4,3275,161,0.7329192546583851,0.8190144927536231,0.8095833333333333,0.7629854270374326,0.7326334075421753,5,random,0.75,15,96
kNN,raw,P1,1-3,5,3275,197,0.751269035532995,0.8288830905269261,0.8191235334713596,0.7924190495460224,0.7424701103953738,5,random,0.75,15,96
kNN,raw,P1,1-3,6,3275,2300,0.6226086956521739,0.6217418035473754,0.7004446134630952,0.5812904425879871,0.6550637041183438,6,random,0.75,15,96
kNN,raw,P1,1-3,7,3275,3613,0.6053141433711597,0.6078191899000188,0.6101181291858845,0.5794321388596906,0.5628914547834906,6,random,0.75,15,96
kNN,raw,P1,1-3,8,3275,294,0.7346938775510204,0.6585106382978723,0.7186091686091686,0.6489226023471204,0.7404992864192468,6,random,0.75,15,96
kNN,raw,P1,1-3,9,3275,470,0.6936170212765957,0.6587554565053104,0.730560459576853,0.6754701393344461,0.6354894233071601,6,random,0.75,15,96
kNN,raw,P1,1-3,10,3275,3600,0.47805555555555557,0.5159989387202399,0.4780555555555555,0.4786961072355269,0.47869610723552697,6,random,0.75,15,96
SVM,raw,P1,1-3,4,3275,161,0.8757763975155279,0.9367441860465118,0.8909108527131782,0.9045080973664351,0.8727770477242239,5,random,0.75,16,96
SVM,raw,P1,1-3,5,3275,197,0.9543147208121827,0.954093361482524,0.9566666666666667,0.9545638490346157,0.9541023842745371,5,random,0.75,16,96
SVM,raw,P1,1-3,6,3275,2300,0.7078260869565217,0.6389479639923309,0.7636159389336079,0.6265762196064925,0.7119981005612186,6,random,0.75,16,96
SVM,raw,P1,1-3,7,3275,3613,0.7021865485745917,0.6643243670728292,0.7013156676871227,0.6635638700045097,0.6536619221105452,6,random,0.75,16,96
SVM,raw,P1,1-3,8,3275,294,0.5476190476190477,0.5999408459035789,0.6398504273504274,0.5366671193839233,0.5458240917742977,6,random,0.75,16,96
SVM,raw,P1,1-3,9,3275,470,0.7425531914893617,0.7108999184145574,0.7897435897435897,0.7229188450113879,0.691646801203601,6,random,0.75,16,96
SVM,raw,P1,1-3,10,3275,3600,0.43555555555555553,0.5238008049353434,0.43555555555555553,0.43434552490783046,0.43434552490783046,6,random,0.75,16,96
kNN,raw,P1,1-3,4,3275,161,0.7267080745341615,0.806841046277666,0.7929166666666667,0.7414708850047196,0.7295394451281062,5,random,0.75,16,96
kNN,raw,P1,1-3,5,3275,197,0.7614213197969543,0.8424999092992959,0.8198205659075224,0.8021054490374546,0.757247717252428,5,random,0.75,16,96
kNN,raw,P1,1-3,6,3275,2300,0.6839130434782609,0.6429913877421676,0.7457270627074909,0.6185376198526479,0.7045225192314742,6,random,0.75,16,96
kNN,raw,P1,1-3,7,3275,3613,0.6335455300304456,0.6198831951658785,0.6365567367549325,0.6034159727123529,0.588702276254036,6,random,0.75,16,96
kNN,raw,P1,1-3,8,3275,294,0.6258503401360545,0.6023521256099538,0.625631313131313,0.5565068585209251,0.6358899317658908,6,random,0.75,16,96
kNN,raw,P1,1-3,9,3275,470,0.7085106382978723,0.6659271725826194,0.7484951660361495,0.6899168115490325,0.6483402819878834,6,random,0.75,16,96
kNN,raw,P1,1-3,10,3275,3600,0.49777777777777776,0.500287824747284,0.4977777777777778,0.4851400791447162,0.48514007914471613,6,random,0.75,16,96
SVM,raw,P1,1-3,4,3275,161,0.8881987577639752,0.9464048146974976,0.8971608527131781,0.9119409465914025,0.8848059377048032,5,random,0.75,17,96
SVM,raw,P1,1-3,5,3275,197,0.9593908629441624,0.9594287773982595,0.9638095238095239,0.9607235182134813,0.9592134932274422,5,random,0.75,17,96
SVM,raw,P1,1-3,6,3275,2300,0.681304347826087,0.6348576436004996,0.7452793390078036,0.6138985757759855,0.6955029797018002,6,random,0.75,17,96
SVM,raw,P1,1-3,7,3275,3613,0.6736783836147247,0.6535342146699851,0.6745002064539469,0.639515419481969,0.6274549772381246,6,random,0.75,17,96
SVM,raw,P1,1-3,8,3275,294,0.54421768707483,0.6105555555555555,0.6543512043512044,0.5405426099586372,0.536101638723122,6,random,0.75,17,96
SVM,raw,P1,1-3,9,3275,470,0.7297872340425532,0.7064286937168293,0.7769230769230769,0.7121143492858136,0.6803013899086118,6,random,0.75,17,96
SVM,raw,P1,1-3,10,3275,3600,0.44055555555555553,0.5520621535881446,0.4405555555555556,0.4398201228720078,0.43982012287200783,6,random,0.75,17,96
kNN,raw,P1,1-3,4,3275,161,0.7329192546583851,0.8117521367521368,0.7995833333333333,0.7515767397035786,0.7348945925738974,5,random,0.75,17,96
kNN,raw,P1,1-3,5,3275,197,0.7563451776649747,0.8411640211640211,0.8234713595583161,0.8000968794411417,0.7495128340264398,5,random,0.75,17,96
kNN,raw,P1,1-3,6,3275,2300,0.6043478260869565,0.6250941093943091,0.6884560632340028,0.5736041192325201,0.6454140668913496,6,random,0.75,17,96
kNN,raw,P1,1-3,7,3275,3613,0.6083587046775533,0.6033749222994812,0.6126012691417284,0.5773393051649263,0.5605842923719883,6,random,0.75,17,96
kNN,raw,P1,1-3,8,3275,294,0.48299319727891155,0.5392013969064618,0.6279720279720279,0.48885439941857967,0.42799782341004355,6,random,0.75,17,96
kNN,raw,P1,1-3,9,3275,470,0.5936170212765958,0.501077100373837,0.6039316239316239,0.5262385321100918,0.5151981260979894,6,random,0.75,17,96
kNN,raw,P1,1-3,10,3275,3600,0.5022222222222222,0.49448202479621367,0.5022222222222222,0.48806200964459073,0.48806200964459084,6,random,0.75,17,96
SVM,raw,P1,1-3,4,3275,161,0.7329192546583851,0.8911764705882353,0.8266666666666665,0.8197083333333334,0.7351384575569357,5,random,0.75,18,96
SVM,raw,P1,1-3,5,3275,197,0.9543147208121827,0.9620846039565251,0.9566666666666667,0.9578136441744661,0.9543144243428983,5,random,0.75,18,96
SVM,raw,P1,1-3,6,3275,2300,0.7060869565217391,0.6393129389736896,0.7628265217416411,0.6257720130385395,0.7106648179415563,6,random,0.75,18,96
SVM,raw,P1,1-3,7,3275,3613,0.6900083033490174,0.6665761536854613,0.6886385896874639,0.651532356473382,0.6414748820241718,6,random,0.75,18,96
SVM,raw,P1,1-3,8,3275,294,0.5272108843537415,0.5842183735824666,0.6446386946386947,0.523110143299962,0.5105695402775926,6,random,0.75,18,96
SVM,raw,P1,1-3,9,3275,470,0.7191489361702128,0.6892463621388688,0.7663247863247863,0.6979954522596997,0.6644774453033344,6,random,0.75,18,96
SVM,raw,P1,1-3,10,3275,3600,0.43916666666666665,0.4916198194941123,0.43916666666666665,0.4244960501412534,0.4244960501412534,6,random,0.75,18,96
kNN,raw,P1,1-3,4,3275,161,0.7329192546583851,0.8074534161490684,0.8215988372093023,0.7587755102040816,0.7351438712130814,5,random,0.75,18,96
kNN,raw,P1,1-3,5,3275,197,0.7918781725888325,0.8535981665393431,0.8400414078674949,0.8256526715562208,0.7900387055237227,5,random,0.75,18,96
kNN,raw,P1,1-3,6,3275,2300,0.6743478260869565,0.6324891140307208,0.7380519761326857,0.6095120648000835,0.691938275270813,6,random,0.75,18,96
kNN,raw,P1,1-3,7,3275,3613,0.6329919734292832,0.6078565705338917,0.6352625395993695,0.5886102113977693,0.577609610159621,6,random,0.75,18,96
kNN,raw,P1,1-3,8,3275,294,0.40816326530612246,0.38233652312599675,0.6111111111111112,0.4437511049617588,0.28896418708149696,6,random,0.75,18,96
kNN,raw,P1,1-3,9,3275,470,0.6191489361702127,0.6108032890575585,0.6396959506795573,0.5864111861298659,0.5594532067667374,6,random,0.75,18,96
kNN,raw,P1,1-3,10,3275,3600,0.5069444444444444,0.50116317267658,0.5069444444444445,0.49281911108683923,0.4928191110868392,6,random,0.75,18,96
SVM,raw,P1,1-3,4,3275,161,0.8944099378881988,0.9464102564102564,0.9002858527131782,0.9148306423909309,0.8909465275214383,5,random,0.75,19,96
SVM,raw,P1,1-3,5,3275,197,0.9593908629441624,0.9594287773982595,0.9638095238095239,0.9607235182134813,0.9592134932274422,5,random,0.75,19,96
SVM,raw,P1,1-3,6,3275,2300,0.6869565217391305,0.6362084293863878,0.7490023766812207,0.6169070717301125,0.6997296351512254,6,random,0.75,19,96
SVM,raw,P1,1-3,7,3275,3613,0.6830888458344866,0.6624668726415571,0.6827456566075436,0.6470735911598599,0.6357920213863173,6,random,0.75,19,96
SVM,raw,P1,1-3,8,3275,294,0.5476190476190477,0.604779189352692,0.6506216006216007,0.5370858972930511,0.5399245932446921,6,random,0.75,19,96
SVM,raw,P1,1-3,9,3275,470,0.7425531914893617,0.6648920329867768,0.7889355089355089,0.7065207193242001,0.6708657869241448,6,random,0.75,19,96
SVM,raw,P1,1-3,10,3275,3600,0.42138888888888887,0.5347555688877526,0.42138888888888887,0.42349996408621765,0.42349996408621765,6,random,0.75,19,96
kNN,raw,P1,1-3,4,3275,161,0.7329192546583851,0.8222488038277511,0.8231249999999999,0.7717967599410899,0.7303888834780886,5,random,0.75,19,96
kNN,raw,P1,1-3,5,3275,197,0.7766497461928934,0.8567891878236706,0.8368944099378881,0.8183075178981032,0.7675762661522829,5,random,0.75,19,96
kNN,raw,P1,1-3,6,3275,2300,0.6360869565217391,0.6329228193641278,0.7107176079123118,0.5922031987936799,0.6707501390555273,6,random,0.75,19,96
kNN,raw,P1,1-3,7,3275,3613,0.6230279546083587,0.6199338718506898,0.6266261031017208,0.5940963891802669,0.5782991613958541,6,random,0.75,19,96
kNN,raw,P1,1-3,8,3275,294,0.6428571428571429,0.6226850408430504,0.6534090909090909,0.5855074639540739,0.6572478610048847,6,random,0.75,19,96
kNN,raw,P1,1-3,9,3275,470,0.6553191489361702,0.6464445084927354,0.6795936668067815,0.629187415731044,0.5997581146007203,6,random,0.75,19,96
kNN,raw,P1,1-3,10,3275,3600,0.49694444444444447,0.5079584978194572,0.4969444444444444,0.4898025932595025,0.48980259325950254,6,random,0.75,19,96
SVM,raw,P1,1-3,4,3275,161,0.8571428571428571,0.9246768507638073,0.8544525193798449,0.8787212322420641,0.8547710300390982,5,random,0.75,20,96
SVM,raw,P1,1-3,5,3275,197,0.9593908629441624,0.9594287773982595,0.9638095238095239,0.9607235182134813,0.9592134932274422,5,random,0.75,20,96
SVM,raw,P1,1-3,6,3275,2300,0.697391304347826,0.6380716248613995,0.7571782915489721,0.6214811858179935,0.7047265729631187,6,random,0.75,20,96
SVM,raw,P1,1-3,7,3275,3613,0.6739551619153058,0.6565094202017886,0.6741288610648323,0.6347827492830475,0.6228539923593474,6,random,0.75,20,96
SVM,raw,P1,1-3,8,3275,294,0.5204081632653061,0.5979980753476358,0.637917637917638,0.5209800067432933,0.5065435529853054,6,random,0.75,20,96
SVM,raw,P1,1-3,9,3275,470,0.7319148936170212,0.7066761363636364,0.7782517482517483,0.7135781215619547,0.6820391181427002,6,random,0.75,20,96
SVM,raw,P1,1-3,10,3275,3600,0.42388888888888887,0.5529072610254683,0.4238888888888889,0.4112861427546017,0.41128614275460157,6,random,0.75,20,96
kNN,raw,P1,1-3,4,3275,161,0.7018633540372671,0.808860759493671,0.7804166666666668,0.7337946961769772,0.6992026717311441,5,random,0.75,20,96
kNN,raw,P1,1-3,5,3275,197,0.7766497461928934,0.8689572848109434,0.832415458937198,0.8162226195570226,0.7664810084515487,5,random,0.75,20,96
kNN,raw,P1,1-3,6,3275,2300,0.6313043478260869,0.6281187374999376,0.7081167841699095,0.5877674896359386,0.6671967080085085,6,random,0.75,20,96
kNN,raw,P1,1-3,7,3275,3613,0.604483808469416,0.5911062392385488,0.6126925945414661,0.5644513298134674,0.554906322246523,6,random,0.75,20,96
kNN,raw,P1,1-3,8,3275,294,0.3163265306122449,0.3766671924566662,0.4597222222222222,0.2829854817669879,0.18903300054367847,6,random,0.75,20,96
kNN,raw,P1,1-3,9,3275,470,0.5851063829787234,0.6225098273374136,0.577588877424943,0.5009120213926271,0.4945296687452436,6,random,0.75,20,96
kNN,raw,P1,1-3,10,3275,3600,0.4922222222222222,0.5184702803389524,0.49222222222222217,0.4908365377479787,0.49083653774797875,6,random,0.75,20,96
SVM,raw,P1,1-3,4,3275,161,0.7577639751552795,0.9048780487804878,0.8391666666666666,0.8367020408163265,0.7635360628723538,5,random,0.75,21,96
SVM,raw,P1,1-3,5,3275,197,0.9644670050761421,0.9701891252955083,0.963015873015873,0.9654190626468129,0.964678182781735,5,random,0.75,21,96
SVM,raw,P1,1-3,6,3275,2300,0.7086956521739131,0.6351319388830046,0.7621630312680803,0.6258118239639201,0.7122546103267633,6,random,0.75,21,96
SVM,raw,P1,1-3,7,3275,3613,0.6916689731525049,0.660954526374935,0.6917966576487032,0.6583537885437272,0.6475613985926763,6,random,0.75,21,96
SVM,raw,P1,1-3,8,3275,294,0.5476190476190477,0.6019193675055284,0.6476204351204351,0.5352171726841383,0.5408390996981106,6,random,0.75,21,96
SVM,raw,P1,1-3,9,3275,470,0.7425531914893617,0.6675066540174454,0.7898290598290597,0.70862290803145,0.6723216837393395,6,random,0.75,21,96
SVM,raw,P1,1-3,10,3275,3600,0.4425,0.48288234058008794,0.44249999999999995,0.42441929243467486,0.42441929243467497,6,random,0.75,21,96
kNN,raw,P1,1-3,4,3275,161,0.7142857142857143,0.8105263157894737,0.785140503875969,0.7424104599665545,0.7162013902989989,5,random,0.75,21,96
kNN,raw,P1,1-3,5,3275,197,0.8020304568527918,0.8645837218432547,0.8475638371290545,0.835865528697609,0.801459315200521,5,random,0.75,21,96
kNN,raw,P1,1-3,6,3275,2300,0.6426086956521739,0.6268092291612152,0.7126431509323196,0.5905602495399199,0.6692327791483026,6,random,0.75,21,96
kNN,raw,P1,1-3,7,3275,3613,0.6136174923885968,0.6120152340575279,0.6177833285078672,0.5897913682113919,0.5737014078165837,6,random,0.75,21,96
kNN,raw,P1,1-3,8,3275,294,0.7244897959183674,0.6767750706895442,0.7121114996114996,0.6531197889883384,0.7373490814496779,6,random,0.75,21,96
kNN,raw,P1,1-3,9,3275,470,0.6063829787234043,0.5148318786611424,0.6168376068376068,0.5398013349929633,0.5303341219319898,6,random,0.75,21,96
kNN,raw,P1,1-3,10,3275,3600,0.4747222222222222,0.4787415753576483,0.4747222222222222,0.45925417276644315,0.45925417276644315,6,random,0.75,21,96
SVM,raw,P1,1-3,4,3275,161,0.7888198757763976,0.9116883116883117,0.8547916666666666,0.8546258503401362,0.795421895466261,5,random,0.75,22,96
SVM,raw,P1,1-3,5,3275,197,0.9644670050761421,0.9700950179763741,0.9669841269841271,0.9676202369889151,0.9644479320473789,5,random,0.75,22,96
SVM,raw,P1,1-3,6,3275,2300,0.7052173913043478,0.6381867177891919,0.7613903859101593,0.6253706315204668,0.7108103458486515,6,random,0.75,22,96
SVM,raw,P1,1-3,7,3275,3613,0.6722944921118185,0.6572848726868367,0.6732366038576488,0.6360580701502414,0.623676101515057,6,random,0.75,22,96
SVM,raw,P1,1-3,8,3275,294,0.5510204081632653,0.6074167183444301,0.6566822066822068,0.5428486307792254,0.5440478791394445,6,random,0.75,22,96
SVM,raw,P1,1-3,9,3275,470,0.7382978723404255,0.7012751786874594,0.7854700854700855,0.7164758069930484,0.6849922586716424,6,random,0.75,22,96
SVM,raw,P1,1-3,10,3275,3600,0.44222222222222224,0.4934259512101698,0.4422222222222221,0.4243697220954308,0.4243697220954308,6,random,0.75,22,96
kNN,raw,P1,1-3,4,3275,161,0.7453416149068323,0.8135265700483092,0.8229166666666666,0.7667282096785203,0.7471360041139371,5,random,0.75,22,96
kNN,raw,P1,1-3,5,3275,197,0.7715736040609137,0.8462294047092985,0.8261697722567287,0.8099437161949513,0.7697938921325622,5,random,0.75,22,96
kNN,raw,P1,1-3,6,3275,2300,0.6278260869565218,0.6293846887679446,0.7034552285201813,0.5855581406160565,0.6621027762496243,6,random,0.75,22,96
kNN,raw,P1,1-3,7,3275,3613,0.6133407140880155,0.6051239209657538,0.6174299229110602,0.5836572125941742,0.5676555652695363,6,random,0.75,22,96
kNN,raw,P1,1-3,8,3275,294,0.4557823129251701,0.5502439551611152,0.6156468531468532,0.4807101047998899,0.39340265565669996,6,random,0.75,22,96
kNN,raw,P1,1-3,9,3275,470,0.5872340425531914,0.4953327922077923,0.5974358974358974,0.5202752159273899,0.5089030919743223,6,random,0.75,22,96
kNN,raw,P1,1-3,10,3275,3600,0.48527777777777775,0.48548639481574635,0.48527777777777775,0.4733561994065576,0.4733561994065575,6,random,0.75,22,96
SVM,raw,P1,1-3,4,3275,161,0.8757763975155279,0.9367441860465118,0.8909108527131782,0.9045080973664351,0.8727770477242239,5,random,0.75,23,96
SVM,raw,P1,1-3,5,3275,197,0.9543147208121827,0.954093361482524,0.9566666666666667,0.9545638490346157,0.9541023842745371,5,random,0.75,23,96
SVM,raw,P1,1-3,6,3275,2300,0.7108695652173913,0.6378594765774103,0.7649165167333583,0.6276459624701856,0.7138655955703587,6,random,0.75,23,96
SVM,raw,P1,1-3,7,3275,3613,0.6936064212565735,0.660551217092085,0.6933154778115912,0.6561751566511306,0.6455636209961374,6,random,0.75,23,96
SVM,raw,P1,1-3,8,3275,294,0.54421768707483,0.5973022146935191,0.6416860916860917,0.5325588542627082,0.5397055373873687,6,random,0.75,23,96
SVM,raw,P1,1-3,9,3275,470,0.7340425531914894,0.6947930561593019,0.7803030303030303,0.7111241452231507,0.6792817949241825,6,random,0.75,23,96
SVM,raw,P1,1-3,10,3275,3600,0.42944444444444446,0.5228784726997381,0.42944444444444446,0.43254840317902293,0.432548403179023,6,random,0.75,23,96
kNN,raw,P1,1-3,4,3275,161,0.7142857142857143,0.8134387351778656,0.785140503875969,0.745043513187843,0.7160500254052152,5,random,0.75,23,96
kNN,raw,P1,1-3,5,3275,197,0.7766497461928934,0.8484608298553677,0.8305175983436854,0.8134984953348031,0.7731037496951736,5,random,0.75,23,96
kNN,raw,P1,1-3,6,3275,2300,0.6439130434782608,0.632277456253433,0.7145665536604774,0.5943768206394847,0.6750071510692787,6,random,0.75,23,96
kNN,raw,P1,1-3,7,3275,3613,0.6111264876833656,0.591802898100576,0.6171573885934167,0.5734974034891893,0.5664674480720386,6,random,0.75,23,96
kNN,raw,P1,1-3,8,3275,294,0.3673469387755102,0.551018061672388,0.4772047397047397,0.3237224623678551,0.2872849603242728,6,random,0.75,23,96
kNN,raw,P1,1-3,9,3275,470,0.648936170212766,0.6439926820627415,0.6699021743284038,0.627485437268046,0.5920621546199715,6,random,0.75,23,96
kNN,raw,P1,1-3,10,3275,3600,0.49166666666666664,0.5026097837867401,0.4916666666666667,0.48618142295004896,0.4861814229500491,6,random,0.75,23,96
SVM,raw,P1,1-3,4,3275,161,0.8571428571428571,0.9235507246376813,0.8815358527131781,0.8935356164937887,0.8548538265190925,5,random,0.75,24,96
SVM,raw,P1,1-3,5,3275,197,0.9593908629441624,0.9594287773982595,0.9638095238095239,0.9607235182134813,0.9592134932274422,5,random,0.75,24,96
SVM,raw,P1,1-3,6,3275,2300,0.6834782608695652,0.6356181135559608,0.7471467436471002,0.6147995542442775,0.6963874994459267,6,random,0.75,24,96
SVM,raw,P1,1-3,7,3275,3613,0.6805978411292555,0.6686662949957135,0.6800955777561083,0.646676619452092,0.6356916240043259,6,random,0.75,24,96
SVM,raw,P1,1-3,8,3275,294,0.5816326530612245,0.6201154816587954,0.6761752136752137,0.5748798472079334,0.5817838996507646,6,random,0.75,24,96
SVM,raw,P1,1-3,9,3275,470,0.7425531914893617,0.716168953457089,0.7898290598290597,0.7247538236524679,0.6938838462785484,6,random,0.75,24,96
SVM,raw,P1,1-3,10,3275,3600,0.4419444444444444,0.5593553117263707,0.4419444444444444,0.439266491959664,0.439266491959664,6,random,0.75,24,96
kNN,raw,P1,1-3,4,3275,161,0.7080745341614907,0.7608658008658009,0.8029941860465115,0.7260028292662631,0.7127731758268298,5,random,0.75,24,96
kNN,raw,P1,1-3,5,3275,197,0.751269035532995,0.8357037037037036,0.8191235334713596,0.7952414000141272,0.7450223903154221,5,random,0.75,24,96
kNN,raw,P1,1-3,6,3275,2300,0.611304347826087,0.6305727236538488,0.6937918108165432,0.5794935768324954,0.6524833867054621,6,random,0.75,24,96
kNN,raw,P1,1-3,7,3275,3613,0.6277331857182397,0.6163618593908533,0.6302689901172678,0.5918419065278968,0.5764031742015896,6,random,0.75,24,96
kNN,raw,P1,1-3,8,3275,294,0.7380952380952381,0.6838483704292528,0.7331682206682206,0.6703036967775012,0.7495563741476726,6,random,0.75,24,96
kNN,raw,P1,1-3,9,3275,470,0.597872340425532,0.512341555195635,0.6082905982905983,0.5336866983110338,0.5235989914405412,6,random,0.75,24,96
kNN,raw,P1,1-3,10,3275,3600,0.4905555555555556,0.4996525227599606,0.4905555555555556,0.4827295149660764,0.48272951496607636,6,random,0.75,24,96
SVM,raw,P1,1-3,4,3275,161,0.8757763975155279,0.9367441860465118,0.8909108527131782,0.9045080973664351,0.8727770477242239,5,random,0.75,25,96
SVM,raw,P1,1-3,5,3275,197,0.9593908629441624,0.9594287773982595,0.9638095238095239,0.9607235182134813,0.9592134932274422,5,random,0.75,25,96
SVM,raw,P1,1-3,6,3275,2300,0.6939130434782609,0.6378444182215994,0.7551257516646334,0.6196187724538409,0.7019791750551627,6,random,0.75,25,96
SVM,raw,P1,1-3,7,3275,3613,0.6526432327705508,0.6614990983127395,0.654001706260258,0.6116663842099649,0.5977072053274395,6,random,0.75,25,96
SVM,raw,P1,1-3,8,3275,294,0.4897959183673469,0.5972222222222222,0.6244269619269619,0.5007185424795163,0.4648241555313366,6,random,0.75,25,96
SVM,raw,P1,1-3,9,3275,470,0.7297872340425532,0.7108024691358025,0.7770085470085469,0.7136050970701798,0.6823547059909825,6,random,0.75,25,96
SVM,raw,P1,1-3,10,3275,3600,0.43694444444444447,0.5350544345155313,0.4369444444444444,0.43207623245966337,0.4320762324596634,6,random,0.75,25,96
kNN,raw,P1,1-3,4,3275,161,0.7391304347826086,0.8092292089249493,0.8262499999999999,0.760803635890744,0.7406699926989062,5,random,0.75,25,96
kNN,raw,P1,1-3,5,3275,197,0.7563451776649747,0.8376193057168667,0.8234713595583161,0.7986574144149902,0.7482082508693799,5,random,0.75,25,96
kNN,raw,P1,1-3,6,3275,2300,0.6343478260869565,0.628395133397649,0.7116882489100331,0.589809307630204,0.6636136456442969,6,random,0.75,25,96
kNN,raw,P1,1-3,7,3275,3613,0.6000553556601163,0.5988769910528547,0.6046517957121542,0.5661582734897947,0.5484498153869558,6,random,0.75,25,96
kNN,raw,P1,1-3,8,3275,294,0.41496598639455784,0.49280616921779635,0.5972707847707849,0.42351723420191045,0.3106159659439509,6,random,0.75,25,96
kNN,raw,P1,1-3,9,3275,470,0.6468085106382979,0.6317809712482836,0.672833123160992,0.6229748994737654,0.59163010903484,6,random,0.75,25,96
kNN,raw,P1,1-3,10,3275,3600,0.5088888888888888,0.508170163690809,0.5088888888888888,0.49731377185043746,0.49731377185043746,6,random,0.75,25,96
SVM,raw,P1,1-3,4,3275,161,0.8819875776397516,0.9414786967418547,0.8940358527131782,0.9082112845138056,0.8787813261950742,5,random,0.75,26,96
SVM,raw,P1,1-3,5,3275,197,0.9593908629441624,0.9594287773982595,0.9638095238095239,0.9607235182134813,0.9592134932274422,5,random,0.75,26,96
SVM,raw,P1,1-3,6,3275,2300,0.6917391304347826,0.6367364300840622,0.7530122134625642,0.6186571807409355,0.7012437015426277,6,random,0.75,26,96
SVM,raw,P1,1-3,7,3275,3613,0.6684195959036812,0.6661281651516436,0.668170079702825,0.6303953223773631,0.6184865600694939,6,random,0.75,26,96
SVM,raw,P1,1-3,8,3275,294,0.5170068027210885,0.6054720133667503,0.6381410256410256,0.5223837794052897,0.5040080278213247,6,random,0.75,26,96
SVM,raw,P1,1-3,9,3275,470,0.723404255319149,0.7124283462752409,0.7705982905982905,0.7094729872713564,0.6796095573744804,6,random,0.75,26,96
SVM,raw,P1,1-3,10,3275,3600,0.43194444444444446,0.542562714141854,0.43194444444444446,0.4272519105887321,0.42725191058873213,6,random,0.75,26,96
kNN,raw,P1,1-3,4,3275,161,0.7453416149068323,0.8253071253071254,0.8329166666666665,0.7820625686171905,0.743794380309856,5,random,0.75,26,96
kNN,raw,P1,1-3,5,3275,197,0.751269035532995,0.8395804195804196,0.8202967563837129,0.7958879462853155,0.7432198642279146,5,random,0.75,26,96
kNN,raw,P1,1-3,6,3275,2300,0.6182608695652174,0.6309716140399129,0.6986352912735382,0.5829259940772632,0.6570902802554088,6,random,0.75,26,96
kNN,raw,P1,1-3,7,3275,3613,0.603376695267091,0.6049013281278879,0.6076019278012302,0.5685510895571498,0.5506470352872636,6,random,0.75,26,96
kNN,raw,P1,1-3,8,3275,294,0.4013605442176871,0.355422144959042,0.6013888888888889,0.41220451695380317,0.27752750966811,6,random,0.75,26,96
kNN,raw,P1,1-3,9,3275,470,0.6021276595744681,0.5533644670568746,0.6142650973798515,0.5453005732275981,0.5317357118076291,6,random,0.75,26,96
kNN,raw,P1,1-3,10,3275,3600,0.505,0.5025680646941454,0.505,0.4932484401231334,0.4932484401231335,6,random,0.75,26,96
SVM,raw,P1,1-3,4,3275,161,0.8757763975155279,0.9367441860465118,0.8909108527131782,0.9045080973664351,0.8727770477242239,5,random,0.75,27,96
SVM,raw,P1,1-3,5,3275,197,0.9543147208121827,0.954093361482524,0.9566666666666667,0.9545638490346157,0.9541023842745371,5,random,0.75,27,96
SVM,raw,P1,1-3,6,3275,2300,0.6878260869565217,0.6352190549074798,0.7492570714113942,0.6170481759239512,0.7000678954730546,6,random,0.75,27,96
SVM,raw,P1,1-3,7,3275,3613,0.6681428176030999,0.655876053858885,0.6689373168902372,0.6353067659409817,0.6227637832199832,6,random,0.75,27,96
SVM,raw,P1,1-3,8,3275,294,0.5510204081632653,0.610988809392772,0.6575660450660451,0.542259569254738,0.5429524540837852,6,random,0.75,27,96
SVM,raw,P1,1-3,9,3275,470,0.7425531914893617,0.6732306721261067,0.7898290598290597,0.7118794302043333,0.674080499413497,6,random,0.75,27,96
SVM,raw,P1,1-3,10,3275,3600,0.43,0.5125332135263508,0.4300000000000001,0.4328127419691596,0.4328127419691596,6,random,0.75,27,96
kNN,raw,P1,1-3,4,3275,161,0.7267080745341615,0.8245421245421245,0.7929166666666667,0.7581969978073874,0.7273696296443736,5,random,0.75,27,96
kNN,raw,P1,1-3,5,3275,197,0.751269035532995,0.835968253968254,0.8122981366459628,0.7929690524786218,0.7472802802569882,5,random,0.75,27,96
kNN,raw,P1,1-3,6,3275,2300,0.6173913043478261,0.6248996877989469,0.6971007020169472,0.5793103617292378,0.6532499169790591,6,random,0.75,27,96
kNN,raw,P1,1-3,7,3275,3613,0.6194298367008026,0.6124325044519473,0.6234477971151017,0.5909478595485967,0.5749870765215073,6,random,0.75,27,96
kNN,raw,P1,1-3,8,3275,294,0.7108843537414966,0.6649675713230828,0.7118395493395493,0.6468138788630551,0.7227493920556709,6,random,0.75,27,96
kNN,raw,P1,1-3,9,3275,470,0.6106382978723405,0.6014055900726166,0.6251940591284854,0.5620284885946011,0.5440298309560546,6,random,0.75,27,96
kNN,raw,P1,1-3,10,3275,3600,0.5075,0.49044450992457506,0.5075000000000001,0.4858088665104077,0.4858088665104077,6,random,0.75,27,96
SVM,raw,P1,1-3,4,3275,161,0.8633540372670807,0.9288888888888888,0.8675775193798451,0.8866934910569568,0.8594187768141612,5,random,0.75,28,96
SVM,raw,P1,1-3,5,3275,197,0.9543147208121827,0.954093361482524,0.9566666666666667,0.9545638490346157,0.9541023842745371,5,random,0.75,28,96
SVM,raw,P1,1-3,6,3275,2300,0.7008695652173913,0.6387468086005841,0.7593785115709742,0.6233000250240449,0.707341340383952,6,random,0.75,28,96
SVM,raw,P1,1-3,7,3275,3613,0.6667589261001937,0.6557495167367543,0.6664697042121269,0.628917058272852,0.6169435900122817,6,random,0.75,28,96
SVM,raw,P1,1-3,8,3275,294,0.5204081632653061,0.5981065468549422,0.6305264180264181,0.5215672525704262,0.5119800845259759,6,random,0.75,28,96
SVM,raw,P1,1-3,9,3275,470,0.7404255319148936,0.7149215347331673,0.7867987567987568,0.722609421321034,0.6924989593562892,6,random,0.75,28,96
SVM,raw,P1,1-3,10,3275,3600,0.44027777777777777,0.5271592393202988,0.44027777777777777,0.4321214596057745,0.4321214596057746,6,random,0.75,28,96
kNN,raw,P1,1-3,4,3275,161,0.7204968944099379,0.8014705882352942,0.7897916666666667,0.7319465200908499,0.7255667858536528,5,random,0.75,28,96
kNN,raw,P1,1-3,5,3275,197,0.766497461928934,0.8411363021653699,0.8229951690821256,0.804546188720096,0.762604701587915,5,random,0.75,28,96
kNN,raw,P1,1-3,6,3275,2300,0.6186956521739131,0.6267639305666114,0.6984624459273433,0.5831010732752117,0.6578658024358118,6,random,0.75,28,96
kNN,raw,P1,1-3,7,3275,3613,0.6066980348740659,0.6060575607511901,0.6113007201315283,0.5788017308973683,0.5638625580841702,6,random,0.75,28,96
kNN,raw,P1,1-3,8,3275,294,0.46598639455782315,0.5495656901792265,0.5840229215229216,0.4693986574988827,0.4308769524213111,6,random,0.75,28,96
kNN,raw,P1,1-3,9,3275,470,0.6063829787234043,0.5661067349264347,0.6191340899537621,0.5503905265810028,0.5355687428635758,6,random,0.75,28,96
kNN,raw,P1,1-3,10,3275,3600,0.48444444444444446,0.5073618070425048,0.48444444444444446,0.48021845162990556,0.48021845162990556,6,random,0.75,28,96
SVM,raw,P1,1-3,4,3275,161,0.7391304347826086,0.8851202079272256,0.8262499999999999,0.8220430107526882,0.7390636478995525,5,random,0.75,29,96
SVM,raw,P1,1-3,5,3275,197,0.9593908629441624,0.9661250079969292,0.9638095238095239,0.9638255843040533,0.9592693756101814,5,random,0.75,29,96
SVM,raw,P1,1-3,6,3275,2300,0.6952173913043478,0.6347925127590767,0.7536864053953763,0.6200639468473036,0.7044156174809345,6,random,0.75,29,96
SVM,raw,P1,1-3,7,3275,3613,0.6689731525048436,0.6649560022760043,0.6699939400354333,0.6378469657809218,0.6255915861836382,6,random,0.75,29,96
SVM,raw,P1,1-3,8,3275,294,0.5408163265306123,0.601937441643324,0.653564491064491,0.5334378912382057,0.5277513741404435,6,random,0.75,29,96
SVM,raw,P1,1-3,9,3275,470,0.7170212765957447,0.6831252684255253,0.764102564102564,0.6936508163461631,0.6639173805211577,6,random,0.75,29,96
SVM,raw,P1,1-3,10,3275,3600,0.4313888888888889,0.47756245941752334,0.431388888888889,0.4116057486935691,0.41160574869356914,6,random,0.75,29,96
kNN,raw,P1,1-3,4,3275,161,0.7267080745341615,0.8046376811594204,0.7929166666666667,0.7384508348794062,0.7310077899030871,5,random,0.75,29,96
kNN,raw,P1,1-3,5,3275,197,0.7461928934010152,0.8275132275132275,0.8091235334713597,0.7859845243189273,0.7385199255412271,5,random,0.75,29,96
kNN,raw,P1,1-3,6,3275,2300,0.6317391304347826,0.6310390909123775,0.7082699641864565,0.5909715170618327,0.6679033290642192,6,random,0.75,29,96
kNN,raw,P1,1-3,7,3275,3613,0.6094658178798782,0.609889856488912,0.6144863558061093,0.5778307424286281,0.5643396640734893,6,random,0.75,29,96
kNN,raw,P1,1-3,8,3275,294,0.5748299319727891,0.559608218287315,0.656439393939394,0.5413858472319498,0.5590989575761632,6,random,0.75,29,96
kNN,raw,P1,1-3,9,3275,470,0.6702127659574468,0.63905715557402,0.7013549110270422,0.6508181883968134,0.6165505485605933,6,random,0.75,29,96
kNN,raw,P1,1-3,10,3275,3600,0.4608333333333333,0.47071175161332207,0.4608333333333334,0.44122399234830184,0.44122399234830184,6,random,0.75,29,96
SVM,raw,P1,1-3,4,3275,161,0.8757763975155279,0.9367441860465118,0.8909108527131782,0.9045080973664351,0.8727770477242239,5,random,0.75,30,96
SVM,raw,P1,1-3,5,3275,197,0.9543147208121827,0.954093361482524,0.9566666666666667,0.9545638490346157,0.9541023842745371,5,random,0.75,30,96
SVM,raw,P1,1-3,6,3275,2300,0.6965217391304348,0.6383628034008056,0.7564313296932536,0.6213236874626947,0.7047591514192513,6,random,0.75,30,96
SVM,raw,P1,1-3,7,3275,3613,0.6966509825629671,0.6641169714882995,0.6958625186855866,0.6581217888248942,0.647916770073419,6,random,0.75,30,96
SVM,raw,P1,1-3,8,3275,294,0.5680272108843537,0.6118361595846068,0.6625097125097126,0.554633117614862,0.5657846389787442,6,random,0.75,30,96
SVM,raw,P1,1-3,9,3275,470,0.7468085106382979,0.71249081462622,0.794102564102564,0.7263985617153681,0.6946824836982752,6,random,0.75,30,96
SVM,raw,P1,1-3,10,3275,3600,0.43444444444444447,0.5299674943165934,0.43444444444444436,0.4410728824941182,0.4410728824941182,6,random,0.75,30,96
kNN,raw,P1,1-3,4,3275,161,0.7267080745341615,0.8101159114857746,0.8064583333333333,0.7519784735955408,0.7266019275490135,5,random,0.75,30,96
kNN,raw,P1,1-3,5,3275,197,0.7563451776649747,0.8346074646074646,0.8166459627329192,0.795022985857389,0.7492427334721569,5,random,0.75,30,96
kNN,raw,P1,1-3,6,3275,2300,0.6182608695652174,0.6272664590331262,0.6979461172977749,0.5808661038330678,0.6543964592339763,6,random,0.75,30,96
kNN,raw,P1,1-3,7,3275,3613,0.6271796291170773,0.6123047507459539,0.6303136582741026,0.5956341519815281,0.5803303795098596,6,random,0.75,30,96
kNN,raw,P1,1-3,8,3275,294,0.7517006802721088,0.6857020285591714,0.7318278943278944,0.6723344542452665,0.7612975566594528,6,random,0.75,30,96
kNN,raw,P1,1-3,9,3275,470,0.6127659574468085,0.5918059193987987,0.6255443463640185,0.5560779023639649,0.5414816034878629,6,random,0.75,30,96
kNN,raw,P1,1-3,10,3275,3600,0.5063888888888889,0.5092791546753493,0.5063888888888889,0.49750538001612005,0.49750538001612005,6,random,0.75,30,96
SVM,raw,P1,1-3,4,3275,161,0.906832298136646,0.9620253164556962,0.9100775193798448,0.9266753000086334,0.9045490204910493,5,random,0.75,31,96
SVM,raw,P1,1-3,5,3275,197,0.9695431472081218,0.9689219974485148,0.9741269841269842,0.9706109186236646,0.969473942201153,5,random,0.75,31,96
SVM,raw,P1,1-3,6,3275,2300,0.7195652173913043,0.6454583340500947,0.7717937890129799,0.6342894670403192,0.7227253537522563,6,random,0.75,31,96
SVM,raw,P1,1-3,7,3275,3613,0.6783836147246056,0.6674786691556481,0.6772955362395963,0.6370246835758593,0.6256269119746887,6,random,0.75,31,96
SVM,raw,P1,1-3,8,3275,294,0.54421768707483,0.6105555555555555,0.6513500388500388,0.5390163795636432,0.5377992521915763,6,random,0.75,31,96
SVM,raw,P1,1-3,9,3275,470,0.7382978723404255,0.7111903073654465,0.7857264957264958,0.7197034954455362,0.6898121330888896,6,random,0.75,31,96
SVM,raw,P1,1-3,10,3275,3600,0.4419444444444444,0.5459319684597143,0.44194444444444453,0.43761599875397167,0.43761599875397167,6,random,0.75,31,96
kNN,raw,P1,1-3,4,3275,161,0.7515527950310559,0.8115079365079365,0.8395833333333332,0.7701305702383869,0.756772734556465,5,random,0.75,31,96
kNN,raw,P1,1-3,5,3275,197,0.7868020304568528,0.8594338656838657,0.838040027605245,0.8238251366120218,0.7847648579716746,5,random,0.75,31,96
kNN,raw,P1,1-3,6,3275,2300,0.6273913043478261,0.6283869793106378,0.7035247880053125,0.585378266166521,0.6614350251880632,6,random,0.75,31,96
kNN,raw,P1,1-3,7,3275,3613,0.6042070301688348,0.6096052486763606,0.6082175999890598,0.5698298050595006,0.5519903046792259,6,random,0.75,31,96
kNN,raw,P1,1-3,8,3275,294,0.4523809523809524,0.5199265403636851,0.6188714063714064,0.4630195485992987,0.37615196138734275,6,random,0.75,31,96
kNN,raw,P1,1-3,9,3275,470,0.6021276595744681,0.5159961415396198,0.6126495726495726,0.5371011526749231,0.5280536653051476,6,random,0.75,31,96
kNN,raw,P1,1-3,10,3275,3600,0.4911111111111111,0.48561676229344086,0.4911111111111111,0.47584517470697096,0.475845174706971,6,random,0.75,31,96
SVM,raw,P1,1-3,4,3275,161,0.7577639751552795,0.8966490299823633,0.8427083333333332,0.8369865639315354,0.7615187432446735,5,random,0.75,32,96
SVM,raw,P1,1-3,5,3275,197,0.9593908629441624,0.9661250079969292,0.9638095238095239,0.9638255843040533,0.9592693756101814,5,random,0.75,32,96
SVM,raw,P1,1-3,6,3275,2300,0.6960869565217391,0.6390663011157551,0.7564516624658303,0.6212676294340954,0.7044799744607996,6,random,0.75,32,96
SVM,raw,P1,1-3,7,3275,3613,0.6714641572100747,0.6628352330000241,0.671464157190451,0.6322258786777707,0.6199471656914892,6,random,0.75,32,96
SVM,raw,P1,1-3,8,3275,294,0.5476190476190477,0.6047096221009265,0.6472416472416472,0.5389855024180221,0.5434784530970451,6,random,0.75,32,96
SVM,raw,P1,1-3,9,3275,470,0.7531914893617021,0.7155671614440169,0.8006837606837607,0.7318861666687754,0.6998877932272937,6,random,0.75,32,96
SVM,raw,P1,1-3,10,3275,3600,0.43166666666666664,0.5071812883294827,0.4316666666666667,0.4191489187987076,0.4191489187987075,6,random,0.75,32,96
kNN,raw,P1,1-3,4,3275,161,0.7267080745341615,0.8012121212121212,0.8189631782945735,0.7549522561318105,0.7334797843007509,5,random,0.75,32,96
kNN,raw,P1,1-3,5,3275,197,0.7918781725888325,0.882581660518302,0.8459075224292617,0.8330406417224798,0.7851542289114053,5,random,0.75,32,96
kNN,raw,P1,1-3,6,3275,2300,0.6860869565217391,0.6465514295596037,0.7493666289987505,0.6198746387708416,0.7036202633905294,6,random,0.75,32,96
kNN,raw,P1,1-3,7,3275,3613,0.6471076667589261,0.6265125424665967,0.6485691330834162,0.6053263072465298,0.5904302645428862,6,random,0.75,32,96
kNN,raw,P1,1-3,8,3275,294,0.6258503401360545,0.654582198711367,0.6563616938616939,0.5974350302627071,0.6499743754227164,6,random,0.75,32,96
kNN,raw,P1,1-3,9,3275,470,0.6170212765957447,0.5646153903752125,0.6293933025080567,0.5565273055571606,0.5429699065926279,6,random,0.75,32,96
kNN,raw,P1,1-3,10,3275,3600,0.5052777777777778,0.5155483801850556,0.5052777777777778,0.49931051481542754,0.49931051481542743,6,random,0.75,32,96
SVM,raw,P1,1-3,4,3275,161,0.8695652173913043,0.9327272727272728,0.8742441860465118,0.8937809028241717,0.8668235027575768,5,random,0.75,33,96
SVM,raw,P1,1-3,5,3275,197,0.9593908629441624,0.9594287773982595,0.9638095238095239,0.9607235182134813,0.9592134932274422,5,random,0.75,33,96
SVM,raw,P1,1-3,6,3275,2300,0.6952173913043478,0.6380915771381565,0.7559508341728843,0.6203352972136389,0.7030068037489364,6,random,0.75,33,96
SVM,raw,P1,1-3,7,3275,3613,0.6703570440077498,0.6569393238458806,0.6706534386377969,0.6315020284389617,0.6192670985642076,6,random,0.75,33,96
SVM,raw,P1,1-3,8,3275,294,0.5476190476190477,0.6130742642370549,0.6592463092463092,0.5498800227893572,0.5408824302502744,6,random,0.75,33,96
SVM,raw,P1,1-3,9,3275,470,0.7276595744680852,0.7093866802582399,0.7730846930846931,0.7110879742324713,0.6805391695292368,6,random,0.75,33,96
SVM,raw,P1,1-3,10,3275,3600,0.43277777777777776,0.534240060287193,0.4327777777777777,0.4347005435774894,0.4347005435774894,6,random,0.75,33,96
kNN,raw,P1,1-3,4,3275,161,0.7080745341614907,0.8165909090909091,0.7835416666666667,0.7433583665698745,0.7062928002945534,5,random,0.75,33,96
kNN,raw,P1,1-3,5,3275,197,0.7563451776649747,0.837883855981417,0.8166459627329192,0.7963850668794847,0.7504661408109461,5,random,0.75,33,96
kNN,raw,P1,1-3,6,3275,2300,0.6660869565217391,0.6396507932037971,0.7344727258013021,0.6088631579563403,0.6894409846838017,6,random,0.75,33,96
kNN,raw,P1,1-3,7,3275,3613,0.622197619706615,0.6148121293546361,0.6259751900821261,0.5785027974448502,0.5686149390792048,6,random,0.75,33,96
kNN,raw,P1,1-3,8,3275,294,0.38095238095238093,0.5519789377289378,0.5361596736596737,0.3920767818537054,0.28842715943388314,6,random,0.75,33,96
kNN,raw,P1,1-3,9,3275,470,0.6404255319148936,0.6288929304334748,0.6658273784503294,0.6157580921150957,0.5840229768630832,6,random,0.75,33,96
kNN,raw,P1,1-3,10,3275,3600,0.4988888888888889,0.511230172429512,0.4988888888888889,0.4923751924237112,0.49237519242371114,6,random,0.75,33,96
SVM,raw,P1,1-3,4,3275,161,0.7701863354037267,0.9075,0.8183333333333334,0.8306037748546459,0.7793180553584822,5,random,0.75,34,96
SVM,raw,P1,1-3,5,3275,197,0.9543147208121827,0.9620846039565251,0.9566666666666667,0.9578136441744661,0.9543144243428983,5,random,0.75,34,96
SVM,raw,P1,1-3,6,3275,2300,0.6956521739130435,0.6366520214354511,0.7546998335864443,0.6208336766792278,0.7050133028827447,6,random,0.75,34,96
SVM,raw,P1,1-3,7,3275,3613,0.6855798505397177,0.6670695448146425,0.6849004611817029,0.6509886145023347,0.6402721945691365,6,random,0.75,34,96
SVM,raw,P1,1-3,8,3275,294,0.5578231292517006,0.6060627866178502,0.6620143745143746,0.5489717709107013,0.5506897769561688,6,random,0.75,34,96
SVM,raw,P1,1-3,9,3275,470,0.7404255319148936,0.707647488170744,0.7877777777777778,0.7199549957514052,0.6880133036214994,6,random,0.75,34,96
SVM,raw,P1,1-3,10,3275,3600,0.43,0.48301657196383624,0.43,0.41321394666336414,0.4132139466633642,6,random,0.75,34,96
kNN,raw,P1,1-3,4,3275,161,0.7267080745341615,0.8175057208237986,0.7929166666666667,0.752274364291171,0.7274624587271386,5,random,0.75,34,96
kNN,raw,P1,1-3,5,3275,197,0.751269035532995,0.835968253968254,0.8122981366459628,0.7929690524786218,0.7472802802569882,5,random,0.75,34,96
kNN,raw,P1,1-3,6,3275,2300,0.6708695652173913,0.6363328649456603,0.7355071691228017,0.6097659241940728,0.6922811018311352,6,random,0.75,34,96
kNN,raw,P1,1-3,7,3275,3613,0.6321616385275395,0.6219024683227475,0.6344200781803296,0.597506091856163,0.5830956291325965,6,random,0.75,34,96
kNN,raw,P1,1-3,8,3275,294,0.4387755102040816,0.551465108401084,0.6026515151515152,0.4597448525576114,0.36444296028270456,6,random,0.75,34,96
kNN,raw,P1,1-3,9,3275,470,0.6723404255319149,0.6482942979034879,0.7032380552052683,0.6522534744090541,0.6170173646739229,6,random,0.75,34,96
kNN,raw,P1,1-3,10,3275,3600,0.4911111111111111,0.49302742086561363,0.4911111111111111,0.4731078232789773,0.4731078232789774,6,random,0.75,34,96
SVM,raw,P1,1-3,4,3275,161,0.7639751552795031,0.8975,0.8422916666666665,0.8383720518393302,0.7686716134119093,5,random,0.75,35,96
SVM,raw,P1,1-3,5,3275,197,0.9543147208121827,0.9620846039565251,0.9566666666666667,0.9578136441744661,0.9543144243428983,5,random,0.75,35,96
SVM,raw,P1,1-3,6,3275,2300,0.6865217391304348,0.6348715380368282,0.7484319889031433,0.6162670974435993,0.698958607077532,6,random,0.75,35,96
SVM,raw,P1,1-3,7,3275,3613,0.6698034874065874,0.662965808673187,0.6704936387855421,0.6366585803626988,0.6243879764068488,6,random,0.75,35,96
SVM,raw,P1,1-3,8,3275,294,0.5408163265306123,0.610930735930736,0.657070707070707,0.5389865036923861,0.5286628937289202,6,random,0.75,35,96
SVM,raw,P1,1-3,9,3275,470,0.7276595744680852,0.6595699374825589,0.7747863247863248,0.6956864570199843,0.6573915904303965,6,random,0.75,35,96
SVM,raw,P1,1-3,10,3275,3600,0.44,0.4823896930691122,0.4400000000000001,0.4265907345010657,0.4265907345010657,6,random,0.75,35,96
kNN,raw,P1,1-3,4,3275,161,0.7267080745341615,0.8245421245421245,0.7929166666666667,0.7581969978073874,0.7273696296443736,5,random,0.75,35,96
kNN,raw,P1,1-3,5,3275,197,0.7766497461928934,0.8608492346887312,0.8396894409937887,0.8196132287074513,0.7689100946787087,5,random,0.75,35,96
kNN,raw,P1,1-3,6,3275,2300,0.6221739130434782,0.6282142818333146,0.7007175379613099,0.5847481590736275,0.6602650774339338,6,random,0.75,35,96
kNN,raw,P1,1-3,7,3275,3613,0.5967340160531415,0.6051521754599025,0.6026668467096391,0.5686322946125747,0.5533108935374091,6,random,0.75,35,96
kNN,raw,P1,1-3,8,3275,294,0.3945578231292517,0.5288238001622667,0.565549728049728,0.40783426688247043,0.2935491083844339,6,random,0.75,35,96
kNN,raw,P1,1-3,9,3275,470,0.6553191489361702,0.6577057300732639,0.6825711083088132,0.635908492839264,0.6018995540633852,6,random,0.75,35,96
kNN,raw,P1,1-3,10,3275,3600,0.485,0.49792411636542283,0.48499999999999993,0.47849655264231666,0.4784965526423167,6,random,0.75,35,96
SVM,raw,P1,1-3,4,3275,161,0.8695652173913043,0.9327272727272728,0.8842441860465116,0.8973745141817581,0.8653106642978613,5,random,0.75,36,96
SVM,raw,P1,1-3,5,3275,197,0.9543147208121827,0.954093361482524,0.9566666666666667,0.9545638490346157,0.9541023842745371,5,random,0.75,36,96
SVM,raw,P1,1-3,6,3275,2300,0.7065217391304348,0.6383065528435209,0.7630030958192823,0.6255700512568918,0.7103146623533215,6,random,0.75,36,96
SVM,raw,P1,1-3,7,3275,3613,0.6952670910600609,0.6632257060788005,0.6949045907115297,0.6573212458768215,0.6469641885457819,6,random,0.75,36,96
SVM,raw,P1,1-3,8,3275,294,0.5510204081632653,0.6030233778099053,0.6509032634032633,0.5410279398931187,0.5459249742344635,6,random,0.75,36,96
SVM,raw,P1,1-3,9,3275,470,0.7382978723404255,0.7110004368719965,0.7846620046620046,0.7195915865152424,0.6881613978954775,6,random,0.75,36,96
SVM,raw,P1,1-3,10,3275,3600,0.4363888888888889,0.5263630092708259,0.4363888888888889,0.43383444509801566,0.4338344450980158,6,random,0.75,36,96
kNN,raw,P1,1-3,4,3275,161,0.7080745341614907,0.8132085855806274,0.7835416666666667,0.7404709613078897,0.7063202409945961,5,random,0.75,36,96
kNN,raw,P1,1-3,5,3275,197,0.7868020304568528,0.8660038811762949,0.8472118702553486,0.8276285872073345,0.7785658793920913,5,random,0.75,36,96
kNN,raw,P1,1-3,6,3275,2300,0.6230434782608696,0.6197063482455227,0.7012877803188609,0.5829371927960024,0.6583121963520661,6,random,0.75,36,96
kNN,raw,P1,1-3,7,3275,3613,0.622197619706615,0.6190740680499089,0.6266088075047126,0.5971558791489263,0.581974410086217,6,random,0.75,36,96
kNN,raw,P1,1-3,8,3275,294,0.7244897959183674,0.646611860436128,0.7063325563325563,0.6416375006662284,0.7302801398421042,6,random,0.75,36,96
kNN,raw,P1,1-3,9,3275,470,0.6553191489361702,0.6416586841990682,0.6825711083088132,0.6328886389967968,0.5997636779669129,6,random,0.75,36,96
kNN,raw,P1,1-3,10,3275,3600,0.4775,0.49927438738454805,0.4775,0.4734240288719027,0.4734240288719027,6,random,0.75,36,96
SVM,raw,P1,1-3,4,3275,161,0.8695652173913043,0.9327272727272728,0.8742441860465118,0.8937809028241717,0.8668235027575768,5,random,0.75,37,96
SVM,raw,P1,1-3,5,3275,197,0.9593908629441624,0.9594287773982595,0.9638095238095239,0.9607235182134813,0.9592134932274422,5,random,0.75,37,96
SVM,raw,P1,1-3,6,3275,2300,0.6995652173913044,0.6382657628571905,0.7586518824878326,0.6224714315638076,0.7060204752614957,6,random,0.75,37,96
SVM,raw,P1,1-3,7,3275,3613,0.6592859119845004,0.6609167744961424,0.6604725203923626,0.6203665448202275,0.6069154171231211,6,random,0.75,37,96
SVM,raw,P1,1-3,8,3275,294,0.40816326530612246,0.5855263157894737,0.596454933954934,0.4419343384541607,0.3230681363066332,6,random,0.75,37,96
SVM,raw,P1,1-3,9,3275,470,0.7340425531914894,0.7092803030303031,0.7813675213675214,0.7160875237359458,0.6840410665808299,6,random,0.75,37,96
SVM,raw,P1,1-3,10,3275,3600,0.4236111111111111,0.5227168468693892,0.4236111111111111,0.42258565490022865,0.42258565490022865,6,random,0.75,37,96
kNN,raw,P1,1-3,4,3275,161,0.6894409937888198,0.7867647058823529,0.7665358527131783,0.713928502072832,0.7015054574444982,5,random,0.75,37,96
kNN,raw,P1,1-3,5,3275,197,0.766497461928934,0.8341833077316949,0.8218219461697723,0.8023414167946752,0.7628393513127351,5,random,0.75,37,96
kNN,raw,P1,1-3,6,3275,2300,0.6360869565217391,0.6294481673625761,0.71063448703091,0.5905540144981206,0.6670947769665195,6,random,0.75,37,96
kNN,raw,P1,1-3,7,3275,3613,0.6061444782729034,0.5960638217883306,0.61099545506352,0.565874682773505,0.5516376835065828,6,random,0.75,37,96
kNN,raw,P1,1-3,8,3275,294,0.35714285714285715,0.5446629393997815,0.5247766122766123,0.3809269054859703,0.25472130597714465,6,random,0.75,37,96
kNN,raw,P1,1-3,9,3275,470,0.5914893617021276,0.5054752819271876,0.600986790986791,0.5260331059374266,0.5158258307449588,6,random,0.75,37,96
kNN,raw,P1,1-3,10,3275,3600,0.5047222222222222,0.5008496318890056,0.5047222222222222,0.4916920254099562,0.4916920254099562,6,random,0.75,37,96
SVM,raw,P1,1-3,4,3275,161,0.84472049689441,0.9154761904761906,0.8752858527131782,0.8863141123269056,0.8429484935861659,5,random,0.75,38,96
SVM,raw,P1,1-3,5,3275,197,0.9644670050761421,0.9633987873777043,0.9669841269841271,0.9645181708983431,0.9643920496646397,5,random,0.75,38,96
SVM,raw,P1,1-3,6,3275,2300,0.6860869565217391,0.6353596447508365,0.7480585079752841,0.6163624900515147,0.6992462500163018,6,random,0.75,38,96
SVM,raw,P1,1-3,7,3275,3613,0.6626072515914753,0.6617535263787693,0.66233501658236,0.6304170039629003,0.6183686105523469,6,random,0.75,38,96
SVM,raw,P1,1-3,8,3275,294,0.5340136054421769,0.6053365162216837,0.6390734265734266,0.5301481611172183,0.5281608129199719,6,random,0.75,38,96
SVM,raw,P1,1-3,9,3275,470,0.725531914893617,0.7118652919052691,0.770947940947941,0.7105688134185774,0.6818018773934827,6,random,0.75,38,96
SVM,raw,P1,1-3,10,3275,3600,0.4255555555555556,0.5319521068854393,0.4255555555555555,0.42615344224844737,0.42615344224844737,6,random,0.75,38,96
kNN,raw,P1,1-3,4,3275,161,0.7018633540372671,0.7945622119815668,0.790906007751938,0.7285913139551367,0.7058875538124864,5,random,0.75,38,96
kNN,raw,P1,1-3,5,3275,197,0.7766497461928934,0.8413690476190476,0.8293443754313319,0.811235799057498,0.7732821841839247,5,random,0.75,38,96
kNN,raw,P1,1-3,6,3275,2300,0.6278260869565218,0.6237665992745891,0.7035916180590253,0.5850602999944252,0.6611429247088989,6,random,0.75,38,96
kNN,raw,P1,1-3,7,3275,3613,0.6042070301688348,0.6103229371994843,0.6090987915847225,0.5807507261942505,0.5645089314341867,6,random,0.75,38,96
kNN,raw,P1,1-3,8,3275,294,0.6904761904761905,0.6194012544065631,0.6521658896658896,0.5887805268714875,0.6963516607364688,6,random,0.75,38,96
kNN,raw,P1,1-3,9,3275,470,0.625531914893617,0.6014137802390539,0.6414277707720331,0.579377338615327,0.5604051742108813,6,random,0.75,38,96
kNN,raw,P1,1-3,10,3275,3600,0.49,0.511496487527736,0.49000000000000005,0.48549211955073274,0.4854921195507328,6,random,0.75,38,96
SVM,raw,P1,1-3,4,3275,161,0.8757763975155279,0.9367441860465118,0.8909108527131782,0.9045080973664351,0.8727770477242239,5,random,0.75,39,96
SVM,raw,P1,1-3,5,3275,197,0.9543147208121827,0.954093361482524,0.9566666666666667,0.9545638490346157,0.9541023842745371,5,random,0.75,39,96
SVM,raw,P1,1-3,6,3275,2300,0.701304347826087,0.6356927014577032,0.7578813774217618,0.6230067346669137,0.7081841957242156,6,random,0.75,39,96
SVM,raw,P1,1-3,7,3275,3613,0.6750622751176307,0.6582668906314273,0.6760256374148618,0.6419237327924979,0.6298874681831913,6,random,0.75,39,96
SVM,raw,P1,1-3,8,3275,294,0.5544217687074829,0.6155296335572052,0.6638500388500389,0.551866151866152,0.5477516102966283,6,random,0.75,39,96
SVM,raw,P1,1-3,9,3275,470,0.7361702127659574,0.7074567081000431,0.7834188034188033,0.7170859673406872,0.6849667007628993,6,random,0.75,39,96
SVM,raw,P1,1-3,10,3275,3600,0.4313888888888889,0.5179363530073385,0.431388888888889,0.43244271630164804,0.43244271630164816,6,random,0.75,39,96
kNN,raw,P1,1-3,4,3275,161,0.7080745341614907,0.791923076923077,0.8029941860465115,0.7386071600357315,0.7187135221740368,5,random,0.75,39,96
kNN,raw,P1,1-3,5,3275,197,0.7969543147208121,0.867424697514194,0.8523878536922014,0.8358668279661441,0.7929971636314626,5,random,0.75,39,96
kNN,raw,P1,1-3,6,3275,2300,0.6326086956521739,0.6241646731471527,0.7064837601318668,0.585674224081176,0.6627614678315272,6,random,0.75,39,96
kNN,raw,P1,1-3,7,3275,3613,0.604483808469416,0.5993114887596288,0.6093500929714526,0.5741490729186385,0.5606599278636915,6,random,0.75,39,96
kNN,raw,P1,1-3,8,3275,294,0.4013605442176871,0.5525578170361379,0.5547105672105672,0.4208982680565516,0.32492334254459393,6,random,0.75,39,96
kNN,raw,P1,1-3,9,3275,470,0.6063829787234043,0.593084267252259,0.6204098997541622,0.5603525050414722,0.5403061619592185,6,random,0.75,39,96
kNN,raw,P1,1-3,10,3275,3600,0.4913888888888889,0.4986184161148193,0.4913888888888889,0.48219756211049036,0.48219756211049025,6,random,0.75,39,96
SVM,raw,P1,1-3,4,3275,161,0.8633540372670807,0.9216604163972584,0.8811191860465115,0.8926659119419881,0.8591843006117679,5,random,0.75,40,96
SVM,raw,P1,1-3,5,3275,197,0.9543147208121827,0.954093361482524,0.9566666666666667,0.9545638490346157,0.9541023842745371,5,random,0.75,40,96
SVM,raw,P1,1-3,6,3275,2300,0.6908695652173913,0.6364997773264959,0.7514283974934187,0.618771628425352,0.702405420449051,6,random,0.75,40,96
SVM,raw,P1,1-3,7,3275,3613,0.6761693883199558,0.6564949730582493,0.676557016055863,0.6411301502229771,0.6292559884060498,6,random,0.75,40,96
SVM,raw,P1,1-3,8,3275,294,0.5340136054421769,0.6050938822378634,0.6524669774669775,0.5351380826975827,0.520304191916605,6,random,0.75,40,96
SVM,raw,P1,1-3,9,3275,470,0.723404255319149,0.6553293883076983,0.7696192696192696,0.6887562031887006,0.6546210047038742,6,random,0.75,40,96
SVM,raw,P1,1-3,10,3275,3600,0.4247222222222222,0.5516232154540436,0.4247222222222223,0.4218095730375125,0.42180957303751254,6,random,0.75,40,96
kNN,raw,P1,1-3,4,3275,161,0.7080745341614907,0.8078947368421053,0.7940310077519379,0.7457861405431738,0.7097837244538647,5,random,0.75,40,96
kNN,raw,P1,1-3,5,3275,197,0.7766497461928934,0.8610955401074504,0.832864044168392,0.8172729297996467,0.771059331410761,5,random,0.75,40,96
kNN,raw,P1,1-3,6,3275,2300,0.6134782608695653,0.619447591733414,0.6946214349196955,0.5782908800745545,0.6521143029431485,6,random,0.75,40,96
kNN,raw,P1,1-3,7,3275,3613,0.6003321339606975,0.6063390338657312,0.6058860494542994,0.5707303058901901,0.5559266814432678,6,random,0.75,40,96
kNN,raw,P1,1-3,8,3275,294,0.3435374149659864,0.5464002371897109,0.4997766122766123,0.34844927200357606,0.23472566395868763,6,random,0.75,40,96
kNN,raw,P1,1-3,9,3275,470,0.6531914893617021,0.6429676647669913,0.6828163093736864,0.6342539468873336,0.5980492937295697,6,random,0.75,40,96
kNN,raw,P1,1-3,10,3275,3600,0.4886111111111111,0.5257496730417879,0.4886111111111111,0.49134791705343667,0.4913479170534367,6,random,0.75,40,96
SVM,raw,P1,1-3,4,3275,161,0.782608695652174,0.9102564102564102,0.8552083333333332,0.8536050710101902,0.7889938067611808,5,random,0.75,41,96
SVM,raw,P1,1-3,5,3275,197,0.9644670050761421,0.9700950179763741,0.9669841269841271,0.9676202369889151,0.9644479320473789,5,random,0.75,41,96
SVM,raw,P1,1-3,6,3275,2300,0.6939130434782609,0.6352827322165241,0.7531905773312997,0.6195988126190896,0.7035347709789139,6,random,0.75,41,96
SVM,raw,P1,1-3,7,3275,3613,0.6822585109327429,0.668724928675188,0.6819880414021426,0.6485919989268529,0.6374621792871938,6,random,0.75,41,96
SVM,raw,P1,1-3,8,3275,294,0.54421768707483,0.603203721898148,0.6552350427350427,0.5375635530970303,0.5328880796816241,6,random,0.75,41,96
SVM,raw,P1,1-3,9,3275,470,0.7319148936170212,0.7041466369451443,0.7791452991452991,0.7126021410695557,0.6810223876437312,6,random,0.75,41,96
SVM,raw,P1,1-3,10,3275,3600,0.4425,0.48524654295491,0.44249999999999995,0.42582082178590025,0.4258208217859002,6,random,0.75,41,96
kNN,raw,P1,1-3,4,3275,161,0.7515527950310559,0.8268991282689914,0.8395833333333332,0.7882278428612824,0.7500500735740858,5,random,0.75,41,96
kNN,raw,P1,1-3,5,3275,197,0.7614213197969543,0.8419047619047619,0.8186473429951692,0.8026175654189236,0.7599769988805867,5,random,0.75,41,96
kNN,raw,P1,1-3,6,3275,2300,0.6282608695652174,0.627078995995766,0.7043702032861403,0.5855007040666296,0.6610747754943521,6,random,0.75,41,96
kNN,raw,P1,1-3,7,3275,3613,0.6119568225851093,0.6087851880222931,0.6160035393808286,0.5810624463032551,0.5661726528091515,6,random,0.75,41,96
kNN,raw,P1,1-3,8,3275,294,0.41496598639455784,0.5348248688691675,0.5489801864801864,0.41724341579368085,0.3542203240629838,6,random,0.75,41,96
kNN,raw,P1,1-3,9,3275,470,0.5765957446808511,0.5167780472238424,0.5784975862025042,0.5105584784574211,0.5015122435568202,6,random,0.75,41,96
kNN,raw,P1,1-3,10,3275,3600,0.4955555555555556,0.49317988862964174,0.4955555555555555,0.48335735948525443,0.4833573594852543,6,random,0.75,41,96
SVM,raw,P1,1-3,4,3275,161,0.84472049689441,0.9154202898550725,0.8632703488372092,0.879561857960871,0.8431081611684106,5,random,0.75,42,96
SVM,raw,P1,1-3,5,3275,197,0.9695431472081218,0.9675332987372427,0.9701587301587302,0.9683289366858283,0.9695772516662791,5,random,0.75,42,96
SVM,raw,P1,1-3,6,3275,2300,0.7026086956521739,0.6350086870076812,0.7586080065049036,0.6232413060301958,0.7084934701132257,6,random,0.75,42,96
SVM,raw,P1,1-3,7,3275,3613,0.6565181289786881,0.6600956215824412,0.6569601616517369,0.6230792928069508,0.6104286146246971,6,random,0.75,42,96
SVM,raw,P1,1-3,8,3275,294,0.4965986394557823,0.6002409638554217,0.6311480186480186,0.507919600847201,0.47327076512161637,6,random,0.75,42,96
SVM,raw,P1,1-3,9,3275,470,0.7276595744680852,0.7130945745076179,0.7732556332556334,0.7123070806422409,0.6830970801312611,6,random,0.75,42,96
SVM,raw,P1,1-3,10,3275,3600,0.4127777777777778,0.5403687301827143,0.41277777777777774,0.40325619117247785,0.4032561911724778,6,random,0.75,42,96
kNN,raw,P1,1-3,4,3275,161,0.6832298136645962,0.7849893390191898,0.7649370155038759,0.7062903390003055,0.6943855939571407,5,random,0.75,42,96
kNN,raw,P1,1-3,5,3275,197,0.817258883248731,0.8526954990917449,0.8575983436853001,0.8424455872357562,0.8172775460724825,5,random,0.75,42,96
kNN,raw,P1,1-3,6,3275,2300,0.6004347826086956,0.6092543888722219,0.6828876167080908,0.5658152029840356,0.6365128713241345,6,random,0.75,42,96
kNN,raw,P1,1-3,7,3275,3613,0.572654303902574,0.5942171406590661,0.5794440111956948,0.552897884013239,0.5338693169710573,6,random,0.75,42,96
kNN,raw,P1,1-3,8,3275,294,0.46938775510204084,0.5665814969451742,0.6071386946386946,0.47222039534473487,0.4287253100161497,6,random,0.75,42,96
kNN,raw,P1,1-3,9,3275,470,0.5872340425531914,0.5091882054364523,0.5976068376068376,0.525694843356458,0.515876321032062,6,random,0.75,42,96
kNN,raw,P1,1-3,10,3275,3600,0.49416666666666664,0.5198545153123448,0.4941666666666667,0.4903668610450604,0.4903668610450603,6,random,0.75,42,96
SVM,raw,P1,1-3,4,3275,161,0.8819875776397516,0.9414786967418547,0.8940358527131782,0.9082112845138056,0.8787813261950742,5,random,0.75,43,96
SVM,raw,P1,1-3,5,3275,197,0.9593908629441624,0.9580633714619686,0.9598412698412698,0.9583585017194775,0.9592809407117345,5,random,0.75,43,96
SVM,raw,P1,1-3,6,3275,2300,0.7047826086956521,0.6380209531684468,0.7606230912818637,0.6252975178716546,0.7111691210795786,6,random,0.75,43,96
SVM,raw,P1,1-3,7,3275,3613,0.6797675062275118,0.6638853240980743,0.6797445646917443,0.6437800073471919,0.632078085335605,6,random,0.75,43,96
SVM,raw,P1,1-3,8,3275,294,0.5476190476190477,0.6080385132109271,0.6442404817404818,0.5373596417551353,0.5459746439648856,6,random,0.75,43,96
SVM,raw,P1,1-3,9,3275,470,0.7404255319148936,0.7102820108600456,0.7877777777777778,0.7210835591117282,0.6887771336977211,6,random,0.75,43,96
SVM,raw,P1,1-3,10,3275,3600,0.43194444444444446,0.5276334295097342,0.43194444444444446,0.4311487630531541,0.4311487630531541,6,random,0.75,43,96
kNN,raw,P1,1-3,4,3275,161,0.7080745341614907,0.791256830601093,0.8029941860465115,0.7349293563579278,0.7225542868843667,5,random,0.75,43,96
kNN,raw,P1,1-3,5,3275,197,0.7969543147208121,0.8504091865067475,0.8408695652173913,0.8282267706302793,0.7985660381448073,5,random,0.75,43,96
kNN,raw,P1,1-3,6,3275,2300,0.6443478260869565,0.6348411866460858,0.7147431277381185,0.5954586339455203,0.6759289136772306,6,random,0.75,43,96
kNN,raw,P1,1-3,7,3275,3613,0.6216440631054525,0.6114931741137576,0.6254021157255841,0.5852204457702594,0.5699820565442801,6,random,0.75,43,96
kNN,raw,P1,1-3,8,3275,294,0.3707482993197279,0.5186958810812022,0.5294386169386169,0.39175889911997736,0.2822106753460511,6,random,0.75,43,96
kNN,raw,P1,1-3,9,3275,470,0.6,0.5117273781759399,0.6104273504273504,0.5348371073176326,0.5249518242084459,6,random,0.75,43,96
kNN,raw,P1,1-3,10,3275,3600,0.505,0.4926306020649453,0.505,0.4891885843179485,0.48918858431794854,6,random,0.75,43,96
SVM,raw,P1,1-3,4,3275,161,0.9006211180124224,0.9568971113274911,0.8934108527131783,0.9156911805056026,0.8982523769743098,5,random,0.75,44,96
SVM,raw,P1,1-3,5,3275,197,0.9695431472081218,0.9689219974485148,0.9741269841269842,0.9706109186236646,0.969473942201153,5,random,0.75,44,96
SVM,raw,P1,1-3,6,3275,2300,0.701304347826087,0.637221600607614,0.7598504459239427,0.6225667370015556,0.7059013576482455,6,random,0.75,44,96
SVM,raw,P1,1-3,7,3275,3613,0.6526432327705508,0.6628925534338341,0.6528517788884712,0.613915278112818,0.601012397891977,6,random,0.75,44,96
SVM,raw,P1,1-3,8,3275,294,0.4897959183673469,0.6009615384615384,0.6288170163170163,0.504931776567449,0.46406278665210643,6,random,0.75,44,96
SVM,raw,P1,1-3,9,3275,470,0.723404255319149,0.7089601443389961,0.7706837606837608,0.7078579375362386,0.678589442225208,6,random,0.75,44,96
SVM,raw,P1,1-3,10,3275,3600,0.42138888888888887,0.5414572025280066,0.42138888888888887,0.4076840162513886,0.4076840162513886,6,random,0.75,44,96
kNN,raw,P1,1-3,4,3275,161,0.7391304347826086,0.8237575757575758,0.80625,0.7675328744749056,0.7399181705623515,5,random,0.75,44,96
kNN,raw,P1,1-3,5,3275,197,0.7969543147208121,0.8628045157456923,0.8443892339544513,0.8316411820550019,0.7962875174592814,5,random,0.75,44,96
kNN,raw,P1,1-3,6,3275,2300,0.6352173913043478,0.6279800834273966,0.7087214166175902,0.5889059509452278,0.6662619853492697,6,random,0.75,44,96
kNN,raw,P1,1-3,7,3275,3613,0.603376695267091,0.5999659204442027,0.6062753205727508,0.5650440808252167,0.5483169935215161,6,random,0.75,44,96
kNN,raw,P1,1-3,8,3275,294,0.41496598639455784,0.5129107048224696,0.6148310023310023,0.42264697213987273,0.2907748775902934,6,random,0.75,44,96
kNN,raw,P1,1-3,9,3275,470,0.5893617021276596,0.5067153771525589,0.5997435897435898,0.5255881567300092,0.5157797437173097,6,random,0.75,44,96
kNN,raw,P1,1-3,10,3275,3600,0.47944444444444445,0.4865087159454939,0.4794444444444444,0.46563313748735524,0.4656331374873552,6,random,0.75,44,96
SVM,raw,P1,1-3,4,3275,161,0.8757763975155279,0.9367441860465118,0.8909108527131782,0.9045080973664351,0.8727770477242239,5,random,0.75,45,96
SVM,raw,P1,1-3,5,3275,197,0.9593908629441624,0.9594287773982595,0.9638095238095239,0.9607235182134813,0.9592134932274422,5,random,0.75,45,96
SVM,raw,P1,1-3,6,3275,2300,0.697391304347826,0.6384528298875535,0.7567844778485359,0.6219468381461428,0.7058149402882204,6,random,0.75,45,96
SVM,raw,P1,1-3,7,3275,3613,0.6595626902850816,0.6556412242482598,0.660461064086483,0.6195925454487609,0.6062205975854792,6,random,0.75,45,96
SVM,raw,P1,1-3,8,3275,294,0.4523809523809524,0.5924774295611379,0.6198815073815074,0.47598018791948543,0.39653024225193495,6,random,0.75,45,96
SVM,raw,P1,1-3,9,3275,470,0.7297872340425532,0.6998432601880878,0.7769230769230769,0.7102020713722842,0.6781185194766001,6,random,0.75,45,96
SVM,raw,P1,1-3,10,3275,3600,0.4247222222222222,0.5155826258896204,0.4247222222222222,0.421357372036848,0.42135737203684787,6,random,0.75,45,96
kNN,raw,P1,1-3,4,3275,161,0.7080745341614907,0.7795454545454545,0.7925048449612403,0.7252957074767347,0.7152265796618311,5,random,0.75,45,96
kNN,raw,P1,1-3,5,3275,197,0.7563451776649747,0.8308018609742748,0.815472739820566,0.7942584946783804,0.7508479308580216,5,random,0.75,45,96
kNN,raw,P1,1-3,6,3275,2300,0.6365217391304347,0.6337926271353701,0.7116632477656855,0.5926392561286339,0.6695636725104768,6,random,0.75,45,96
kNN,raw,P1,1-3,7,3275,3613,0.6163852753944091,0.6091362865410027,0.6203266581876804,0.5771789418211482,0.5632288518923794,6,random,0.75,45,96
kNN,raw,P1,1-3,8,3275,294,0.3707482993197279,0.37878787878787873,0.548611111111111,0.39681890213805104,0.25996961016500747,6,random,0.75,45,96
kNN,raw,P1,1-3,9,3275,470,0.5808510638297872,0.49270267419219294,0.591111111111111,0.5136914196852063,0.501760144337376,6,random,0.75,45,96
kNN,raw,P1,1-3,10,3275,3600,0.49777777777777776,0.5009920516113903,0.4977777777777777,0.4878952111320636,0.4878952111320636,6,random,0.75,45,96
SVM,raw,P1,1-3,4,3275,161,0.8757763975155279,0.9367441860465118,0.8909108527131782,0.9045080973664351,0.8727770477242239,5,random,0.75,46,96
SVM,raw,P1,1-3,5,3275,197,0.9695431472081218,0.9675332987372427,0.9701587301587302,0.9683289366858283,0.9695772516662791,5,random,0.75,46,96
SVM,raw,P1,1-3,6,3275,2300,0.721304347826087,0.6362460088577608,0.770680322685938,0.6313732786172016,0.7192381927703364,6,random,0.75,46,96
SVM,raw,P1,1-3,7,3275,3613,0.6938831995571547,0.6629550675032835,0.6940013768709182,0.6592012950356005,0.648581494531215,6,random,0.75,46,96
SVM,raw,P1,1-3,8,3275,294,0.54421768707483,0.6009772391351339,0.6469599844599845,0.5356720245667428,0.5375390386035824,6,random,0.75,46,96
SVM,raw,P1,1-3,9,3275,470,0.7404255319148936,0.7146714991294459,0.7877777777777778,0.7227052848910781,0.691574521277057,6,random,0.75,46,96
SVM,raw,P1,1-3,10,3275,3600,0.4297222222222222,0.5348320385027576,0.42972222222222217,0.42481858936135347,0.4248185893613535,6,random,0.75,46,96
kNN,raw,P1,1-3,4,3275,161,0.7018633540372671,0.7921252371916508,0.774312015503876,0.7227621395395482,0.7126158062684341,5,random,0.75,46,96
kNN,raw,P1,1-3,5,3275,197,0.8223350253807107,0.8581378242353852,0.8567425810904072,0.8453176661079673,0.8249581157752722,5,random,0.75,46,96
kNN,raw,P1,1-3,6,3275,2300,0.63,0.6229612637649886,0.7033479193578871,0.5829376156313365,0.6596793740433489,6,random,0.75,46,96
kNN,raw,P1,1-3,7,3275,3613,0.5992250207583726,0.6042715699660808,0.6049403852946228,0.5771470380615557,0.5605402635678421,6,random,0.75,46,96
kNN,raw,P1,1-3,8,3275,294,0.4387755102040816,0.5382144775939388,0.5439685314685315,0.4256088397124462,0.39968776970480957,6,random,0.75,46,96
kNN,raw,P1,1-3,9,3275,470,0.6170212765957447,0.5907758907758908,0.6310942973238055,0.5662722524251146,0.5503205584998343,6,random,0.75,46,96
kNN,raw,P1,1-3,10,3275,3600,0.5063888888888889,0.5161174336306347,0.5063888888888889,0.4979589885737408,0.4979589885737409,6,random,0.75,46,96
SVM,raw,P1,1-3,4,3275,161,0.7329192546583851,0.870472972972973,0.8266666666666665,0.8185700716413106,0.7293136403475221,5,random,0.75,47,96
SVM,raw,P1,1-3,5,3275,197,0.9543147208121827,0.9623094098883573,0.9606349206349207,0.960044955044955,0.95409472084599,5,random,0.75,47,96
SVM,raw,P1,1-3,6,3275,2300,0.6960869565217391,0.6381253954623519,0.7565008891783848,0.6207438110129148,0.7035773919952316,6,random,0.75,47,96
SVM,raw,P1,1-3,7,3275,3613,0.6584555770827567,0.6575651882045618,0.6577438124217191,0.6206573046660909,0.6085018579399246,6,random,0.75,47,96
SVM,raw,P1,1-3,8,3275,294,0.5204081632653061,0.5916666666666667,0.6349164724164724,0.5199617938423909,0.5075493229620552,6,random,0.75,47,96
SVM,raw,P1,1-3,9,3275,470,0.7340425531914894,0.7099031542681127,0.7813675213675214,0.7161685124102525,0.6853644669771765,6,random,0.75,47,96
SVM,raw,P1,1-3,10,3275,3600,0.4502777777777778,0.5318743066676886,0.4502777777777777,0.4178148402016823,0.4178148402016822,6,random,0.75,47,96
kNN,raw,P1,1-3,4,3275,161,0.7391304347826086,0.8046336206896552,0.8343120155038759,0.7708738426899228,0.7463538092319709,5,random,0.75,47,96
kNN,raw,P1,1-3,5,3275,197,0.7461928934010152,0.8341205578047683,0.8159489302967564,0.7910428208434287,0.7387415089259294,5,random,0.75,47,96
kNN,raw,P1,1-3,6,3275,2300,0.6334782608695653,0.6370895930396923,0.7096581634464644,0.5931603539440259,0.67101129027933,6,random,0.75,47,96
kNN,raw,P1,1-3,7,3275,3613,0.6144478272903404,0.617748321456726,0.6168338731063067,0.5797972675189678,0.5634854990712164,6,random,0.75,47,96
kNN,raw,P1,1-3,8,3275,294,0.41496598639455784,0.5100549653823793,0.6104409479409479,0.4349634144469563,0.31059032052807284,6,random,0.75,47,96
kNN,raw,P1,1-3,9,3275,470,0.6,0.5383975197357732,0.611532856942693,0.5409491483203684,0.5288259040518944,6,random,0.75,47,96
kNN,raw,P1,1-3,10,3275,3600,0.5116666666666667,0.539166924276791,0.5116666666666667,0.5056422133721638,0.5056422133721636,6,random,0.75,47,96
SVM,raw,P1,1-3,4,3275,161,0.9006211180124224,0.9568971113274911,0.9034108527131781,0.9194888734958422,0.8969296766816623,5,random,0.75,48,96
SVM,raw,P1,1-3,5,3275,197,0.9644670050761421,0.96495198746907,0.970952380952381,0.9668162659388028,0.9642953857639555,5,random,0.75,48,96
SVM,raw,P1,1-3,6,3275,2300,0.6965217391304348,0.6364696644650142,0.7548068481789542,0.6213243440940109,0.7060812280533153,6,random,0.75,48,96
SVM,raw,P1,1-3,7,3275,3613,0.6900083033490174,0.6541774882790735,0.6901646978360435,0.6550230846594713,0.6440967490756994,6,random,0.75,48,96
SVM,raw,P1,1-3,8,3275,294,0.5748299319727891,0.6064321201935882,0.6618395493395494,0.5558050958851836,0.5726209208233934,6,random,0.75,48,96
SVM,raw,P1,1-3,9,3275,470,0.7425531914893617,0.6540668492183644,0.7896581196581197,0.7043104659872297,0.6675613213351416,6,random,0.75,48,96
SVM,raw,P1,1-3,10,3275,3600,0.43805555555555553,0.5250776087478655,0.4380555555555555,0.4388016350390906,0.43880163503909053,6,random,0.75,48,96
kNN,raw,P1,1-3,4,3275,161,0.7329192546583851,0.8178613396004699,0.8115988372093023,0.7659144995790959,0.7344850717868734,5,random,0.75,48,96
kNN,raw,P1,1-3,5,3275,197,0.7563451776649747,0.8414285714285714,0.8166459627329192,0.7978245319056364,0.7517707239680059,5,random,0.75,48,96
kNN,raw,P1,1-3,6,3275,2300,0.6234782608695653,0.6227747324991654,0.7004588199299059,0.5804716878600891,0.6552905632344305,6,random,0.75,48,96
kNN,raw,P1,1-3,7,3275,3613,0.6064212565734847,0.5882287564467026,0.6119364526904844,0.573427999386423,0.560011148749539,6,random,0.75,48,96
kNN,raw,P1,1-3,8,3275,294,0.4217687074829932,0.5559611660629703,0.49863053613053615,0.37776521985477207,0.38376812749642475,6,random,0.75,48,96
kNN,raw,P1,1-3,9,3275,470,0.5765957446808511,0.4910677583212546,0.5796891996891996,0.5071043160289079,0.498280854004363,6,random,0.75,48,96
kNN,raw,P1,1-3,10,3275,3600,0.485,0.47661953560900844,0.48500000000000004,0.47089956522089715,0.47089956522089715,6,random,0.75,48,96
SVM,raw,P1,1-3,4,3275,161,0.7329192546583851,0.9,0.8266666666666665,0.8217687074829932,0.7366375121477162,5,random,0.75,49,96
SVM,raw,P1,1-3,5,3275,197,0.9593908629441624,0.9660546139359699,0.9598412698412698,0.9616082968593279,0.9594929807800957,5,random,0.75,49,96
SVM,raw,P1,1-3,6,3275,2300,0.7165217391304348,0.6388161520950997,0.7691318215323206,0.6302283112056556,0.7168595396387053,6,random,0.75,49,96
SVM,raw,P1,1-3,7,3275,3613,0.6880708552449488,0.6580845691259476,0.6880668197608554,0.6503125866757067,0.6392852954874289,6,random,0.75,49,96
SVM,raw,P1,1-3,8,3275,294,0.5476190476190477,0.5900652779942167,0.637956487956488,0.5292754600692366,0.5438245577674754,6,random,0.75,49,96
SVM,raw,P1,1-3,9,3275,470,0.7425531914893617,0.7101944510424233,0.7880419580419581,0.7218504053327589,0.6918812722690346,6,random,0.75,49,96
SVM,raw,P1,1-3,10,3275,3600,0.44,0.5060154589107532,0.44,0.4220459469278574,0.4220459469278574,6,random,0.75,49,96
kNN,raw,P1,1-3,4,3275,161,0.6894409937888198,0.8037974683544304,0.7711143410852713,0.727237319127797,0.6904459259822388,5,random,0.75,49,96
kNN,raw,P1,1-3,5,3275,197,0.8071065989847716,0.860143451319922,0.8507384403036576,0.8368524573158508,0.8054150630650353,5,random,0.75,49,96
kNN,raw,P1,1-3,6,3275,2300,0.6134782608695653,0.6175887487435044,0.6944156536886351,0.5776628529866173,0.6513485607359336,6,random,0.75,49,96
kNN,raw,P1,1-3,7,3275,3613,0.6066980348740659,0.602350539867429,0.6122576887249442,0.5791026145493342,0.5649250878972115,6,random,0.75,49,96
kNN,raw,P1,1-3,8,3275,294,0.35714285714285715,0.5451323744006671,0.47648601398601403,0.3295850754075313,0.2770577251785266,6,random,0.75,49,96
kNN,raw,P1,1-3,9,3275,470,0.6574468085106383,0.6422961901222771,0.6833042913370782,0.6335354905556536,0.601980271407067,6,random,0.75,49,96
kNN,raw,P1,1-3,10,3275,3600,0.4880555555555556,0.5170613347876972,0.48805555555555546,0.4883340629630472,0.48833406296304716,6,random,0.75,49,96
