model,arm,n,seed,test_batch,n_train,toluene_in_train,macro_f1,accuracy,macro_f1_gases1to5,toluene_recall,toluene_f1
Random Forest,toluene,0,0,7,3275,79,0.5196003095463823,0.5646277331857182,0.6235203714556586,0.0,0.0
Random Forest,toluene,0,0,8,3275,79,0.17533981945746654,0.29591836734693877,0.21040778334895985,0.0,0.0
Random Forest,toluene,0,0,9,3275,79,0.45325020652826925,0.5255319148936171,0.5439002478339231,0.0,0.0
Random Forest,toluene,0,0,10,3275,79,0.3212604134121964,0.3486111111111111,0.38551249609463567,0.0,0.0
Random Forest,toluene,0,1,7,3275,79,0.5196003095463823,0.5646277331857182,0.6235203714556586,0.0,0.0
Random Forest,toluene,0,1,8,3275,79,0.17533981945746654,0.29591836734693877,0.21040778334895985,0.0,0.0
Random Forest,toluene,0,1,9,3275,79,0.45325020652826925,0.5255319148936171,0.5439002478339231,0.0,0.0
Random Forest,toluene,0,1,10,3275,79,0.3212604134121964,0.3486111111111111,0.38551249609463567,0.0,0.0
Random Forest,toluene,0,2,7,3275,79,0.5196003095463823,0.5646277331857182,0.6235203714556586,0.0,0.0
Random Forest,toluene,0,2,8,3275,79,0.17533981945746654,0.29591836734693877,0.21040778334895985,0.0,0.0
Random Forest,toluene,0,2,9,3275,79,0.45325020652826925,0.5255319148936171,0.5439002478339231,0.0,0.0
Random Forest,toluene,0,2,10,3275,79,0.3212604134121964,0.3486111111111111,0.38551249609463567,0.0,0.0
Random Forest,toluene,0,3,7,3275,79,0.5196003095463823,0.5646277331857182,0.6235203714556586,0.0,0.0
Random Forest,toluene,0,3,8,3275,79,0.17533981945746654,0.29591836734693877,0.21040778334895985,0.0,0.0
Random Forest,toluene,0,3,9,3275,79,0.45325020652826925,0.5255319148936171,0.5439002478339231,0.0,0.0
Random Forest,toluene,0,3,10,3275,79,0.3212604134121964,0.3486111111111111,0.38551249609463567,0.0,0.0
Random Forest,toluene,0,4,7,3275,79,0.5196003095463823,0.5646277331857182,0.6235203714556586,0.0,0.0
Random Forest,toluene,0,4,8,3275,79,0.17533981945746654,0.29591836734693877,0.21040778334895985,0.0,0.0
Random Forest,toluene,0,4,9,3275,79,0.45325020652826925,0.5255319148936171,0.5439002478339231,0.0,0.0
Random Forest,toluene,0,4,10,3275,79,0.3212604134121964,0.3486111111111111,0.38551249609463567,0.0,0.0
Random Forest,toluene,5,0,7,3280,84,0.5261859660737612,0.5599225020758373,0.617886780269901,0.035211267605633804,0.0676818950930626
Random Forest,toluene,5,0,8,3280,84,0.20974523818320065,0.3673469387755102,0.25169428581984077,0.0,0.0
Random Forest,toluene,5,0,9,3280,84,0.5401718326294264,0.5574468085106383,0.6482061991553116,0.0,0.0
Random Forest,toluene,5,0,10,3280,84,0.355287595590204,0.3725,0.4106711335170223,0.041666666666666664,0.07836990595611286
Random Forest,toluene,5,1,7,3280,84,0.5077324550777722,0.5541101577636314,0.6078876417455006,0.0035211267605633804,0.006956521739130435
Random Forest,toluene,5,1,8,3280,84,0.20965495601815154,0.42857142857142855,0.25158594722178185,0.0,0.0
Random Forest,toluene,5,1,9,3280,84,0.556525944330443,0.5829787234042553,0.6678311331965316,0.0,0.0
Random Forest,toluene,5,1,10,3280,84,0.3441627190168717,0.3713888888888889,0.40780045762544087,0.013333333333333334,0.025974025974025976
Random Forest,toluene,5,2,7,3280,84,0.5314359708217707,0.5676722944921119,0.614155243545863,0.06338028169014084,0.11783960720130933
Random Forest,toluene,5,2,8,3280,84,0.22912687546833888,0.42517006802721086,0.2749522505620067,0.0,0.0
Random Forest,toluene,5,2,9,3280,84,0.5569544295883729,0.5680851063829787,0.6683453155060476,0.0,0.0
Random Forest,toluene,5,2,10,3280,84,0.35714024248101345,0.3688888888888889,0.39756525146353827,0.085,0.15501519756838905
Random Forest,toluene,5,3,7,3280,84,0.5046318843920776,0.5452532521450318,0.5984729150547121,0.01936619718309859,0.03542673107890499
Random Forest,toluene,5,3,8,3280,84,0.23853601145876688,0.48299319727891155,0.28624321375052025,0.0,0.0
Random Forest,toluene,5,3,9,3280,84,0.5474423418506341,0.5680851063829787,0.6569308102207609,0.0,0.0
Random Forest,toluene,5,3,10,3280,84,0.32664303589041593,0.35805555555555557,0.3913115770618985,0.0016666666666666668,0.0033003300330033004
Random Forest,toluene,5,4,7,3280,84,0.4890730799361441,0.5355660116246886,0.5868876959233729,0.0,0.0
Random Forest,toluene,5,4,8,3280,84,0.2015213533422688,0.40476190476190477,0.24182562401072255,0.0,0.0
Random Forest,toluene,5,4,9,3280,84,0.49746807645396734,0.5340425531914894,0.5969616917447608,0.0,0.0
Random Forest,toluene,5,4,10,3280,84,0.323431204969871,0.3488888888888889,0.37839297270614664,0.025,0.04862236628849271
Random Forest,toluene,10,0,7,3285,89,0.5702601264868904,0.5826183227234984,0.6139520409809444,0.22359154929577466,0.3518005540166205
Random Forest,toluene,10,0,8,3285,89,0.2672166634178969,0.4897959183673469,0.2996073645225289,0.05555555555555555,0.10526315789473684
Random Forest,toluene,10,0,9,3285,89,0.49629953644039526,0.5255319148936171,0.5955594437284744,0.0,0.0
Random Forest,toluene,10,0,10,3285,89,0.4016400994252578,0.4075,0.4309825739752239,0.16166666666666665,0.25492772667542707
Random Forest,toluene,10,1,7,3285,89,0.5363697929918428,0.5682258510932743,0.6198632637853334,0.06866197183098592,0.11890243902439024
Random Forest,toluene,10,1,8,3285,89,0.21000057840245243,0.42857142857142855,0.2520006940829429,0.0,0.0
Random Forest,toluene,10,1,9,3285,89,0.48669637101538415,0.5255319148936171,0.584035645218461,0.0,0.0
Random Forest,toluene,10,1,10,3285,89,0.37728904036317695,0.3858333333333333,0.41921743667110645,0.095,0.1676470588235294
Random Forest,toluene,10,2,7,3285,89,0.5355647562297523,0.5618599501799059,0.600963421761417,0.12852112676056338,0.20857142857142857
Random Forest,toluene,10,2,8,3285,89,0.2245973085761818,0.47619047619047616,0.2695167702914182,0.0,0.0
Random Forest,toluene,10,2,9,3285,89,0.5083697215556991,0.5382978723404256,0.610043665866839,0.0,0.0
Random Forest,toluene,10,2,10,3285,89,0.37994477049403996,0.3863888888888889,0.40748302036749584,0.14333333333333334,0.24225352112676057
Random Forest,toluene,10,3,7,3285,89,0.5248539852843008,0.5527262662607252,0.5970975096138883,0.09507042253521127,0.16363636363636364
Random Forest,toluene,10,3,8,3285,89,0.2671702663403908,0.4897959183673469,0.320604319608469,0.0,0.0
Random Forest,toluene,10,3,9,3285,89,0.5660700408261414,0.574468085106383,0.6792840489913697,0.0,0.0
Random Forest,toluene,10,3,10,3285,89,0.34259647554357775,0.36583333333333334,0.39401653401107195,0.04666666666666667,0.08549618320610687
Random Forest,toluene,10,4,7,3285,89,0.5242857063121481,0.5527262662607252,0.5895445692388531,0.12147887323943662,0.19799139167862267
Random Forest,toluene,10,4,8,3285,89,0.2970752015150831,0.47619047619047616,0.35649024181809974,0.0,0.0
Random Forest,toluene,10,4,9,3285,89,0.5906515970625746,0.5957446808510638,0.7087819164750895,0.0,0.0
Random Forest,toluene,10,4,10,3285,89,0.3487668165616993,0.3711111111111111,0.40567614317679146,0.035,0.06422018348623854
Random Forest,toluene,25,0,7,3300,104,0.5590055547663833,0.5740381954054802,0.5842454008975255,0.3855633802816901,0.43280632411067194
Random Forest,toluene,25,0,8,3300,104,0.13718360736052765,0.22108843537414966,0.15677719157773123,0.05555555555555555,0.0392156862745098
Random Forest,toluene,25,0,9,3300,104,0.2661829740187949,0.3617021276595745,0.3194195688225539,0.0,0.0
Random Forest,toluene,25,0,10,3300,104,0.3435139907536193,0.37027777777777776,0.3896734363031872,0.065,0.11271676300578035
Random Forest,toluene,25,1,7,3300,104,0.5570504088945124,0.5718239690008303,0.5984604906734149,0.24647887323943662,0.35
Random Forest,toluene,25,1,8,3300,104,0.08236903348491796,0.14285714285714285,0.09884284018190156,0.0,0.0
Random Forest,toluene,25,1,9,3300,104,0.3310794955531798,0.451063829787234,0.3972953946638157,0.0,0.0
Random Forest,toluene,25,1,10,3300,104,0.3502844641857366,0.3680555555555556,0.37694775479757103,0.13,0.21696801112656466
Random Forest,toluene,25,2,7,3300,104,0.5806690917979566,0.5925823415444229,0.6101221490581821,0.3609154929577465,0.4334038054968288
Random Forest,toluene,25,2,8,3300,104,0.1869370707834903,0.3333333333333333,0.215022159358793,0.05555555555555555,0.046511627906976744
Random Forest,toluene,25,2,9,3300,104,0.3590348318975831,0.46808510638297873,0.43084179827709973,0.0,0.0
Random Forest,toluene,25,2,10,3300,104,0.36748114212354777,0.38083333333333336,0.4040025806322909,0.11,0.18487394957983194
Random Forest,toluene,25,3,7,3300,104,0.6193817635751103,0.6280099640188209,0.6298931873801799,0.5264084507042254,0.566824644549763
Random Forest,toluene,25,3,8,3300,104,0.2377782606596166,0.445578231292517,0.2853339127915399,0.0,0.0
Random Forest,toluene,25,3,9,3300,104,0.36958547884863674,0.46382978723404256,0.44350257461836406,0.0,0.0
Random Forest,toluene,25,3,10,3300,104,0.3607272690564667,0.37083333333333335,0.39076745970986526,0.13333333333333333,0.21052631578947367
Random Forest,toluene,25,4,7,3300,104,0.569655624528945,0.5848325491281483,0.6055272124997837,0.31161971830985913,0.39029768467475195
Random Forest,toluene,25,4,8,3300,104,0.19441930618401204,0.3673469387755102,0.23330316742081444,0.0,0.0
Random Forest,toluene,25,4,9,3300,104,0.49802204187002924,0.5404255319148936,0.5976264502440352,0.0,0.0
Random Forest,toluene,25,4,10,3300,104,0.3581495280932905,0.38055555555555554,0.4066439694805939,0.06333333333333334,0.1156773211567732
Random Forest,toluene,50,0,7,3325,129,0.6136234964448762,0.6327151951287019,0.6196666613895161,0.5757042253521126,0.5834076717216771
Random Forest,toluene,50,0,8,3325,129,0.22151639335682005,0.40816326530612246,0.257124019854271,0.05555555555555555,0.043478260869565216
Random Forest,toluene,50,0,9,3325,129,0.40901345523194266,0.4787234042553192,0.4800053354675204,0.0297029702970297,0.05405405405405406
Random Forest,toluene,50,0,10,3325,129,0.3806583572966808,0.39166666666666666,0.4026546904101522,0.18,0.2706766917293233
Random Forest,toluene,50,1,7,3325,129,0.6080338413294671,0.6180459451978965,0.6165210760676638,0.5123239436619719,0.565597667638484
Random Forest,toluene,50,1,8,3325,129,0.20038971695276162,0.35374149659863946,0.22965684953250315,0.05555555555555555,0.05405405405405406
Random Forest,toluene,50,1,9,3325,129,0.3833785022532754,0.4531914893617021,0.4600542027039305,0.0,0.0
Random Forest,toluene,50,1,10,3325,129,0.39149277036231084,0.39916666666666667,0.40312465776810635,0.23833333333333334,0.3333333333333333
Random Forest,toluene,50,2,7,3325,129,0.588028798799368,0.6000553556601163,0.6300440073781393,0.29577464788732394,0.3779527559055118
Random Forest,toluene,50,2,8,3325,129,0.2348018716362454,0.42857142857142855,0.2688590201570429,0.05555555555555555,0.06451612903225806
Random Forest,toluene,50,2,9,3325,129,0.3375625019398604,0.43617021276595747,0.4016561989090291,0.009900990099009901,0.017094017094017096
Random Forest,toluene,50,2,10,3325,129,0.36880382981510773,0.38,0.3972916264039615,0.14166666666666666,0.22636484687083888
Random Forest,toluene,50,3,7,3325,129,0.5740643275796352,0.5851093274287296,0.5808507530577909,0.5035211267605634,0.5401322001888574
Random Forest,toluene,50,3,8,3325,129,0.16084133620604588,0.2891156462585034,0.1792164999989792,0.1111111111111111,0.06896551724137931
Random Forest,toluene,50,3,9,3325,129,0.4347021082146905,0.474468085106383,0.5216425298576286,0.0,0.0
Random Forest,toluene,50,3,10,3325,129,0.37943866507119894,0.3863888888888889,0.40245856766149857,0.17666666666666667,0.26433915211970077
Random Forest,toluene,50,4,7,3325,129,0.5973490192781804,0.6097425961804595,0.6223402955264545,0.40669014084507044,0.4723926380368098
Random Forest,toluene,50,4,8,3325,129,0.2014678396601708,0.3741496598639456,0.24176140759220494,0.0,0.0
Random Forest,toluene,50,4,9,3325,129,0.49882875854348535,0.5297872340425532,0.5985945102521824,0.0,0.0
Random Forest,toluene,50,4,10,3325,129,0.39364009285811147,0.3988888888888889,0.428219175259521,0.13833333333333334,0.22074468085106383
Random Forest,toluene,100,0,7,3375,179,0.6091481983995286,0.6202601716025463,0.621836944608644,0.698943661971831,0.5457044673539518
Random Forest,toluene,100,0,8,3375,179,0.1347091404416245,0.17006802721088435,0.15879382567280656,0.05555555555555555,0.014285714285714285
Random Forest,toluene,100,0,9,3375,179,0.3942216164232019,0.451063829787234,0.4730659397078423,0.0,0.0
Random Forest,toluene,100,0,10,3375,179,0.3832492704495105,0.3877777777777778,0.4015560673632166,0.20833333333333334,0.29171528588098017
Random Forest,toluene,100,1,7,3375,179,0.6121281506381909,0.6327151951287019,0.6087882841265462,0.7411971830985915,0.6288274831964152
Random Forest,toluene,100,1,8,3375,179,0.08886265821938864,0.12244897959183673,0.104181202133205,0.05555555555555555,0.012269938650306749
Random Forest,toluene,100,1,9,3375,179,0.38679626431128966,0.4148936170212766,0.46210423512226556,0.009900990099009901,0.010256410256410256
Random Forest,toluene,100,1,10,3375,179,0.40387662909970734,0.4,0.4111912330512836,0.28833333333333333,0.3673036093418259
Random Forest,toluene,100,2,7,3375,179,0.5826135883368487,0.5978411292554664,0.5839803959244506,0.698943661971831,0.5757795503988398
Random Forest,toluene,100,2,8,3375,179,0.11514643302564863,0.16326530612244897,0.13229336668960187,0.1111111111111111,0.029411764705882353
Random Forest,toluene,100,2,9,3375,179,0.32683442464585527,0.37872340425531914,0.39025009006283123,0.009900990099009901,0.00975609756097561
Random Forest,toluene,100,2,10,3375,179,0.40675154756136916,0.4066666666666667,0.42529890659945957,0.24833333333333332,0.31401475237091675
Random Forest,toluene,100,3,7,3375,179,0.5877309387302491,0.5995017990589537,0.5819784875651699,0.6778169014084507,0.6164931945556446
Random Forest,toluene,100,3,8,3375,179,0.0941110981107016,0.16666666666666666,0.10477005242671947,0.1111111111111111,0.04081632653061224
Random Forest,toluene,100,3,9,3375,179,0.4682323824668942,0.46808510638297873,0.5514621922936064,0.04950495049504951,0.052083333333333336
Random Forest,toluene,100,3,10,3375,179,0.38017733827200034,0.385,0.39906994878354324,0.22,0.2857142857142857
Random Forest,toluene,100,4,7,3375,179,0.602267485635222,0.6177691668973152,0.601417724616903,0.6390845070422535,0.606516290726817
Random Forest,toluene,100,4,8,3375,179,0.19359310510131303,0.3299319727891156,0.2239783927882423,0.1111111111111111,0.041666666666666664
Random Forest,toluene,100,4,9,3375,179,0.2634083374827854,0.35319148936170214,0.3160900049793425,0.0,0.0
Random Forest,toluene,100,4,10,3375,179,0.39346403182386586,0.3997222222222222,0.4174352885518352,0.18833333333333332,0.2736077481840194
Random Forest,toluene,200,0,7,3475,279,0.6383001969720765,0.6523664544699695,0.6397556159044455,0.8415492957746479,0.6310231023102311
Random Forest,toluene,200,0,8,3475,279,0.11003357547248606,0.1326530612244898,0.12506354638093678,0.16666666666666666,0.03488372093023256
Random Forest,toluene,200,0,9,3475,279,0.36601449997870855,0.4106382978723404,0.43553076402974983,0.019801980198019802,0.018433179723502304
Random Forest,toluene,200,0,10,3475,279,0.4119507845937922,0.4147222222222222,0.41386046103207014,0.335,0.4024024024024024
Random Forest,toluene,200,1,7,3475,279,0.6189179630064158,0.635206199833933,0.6205719853703673,0.8380281690140845,0.6106478511866581
Random Forest,toluene,200,1,8,3475,279,0.10007391845627138,0.12585034013605442,0.11773576097105506,0.05555555555555555,0.011764705882352941
Random Forest,toluene,200,1,9,3475,279,0.2311473273801982,0.34893617021276596,0.2719469286028442,0.0297029702970297,0.027149321266968326
Random Forest,toluene,200,1,10,3475,279,0.39778264589694395,0.40444444444444444,0.39831753819956883,0.35,0.3951081843838194
Random Forest,toluene,200,2,7,3475,279,0.6021838681620363,0.6238582895101024,0.59700756277537,0.8116197183098591,0.6280653950953679
Random Forest,toluene,200,2,8,3475,279,0.09650499599976324,0.12244897959183673,0.11335200746965453,0.05555555555555555,0.012269938650306749
Random Forest,toluene,200,2,9,3475,279,0.3041637856341846,0.3723404255319149,0.36125822500401217,0.019801980198019802,0.018691588785046728
Random Forest,toluene,200,2,10,3475,279,0.3981588651144518,0.40305555555555556,0.40156195207916767,0.31666666666666665,0.3811434302908726
Random Forest,toluene,200,3,7,3475,279,0.5896745140298459,0.6100193744810407,0.5818951311215294,0.8133802816901409,0.6285714285714286
Random Forest,toluene,200,3,8,3475,279,0.07901034151034152,0.11904761904761904,0.09005050505050505,0.1111111111111111,0.023809523809523808
Random Forest,toluene,200,3,9,3475,279,0.25206375043942103,0.3446808510638298,0.29362694300518133,0.04950495049504951,0.04424778761061947
Random Forest,toluene,200,3,10,3475,279,0.3776743248975216,0.385,0.37820918987702595,0.335,0.375
Random Forest,toluene,200,4,7,3475,279,0.5947566341455469,0.6166620536949903,0.5808918244347029,0.7535211267605634,0.6640806826997673
Random Forest,toluene,200,4,8,3475,279,0.10531604430262298,0.14625850340136054,0.12121796284056693,0.1111111111111111,0.025806451612903226
Random Forest,toluene,200,4,9,3475,279,0.234612239022245,0.34893617021276596,0.281534686826694,0.0,0.0
Random Forest,toluene,200,4,10,3475,279,0.39645853098829487,0.3925,0.400591001517164,0.295,0.37579617834394907
Random Forest,toluene,467,0,7,3742,546,0.6152094184918259,0.6277331857182397,0.6261447646599246,0.8151408450704225,0.5605326876513317
Random Forest,toluene,467,0,8,3742,546,0.0772545909298046,0.11564625850340136,0.08797178130511464,0.1111111111111111,0.023668639053254437
Random Forest,toluene,467,0,9,3742,546,0.3921638549944138,0.44680851063829785,0.4565262742345026,0.06930693069306931,0.07035175879396985
Random Forest,toluene,467,0,10,3742,546,0.42310264979744977,0.4280555555555556,0.4194778645950999,0.43166666666666664,0.44122657580919933
Random Forest,toluene,467,1,7,3742,546,0.6072935838096739,0.6213672848048712,0.6090770975734825,0.8433098591549296,0.5983760149906309
Random Forest,toluene,467,1,8,3742,546,0.07632556170312609,0.11224489795918367,0.08929182346903866,0.05555555555555555,0.011494252873563218
Random Forest,toluene,467,1,9,3742,546,0.31351051472755326,0.3872340425531915,0.3639049253653716,0.0594059405940594,0.06153846153846154
Random Forest,toluene,467,1,10,3742,546,0.4112039731368886,0.42277777777777775,0.4056825300020286,0.41833333333333333,0.4388111888111888
Random Forest,toluene,467,2,7,3742,546,0.6051313448394674,0.6241350678106836,0.6076021966218066,0.8380281690140845,0.5927770859277709
Random Forest,toluene,467,2,8,3742,546,0.08006355153879657,0.11904761904761904,0.0891398456615848,0.16666666666666666,0.03468208092485549
Random Forest,toluene,467,2,9,3742,546,0.4321003356840025,0.46170212765957447,0.5062933285849952,0.06930693069306931,0.0611353711790393
Random Forest,toluene,467,2,10,3742,546,0.40763547997287936,0.4197222222222222,0.40508166127968037,0.3983333333333333,0.4204045734388742
Random Forest,toluene,467,3,7,3742,546,0.5951744923249516,0.6136174923885968,0.6014642927507262,0.8098591549295775,0.5637254901960784
Random Forest,toluene,467,3,8,3742,546,0.08043146987112505,0.11904761904761904,0.08962121212121213,0.16666666666666666,0.034482758620689655
Random Forest,toluene,467,3,9,3742,546,0.3275579365012159,0.4,0.3774851082170435,0.0891089108910891,0.07792207792207792
Random Forest,toluene,467,3,10,3742,546,0.41332883488031996,0.4191666666666667,0.4097608356226178,0.415,0.43116883116883115
Random Forest,toluene,467,4,7,3742,546,0.596308668475822,0.6161084970938279,0.5968639976053555,0.823943661971831,0.5935320228281548
Random Forest,toluene,467,4,8,3742,546,0.07570046343052478,0.11564625850340136,0.08838656838656839,0.05555555555555555,0.012269938650306749
Random Forest,toluene,467,4,9,3742,546,0.26954611451834104,0.3723404255319149,0.3111205356598947,0.06930693069306931,0.06167400881057269
Random Forest,toluene,467,4,10,3742,546,0.41559288525882515,0.4216666666666667,0.41213902414804604,0.4083333333333333,0.43286219081272087
Random Forest,random,0,0,7,3275,79,0.5196003095463823,0.5646277331857182,0.6235203714556586,0.0,0.0
Random Forest,random,0,0,8,3275,79,0.17533981945746654,0.29591836734693877,0.21040778334895985,0.0,0.0
Random Forest,random,0,0,9,3275,79,0.45325020652826925,0.5255319148936171,0.5439002478339231,0.0,0.0
Random Forest,random,0,0,10,3275,79,0.3212604134121964,0.3486111111111111,0.38551249609463567,0.0,0.0
Random Forest,random,0,1,7,3275,79,0.5196003095463823,0.5646277331857182,0.6235203714556586,0.0,0.0
Random Forest,random,0,1,8,3275,79,0.17533981945746654,0.29591836734693877,0.21040778334895985,0.0,0.0
Random Forest,random,0,1,9,3275,79,0.45325020652826925,0.5255319148936171,0.5439002478339231,0.0,0.0
Random Forest,random,0,1,10,3275,79,0.3212604134121964,0.3486111111111111,0.38551249609463567,0.0,0.0
Random Forest,random,0,2,7,3275,79,0.5196003095463823,0.5646277331857182,0.6235203714556586,0.0,0.0
Random Forest,random,0,2,8,3275,79,0.17533981945746654,0.29591836734693877,0.21040778334895985,0.0,0.0
Random Forest,random,0,2,9,3275,79,0.45325020652826925,0.5255319148936171,0.5439002478339231,0.0,0.0
Random Forest,random,0,2,10,3275,79,0.3212604134121964,0.3486111111111111,0.38551249609463567,0.0,0.0
Random Forest,random,0,3,7,3275,79,0.5196003095463823,0.5646277331857182,0.6235203714556586,0.0,0.0
Random Forest,random,0,3,8,3275,79,0.17533981945746654,0.29591836734693877,0.21040778334895985,0.0,0.0
Random Forest,random,0,3,9,3275,79,0.45325020652826925,0.5255319148936171,0.5439002478339231,0.0,0.0
Random Forest,random,0,3,10,3275,79,0.3212604134121964,0.3486111111111111,0.38551249609463567,0.0,0.0
Random Forest,random,0,4,7,3275,79,0.5196003095463823,0.5646277331857182,0.6235203714556586,0.0,0.0
Random Forest,random,0,4,8,3275,79,0.17533981945746654,0.29591836734693877,0.21040778334895985,0.0,0.0
Random Forest,random,0,4,9,3275,79,0.45325020652826925,0.5255319148936171,0.5439002478339231,0.0,0.0
Random Forest,random,0,4,10,3275,79,0.3212604134121964,0.3486111111111111,0.38551249609463567,0.0,0.0
Random Forest,random,5,0,7,3280,79,0.5416625728569007,0.5917520066426792,0.6499950874282808,0.0,0.0
Random Forest,random,5,0,8,3280,79,0.2011818275863976,0.3707482993197279,0.24141819310367713,0.0,0.0
Random Forest,random,5,0,9,3280,79,0.4356553826644401,0.5127659574468085,0.5227864591973281,0.0,0.0
Random Forest,random,5,0,10,3280,79,0.3278800941119204,0.35305555555555557,0.39345611293430444,0.0,0.0
Random Forest,random,5,1,7,3280,80,0.5458329379520833,0.5975643509548851,0.6549995255425,0.0,0.0
Random Forest,random,5,1,8,3280,80,0.2369650782272894,0.46258503401360546,0.2843580938727473,0.0,0.0
Random Forest,random,5,1,9,3280,80,0.4771877854419066,0.5234042553191489,0.5726253425302879,0.0,0.0
Random Forest,random,5,1,10,3280,80,0.3189332436144812,0.3475,0.38271989233737747,0.0,0.0
Random Forest,random,5,2,7,3280,80,0.5254726444679699,0.5754220869083864,0.6305671733615639,0.0,0.0
Random Forest,random,5,2,8,3280,80,0.22540846219215874,0.3979591836734694,0.2704901546305905,0.0,0.0
Random Forest,random,5,2,9,3280,80,0.5831394207167403,0.6,0.6997673048600883,0.0,0.0
Random Forest,random,5,2,10,3280,80,0.3405440106538684,0.36777777777777776,0.4086528127846421,0.0,0.0
Random Forest,random,5,3,7,3280,79,0.5397707688977977,0.5939662330473291,0.6477249226773573,0.0,0.0
Random Forest,random,5,3,8,3280,79,0.31871730016284955,0.5544217687074829,0.3824607601954194,0.0,0.0
Random Forest,random,5,3,9,3280,79,0.3698428131583212,0.49148936170212765,0.4438113757899854,0.0,0.0
Random Forest,random,5,3,10,3280,79,0.32812398328839093,0.3625,0.39374877994606916,0.0,0.0
Random Forest,random,5,4,7,3280,81,0.503201668260791,0.5516191530584003,0.6038420019129493,0.0,0.0
Random Forest,random,5,4,8,3280,81,0.2600530521420022,0.4931972789115646,0.31206366257040263,0.0,0.0
Random Forest,random,5,4,9,3280,81,0.5586733099251976,0.5872340425531914,0.6704079719102372,0.0,0.0
Random Forest,random,5,4,10,3280,81,0.3219658912532408,0.35055555555555556,0.386359069503889,0.0,0.0
Random Forest,random,10,0,7,3285,80,0.5585640819351888,0.6183227234984777,0.6702768983222265,0.0,0.0
Random Forest,random,10,0,8,3285,80,0.2326404402725342,0.41496598639455784,0.27916852832704103,0.0,0.0
Random Forest,random,10,0,9,3285,80,0.4210886335886335,0.4957446808510638,0.5053063603063602,0.0,0.0
Random Forest,random,10,0,10,3285,80,0.32275715719535797,0.3547222222222222,0.3873085886344295,0.0,0.0
Random Forest,random,10,1,7,3285,81,0.5508549430472426,0.6000553556601163,0.6603229439589757,0.0017605633802816902,0.0035149384885764497
Random Forest,random,10,1,8,3285,81,0.18431104908460538,0.2619047619047619,0.22117325890152645,0.0,0.0
Random Forest,random,10,1,9,3285,81,0.4511036702600371,0.5127659574468085,0.5413244043120445,0.0,0.0
Random Forest,random,10,1,10,3285,81,0.3260359026638095,0.3541666666666667,0.3899141795420863,0.0033333333333333335,0.006644518272425249
Random Forest,random,10,2,7,3285,81,0.533514130457314,0.5828951010240797,0.6402169565487767,0.0,0.0
Random Forest,random,10,2,8,3285,81,0.11575636876607752,0.17346938775510204,0.13890764251929302,0.0,0.0
Random Forest,random,10,2,9,3285,81,0.43360611942949867,0.5085106382978724,0.5203273433153984,0.0,0.0
Random Forest,random,10,2,10,3285,81,0.3310901060373345,0.355,0.3973081272448014,0.0,0.0
Random Forest,random,10,3,7,3285,81,0.5635921848769357,0.6329919734292832,0.6763106218523228,0.0,0.0
Random Forest,random,10,3,8,3285,81,0.39689675260037566,0.6394557823129252,0.47627610312045077,0.0,0.0
Random Forest,random,10,3,9,3285,81,0.5433200049811815,0.5957446808510638,0.6519840059774178,0.0,0.0
Random Forest,random,10,3,10,3285,81,0.32861847168939673,0.36277777777777775,0.39434216602727606,0.0,0.0
Random Forest,random,10,4,7,3285,83,0.5073200232005161,0.5604760586769997,0.6087840278406192,0.0,0.0
Random Forest,random,10,4,8,3285,83,0.2698861529008712,0.54421768707483,0.3238633834810455,0.0,0.0
Random Forest,random,10,4,9,3285,83,0.495451490057138,0.5425531914893617,0.5945417880685656,0.0,0.0
Random Forest,random,10,4,10,3285,83,0.3282280941111269,0.35333333333333333,0.38414923967565373,0.025,0.04862236628849271
Random Forest,random,25,0,7,3300,82,0.5692855268763543,0.6274564074176584,0.6831426322516251,0.0,0.0
Random Forest,random,25,0,8,3300,82,0.23950621017802018,0.4387755102040816,0.2874074522136242,0.0,0.0
Random Forest,random,25,0,9,3300,82,0.5395813637192948,0.5680851063829787,0.6474976364631537,0.0,0.0
Random Forest,random,25,0,10,3300,82,0.3357242954060089,0.36666666666666664,0.40154902247400936,0.0033333333333333335,0.006600660066006601
Random Forest,random,25,1,7,3300,82,0.5570945993340742,0.6183227234984777,0.6671100104289593,0.0035211267605633804,0.007017543859649123
Random Forest,random,25,1,8,3300,82,0.2631196624387286,0.5374149659863946,0.3157435949264743,0.0,0.0
Random Forest,random,25,1,9,3300,82,0.5223117456575931,0.5659574468085107,0.6267740947891117,0.0,0.0
Random Forest,random,25,1,10,3300,82,0.33451736649664277,0.3672222222222222,0.40075748987889004,0.0016666666666666668,0.003316749585406302
Random Forest,random,25,2,7,3300,83,0.6108208286032278,0.6421256573484638,0.6776278514667305,0.1637323943661972,0.2767857142857143
Random Forest,random,25,2,8,3300,83,0.31418202533933065,0.46258503401360546,0.3770184304071968,0.0,0.0
Random Forest,random,25,2,9,3300,83,0.3304849832516232,0.46170212765957447,0.39658197990194777,0.0,0.0
Random Forest,random,25,2,10,3300,83,0.36672516299586655,0.3908333333333333,0.4173708090919724,0.06166666666666667,0.11349693251533742
Random Forest,random,25,3,7,3300,84,0.5406536742008129,0.6158317187932466,0.6480826546550106,0.0017605633802816902,0.0035087719298245615
Random Forest,random,25,3,8,3300,84,0.4609837020796874,0.6496598639455783,0.5531804424956249,0.0,0.0
Random Forest,random,25,3,9,3300,84,0.5020431968780067,0.5872340425531914,0.6024518362536081,0.0,0.0
Random Forest,random,25,3,10,3300,84,0.3202022970868959,0.3516666666666667,0.3822625584844731,0.005,0.009900990099009901
Random Forest,random,25,4,7,3300,83,0.5765082767219069,0.64350954885137,0.6883316711967231,0.008802816901408451,0.017391304347826087
Random Forest,random,25,4,8,3300,83,0.40818140391060914,0.5952380952380952,0.489817684692731,0.0,0.0
Random Forest,random,25,4,9,3300,83,0.5273001723995757,0.5808510638297872,0.6327602068794909,0.0,0.0
Random Forest,random,25,4,10,3300,83,0.3273790754727568,0.3461111111111111,0.3915325765177214,0.0033333333333333335,0.006611570247933884
Random Forest,random,50,0,7,3325,86,0.5720826599584516,0.6440631054525325,0.6844373362800389,0.00528169014084507,0.010309278350515464
Random Forest,random,50,0,8,3325,86,0.36661742788636725,0.5476190476190477,0.4399409134636407,0.0,0.0
Random Forest,random,50,0,9,3325,86,0.5151698029730697,0.5680851063829787,0.6182037635676837,0.0,0.0
Random Forest,random,50,0,10,3325,86,0.33833811242847583,0.3488888888888889,0.36565485772118855,0.115,0.20175438596491227
Random Forest,random,50,1,7,3325,90,0.5924178380655033,0.6329919734292832,0.653274287034536,0.1795774647887324,0.288135593220339
Random Forest,random,50,1,8,3325,90,0.2697816374866037,0.4965986394557823,0.3055561468021063,0.05555555555555555,0.09090909090909091
Random Forest,random,50,1,9,3325,90,0.5493156898458776,0.5829787234042553,0.6591788278150531,0.0,0.0
Random Forest,random,50,1,10,3325,90,0.3668263492303944,0.3844444444444444,0.4049150869389546,0.09833333333333333,0.17638266068759342
Random Forest,random,50,2,7,3325,88,0.572109568660682,0.6346526432327706,0.6635649752157848,0.06338028169014084,0.11483253588516747
Random Forest,random,50,2,8,3325,88,0.33949741778689146,0.5918367346938775,0.40739690134426976,0.0,0.0
Random Forest,random,50,2,9,3325,88,0.4724609343800769,0.5659574468085107,0.5669531212560923,0.0,0.0
Random Forest,random,50,2,10,3325,88,0.36204011926152435,0.39305555555555555,0.41786122126374947,0.043333333333333335,0.08293460925039872
Random Forest,random,50,3,7,3325,86,0.5705047599168899,0.6451702186548575,0.6724229707835165,0.03169014084507042,0.06091370558375635
Random Forest,random,50,3,8,3325,86,0.4837162594722974,0.6802721088435374,0.5804595113667569,0.0,0.0
Random Forest,random,50,3,9,3325,86,0.4991873083845832,0.5872340425531914,0.5990247700614998,0.0,0.0
Random Forest,random,50,3,10,3325,86,0.3143288778907581,0.3461111111111111,0.36745439372864996,0.025,0.048701298701298704
Random Forest,random,50,4,7,3325,91,0.5556107931371735,0.6213672848048712,0.6660311973786432,0.0017605633802816902,0.0035087719298245615
Random Forest,random,50,4,8,3325,91,0.26949287456869947,0.4421768707482993,0.32339144948243936,0.0,0.0
Random Forest,random,50,4,9,3325,91,0.4219978828060131,0.5063829787234042,0.5063974593672157,0.0,0.0
Random Forest,random,50,4,10,3325,91,0.3181165640697875,0.34944444444444445,0.37715722549258296,0.011666666666666667,0.022913256955810146
Random Forest,random,100,0,7,3375,95,0.5328148672803504,0.611680044284528,0.6331494670339984,0.01584507042253521,0.031141868512110725
Random Forest,random,100,0,8,3375,95,0.3919938411450177,0.5510204081632653,0.4703926093740212,0.0,0.0
Random Forest,random,100,0,9,3375,95,0.534177315757606,0.5893617021276596,0.6410127789091271,0.0,0.0
Random Forest,random,100,0,10,3375,95,0.33515709797325277,0.3680555555555556,0.37339831848673943,0.07833333333333334,0.1439509954058193
Random Forest,random,100,1,7,3375,105,0.6179479569278984,0.6520896761693883,0.6395767639997525,0.34330985915492956,0.5098039215686274
Random Forest,random,100,1,8,3375,105,0.33155479810094696,0.5612244897959183,0.3264371862925649,0.2777777777777778,0.35714285714285715
Random Forest,random,100,1,9,3375,105,0.5119244412129093,0.5595744680851064,0.6143093294554911,0.0,0.0
Random Forest,random,100,1,10,3375,105,0.33918441753309997,0.3636111111111111,0.3640801245691317,0.12166666666666667,0.21470588235294116
Random Forest,random,100,2,7,3375,97,0.5679922171658882,0.6282867423194022,0.6403160020254696,0.11971830985915492,0.20637329286798178
Random Forest,random,100,2,8,3375,97,0.3856660725298197,0.5884353741496599,0.46279928703578366,0.0,0.0
Random Forest,random,100,2,9,3375,97,0.4079600169153938,0.5212765957446809,0.48955202029847256,0.0,0.0
Random Forest,random,100,2,10,3375,97,0.36226673352431243,0.39055555555555554,0.40230417808850216,0.08833333333333333,0.1620795107033639
Random Forest,random,100,3,7,3375,99,0.6129542463578984,0.662330473290894,0.6663808304997951,0.2112676056338028,0.345821325648415
Random Forest,random,100,3,8,3375,99,0.4701847823112799,0.6666666666666666,0.5642217387735359,0.0,0.0
Random Forest,random,100,3,9,3375,99,0.4917180562289676,0.5765957446808511,0.5900616674747611,0.0,0.0
Random Forest,random,100,3,10,3375,99,0.33333127008231117,0.365,0.3689944845850956,0.085,0.15501519756838905
Random Forest,random,100,4,7,3375,104,0.576406131546001,0.639911430943814,0.6592549254227686,0.0897887323943662,0.16216216216216217
Random Forest,random,100,4,8,3375,104,0.4003303359954508,0.6190476190476191,0.48039640319454097,0.0,0.0
Random Forest,random,100,4,9,3375,104,0.5194806410953762,0.5851063829787234,0.6233767693144514,0.0,0.0
Random Forest,random,100,4,10,3375,104,0.34177317430889964,0.36694444444444446,0.37973267239256403,0.08333333333333333,0.1519756838905775
Random Forest,random,200,0,7,3475,116,0.5832139921448268,0.6390810960420703,0.6243012350182366,0.23943661971830985,0.37777777777777777
Random Forest,random,200,0,8,3475,116,0.39927048001059773,0.5714285714285714,0.4791245760127173,0.0,0.0
Random Forest,random,200,0,9,3475,116,0.5196070498402486,0.5787234042553191,0.6235284598082984,0.0,0.0
Random Forest,random,200,0,10,3475,116,0.3566035549575757,0.3827777777777778,0.3733296713544962,0.16833333333333333,0.27297297297297296
Random Forest,random,200,1,7,3475,130,0.662490633467884,0.7038472183780792,0.679032609126138,0.41901408450704225,0.5797807551766139
Random Forest,random,200,1,8,3475,130,0.48648228052092596,0.7074829931972789,0.5837787366251111,0.0,0.0
Random Forest,random,200,1,9,3475,130,0.5347558839166796,0.6,0.6417070607000155,0.0,0.0
Random Forest,random,200,1,10,3475,130,0.3546068947937872,0.3861111111111111,0.37389706807878575,0.15166666666666667,0.2581560283687943
Random Forest,random,200,2,7,3475,122,0.6190125230582585,0.6714641572100747,0.6815384319252293,0.19014084507042253,0.30638297872340425
Random Forest,random,200,2,8,3475,122,0.3885464553450804,0.5680272108843537,0.4662557464140965,0.0,0.0
Random Forest,random,200,2,9,3475,122,0.5029444406622997,0.5829787234042553,0.6035333287947597,0.0,0.0
Random Forest,random,200,2,10,3475,122,0.3914736772278196,0.41083333333333333,0.4127851724499199,0.17,0.2849162011173184
Random Forest,random,200,3,7,3475,110,0.5388783480007199,0.6280099640188209,0.6431636162047034,0.008802816901408451,0.017452006980802792
Random Forest,random,200,3,8,3475,110,0.37300529373542785,0.6496598639455783,0.44760635248251346,0.0,0.0
Random Forest,random,200,3,9,3475,110,0.5092661142768828,0.5702127659574469,0.6111193371322594,0.0,0.0
Random Forest,random,200,3,10,3475,110,0.3361219154524218,0.3725,0.37437865601594167,0.07833333333333334,0.1448382126348228
Random Forest,random,200,4,7,3475,128,0.5962006684684934,0.6590091336839192,0.6718587126099533,0.12852112676056338,0.21791044776119403
Random Forest,random,200,4,8,3475,128,0.4395601799805811,0.6700680272108843,0.5274722159766974,0.0,0.0
Random Forest,random,200,4,9,3475,128,0.5225512377242296,0.5914893617021276,0.6231399166416246,0.009900990099009901,0.0196078431372549
Random Forest,random,200,4,10,3475,128,0.3648359877066367,0.38,0.37808487538880914,0.17666666666666667,0.29859154929577464
Random Forest,random,467,0,7,3742,168,0.6240826328540473,0.6756158317187932,0.6652035072509437,0.2711267605633803,0.41847826086956524
Random Forest,random,467,0,8,3742,168,0.5400393927098126,0.7380952380952381,0.6480472712517751,0.0,0.0
Random Forest,random,467,0,9,3742,168,0.5095620779978322,0.5787234042553191,0.6114744935973986,0.0,0.0
Random Forest,random,467,0,10,3742,168,0.37019117004853413,0.4041666666666667,0.38701086101188337,0.18,0.2860927152317881
Random Forest,random,467,1,7,3742,184,0.6589042655594328,0.7049543315804041,0.6784221603906619,0.3908450704225352,0.561314791403287
Random Forest,random,467,1,8,3742,184,0.5624447451264031,0.7789115646258503,0.6749336941516837,0.0,0.0
Random Forest,random,467,1,9,3742,184,0.5355436946382873,0.6042553191489362,0.6426524335659447,0.0,0.0
Random Forest,random,467,1,10,3742,184,0.3880478925252846,0.4280555555555556,0.4022492808057708,0.2,0.31704095112285335
Random Forest,random,467,2,7,3742,173,0.6522450721083046,0.7016329919734293,0.6760938374639631,0.3767605633802817,0.5330012453300125
Random Forest,random,467,2,8,3742,173,0.5024974845377894,0.6292517006802721,0.5941080925564585,0.05555555555555555,0.044444444444444446
Random Forest,random,467,2,9,3742,173,0.5133983964932534,0.6021276595744681,0.616078075791904,0.0,0.0
Random Forest,random,467,2,10,3742,173,0.39105458451478553,0.4247222222222222,0.39779883475107597,0.22333333333333333,0.35733333333333334
Random Forest,random,467,3,7,3742,159,0.5990093457292246,0.6650982562967064,0.6599523560162106,0.17253521126760563,0.29429429429429427
Random Forest,random,467,3,8,3742,159,0.4848946354082428,0.7006802721088435,0.5818735624898913,0.0,0.0
Random Forest,random,467,3,9,3742,159,0.5147239134612095,0.574468085106383,0.6176686961534513,0.0,0.0
Random Forest,random,467,3,10,3742,159,0.38423051423487026,0.41888888888888887,0.39628411373512407,0.20166666666666666,0.32396251673360105
Random Forest,random,467,4,7,3742,179,0.6489404325251966,0.6969277608635484,0.6787285190302359,0.3397887323943662,0.5
Random Forest,random,467,4,8,3742,179,0.5068892510997774,0.7108843537414966,0.6082671013197329,0.0,0.0
Random Forest,random,467,4,9,3742,179,0.5368716728365851,0.6042553191489362,0.6442460074039021,0.0,0.0
Random Forest,random,467,4,10,3742,179,0.36674960344913954,0.40055555555555555,0.3747934016899878,0.2,0.32653061224489793
SVM,toluene,0,0,7,3275,79,0.6482798604335648,0.6844727373373928,0.7779358325202776,0.0,0.0
SVM,toluene,0,0,8,3275,79,0.543149985563094,0.5510204081632653,0.6517799826757128,0.0,0.0
SVM,toluene,0,0,9,3275,79,0.7235897224622257,0.7425531914893617,0.868307666954671,0.0,0.0
SVM,toluene,0,0,10,3275,79,0.43105745769353226,0.43083333333333335,0.5172689492322388,0.0,0.0
SVM,toluene,0,1,7,3275,79,0.6482798604335648,0.6844727373373928,0.7779358325202776,0.0,0.0
SVM,toluene,0,1,8,3275,79,0.543149985563094,0.5510204081632653,0.6517799826757128,0.0,0.0
SVM,toluene,0,1,9,3275,79,0.7235897224622257,0.7425531914893617,0.868307666954671,0.0,0.0
SVM,toluene,0,1,10,3275,79,0.43105745769353226,0.43083333333333335,0.5172689492322388,0.0,0.0
SVM,toluene,0,2,7,3275,79,0.6482798604335648,0.6844727373373928,0.7779358325202776,0.0,0.0
SVM,toluene,0,2,8,3275,79,0.543149985563094,0.5510204081632653,0.6517799826757128,0.0,0.0
SVM,toluene,0,2,9,3275,79,0.7235897224622257,0.7425531914893617,0.868307666954671,0.0,0.0
SVM,toluene,0,2,10,3275,79,0.43105745769353226,0.43083333333333335,0.5172689492322388,0.0,0.0
SVM,toluene,0,3,7,3275,79,0.6482798604335648,0.6844727373373928,0.7779358325202776,0.0,0.0
SVM,toluene,0,3,8,3275,79,0.543149985563094,0.5510204081632653,0.6517799826757128,0.0,0.0
SVM,toluene,0,3,9,3275,79,0.7235897224622257,0.7425531914893617,0.868307666954671,0.0,0.0
SVM,toluene,0,3,10,3275,79,0.43105745769353226,0.43083333333333335,0.5172689492322388,0.0,0.0
SVM,toluene,0,4,7,3275,79,0.6482798604335648,0.6844727373373928,0.7779358325202776,0.0,0.0
SVM,toluene,0,4,8,3275,79,0.543149985563094,0.5510204081632653,0.6517799826757128,0.0,0.0
SVM,toluene,0,4,9,3275,79,0.7235897224622257,0.7425531914893617,0.868307666954671,0.0,0.0
SVM,toluene,0,4,10,3275,79,0.43105745769353226,0.43083333333333335,0.5172689492322388,0.0,0.0
SVM,toluene,5,0,7,3280,84,0.6482798604335648,0.6844727373373928,0.7779358325202776,0.0,0.0
SVM,toluene,5,0,8,3280,84,0.543149985563094,0.5510204081632653,0.6517799826757128,0.0,0.0
SVM,toluene,5,0,9,3280,84,0.7231746511454425,0.7425531914893617,0.867809581374531,0.0,0.0
SVM,toluene,5,0,10,3280,84,0.43095224422446893,0.4305555555555556,0.5171426930693628,0.0,0.0
SVM,toluene,5,1,7,3280,84,0.6482798604335648,0.6844727373373928,0.7779358325202776,0.0,0.0
SVM,toluene,5,1,8,3280,84,0.543149985563094,0.5510204081632653,0.6517799826757128,0.0,0.0
SVM,toluene,5,1,9,3280,84,0.7235897224622257,0.7425531914893617,0.868307666954671,0.0,0.0
SVM,toluene,5,1,10,3280,84,0.4306170358504518,0.43027777777777776,0.5167404430205422,0.0,0.0
SVM,toluene,5,2,7,3280,84,0.6482798604335648,0.6844727373373928,0.7779358325202776,0.0,0.0
SVM,toluene,5,2,8,3280,84,0.543149985563094,0.5510204081632653,0.6517799826757128,0.0,0.0
SVM,toluene,5,2,9,3280,84,0.7235897224622257,0.7425531914893617,0.868307666954671,0.0,0.0
SVM,toluene,5,2,10,3280,84,0.43095224422446893,0.4305555555555556,0.5171426930693628,0.0,0.0
SVM,toluene,5,3,7,3280,84,0.6482798604335648,0.6844727373373928,0.7779358325202776,0.0,0.0
SVM,toluene,5,3,8,3280,84,0.543149985563094,0.5510204081632653,0.6517799826757128,0.0,0.0
SVM,toluene,5,3,9,3280,84,0.7235897224622257,0.7425531914893617,0.868307666954671,0.0,0.0
SVM,toluene,5,3,10,3280,84,0.4309329828119362,0.4305555555555556,0.5171195793743235,0.0,0.0
SVM,toluene,5,4,7,3280,84,0.6482798604335648,0.6844727373373928,0.7779358325202776,0.0,0.0
SVM,toluene,5,4,8,3280,84,0.543149985563094,0.5510204081632653,0.6517799826757128,0.0,0.0
SVM,toluene,5,4,9,3280,84,0.7235897224622257,0.7425531914893617,0.868307666954671,0.0,0.0
SVM,toluene,5,4,10,3280,84,0.43095224422446893,0.4305555555555556,0.5171426930693628,0.0,0.0
SVM,toluene,10,0,7,3285,89,0.6482798604335648,0.6844727373373928,0.7779358325202776,0.0,0.0
SVM,toluene,10,0,8,3285,89,0.543149985563094,0.5510204081632653,0.6517799826757128,0.0,0.0
SVM,toluene,10,0,9,3285,89,0.7231746511454425,0.7425531914893617,0.867809581374531,0.0,0.0
SVM,toluene,10,0,10,3285,89,0.43044027667203827,0.42944444444444446,0.5165283320064459,0.0,0.0
SVM,toluene,10,1,7,3285,89,0.6477258001348624,0.6839191807362303,0.7772709601618348,0.0,0.0
SVM,toluene,10,1,8,3285,89,0.543149985563094,0.5510204081632653,0.6517799826757128,0.0,0.0
SVM,toluene,10,1,9,3285,89,0.7231746511454425,0.7425531914893617,0.867809581374531,0.0,0.0
SVM,toluene,10,1,10,3285,89,0.4309862708332081,0.42944444444444446,0.5171835249998498,0.0,0.0
SVM,toluene,10,2,7,3285,89,0.6463333279791947,0.6825352892333241,0.7755999935750337,0.0,0.0
SVM,toluene,10,2,8,3285,89,0.543149985563094,0.5510204081632653,0.6517799826757128,0.0,0.0
SVM,toluene,10,2,9,3285,89,0.7231746511454425,0.7425531914893617,0.867809581374531,0.0,0.0
SVM,toluene,10,2,10,3285,89,0.43102077345697,0.42944444444444446,0.517224928148364,0.0,0.0
SVM,toluene,10,3,7,3285,89,0.640414710032981,0.6767229449211182,0.7684976520395772,0.0,0.0
SVM,toluene,10,3,8,3285,89,0.543149985563094,0.5510204081632653,0.6517799826757128,0.0,0.0
SVM,toluene,10,3,9,3285,89,0.7231746511454425,0.7425531914893617,0.867809581374531,0.0,0.0
SVM,toluene,10,3,10,3285,89,0.4308902456171584,0.4288888888888889,0.51706829474059,0.0,0.0
SVM,toluene,10,4,7,3285,89,0.6474481454636912,0.683642402435649,0.7769377745564295,0.0,0.0
SVM,toluene,10,4,8,3285,89,0.543149985563094,0.5510204081632653,0.6517799826757128,0.0,0.0
SVM,toluene,10,4,9,3285,89,0.7231746511454425,0.7425531914893617,0.867809581374531,0.0,0.0
SVM,toluene,10,4,10,3285,89,0.43089484567746045,0.42944444444444446,0.5170738148129526,0.0,0.0
SVM,toluene,25,0,7,3300,104,0.6802939110493987,0.6673124827013562,0.7236191292454376,0.5897887323943662,0.46366782006920415
SVM,toluene,25,0,8,3300,104,0.554902741025901,0.4421768707482993,0.6528398109702116,0.16666666666666666,0.06521739130434782
SVM,toluene,25,0,9,3300,104,0.6664105272421595,0.674468085106383,0.7996926326905915,0.0,0.0
SVM,toluene,25,0,10,3300,104,0.43259053271174647,0.41638888888888886,0.49502837169556735,0.09,0.12040133779264214
SVM,toluene,25,1,7,3300,104,0.6650017572157251,0.6526432327705508,0.7086660925622906,0.5862676056338029,0.44668008048289737
SVM,toluene,25,1,8,3300,104,0.5484576975879291,0.43537414965986393,0.6452460112990633,0.16666666666666666,0.06451612903225806
SVM,toluene,25,1,9,3300,104,0.6580491209389557,0.6659574468085107,0.7896589451267468,0.0,0.0
SVM,toluene,25,1,10,3300,104,0.43180676601761964,0.41583333333333333,0.4939922950453194,0.09166666666666666,0.12087912087912088
SVM,toluene,25,2,7,3300,104,0.6885305705586694,0.6747854968170496,0.7347671506202241,0.5616197183098591,0.45734767025089607
SVM,toluene,25,2,8,3300,104,0.5785175945070241,0.48639455782312924,0.6839647031520187,0.1111111111111111,0.05128205128205128
SVM,toluene,25,2,9,3300,104,0.696911852035487,0.7106382978723405,0.8362942224425843,0.0,0.0
SVM,toluene,25,2,10,3300,104,0.4308669354825607,0.41694444444444445,0.49801480053730957,0.06833333333333333,0.0951276102088167
SVM,toluene,25,3,7,3300,104,0.6747658661322408,0.6615001383891503,0.7210463499910724,0.5616197183098591,0.443363446838082
SVM,toluene,25,3,8,3300,104,0.5479480370295251,0.43537414965986393,0.6488419922615171,0.1111111111111111,0.043478260869565216
SVM,toluene,25,3,9,3300,104,0.6887366444282411,0.7,0.8264839733138893,0.0,0.0
SVM,toluene,25,3,10,3300,104,0.4317074727451334,0.4175,0.49702039586558866,0.07666666666666666,0.10514285714285715
SVM,toluene,25,4,7,3300,104,0.6824313186427434,0.6692499308054248,0.7279182910885138,0.5651408450704225,0.45499645641389086
SVM,toluene,25,4,8,3300,104,0.5541700296953636,0.4421768707482993,0.6562128268432275,0.1111111111111111,0.04395604395604396
SVM,toluene,25,4,9,3300,104,0.696911852035487,0.7106382978723405,0.8362942224425843,0.0,0.0
SVM,toluene,25,4,10,3300,104,0.43006521728202557,0.41694444444444445,0.4970084932965702,0.06833333333333333,0.09534883720930233
SVM,toluene,50,0,7,3325,129,0.626533810077938,0.6219208414060338,0.6645284855030265,0.6390845070422535,0.43656043295249547
SVM,toluene,50,0,8,3325,129,0.5197145215042954,0.41156462585034015,0.6046098067575354,0.2777777777777778,0.09523809523809523
SVM,toluene,50,0,9,3325,129,0.642218640649603,0.648936170212766,0.7706623687795235,0.0,0.0
SVM,toluene,50,0,10,3325,129,0.427641330617159,0.41194444444444445,0.486671174027657,0.105,0.13249211356466878
SVM,toluene,50,1,7,3325,129,0.632379227874035,0.6249654027124274,0.6736653549665899,0.6126760563380281,0.4259485924112607
SVM,toluene,50,1,8,3325,129,0.5391291500149961,0.43197278911564624,0.6265468167526891,0.2777777777777778,0.10204081632653061
SVM,toluene,50,1,9,3325,129,0.6447775632085255,0.6510638297872341,0.7737330758502307,0.0,0.0
SVM,toluene,50,1,10,3325,129,0.42988662923768106,0.41333333333333333,0.48914073133124064,0.105,0.13361611876988336
SVM,toluene,50,2,7,3325,129,0.6408094433457631,0.6324384168281206,0.6805529011307313,0.625,0.44209215442092153
SVM,toluene,50,2,8,3325,129,0.543026642051439,0.42857142857142855,0.6316319704617268,0.2777777777777778,0.1
SVM,toluene,50,2,9,3325,129,0.6447775632085255,0.6510638297872341,0.7737330758502307,0.0,0.0
SVM,toluene,50,2,10,3325,129,0.4278067206843879,0.41194444444444445,0.486729587019997,0.105,0.1331923890063425
SVM,toluene,50,3,7,3325,129,0.6440875339515296,0.6354829781345143,0.6834378784122197,0.6355633802816901,0.4473358116480793
SVM,toluene,50,3,8,3325,129,0.543026642051439,0.42857142857142855,0.6316319704617268,0.2777777777777778,0.1
SVM,toluene,50,3,9,3325,129,0.6447775632085255,0.6510638297872341,0.7737330758502307,0.0,0.0
SVM,toluene,50,3,10,3325,129,0.4298796704377857,0.4136111111111111,0.48837146076212934,0.10833333333333334,0.13742071881606766
SVM,toluene,50,4,7,3325,129,0.6465178309284502,0.6363133130362579,0.688488488138965,0.6038732394366197,0.43666454487587525
SVM,toluene,50,4,8,3325,129,0.5484082797093318,0.43197278911564624,0.6376817723858921,0.2777777777777778,0.10204081632653061
SVM,toluene,50,4,9,3325,129,0.6537535940761747,0.6617021276595745,0.7845043128914096,0.0,0.0
SVM,toluene,50,4,10,3325,129,0.4325647229974896,0.4166666666666667,0.49278456414871163,0.10166666666666667,0.1314655172413793
SVM,toluene,100,0,7,3375,179,0.627450079170332,0.6260725159147523,0.6600829521472555,0.7095070422535211,0.4642857142857143
SVM,toluene,100,0,8,3375,179,0.5506128496771376,0.4557823129251701,0.6336167755447686,0.4444444444444444,0.13559322033898305
SVM,toluene,100,0,9,3375,179,0.6430435224373786,0.648936170212766,0.7716522269248542,0.0,0.0
SVM,toluene,100,0,10,3375,179,0.42702097782626297,0.4102777777777778,0.47876180705488186,0.14166666666666666,0.16831683168316833
SVM,toluene,100,1,7,3375,179,0.6417798100434878,0.6418488790478827,0.6681041693433818,0.795774647887324,0.510158013544018
SVM,toluene,100,1,8,3375,179,0.5549094536050819,0.4421768707482993,0.6378211688875017,0.6666666666666666,0.14035087719298245
SVM,toluene,100,1,9,3375,179,0.6435128940427226,0.648936170212766,0.7722154728512671,0.0,0.0
SVM,toluene,100,1,10,3375,179,0.430417550318457,0.4097222222222222,0.47541796047551904,0.18333333333333332,0.20541549953314658
SVM,toluene,100,2,7,3375,179,0.6337752472345155,0.6327151951287019,0.6621619983131202,0.7429577464788732,0.49184149184149184
SVM,toluene,100,2,8,3375,179,0.6089242683322426,0.5952380952380952,0.6881559305093294,0.5555555555555556,0.2127659574468085
SVM,toluene,100,2,9,3375,179,0.6437990854247012,0.648936170212766,0.7725589025096415,0.0,0.0
SVM,toluene,100,2,10,3375,179,0.4261940231787691,0.4086111111111111,0.47786915555391085,0.14166666666666666,0.16781836130306022
SVM,toluene,100,3,7,3375,179,0.6144932377443421,0.618599501799059,0.646167616604153,0.7411971830985915,0.4561213434452871
SVM,toluene,100,3,8,3375,179,0.6018043459616605,0.5238095238095238,0.6846652151539926,0.5,0.1875
SVM,toluene,100,3,9,3375,179,0.6434196755625328,0.648936170212766,0.7721036106750393,0.0,0.0
SVM,toluene,100,3,10,3375,179,0.4281458298529432,0.4102777777777778,0.47943353240889763,0.14666666666666667,0.17170731707317075
SVM,toluene,100,4,7,3375,179,0.6425145706607329,0.6371436479380017,0.6762616077585214,0.6919014084507042,0.47377938517179025
SVM,toluene,100,4,8,3375,179,0.5568748287301093,0.445578231292517,0.6402497944761312,0.3888888888888889,0.14
SVM,toluene,100,4,9,3375,179,0.6447775632085255,0.6510638297872341,0.7737330758502307,0.0,0.0
SVM,toluene,100,4,10,3375,179,0.43161352263745095,0.4147222222222222,0.48587045121427314,0.13,0.16032887975334018
SVM,toluene,200,0,7,3475,279,0.6557968070299106,0.6642679213949626,0.6685492793077981,0.9683098591549296,0.5920344456404736
SVM,toluene,200,0,8,3475,279,0.5749872115877644,0.46598639455782315,0.6518894158100792,0.8888888888888888,0.19047619047619047
SVM,toluene,200,0,9,3475,279,0.6410256046790272,0.6340425531914894,0.764468820852928,0.019801980198019802,0.023809523809523808
SVM,toluene,200,0,10,3475,279,0.4415382411173441,0.41833333333333333,0.4758560760980285,0.265,0.2699490662139219
SVM,toluene,200,1,7,3475,279,0.65315925600004,0.6634375864932189,0.6653576868345127,0.9982394366197183,0.5921671018276763
SVM,toluene,200,1,8,3475,279,0.5433689472495443,0.4387755102040816,0.6142649589216754,0.9444444444444444,0.18888888888888888
SVM,toluene,200,1,9,3475,279,0.6479858756325892,0.6382978723404256,0.7639466871227435,0.0594059405940594,0.06818181818181818
SVM,toluene,200,1,10,3475,279,0.4438601753807276,0.42055555555555557,0.47310465140175495,0.315,0.29763779527559053
SVM,toluene,200,2,7,3475,279,0.6547601053061648,0.6598394685856629,0.6697955511753011,0.9295774647887324,0.579582875960483
SVM,toluene,200,2,8,3475,279,0.5764433457852971,0.46598639455782315,0.6540849561188271,0.8888888888888888,0.18823529411764706
SVM,toluene,200,2,9,3475,279,0.6382285402083538,0.6340425531914894,0.7658742482500246,0.0,0.0
SVM,toluene,200,2,10,3475,279,0.4354341024156803,0.4136111111111111,0.47459140748031425,0.22666666666666666,0.239647577092511
SVM,toluene,200,3,7,3475,279,0.6329881457956313,0.6471076667589261,0.6498020468394126,0.9383802816901409,0.548918640576725
SVM,toluene,200,3,8,3475,279,0.5781576214217373,0.45918367346938777,0.6578340895263095,0.8888888888888888,0.1797752808988764
SVM,toluene,200,3,9,3475,279,0.6378427020495664,0.6361702127659574,0.7629421066570105,0.009900990099009901,0.012345679012345678
SVM,toluene,200,3,10,3475,279,0.4345388492694164,0.4122222222222222,0.47420252463511064,0.225,0.23622047244094488
SVM,toluene,200,4,7,3475,279,0.6724307390074769,0.6745087185164683,0.6873155579053177,0.9507042253521126,0.5980066445182725
SVM,toluene,200,4,8,3475,279,0.5772108992364539,0.45918367346938777,0.6556588594305655,0.8888888888888888,0.18497109826589594
SVM,toluene,200,4,9,3475,279,0.6412658036816044,0.6340425531914894,0.7671093258637083,0.009900990099009901,0.012048192771084338
SVM,toluene,200,4,10,3475,279,0.4431600925708952,0.42027777777777775,0.4782734316758649,0.25666666666666665,0.2675933970460469
SVM,toluene,467,0,7,3742,546,0.6574216511040544,0.6598394685856629,0.6829852354041194,1.0,0.5296037296037296
SVM,toluene,467,0,8,3742,546,0.5426884259156654,0.4421768707482993,0.6121456513286835,0.9444444444444444,0.19540229885057472
SVM,toluene,467,0,9,3742,546,0.700701445944694,0.6914893617021277,0.778096637094417,0.31683168316831684,0.3137254901960784
SVM,toluene,467,0,10,3742,546,0.4804583519594807,0.47444444444444445,0.48724332434902673,0.6333333333333333,0.44653349001175086
SVM,toluene,467,1,7,3742,546,0.6574216511040544,0.6598394685856629,0.6829852354041194,1.0,0.5296037296037296
SVM,toluene,467,1,8,3742,546,0.5426884259156654,0.4421768707482993,0.6121456513286835,0.9444444444444444,0.19540229885057472
SVM,toluene,467,1,9,3742,546,0.700701445944694,0.6914893617021277,0.778096637094417,0.31683168316831684,0.3137254901960784
SVM,toluene,467,1,10,3742,546,0.4804583519594807,0.47444444444444445,0.48724332434902673,0.6333333333333333,0.44653349001175086
SVM,toluene,467,2,7,3742,546,0.6574216511040544,0.6598394685856629,0.6829852354041194,1.0,0.5296037296037296
SVM,toluene,467,2,8,3742,546,0.5426884259156654,0.4421768707482993,0.6121456513286835,0.9444444444444444,0.19540229885057472
SVM,toluene,467,2,9,3742,546,0.700701445944694,0.6914893617021277,0.778096637094417,0.31683168316831684,0.3137254901960784
SVM,toluene,467,2,10,3742,546,0.4804583519594807,0.47444444444444445,0.48724332434902673,0.6333333333333333,0.44653349001175086
SVM,toluene,467,3,7,3742,546,0.6574216511040544,0.6598394685856629,0.6829852354041194,1.0,0.5296037296037296
SVM,toluene,467,3,8,3742,546,0.5426884259156654,0.4421768707482993,0.6121456513286835,0.9444444444444444,0.19540229885057472
SVM,toluene,467,3,9,3742,546,0.700701445944694,0.6914893617021277,0.778096637094417,0.31683168316831684,0.3137254901960784
SVM,toluene,467,3,10,3742,546,0.4804583519594807,0.47444444444444445,0.48724332434902673,0.6333333333333333,0.44653349001175086
SVM,toluene,467,4,7,3742,546,0.6574216511040544,0.6598394685856629,0.6829852354041194,1.0,0.5296037296037296
SVM,toluene,467,4,8,3742,546,0.5426884259156654,0.4421768707482993,0.6121456513286835,0.9444444444444444,0.19540229885057472
SVM,toluene,467,4,9,3742,546,0.700701445944694,0.6914893617021277,0.778096637094417,0.31683168316831684,0.3137254901960784
SVM,toluene,467,4,10,3742,546,0.4804583519594807,0.47444444444444445,0.48724332434902673,0.6333333333333333,0.44653349001175086
SVM,random,0,0,7,3275,79,0.6482798604335648,0.6844727373373928,0.7779358325202776,0.0,0.0
SVM,random,0,0,8,3275,79,0.543149985563094,0.5510204081632653,0.6517799826757128,0.0,0.0
SVM,random,0,0,9,3275,79,0.7235897224622257,0.7425531914893617,0.868307666954671,0.0,0.0
SVM,random,0,0,10,3275,79,0.43105745769353226,0.43083333333333335,0.5172689492322388,0.0,0.0
SVM,random,0,1,7,3275,79,0.6482798604335648,0.6844727373373928,0.7779358325202776,0.0,0.0
SVM,random,0,1,8,3275,79,0.543149985563094,0.5510204081632653,0.6517799826757128,0.0,0.0
SVM,random,0,1,9,3275,79,0.7235897224622257,0.7425531914893617,0.868307666954671,0.0,0.0
SVM,random,0,1,10,3275,79,0.43105745769353226,0.43083333333333335,0.5172689492322388,0.0,0.0
SVM,random,0,2,7,3275,79,0.6482798604335648,0.6844727373373928,0.7779358325202776,0.0,0.0
SVM,random,0,2,8,3275,79,0.543149985563094,0.5510204081632653,0.6517799826757128,0.0,0.0
SVM,random,0,2,9,3275,79,0.7235897224622257,0.7425531914893617,0.868307666954671,0.0,0.0
SVM,random,0,2,10,3275,79,0.43105745769353226,0.43083333333333335,0.5172689492322388,0.0,0.0
SVM,random,0,3,7,3275,79,0.6482798604335648,0.6844727373373928,0.7779358325202776,0.0,0.0
SVM,random,0,3,8,3275,79,0.543149985563094,0.5510204081632653,0.6517799826757128,0.0,0.0
SVM,random,0,3,9,3275,79,0.7235897224622257,0.7425531914893617,0.868307666954671,0.0,0.0
SVM,random,0,3,10,3275,79,0.43105745769353226,0.43083333333333335,0.5172689492322388,0.0,0.0
SVM,random,0,4,7,3275,79,0.6482798604335648,0.6844727373373928,0.7779358325202776,0.0,0.0
SVM,random,0,4,8,3275,79,0.543149985563094,0.5510204081632653,0.6517799826757128,0.0,0.0
SVM,random,0,4,9,3275,79,0.7235897224622257,0.7425531914893617,0.868307666954671,0.0,0.0
SVM,random,0,4,10,3275,79,0.43105745769353226,0.43083333333333335,0.5172689492322388,0.0,0.0
SVM,random,5,0,7,3280,79,0.679420487140639,0.7201771381123719,0.8153045845687668,0.0,0.0
SVM,random,5,0,8,3280,79,0.5552230434256129,0.564625850340136,0.6662676521107355,0.0,0.0
SVM,random,5,0,9,3280,79,0.7224324076439798,0.7404255319148936,0.8669188891727757,0.0,0.0
SVM,random,5,0,10,3280,79,0.43177067118182033,0.43194444444444446,0.5181248054181844,0.0,0.0
SVM,random,5,1,7,3280,80,0.6738948719040306,0.7138112371990036,0.8086738462848369,0.0,0.0
SVM,random,5,1,8,3280,80,0.5534310596448803,0.564625850340136,0.6641172715738562,0.0,0.0
SVM,random,5,1,9,3280,80,0.7221910070495073,0.7425531914893617,0.8666292084594088,0.0,0.0
SVM,random,5,1,10,3280,80,0.4325666554877922,0.43277777777777776,0.5190799865853506,0.0,0.0
SVM,random,5,2,7,3280,80,0.6447883682263326,0.6828120675339053,0.7737460418715991,0.0,0.0
SVM,random,5,2,8,3280,80,0.5413311689128185,0.5476190476190477,0.6495974026953822,0.0,0.0
SVM,random,5,2,9,3280,80,0.7247538236524679,0.7425531914893617,0.8697045883829615,0.0,0.0
SVM,random,5,2,10,3280,80,0.4299850723677452,0.43277777777777776,0.5159820868412942,0.0,0.0
SVM,random,5,3,7,3280,79,0.6560042812385222,0.6933296429559922,0.7872051374862267,0.0,0.0
SVM,random,5,3,8,3280,79,0.5482944728901668,0.5578231292517006,0.6579533674682001,0.0,0.0
SVM,random,5,3,9,3280,79,0.7221841028546344,0.7425531914893617,0.8666209234255613,0.0,0.0
SVM,random,5,3,10,3280,79,0.4305671664904153,0.43166666666666664,0.5166805997884983,0.0,0.0
SVM,random,5,4,7,3280,81,0.6500764049663774,0.6864101854414614,0.780091685959653,0.0,0.0
SVM,random,5,4,8,3280,81,0.5467631386692597,0.5578231292517006,0.6561157664031116,0.0,0.0
SVM,random,5,4,9,3280,81,0.7249177041806195,0.7446808510638298,0.8699012450167434,0.0,0.0
SVM,random,5,4,10,3280,81,0.4310868749767139,0.4311111111111111,0.5173042499720567,0.0,0.0
SVM,random,10,0,7,3285,80,0.6774262445317553,0.7187932466094659,0.8129114934381063,0.0,0.0
SVM,random,10,0,8,3285,80,0.5599535751344235,0.5714285714285714,0.6719442901613081,0.0,0.0
SVM,random,10,0,9,3285,80,0.7204881787661183,0.7382978723404255,0.8645858145193419,0.0,0.0
SVM,random,10,0,10,3285,80,0.430168839049891,0.43166666666666664,0.5162026068598692,0.0,0.0
SVM,random,10,1,7,3285,81,0.6738015581086989,0.7135344588984224,0.8085618697304386,0.0,0.0
SVM,random,10,1,8,3285,81,0.549910624153577,0.5578231292517006,0.6598927489842924,0.0,0.0
SVM,random,10,1,9,3285,81,0.7220035611077882,0.7404255319148936,0.8664042733293458,0.0,0.0
SVM,random,10,1,10,3285,81,0.43177853907721137,0.43416666666666665,0.5181342468926536,0.0,0.0
SVM,random,10,2,7,3285,81,0.681311976777903,0.7215610296152781,0.8175743721334836,0.0,0.0
SVM,random,10,2,8,3285,81,0.5413311689128185,0.5476190476190477,0.6495974026953822,0.0,0.0
SVM,random,10,2,9,3285,81,0.7247538236524679,0.7425531914893617,0.8697045883829615,0.0,0.0
SVM,random,10,2,10,3285,81,0.4298283370275251,0.43277777777777776,0.5157940044330301,0.0,0.0
SVM,random,10,3,7,3285,81,0.6732638144073012,0.7138112371990036,0.8079165772887615,0.0,0.0
SVM,random,10,3,8,3285,81,0.5680872043136541,0.5850340136054422,0.6817046451763848,0.0,0.0
SVM,random,10,3,9,3285,81,0.7163248734213793,0.7382978723404255,0.8595898481056551,0.0,0.0
SVM,random,10,3,10,3285,81,0.430438562993269,0.43166666666666664,0.5165262755919228,0.0,0.0
SVM,random,10,4,7,3285,83,0.6552044420556901,0.6933296429559922,0.786245330466828,0.0,0.0
SVM,random,10,4,8,3285,83,0.5467631386692597,0.5578231292517006,0.6561157664031116,0.0,0.0
SVM,random,10,4,9,3285,83,0.7244978721651686,0.7446808510638298,0.8693974465982024,0.0,0.0
SVM,random,10,4,10,3285,83,0.4313748559171595,0.43194444444444446,0.5176498271005914,0.0,0.0
SVM,random,25,0,7,3300,82,0.6950427486497538,0.7409355106559645,0.8340512983797046,0.0,0.0
SVM,random,25,0,8,3300,82,0.57443431782711,0.5918367346938775,0.689321181392532,0.0,0.0
SVM,random,25,0,9,3300,82,0.7174585884527965,0.7340425531914894,0.8609503061433559,0.0,0.0
SVM,random,25,0,10,3300,82,0.43104690538938417,0.43527777777777776,0.517256286467261,0.0,0.0
SVM,random,25,1,7,3300,82,0.7013762367628346,0.7520066426792139,0.8416514841154015,0.0,0.0
SVM,random,25,1,8,3300,82,0.6107639775017174,0.6326530612244898,0.7329167730020608,0.0,0.0
SVM,random,25,1,9,3300,82,0.7150133445014527,0.7340425531914894,0.8580160134017433,0.0,0.0
SVM,random,25,1,10,3300,82,0.4311118810756929,0.4363888888888889,0.5173342572908315,0.0,0.0
SVM,random,25,2,7,3300,83,0.6980327550788551,0.7450871851646831,0.8376393060946261,0.0,0.0
SVM,random,25,2,8,3300,83,0.5777742744809585,0.5952380952380952,0.6933291293771502,0.0,0.0
SVM,random,25,2,9,3300,83,0.7204881787661183,0.7382978723404255,0.8645858145193419,0.0,0.0
SVM,random,25,2,10,3300,83,0.4328875792468012,0.43833333333333335,0.5194650950961615,0.0,0.0
SVM,random,25,3,7,3300,84,0.6951124297002521,0.7420426238582896,0.8341349156403025,0.0,0.0
SVM,random,25,3,8,3300,84,0.589530652645284,0.6122448979591837,0.7074367831743408,0.0,0.0
SVM,random,25,3,9,3300,84,0.7156127002015101,0.7382978723404255,0.8587352402418121,0.0,0.0
SVM,random,25,3,10,3300,84,0.44154908820284167,0.45111111111111113,0.52985890584341,0.0,0.0
SVM,random,25,4,7,3300,83,0.6696982376337086,0.7088292277885414,0.8036378851604503,0.0,0.0
SVM,random,25,4,8,3300,83,0.5467631386692597,0.5578231292517006,0.6561157664031116,0.0,0.0
SVM,random,25,4,9,3300,83,0.7221841028546344,0.7425531914893617,0.8666209234255613,0.0,0.0
SVM,random,25,4,10,3300,83,0.431694291738381,0.43666666666666665,0.5180331500860571,0.0,0.0
SVM,random,50,0,7,3325,86,0.698266393310329,0.7464710766675893,0.8379196719723948,0.0,0.0
SVM,random,50,0,8,3325,86,0.5912399599568487,0.6122448979591837,0.7094879519482185,0.0,0.0
SVM,random,50,0,9,3325,86,0.7185959470765401,0.7382978723404255,0.8623151364918481,0.0,0.0
SVM,random,50,0,10,3325,86,0.43463695681157694,0.4438888888888889,0.5215643481738923,0.0,0.0
SVM,random,50,1,7,3325,90,0.6827640800373987,0.73318571823969,0.8193168960448786,0.0,0.0
SVM,random,50,1,8,3325,90,0.6182082154573516,0.6394557823129252,0.7418498585488219,0.0,0.0
SVM,random,50,1,9,3325,90,0.7140590957124348,0.7340425531914894,0.8568709148549217,0.0,0.0
SVM,random,50,1,10,3325,90,0.43188393926387253,0.44083333333333335,0.5182607271166471,0.0,0.0
SVM,random,50,2,7,3325,88,0.6913249332216423,0.7412122889565458,0.8295899198659707,0.0,0.0
SVM,random,50,2,8,3325,88,0.6165279362485753,0.6428571428571429,0.7398335234982903,0.0,0.0
SVM,random,50,2,9,3325,88,0.7135126803148024,0.7361702127659574,0.8562152163777629,0.0,0.0
SVM,random,50,2,10,3325,88,0.4345325410298156,0.44416666666666665,0.5214390492357788,0.0,0.0
SVM,random,50,3,7,3325,86,0.6937533051990701,0.7437032936617769,0.8325039662388841,0.0,0.0
SVM,random,50,3,8,3325,86,0.6165236592368554,0.6462585034013606,0.7398283910842265,0.0,0.0
SVM,random,50,3,9,3325,86,0.7157030861231441,0.7382978723404255,0.8588437033477729,0.0,0.0
SVM,random,50,3,10,3325,86,0.4352036335702522,0.44555555555555554,0.5222443602843027,0.0,0.0
SVM,random,50,4,7,3325,91,0.6932094732997891,0.7387212842513147,0.8318513679597469,0.0,0.0
SVM,random,50,4,8,3325,91,0.5707306141234062,0.5884353741496599,0.6848767369480875,0.0,0.0
SVM,random,50,4,9,3325,91,0.7160648037677548,0.7361702127659574,0.8592777645213058,0.0,0.0
SVM,random,50,4,10,3325,91,0.43328243219558077,0.44277777777777777,0.5199389186346969,0.0,0.0
SVM,random,100,0,7,3375,95,0.6909834680802206,0.7412122889565458,0.8291801616962647,0.0,0.0
SVM,random,100,0,8,3375,95,0.6191923491830038,0.6632653061224489,0.7430308190196045,0.0,0.0
SVM,random,100,0,9,3375,95,0.7128913807109366,0.7361702127659574,0.8554696568531239,0.0,0.0
SVM,random,100,0,10,3375,95,0.43828146338386764,0.4508333333333333,0.5259377560606412,0.0,0.0
SVM,random,100,1,7,3375,105,0.7822898729049145,0.7774702463326875,0.8017740135837357,0.5299295774647887,0.6848691695108078
SVM,random,100,1,8,3375,105,0.6922279445654197,0.6632653061224489,0.7537504565554267,0.2777777777777778,0.38461538461538464
SVM,random,100,1,9,3375,105,0.7036812982992805,0.7276595744680852,0.8444175579591366,0.0,0.0
SVM,random,100,1,10,3375,105,0.4526502976640896,0.4463888888888889,0.5149908067716341,0.09666666666666666,0.14094775212636695
SVM,random,100,2,7,3375,97,0.6764419782804362,0.7273733739274841,0.8117303739365234,0.0,0.0
SVM,random,100,2,8,3375,97,0.6703885312660324,0.7551020408163265,0.8044662375192388,0.0,0.0
SVM,random,100,2,9,3375,97,0.7049616357709731,0.7297872340425532,0.8459539629251678,0.0,0.0
SVM,random,100,2,10,3375,97,0.43234739397714544,0.4438888888888889,0.5188168727725746,0.0,0.0
SVM,random,100,3,7,3375,99,0.6773950191673855,0.7279269305286465,0.8128740230008626,0.0,0.0
SVM,random,100,3,8,3375,99,0.6718283957089928,0.7517006802721088,0.8061940748507913,0.0,0.0
SVM,random,100,3,9,3375,99,0.7108028915192364,0.7361702127659574,0.8529634698230837,0.0,0.0
SVM,random,100,3,10,3375,99,0.4376094286269903,0.45055555555555554,0.5251313143523884,0.0,0.0
SVM,random,100,4,7,3375,104,0.7820102910869481,0.7694436756158317,0.8192022954443736,0.5845070422535211,0.5960502692998204
SVM,random,100,4,8,3375,104,0.6227257954493194,0.5850340136054422,0.7237415427744773,0.16666666666666666,0.11764705882352941
SVM,random,100,4,9,3375,104,0.6952719086796999,0.7127659574468085,0.8343262904156399,0.0,0.0
SVM,random,100,4,10,3375,104,0.43814587533711813,0.4444444444444444,0.5031983632879774,0.07666666666666666,0.11288343558282209
SVM,random,200,0,7,3475,116,0.8105067603413634,0.8023802933849986,0.835365984288029,0.5563380281690141,0.6862106406080347
SVM,random,200,0,8,3475,116,0.7561156586263619,0.8605442176870748,0.8593387903516343,0.16666666666666666,0.24
SVM,random,200,0,9,3475,116,0.6968810705806173,0.7170212765957447,0.8362572846967409,0.0,0.0
SVM,random,200,0,10,3475,116,0.44658573978342253,0.44416666666666665,0.5117519443438806,0.08,0.12075471698113208
SVM,random,200,1,7,3475,130,0.7617555571237493,0.7699972322169942,0.7715159949733696,0.6056338028169014,0.7129533678756477
SVM,random,200,1,8,3475,130,0.7682731199841943,0.8503401360544217,0.8552610773143666,0.2777777777777778,0.3333333333333333
SVM,random,200,1,9,3475,130,0.6331058465220359,0.6617021276595745,0.7597270158264432,0.0,0.0
SVM,random,200,1,10,3475,130,0.44786700868087764,0.46694444444444444,0.5069597539106054,0.10833333333333334,0.15240328253223914
SVM,random,200,2,7,3475,122,0.8050174538322294,0.7971215056739551,0.8227836940443517,0.5686619718309859,0.7161862527716186
SVM,random,200,2,8,3475,122,0.7610388125056163,0.8537414965986394,0.8580741612136362,0.2222222222222222,0.27586206896551724
SVM,random,200,2,9,3475,122,0.6964341602944266,0.7170212765957447,0.835720992353312,0.0,0.0
SVM,random,200,2,10,3475,122,0.4560532998159386,0.45055555555555554,0.5150458680814808,0.10833333333333334,0.161090458488228
SVM,random,200,3,7,3475,110,0.7836802809085087,0.7841129255466371,0.8086516312078574,0.49295774647887325,0.6588235294117647
SVM,random,200,3,8,3475,110,0.7642879984928276,0.8673469387755102,0.8671455981913931,0.16666666666666666,0.25
SVM,random,200,3,9,3475,110,0.6929882377396229,0.7212765957446808,0.8315858852875475,0.0,0.0
SVM,random,200,3,10,3475,110,0.4503081067961112,0.46694444444444444,0.5166583879491479,0.07666666666666666,0.11855670103092783
SVM,random,200,4,7,3475,128,0.783578405466752,0.7785773595350125,0.8121087583747741,0.5845070422535211,0.640926640926641
SVM,random,200,4,8,3475,128,0.7551219163960802,0.8401360544217688,0.8604320139610104,0.2222222222222222,0.22857142857142856
SVM,random,200,4,9,3475,128,0.6533036631272111,0.6702127659574468,0.7839643957526533,0.0,0.0
SVM,random,200,4,10,3475,128,0.4500560816262022,0.44666666666666666,0.5087505719727949,0.11,0.15658362989323843
SVM,random,467,0,7,3742,168,0.8073804774877531,0.8068087461942983,0.8227843861487857,0.6056338028169014,0.7303609341825902
SVM,random,467,0,8,3742,168,0.7868871361690446,0.8673469387755102,0.8752990461614741,0.2777777777777778,0.3448275862068966
SVM,random,467,0,9,3742,168,0.6661739090575725,0.6851063829787234,0.799408690869087,0.0,0.0
SVM,random,467,0,10,3742,168,0.4700790955550271,0.49777777777777776,0.5230937227709193,0.14333333333333334,0.20500595947556616
SVM,random,467,1,7,3742,184,0.789156786545731,0.7938001660669803,0.7972601786753342,0.6056338028169014,0.7486398258977149
SVM,random,467,1,8,3742,184,0.7873277397797653,0.8707482993197279,0.8781266210690518,0.2777777777777778,0.3333333333333333
SVM,random,467,1,9,3742,184,0.657273048899729,0.6851063829787234,0.7887276586796749,0.0,0.0
SVM,random,467,1,10,3742,184,0.465906659625096,0.5066666666666667,0.512934145396269,0.16,0.23076923076923078
SVM,random,467,2,7,3742,173,0.7926207492673069,0.7915859396623305,0.8087945665265333,0.5651408450704225,0.7117516629711752
SVM,random,467,2,8,3742,173,0.7773979597531331,0.8741496598639455,0.8713390901652982,0.2222222222222222,0.3076923076923077
SVM,random,467,2,9,3742,173,0.6984174307007004,0.723404255319149,0.8381009168408404,0.0,0.0
SVM,random,467,2,10,3742,173,0.4662746116832417,0.5,0.5225590590519824,0.12,0.18485237483953787
SVM,random,467,3,7,3742,159,0.7941756554087759,0.7973982839745364,0.8083580852777417,0.5774647887323944,0.7232635060639471
SVM,random,467,3,8,3742,159,0.7888911707136964,0.8707482993197279,0.8777038876150562,0.2777777777777778,0.3448275862068966
SVM,random,467,3,9,3742,159,0.6570846954134314,0.6808510638297872,0.7885016344961178,0.0,0.0
SVM,random,467,3,10,3742,159,0.46531738615662727,0.49944444444444447,0.5138311003547773,0.15666666666666668,0.22274881516587677
SVM,random,467,4,7,3742,179,0.8048838781443642,0.8034874065873235,0.819424368676045,0.596830985915493,0.7321814254859611
SVM,random,467,4,8,3742,179,0.789628750098613,0.8707482993197279,0.8850545001183356,0.2777777777777778,0.3125
SVM,random,467,4,9,3742,179,0.6475721336062001,0.674468085106383,0.7770865603274402,0.0,0.0
SVM,random,467,4,10,3742,179,0.4633555663211097,0.48444444444444446,0.5196194939565891,0.12666666666666668,0.18203592814371258
kNN,toluene,0,0,7,3275,79,0.5905295713553597,0.6205369499031276,0.7086354856264315,0.0,0.0
kNN,toluene,0,0,8,3275,79,0.4635570143626002,0.4489795918367347,0.5562684172351202,0.0,0.0
kNN,toluene,0,0,9,3275,79,0.5793572352540337,0.6212765957446809,0.6952286823048405,0.0,0.0
kNN,toluene,0,0,10,3275,79,0.4890099430684122,0.49944444444444447,0.5868119316820947,0.0,0.0
kNN,toluene,0,1,7,3275,79,0.5905295713553597,0.6205369499031276,0.7086354856264315,0.0,0.0
kNN,toluene,0,1,8,3275,79,0.4635570143626002,0.4489795918367347,0.5562684172351202,0.0,0.0
kNN,toluene,0,1,9,3275,79,0.5793572352540337,0.6212765957446809,0.6952286823048405,0.0,0.0
kNN,toluene,0,1,10,3275,79,0.4890099430684122,0.49944444444444447,0.5868119316820947,0.0,0.0
kNN,toluene,0,2,7,3275,79,0.5905295713553597,0.6205369499031276,0.7086354856264315,0.0,0.0
kNN,toluene,0,2,8,3275,79,0.4635570143626002,0.4489795918367347,0.5562684172351202,0.0,0.0
kNN,toluene,0,2,9,3275,79,0.5793572352540337,0.6212765957446809,0.6952286823048405,0.0,0.0
kNN,toluene,0,2,10,3275,79,0.4890099430684122,0.49944444444444447,0.5868119316820947,0.0,0.0
kNN,toluene,0,3,7,3275,79,0.5905295713553597,0.6205369499031276,0.7086354856264315,0.0,0.0
kNN,toluene,0,3,8,3275,79,0.4635570143626002,0.4489795918367347,0.5562684172351202,0.0,0.0
kNN,toluene,0,3,9,3275,79,0.5793572352540337,0.6212765957446809,0.6952286823048405,0.0,0.0
kNN,toluene,0,3,10,3275,79,0.4890099430684122,0.49944444444444447,0.5868119316820947,0.0,0.0
kNN,toluene,0,4,7,3275,79,0.5905295713553597,0.6205369499031276,0.7086354856264315,0.0,0.0
kNN,toluene,0,4,8,3275,79,0.4635570143626002,0.4489795918367347,0.5562684172351202,0.0,0.0
kNN,toluene,0,4,9,3275,79,0.5793572352540337,0.6212765957446809,0.6952286823048405,0.0,0.0
kNN,toluene,0,4,10,3275,79,0.4890099430684122,0.49944444444444447,0.5868119316820947,0.0,0.0
kNN,toluene,5,0,7,3280,84,0.6321294101753325,0.62330473290894,0.6810705051921435,0.3362676056338028,0.38742393509127787
kNN,toluene,5,0,8,3280,84,0.4843937955679942,0.40476190476190477,0.5812725546815931,0.0,0.0
kNN,toluene,5,0,9,3280,84,0.439856510976065,0.44042553191489364,0.5278278131712779,0.0,0.0
kNN,toluene,5,0,10,3280,84,0.5049763649361295,0.49694444444444447,0.5798731026370705,0.08166666666666667,0.13049267643142476
kNN,toluene,5,1,7,3280,84,0.6193426189166773,0.6050373650705785,0.6684143947325331,0.3644366197183099,0.37398373983739835
kNN,toluene,5,1,8,3280,84,0.4803238982285784,0.391156462585034,0.576388677874294,0.0,0.0
kNN,toluene,5,1,9,3280,84,0.4452698761237895,0.44680851063829785,0.5343238513485474,0.0,0.0
kNN,toluene,5,1,10,3280,84,0.5040816163742085,0.4955555555555556,0.5754629856411657,0.09333333333333334,0.1471747700394218
kNN,toluene,5,2,7,3280,84,0.6253483421641078,0.6136174923885968,0.675033395212314,0.34507042253521125,0.3769230769230769
kNN,toluene,5,2,8,3280,84,0.47756123640612147,0.3945578231292517,0.5730734836873458,0.0,0.0
kNN,toluene,5,2,9,3280,84,0.4410106246799795,0.4425531914893617,0.5292127496159754,0.0,0.0
kNN,toluene,5,2,10,3280,84,0.5046248145555119,0.4963888888888889,0.5799155985614073,0.08,0.12817089452603472
kNN,toluene,5,3,7,3280,84,0.624106546547116,0.6114032659839469,0.6734561577433316,0.352112676056338,0.37735849056603776
kNN,toluene,5,3,8,3280,84,0.4793962153274609,0.3979591836734694,0.5752754583929531,0.0,0.0
kNN,toluene,5,3,9,3280,84,0.4421556149554046,0.44468085106382976,0.5305867379464855,0.0,0.0
kNN,toluene,5,3,10,3280,84,0.5050317420858333,0.49722222222222223,0.5776958445136953,0.08833333333333333,0.14171122994652408
kNN,toluene,5,4,7,3280,84,0.6301409133500974,0.6199833933019652,0.6770860014642429,0.3644366197183099,0.3954154727793696
kNN,toluene,5,4,8,3280,84,0.4853842908719881,0.4013605442176871,0.5824611490463857,0.0,0.0
kNN,toluene,5,4,9,3280,84,0.439856510976065,0.44042553191489364,0.5278278131712779,0.0,0.0
kNN,toluene,5,4,10,3280,84,0.5043486942588556,0.49666666666666665,0.5774850997772935,0.08666666666666667,0.13866666666666666
kNN,toluene,10,0,7,3285,89,0.6212279368089634,0.6075283697758096,0.6681254578724134,0.36971830985915494,0.3867403314917127
kNN,toluene,10,0,8,3285,89,0.48364555346336907,0.3979591836734694,0.5803746641560429,0.0,0.0
kNN,toluene,10,0,9,3285,89,0.439856510976065,0.44042553191489364,0.5278278131712779,0.0,0.0
kNN,toluene,10,0,10,3285,89,0.5104507081222013,0.5,0.5802070818196533,0.10333333333333333,0.16166883963494133
kNN,toluene,10,1,7,3285,89,0.6177408882404029,0.6030999169665098,0.6658645797401366,0.3714788732394366,0.3771224307417337
kNN,toluene,10,1,8,3285,89,0.4800128606071546,0.3843537414965986,0.5760154327285856,0.0,0.0
kNN,toluene,10,1,9,3285,89,0.4421556149554046,0.44468085106382976,0.5305867379464855,0.0,0.0
kNN,toluene,10,1,10,3285,89,0.5068265616342579,0.4963888888888889,0.5772241320256255,0.1,0.15483870967741936
kNN,toluene,10,2,7,3285,89,0.6237683897651289,0.6105729310822031,0.6705808912475665,0.3732394366197183,0.3897058823529412
kNN,toluene,10,2,8,3285,89,0.4840627972959802,0.3945578231292517,0.5808753567551762,0.0,0.0
kNN,toluene,10,2,9,3285,89,0.4386931643625192,0.43829787234042555,0.5264317972350231,0.0,0.0
kNN,toluene,10,2,10,3285,89,0.5079612593032748,0.49777777777777776,0.5791472202071801,0.09666666666666666,0.15203145478374835
kNN,toluene,10,3,7,3285,89,0.6310445309292712,0.6194298367008026,0.6692534371151254,0.4841549295774648,0.44
kNN,toluene,10,3,8,3285,89,0.4813994598011821,0.391156462585034,0.5776793517614185,0.0,0.0
kNN,toluene,10,3,9,3285,89,0.439856510976065,0.44042553191489364,0.5278278131712779,0.0,0.0
kNN,toluene,10,3,10,3285,89,0.5046851952687103,0.495,0.5771248249960274,0.09166666666666666,0.14248704663212436
kNN,toluene,10,4,7,3285,89,0.6213369348899779,0.6069748131746471,0.6666097078643828,0.3873239436619718,0.39497307001795334
kNN,toluene,10,4,8,3285,89,0.48355194161271076,0.391156462585034,0.580262329935253,0.0,0.0
kNN,toluene,10,4,9,3285,89,0.4386931643625192,0.43829787234042555,0.5264317972350231,0.0,0.0
kNN,toluene,10,4,10,3285,89,0.5076150573721306,0.49777777777777776,0.5792560242856131,0.095,0.14941022280471822
kNN,toluene,25,0,7,3300,104,0.6618063675878502,0.6501522280653197,0.68109028996463,0.8943661971830986,0.565386755703951
kNN,toluene,25,0,8,3300,104,0.5325317463657812,0.36394557823129253,0.6240648336068519,0.3888888888888889,0.0748663101604278
kNN,toluene,25,0,9,3300,104,0.4388203013586196,0.4340425531914894,0.524623577316618,0.009900990099009901,0.00980392156862745
kNN,toluene,25,0,10,3300,104,0.5134756089743638,0.4913888888888889,0.5517790393745778,0.3616666666666667,0.3219584569732938
kNN,toluene,25,1,7,3300,104,0.6659030026537544,0.6531967893717132,0.683743349435947,0.8802816901408451,0.5767012687427913
kNN,toluene,25,1,8,3300,104,0.5512048978584119,0.38095238095238093,0.6462284861257463,0.3888888888888889,0.07608695652173914
kNN,toluene,25,1,9,3300,104,0.43748234938639247,0.4340425531914894,0.5229887695124271,0.009900990099009901,0.009950248756218905
kNN,toluene,25,1,10,3300,104,0.5167803695092709,0.49472222222222223,0.5537687304066408,0.37,0.33183856502242154
kNN,toluene,25,2,7,3300,104,0.6600944621837107,0.6487683365624135,0.67886832150787,0.903169014084507,0.5662251655629139
kNN,toluene,25,2,8,3300,104,0.5409826917296213,0.38095238095238093,0.6332701391664547,0.3888888888888889,0.07954545454545454
kNN,toluene,25,2,9,3300,104,0.43629199166356575,0.4319148936170213,0.5215701919764769,0.009900990099009901,0.009900990099009901
kNN,toluene,25,2,10,3300,104,0.5142916406383774,0.49194444444444446,0.5533555621145033,0.3516666666666667,0.31897203325774753
kNN,toluene,25,3,7,3300,104,0.6221740588162682,0.6086354829781345,0.6583735764618749,0.528169014084507,0.4411764705882353
kNN,toluene,25,3,8,3300,104,0.5080603949854333,0.40816326530612246,0.6096724739825199,0.0,0.0
kNN,toluene,25,3,9,3300,104,0.43633832565284175,0.4340425531914894,0.5236059907834101,0.0,0.0
kNN,toluene,25,3,10,3300,104,0.5070136445253847,0.49444444444444446,0.5745855276593173,0.11333333333333333,0.1691542288557214
kNN,toluene,25,4,7,3300,104,0.6160740421817456,0.6006089122612788,0.6528817969810631,0.5176056338028169,0.432035268185158
kNN,toluene,25,4,8,3300,104,0.4899625135787992,0.38095238095238093,0.587955016294559,0.0,0.0
kNN,toluene,25,4,9,3300,104,0.43633832565284175,0.4340425531914894,0.5236059907834101,0.0,0.0
kNN,toluene,25,4,10,3300,104,0.5089945007173594,0.4955555555555556,0.5752378453052758,0.12,0.17777777777777778
kNN,toluene,50,0,7,3325,129,0.6522243836781826,0.6418488790478827,0.670669260413819,0.9242957746478874,0.56
kNN,toluene,50,0,8,3325,129,0.5381678521814804,0.36054421768707484,0.6313684329270549,0.3888888888888889,0.07216494845360824
kNN,toluene,50,0,9,3325,129,0.4389571695862124,0.4297872340425532,0.5248162363536963,0.009900990099009901,0.00966183574879227
kNN,toluene,50,0,10,3325,129,0.5120831977899538,0.49,0.5491403602237616,0.375,0.32679738562091504
kNN,toluene,50,1,7,3325,129,0.658451251083485,0.6454469969554387,0.6778685238648491,0.897887323943662,0.5613648871766649
kNN,toluene,50,1,8,3325,129,0.5478683771945255,0.37755102040816324,0.6423069174982954,0.3888888888888889,0.07567567567567568
kNN,toluene,50,1,9,3325,129,0.4415344351494554,0.43617021276595747,0.5278611241595444,0.009900990099009901,0.009900990099009901
kNN,toluene,50,1,10,3325,129,0.5146216474152232,0.4925,0.5515665954549689,0.37333333333333335,0.32989690721649484
kNN,toluene,50,2,7,3325,129,0.6535569315946574,0.6407417658455578,0.6724311459800056,0.9190140845070423,0.5591858596679165
kNN,toluene,50,2,8,3325,129,0.5400707949843913,0.3673469387755102,0.6332701391664547,0.3888888888888889,0.07407407407407407
kNN,toluene,50,2,9,3325,129,0.44034002790678434,0.4340425531914894,0.5264375901383874,0.009900990099009901,0.009852216748768473
kNN,toluene,50,2,10,3325,129,0.5150434641739011,0.49333333333333335,0.5515320104885347,0.37833333333333335,0.3326007326007326
kNN,toluene,50,3,7,3325,129,0.6472294993749965,0.635206199833933,0.6664606271179896,0.926056338028169,0.5510738606600314
kNN,toluene,50,3,8,3325,129,0.5818062373253529,0.40816326530612246,0.6743837010066396,0.6111111111111112,0.11891891891891893
kNN,toluene,50,3,9,3325,129,0.44065117615651456,0.4340425531914894,0.5268206270740919,0.009900990099009901,0.00980392156862745
kNN,toluene,50,3,10,3325,129,0.515101945829921,0.49333333333333335,0.5511127831957582,0.38,0.33504775900073475
kNN,toluene,50,4,7,3325,129,0.6426188557441043,0.6291170772211458,0.6618036971972273,0.9172535211267606,0.546694648478489
kNN,toluene,50,4,8,3325,129,0.5591041955414737,0.38095238095238093,0.6539938177185516,0.4444444444444444,0.08465608465608465
kNN,toluene,50,4,9,3325,129,0.4382337037891102,0.4297872340425532,0.5239386969741167,0.009900990099009901,0.009708737864077669
kNN,toluene,50,4,10,3325,129,0.5149617516895548,0.4930555555555556,0.5515356359068403,0.37166666666666665,0.3320923306031273
kNN,toluene,100,0,7,3375,179,0.6172604663466371,0.6066980348740659,0.6336213874017822,0.977112676056338,0.5354558610709117
kNN,toluene,100,0,8,3375,179,0.5419756376845929,0.36054421768707484,0.6324603174603174,0.5,0.08955223880597014
kNN,toluene,100,0,9,3375,179,0.44344495131559314,0.42340425531914894,0.5302990791933906,0.009900990099009901,0.009174311926605505
kNN,toluene,100,0,10,3375,179,0.513481911381752,0.4936111111111111,0.5448965938637227,0.43333333333333335,0.3564084989718986
kNN,toluene,100,1,7,3375,179,0.6343159652054636,0.6241350678106836,0.65011235864536,0.9806338028169014,0.555333998005982
kNN,toluene,100,1,8,3375,179,0.5552592562885924,0.3741496598639456,0.6444205602826292,0.6111111111111112,0.10945273631840796
kNN,toluene,100,1,9,3375,179,0.4376660498150751,0.41702127659574467,0.5233810779599083,0.009900990099009901,0.00909090909090909
kNN,toluene,100,1,10,3375,179,0.5183670140563605,0.49833333333333335,0.550631769726768,0.4266666666666667,0.35704323570432356
kNN,toluene,100,2,7,3375,179,0.6310738338940352,0.6194298367008026,0.6495808929651344,0.9471830985915493,0.5385385385385385
kNN,toluene,100,2,8,3375,179,0.5297438134209068,0.35714285714285715,0.6143333528041174,0.6111111111111112,0.10679611650485436
kNN,toluene,100,2,9,3375,179,0.4435212008328418,0.4297872340425532,0.5303206790946483,0.009900990099009901,0.009523809523809525
kNN,toluene,100,2,10,3375,179,0.5166768037526196,0.49583333333333335,0.5504836634475488,0.4116666666666667,0.34764250527797325
kNN,toluene,100,3,7,3375,179,0.632265087311068,0.6249654027124274,0.6470901977965374,0.9929577464788732,0.5581395348837209
kNN,toluene,100,3,8,3375,179,0.5635713692225689,0.37755102040816324,0.654395095803401,0.6111111111111112,0.10945273631840796
kNN,toluene,100,3,9,3375,179,0.42192002005935575,0.4106382978723404,0.504541909533782,0.009900990099009901,0.00881057268722467
kNN,toluene,100,3,10,3375,179,0.520128400689663,0.5016666666666667,0.5484417334734573,0.465,0.378561736770692
kNN,toluene,100,4,7,3375,179,0.6387655005887407,0.6260725159147523,0.6574464357580353,0.9313380281690141,0.545360824742268
kNN,toluene,100,4,8,3375,179,0.5301077559128046,0.35714285714285715,0.6162288095829276,0.5555555555555556,0.09950248756218906
kNN,toluene,100,4,9,3375,179,0.44099688922140484,0.425531914893617,0.5273094746128556,0.009900990099009901,0.009433962264150943
kNN,toluene,100,4,10,3375,179,0.515232802769707,0.49416666666666664,0.5502736244427301,0.395,0.3400286944045911
kNN,toluene,200,0,7,3475,279,0.5888822188219235,0.5826183227234984,0.6063040526572301,0.9964788732394366,0.50177304964539
kNN,toluene,200,0,8,3475,279,0.5216213725486548,0.3469387755102041,0.6049932661060049,0.6111111111111112,0.10476190476190476
kNN,toluene,200,0,9,3475,279,0.41998717270311686,0.4,0.5022752055343386,0.009900990099009901,0.008547008547008548
kNN,toluene,200,0,10,3475,279,0.5164417438629277,0.49916666666666665,0.5448442478866549,0.47833333333333333,0.3744292237442922
kNN,toluene,200,1,7,3475,279,0.6087673273467248,0.6000553556601163,0.6243029340035406,1.0,0.531089294062646
kNN,toluene,200,1,8,3475,279,0.4519990005747195,0.30612244897959184,0.515048373339236,0.8888888888888888,0.13675213675213677
kNN,toluene,200,1,9,3475,279,0.42319908475676,0.4,0.5061582294392044,0.009900990099009901,0.008403361344537815
kNN,toluene,200,1,10,3475,279,0.5152459050456287,0.5008333333333334,0.5404964619146668,0.5183333333333333,0.3889931207004378
kNN,toluene,200,2,7,3475,279,0.6003443402013745,0.5925823415444229,0.6163137149205993,0.9947183098591549,0.5204974666052511
kNN,toluene,200,2,8,3475,279,0.5011978805859262,0.3401360544217687,0.5774743230625583,0.7222222222222222,0.11981566820276497
kNN,toluene,200,2,9,3475,279,0.42348731663298694,0.40425531914893614,0.5064680417621594,0.009900990099009901,0.008583690987124463
kNN,toluene,200,2,10,3475,279,0.5156149533377863,0.49833333333333335,0.5438198038612703,0.4766666666666667,0.3745907007203667
kNN,toluene,200,3,7,3475,279,0.6178315851469363,0.6097425961804595,0.6333673094420978,0.9947183098591549,0.5401529636711281
kNN,toluene,200,3,8,3475,279,0.4777600737204384,0.3197278911564626,0.5454860015080043,0.8888888888888888,0.1391304347826087
kNN,toluene,200,3,9,3475,279,0.42857065294769475,0.4085106382978723,0.512575381827832,0.009900990099009901,0.008547008547008548
kNN,toluene,200,3,10,3475,279,0.5157573075284007,0.5008333333333334,0.541180062409475,0.5133333333333333,0.3886435331230284
kNN,toluene,200,4,7,3475,279,0.6154289102582806,0.6053141433711597,0.6323571744101754,0.9788732394366197,0.5307875894988067
kNN,toluene,200,4,8,3475,279,0.5169772104912461,0.3469387755102041,0.5978374413218898,0.6666666666666666,0.11267605633802817
kNN,toluene,200,4,9,3475,279,0.4404828354376548,0.4148936170212766,0.5267936882394715,0.009900990099009901,0.008928571428571428
kNN,toluene,200,4,10,3475,279,0.5166927914552214,0.49694444444444447,0.5482642542824877,0.44166666666666665,0.35883547731888965
kNN,toluene,467,0,7,3742,546,0.5866667331303812,0.5809576529200111,0.6040000797564574,1.0,0.5
kNN,toluene,467,0,8,3742,546,0.4276343503052699,0.29931972789115646,0.4831612203663239,1.0,0.15
kNN,toluene,467,0,9,3742,546,0.47278221958298255,0.4765957446808511,0.5080283186719929,0.42574257425742573,0.296551724137931
kNN,toluene,467,0,10,3742,546,0.5147619505508484,0.5002777777777778,0.541102922613136,0.52,0.3830570902394107
kNN,toluene,467,1,7,3742,546,0.5866667331303812,0.5809576529200111,0.6040000797564574,1.0,0.5
kNN,toluene,467,1,8,3742,546,0.4276343503052699,0.29931972789115646,0.4831612203663239,1.0,0.15
kNN,toluene,467,1,9,3742,546,0.47278221958298255,0.4765957446808511,0.5080283186719929,0.42574257425742573,0.296551724137931
kNN,toluene,467,1,10,3742,546,0.5147619505508484,0.5002777777777778,0.541102922613136,0.52,0.3830570902394107
kNN,toluene,467,2,7,3742,546,0.5866667331303812,0.5809576529200111,0.6040000797564574,1.0,0.5
kNN,toluene,467,2,8,3742,546,0.4276343503052699,0.29931972789115646,0.4831612203663239,1.0,0.15
kNN,toluene,467,2,9,3742,546,0.47278221958298255,0.4765957446808511,0.5080283186719929,0.42574257425742573,0.296551724137931
kNN,toluene,467,2,10,3742,546,0.5147619505508484,0.5002777777777778,0.541102922613136,0.52,0.3830570902394107
kNN,toluene,467,3,7,3742,546,0.5866667331303812,0.5809576529200111,0.6040000797564574,1.0,0.5
kNN,toluene,467,3,8,3742,546,0.4276343503052699,0.29931972789115646,0.4831612203663239,1.0,0.15
kNN,toluene,467,3,9,3742,546,0.47278221958298255,0.4765957446808511,0.5080283186719929,0.42574257425742573,0.296551724137931
kNN,toluene,467,3,10,3742,546,0.5147619505508484,0.5002777777777778,0.541102922613136,0.52,0.3830570902394107
kNN,toluene,467,4,7,3742,546,0.5866667331303812,0.5809576529200111,0.6040000797564574,1.0,0.5
kNN,toluene,467,4,8,3742,546,0.4276343503052699,0.29931972789115646,0.4831612203663239,1.0,0.15
kNN,toluene,467,4,9,3742,546,0.47278221958298255,0.4765957446808511,0.5080283186719929,0.42574257425742573,0.296551724137931
kNN,toluene,467,4,10,3742,546,0.5147619505508484,0.5002777777777778,0.541102922613136,0.52,0.3830570902394107
kNN,random,0,0,7,3275,79,0.5905295713553597,0.6205369499031276,0.7086354856264315,0.0,0.0
kNN,random,0,0,8,3275,79,0.4635570143626002,0.4489795918367347,0.5562684172351202,0.0,0.0
kNN,random,0,0,9,3275,79,0.5793572352540337,0.6212765957446809,0.6952286823048405,0.0,0.0
kNN,random,0,0,10,3275,79,0.4890099430684122,0.49944444444444447,0.5868119316820947,0.0,0.0
kNN,random,0,1,7,3275,79,0.5905295713553597,0.6205369499031276,0.7086354856264315,0.0,0.0
kNN,random,0,1,8,3275,79,0.4635570143626002,0.4489795918367347,0.5562684172351202,0.0,0.0
kNN,random,0,1,9,3275,79,0.5793572352540337,0.6212765957446809,0.6952286823048405,0.0,0.0
kNN,random,0,1,10,3275,79,0.4890099430684122,0.49944444444444447,0.5868119316820947,0.0,0.0
kNN,random,0,2,7,3275,79,0.5905295713553597,0.6205369499031276,0.7086354856264315,0.0,0.0
kNN,random,0,2,8,3275,79,0.4635570143626002,0.4489795918367347,0.5562684172351202,0.0,0.0
kNN,random,0,2,9,3275,79,0.5793572352540337,0.6212765957446809,0.6952286823048405,0.0,0.0
kNN,random,0,2,10,3275,79,0.4890099430684122,0.49944444444444447,0.5868119316820947,0.0,0.0
kNN,random,0,3,7,3275,79,0.5905295713553597,0.6205369499031276,0.7086354856264315,0.0,0.0
kNN,random,0,3,8,3275,79,0.4635570143626002,0.4489795918367347,0.5562684172351202,0.0,0.0
kNN,random,0,3,9,3275,79,0.5793572352540337,0.6212765957446809,0.6952286823048405,0.0,0.0
kNN,random,0,3,10,3275,79,0.4890099430684122,0.49944444444444447,0.5868119316820947,0.0,0.0
kNN,random,0,4,7,3275,79,0.5905295713553597,0.6205369499031276,0.7086354856264315,0.0,0.0
kNN,random,0,4,8,3275,79,0.4635570143626002,0.4489795918367347,0.5562684172351202,0.0,0.0
kNN,random,0,4,9,3275,79,0.5793572352540337,0.6212765957446809,0.6952286823048405,0.0,0.0
kNN,random,0,4,10,3275,79,0.4890099430684122,0.49944444444444447,0.5868119316820947,0.0,0.0
kNN,random,5,0,7,3280,79,0.5920178527638212,0.6219208414060338,0.7104214233165855,0.0,0.0
kNN,random,5,0,8,3280,79,0.4635570143626002,0.4489795918367347,0.5562684172351202,0.0,0.0
kNN,random,5,0,9,3280,79,0.5793572352540337,0.6212765957446809,0.6952286823048405,0.0,0.0
kNN,random,5,0,10,3280,79,0.4888825744177654,0.49944444444444447,0.5866590893013185,0.0,0.0
kNN,random,5,1,7,3280,80,0.5910485187146263,0.6210905065042901,0.7092582224575514,0.0,0.0
kNN,random,5,1,8,3280,80,0.4635570143626002,0.4489795918367347,0.5562684172351202,0.0,0.0
kNN,random,5,1,9,3280,80,0.5793572352540337,0.6212765957446809,0.6952286823048405,0.0,0.0
kNN,random,5,1,10,3280,80,0.48900970864268256,0.49944444444444447,0.5868116503712191,0.0,0.0
kNN,random,5,2,7,3280,80,0.5903992368866191,0.6205369499031276,0.7084790842639429,0.0,0.0
kNN,random,5,2,8,3280,80,0.4635570143626002,0.4489795918367347,0.5562684172351202,0.0,0.0
kNN,random,5,2,9,3280,80,0.5793572352540337,0.6212765957446809,0.6952286823048405,0.0,0.0
kNN,random,5,2,10,3280,80,0.4889795227921802,0.49944444444444447,0.5867754273506163,0.0,0.0
kNN,random,5,3,7,3280,79,0.5873787860780505,0.6133407140880155,0.7048545432936606,0.0,0.0
kNN,random,5,3,8,3280,79,0.615935029153213,0.6836734693877551,0.7391220349838555,0.0,0.0
kNN,random,5,3,9,3280,79,0.599765377837216,0.6361702127659574,0.7197184534046591,0.0,0.0
kNN,random,5,3,10,3280,79,0.4833456409073293,0.49527777777777776,0.5800147690887951,0.0,0.0
kNN,random,5,4,7,3280,81,0.5985692066647547,0.6199833933019652,0.7070247698520101,0.02992957746478873,0.056291390728476824
kNN,random,5,4,8,3280,81,0.49192752688617886,0.47619047619047616,0.5903130322634146,0.0,0.0
kNN,random,5,4,9,3280,81,0.5784553326101,0.6191489361702127,0.69414639913212,0.0,0.0
kNN,random,5,4,10,3280,81,0.4891764584016413,0.49972222222222223,0.5870117500819696,0.0,0.0
kNN,random,10,0,7,3285,80,0.5865706062091826,0.6141710489897592,0.7038847274510192,0.0,0.0
kNN,random,10,0,8,3285,80,0.4761815640837481,0.46258503401360546,0.5714178769004977,0.0,0.0
kNN,random,10,0,9,3285,80,0.5905700034601168,0.6276595744680851,0.7086840041521401,0.0,0.0
kNN,random,10,0,10,3285,80,0.4898688407186386,0.5,0.5878426088623663,0.0,0.0
kNN,random,10,1,7,3285,81,0.5994482085786154,0.6332687517298644,0.7193378502943385,0.0,0.0
kNN,random,10,1,8,3285,81,0.46993291930421904,0.4523809523809524,0.5639195031650629,0.0,0.0
kNN,random,10,1,9,3285,81,0.5793572352540337,0.6212765957446809,0.6952286823048405,0.0,0.0
kNN,random,10,1,10,3285,81,0.4891708444239758,0.49972222222222223,0.587005013308771,0.0,0.0
kNN,random,10,2,7,3285,81,0.6013693870236628,0.6340990866316081,0.7216432644283954,0.0,0.0
kNN,random,10,2,8,3285,81,0.46993291930421904,0.4523809523809524,0.5639195031650629,0.0,0.0
kNN,random,10,2,9,3285,81,0.5793572352540337,0.6212765957446809,0.6952286823048405,0.0,0.0
kNN,random,10,2,10,3285,81,0.48914077958671814,0.49972222222222223,0.5869689355040617,0.0,0.0
kNN,random,10,3,7,3285,81,0.5848911518640197,0.6108497093827844,0.7018693822368237,0.0,0.0
kNN,random,10,3,8,3285,81,0.6218027523926078,0.6938775510204082,0.7461633028711294,0.0,0.0
kNN,random,10,3,9,3285,81,0.5834920487707429,0.6170212765957447,0.7001904585248915,0.0,0.0
kNN,random,10,3,10,3285,81,0.4865977009607411,0.5011111111111111,0.5839172411528893,0.0,0.0
kNN,random,10,4,7,3285,83,0.6228237349176634,0.6122336008856906,0.6789838937885788,0.2887323943661972,0.3420229405630866
kNN,random,10,4,8,3285,83,0.5060890685909919,0.4387755102040816,0.6073068823091903,0.0,0.0
kNN,random,10,4,9,3285,83,0.44744775380679735,0.4553191489361702,0.5369373045681568,0.0,0.0
kNN,random,10,4,10,3285,83,0.4972781791672676,0.4955555555555556,0.5828409061729353,0.04,0.0694645441389291
kNN,random,25,0,7,3300,82,0.6262914797277084,0.6628840298920564,0.7515497756732501,0.0,0.0
kNN,random,25,0,8,3300,82,0.4762870667416917,0.45918367346938777,0.57154448009003,0.0,0.0
kNN,random,25,0,9,3300,82,0.5905700034601168,0.6276595744680851,0.7086840041521401,0.0,0.0
kNN,random,25,0,10,3300,82,0.4954442703985252,0.5086111111111111,0.5945331244782303,0.0,0.0
kNN,random,25,1,7,3300,82,0.7027423938448644,0.6933296429559922,0.7686876980106625,0.33098591549295775,0.373015873015873
kNN,random,25,1,8,3300,82,0.4819509320208187,0.4013605442176871,0.5783411184249825,0.0,0.0
kNN,random,25,1,9,3300,82,0.4421556149554046,0.44468085106382976,0.5305867379464855,0.0,0.0
kNN,random,25,1,10,3300,82,0.5013211803356666,0.49472222222222223,0.5762825900232575,0.07833333333333334,0.126514131897712
kNN,random,25,2,7,3300,83,0.7032030159791781,0.694159977857736,0.7680161367276718,0.33274647887323944,0.3791374122367101
kNN,random,25,2,8,3300,83,0.4990279847088143,0.4217687074829932,0.5988335816505772,0.0,0.0
kNN,random,25,2,9,3300,83,0.4483720261511371,0.44680851063829785,0.5380464313813645,0.0,0.0
kNN,random,25,2,10,3300,83,0.5007387208643482,0.49472222222222223,0.5784514445173821,0.06833333333333333,0.1121751025991792
kNN,random,25,3,7,3300,84,0.5766282302874535,0.6000553556601163,0.6881322202939887,0.01056338028169014,0.01910828025477707
kNN,random,25,3,8,3300,84,0.6302248497713974,0.7040816326530612,0.7562698197256769,0.0,0.0
kNN,random,25,3,9,3300,84,0.6094663180784875,0.6319148936170212,0.731359581694185,0.0,0.0
kNN,random,25,3,10,3300,84,0.45583852731299285,0.4888888888888889,0.5463428828585102,0.0016666666666666668,0.003316749585406302
kNN,random,25,4,7,3300,83,0.6397352867767517,0.6346526432327706,0.7005937365371654,0.27992957746478875,0.33544303797468356
kNN,random,25,4,8,3300,83,0.6417490327987289,0.6496598639455783,0.7700988393584747,0.0,0.0
kNN,random,25,4,9,3300,83,0.5129186200975417,0.48723404255319147,0.6155023441170501,0.0,0.0
kNN,random,25,4,10,3300,83,0.49700012087906037,0.5,0.5825273126849302,0.04,0.06936416184971098
kNN,random,50,0,7,3325,86,0.6912882705369956,0.6891779684472737,0.7535459246443947,0.3345070422535211,0.38
kNN,random,50,0,8,3325,86,0.6484044951501354,0.6360544217687075,0.7780853941801624,0.0,0.0
kNN,random,50,0,9,3325,86,0.5851743320941208,0.5574468085106383,0.702209198512945,0.0,0.0
kNN,random,50,0,10,3325,86,0.48974003285294737,0.49277777777777776,0.5599916346299284,0.08666666666666667,0.1384820239680426
kNN,random,50,1,7,3325,90,0.7114616176221701,0.7008026570716855,0.776076990148419,0.3767605633802817,0.38838475499092556
kNN,random,50,1,8,3325,90,0.5110764787307837,0.42517006802721086,0.6132917744769404,0.0,0.0
kNN,random,50,1,9,3325,90,0.440995235666779,0.43829787234042555,0.5291942828001348,0.0,0.0
kNN,random,50,1,10,3325,90,0.5080361443176585,0.5013888888888889,0.5787950441323471,0.1,0.15424164524421594
kNN,random,50,2,7,3325,88,0.7066758728133781,0.6991419872681982,0.774064687222797,0.3397887323943662,0.36973180076628354
kNN,random,50,2,8,3325,88,0.627715361330382,0.6122448979591837,0.7532584335964583,0.0,0.0
kNN,random,50,2,9,3325,88,0.4861894543881345,0.46382978723404256,0.5834273452657615,0.0,0.0
kNN,random,50,2,10,3325,88,0.495012955581978,0.49,0.5670670658529311,0.085,0.13474240422721268
kNN,random,50,3,7,3325,86,0.6902089488077864,0.6889011901466925,0.7555952597934306,0.323943661971831,0.36327739387956565
kNN,random,50,3,8,3325,86,0.6382128049446075,0.6326530612244898,0.7658553659335291,0.0,0.0
kNN,random,50,3,9,3325,86,0.5875858058801571,0.5574468085106383,0.7051029670561885,0.0,0.0
kNN,random,50,3,10,3325,86,0.47122242554882604,0.4872222222222222,0.5370832050081313,0.09,0.14191852825229961
kNN,random,50,4,7,3325,91,0.6501191529257349,0.6473844450595073,0.7046080997899515,0.3573943661971831,0.3776744186046512
kNN,random,50,4,8,3325,91,0.6427078836039177,0.6258503401360545,0.7712494603247013,0.0,0.0
kNN,random,50,4,9,3325,91,0.5804090715751289,0.5468085106382978,0.6964908858901546,0.0,0.0
kNN,random,50,4,10,3325,91,0.5040322240331083,0.49916666666666665,0.5756339752282568,0.09333333333333334,0.14602346805736635
kNN,random,100,0,7,3375,95,0.726688980610307,0.7243288126210905,0.7741044641759095,0.477112676056338,0.4896115627822945
kNN,random,100,0,8,3375,95,0.6734229017558876,0.6462585034013606,0.7872741487737318,0.2777777777777778,0.10416666666666667
kNN,random,100,0,9,3375,95,0.5952323461806547,0.5638297872340425,0.7120565931945635,0.009900990099009901,0.011111111111111112
kNN,random,100,0,10,3375,95,0.47069297622480205,0.4861111111111111,0.5331091427213115,0.10666666666666667,0.15861214374225527
kNN,random,100,1,7,3375,105,0.7556834373787771,0.741489067257127,0.7918686685438528,0.7816901408450704,0.574757281553398
kNN,random,100,1,8,3375,105,0.7016486357427176,0.6632653061224489,0.8076926486055468,0.5,0.17142857142857143
kNN,random,100,1,9,3375,105,0.47277741319972527,0.4553191489361702,0.5651350936418681,0.009900990099009901,0.01098901098901099
kNN,random,100,1,10,3375,105,0.5139758368901606,0.5016666666666667,0.5525420694510226,0.33666666666666667,0.32114467408585057
kNN,random,100,2,7,3375,97,0.708997066880162,0.7057846664821478,0.7720592472014125,0.3732394366197183,0.393686165273909
kNN,random,100,2,8,3375,97,0.6625562159474746,0.6360544217687075,0.7784007924703028,0.2222222222222222,0.08333333333333333
kNN,random,100,2,9,3375,97,0.5879405510342655,0.5553191489361702,0.7055286612411186,0.0,0.0
kNN,random,100,2,10,3375,97,0.4912268904748,0.4825,0.554515963950534,0.11666666666666667,0.17478152309612985
kNN,random,100,3,7,3375,99,0.7745235746939497,0.7663991143094382,0.8171902909850047,0.7306338028169014,0.5611899932386748
kNN,random,100,3,8,3375,99,0.6675047151789735,0.6462585034013606,0.7715319740042419,0.3888888888888889,0.14736842105263157
kNN,random,100,3,9,3375,99,0.6544118504164596,0.6404255319148936,0.7824573410671274,0.009900990099009901,0.014184397163120567
kNN,random,100,3,10,3375,99,0.5015118352883873,0.5041666666666667,0.5382334163198639,0.30333333333333334,0.3179039301310044
kNN,random,100,4,7,3375,104,0.7248300684030401,0.715471907002491,0.7867396036783325,0.44014084507042256,0.4152823920265781
kNN,random,100,4,8,3375,104,0.645285632242154,0.6224489795918368,0.7743427586905847,0.0,0.0
kNN,random,100,4,9,3375,104,0.579895532826296,0.5468085106382978,0.6958746393915552,0.0,0.0
kNN,random,100,4,10,3375,104,0.48975916960855487,0.4841666666666667,0.5525461683654307,0.13333333333333333,0.17582417582417584
kNN,random,200,0,7,3475,116,0.748058042482049,0.7489620813728204,0.7823181445222178,0.7077464788732394,0.5767575322812052
kNN,random,200,0,8,3475,116,0.6453980949799364,0.6326530612244898,0.731759267373982,0.6111111111111112,0.21359223300970873
kNN,random,200,0,9,3475,116,0.5860276921075868,0.5531914893617021,0.7010110083068819,0.009900990099009901,0.011111111111111112
kNN,random,200,0,10,3475,116,0.49588202675843035,0.5008333333333334,0.537138121128581,0.24833333333333332,0.28960155490767736
kNN,random,200,1,7,3475,130,0.763764535131075,0.7655687794076944,0.7839987727750769,0.8591549295774648,0.6625933469110659
kNN,random,200,1,8,3475,130,0.647704625784333,0.7108843537414966,0.7161344398300884,0.6111111111111112,0.3055555555555556
kNN,random,200,1,9,3475,130,0.5656309610060752,0.5617021276595745,0.675815976736702,0.009900990099009901,0.014705882352941176
kNN,random,200,1,10,3475,130,0.5038921862893952,0.5072222222222222,0.5328351805092997,0.37833333333333335,0.35917721518987344
kNN,random,200,2,7,3475,122,0.7716198617305848,0.7633545530030446,0.804007944698952,0.8538732394366197,0.6096794468887492
kNN,random,200,2,8,3475,122,0.6619360033935636,0.6326530612244898,0.7539562315952122,0.6111111111111112,0.2018348623853211
kNN,random,200,2,9,3475,122,0.538731695203712,0.5085106382978724,0.6443389968112994,0.009900990099009901,0.0106951871657754
kNN,random,200,2,10,3475,122,0.5223605011894309,0.5113888888888889,0.5554812500759657,0.385,0.3567567567567568
kNN,random,200,3,7,3475,110,0.7762117616597687,0.7719346803210628,0.8175265373900512,0.7200704225352113,0.5696378830083565
kNN,random,200,3,8,3475,110,0.7033556660929255,0.7346938775510204,0.8013601326448441,0.4444444444444444,0.21333333333333335
kNN,random,200,3,9,3475,110,0.6567934565209392,0.6659574468085107,0.7846123248162775,0.009900990099009901,0.017699115044247787
kNN,random,200,3,10,3475,110,0.5040230402783171,0.5072222222222222,0.5388518279540151,0.31833333333333336,0.3298791018998273
kNN,random,200,4,7,3475,128,0.7804337511005404,0.7680597841129255,0.8223437689620979,0.7904929577464789,0.5708836617927527
kNN,random,200,4,8,3475,128,0.5865790082492394,0.5816326530612245,0.6750659810702585,0.4444444444444444,0.14414414414414414
kNN,random,200,4,9,3475,128,0.5574454683800202,0.5255319148936171,0.6667487697062975,0.009900990099009901,0.01092896174863388
kNN,random,200,4,10,3475,128,0.5219071621154845,0.5069444444444444,0.5576993505791114,0.36666666666666664,0.34294621979734996
kNN,random,467,0,7,3742,168,0.7486906545945177,0.765015222806532,0.7765744808776596,0.8908450704225352,0.609271523178808
kNN,random,467,0,8,3742,168,0.6142444082223302,0.6496598639455783,0.6729423464705697,0.9444444444444444,0.32075471698113206
kNN,random,467,0,9,3742,168,0.48374881089921756,0.48936170212765956,0.5462643388448268,0.18811881188118812,0.17117117117117117
kNN,random,467,0,10,3742,168,0.518500015811234,0.5258333333333334,0.5456989070387142,0.43,0.3825055596738325
kNN,random,467,1,7,3742,184,0.7616484776403625,0.7769166897315251,0.7851787283384557,0.8169014084507042,0.6439972241498959
kNN,random,467,1,8,3742,184,0.5760216918609903,0.6462585034013606,0.6314559152906597,0.7222222222222222,0.2988505747126437
kNN,random,467,1,9,3742,184,0.5443097578518579,0.5617021276595745,0.6505227027997129,0.009900990099009901,0.013245033112582781
kNN,random,467,1,10,3742,184,0.512116348413738,0.5180555555555556,0.5376284211852888,0.415,0.38455598455598455
kNN,random,467,2,7,3742,173,0.7553263528891336,0.759202878494326,0.7919293243322262,0.8151408450704225,0.5723114956736712
kNN,random,467,2,8,3742,173,0.6280210793281836,0.6054421768707483,0.7163371596006001,0.6111111111111112,0.1864406779661017
kNN,random,467,2,9,3742,173,0.49901360852444226,0.4787234042553192,0.5966999281129286,0.009900990099009901,0.010582010582010581
kNN,random,467,2,10,3742,173,0.5173726945963223,0.5236111111111111,0.5450407819026836,0.39166666666666666,0.3790322580645161
kNN,random,467,3,7,3742,159,0.7669121908525138,0.7722114586216441,0.7988916225806402,0.7464788732394366,0.6070150322118826
kNN,random,467,3,8,3742,159,0.644344773945516,0.6836734693877551,0.7214490228522663,0.6111111111111112,0.25882352941176473
kNN,random,467,3,9,3742,159,0.5131536961853079,0.5702127659574469,0.6123061745528043,0.009900990099009901,0.017391304347826087
kNN,random,467,3,10,3742,159,0.5121678562813309,0.5188888888888888,0.5419048933026012,0.35833333333333334,0.36348267117497884
kNN,random,467,4,7,3742,179,0.7700681961863478,0.7747024633268752,0.8025764590795313,0.795774647887324,0.6075268817204301
kNN,random,467,4,8,3742,179,0.5835458143612234,0.6190476190476191,0.659805539031221,0.5,0.20224719101123595
kNN,random,467,4,9,3742,179,0.5233093595134695,0.5404255319148936,0.6251740286189605,0.009900990099009901,0.013986013986013986
kNN,random,467,4,10,3742,179,0.5176390169086288,0.5244444444444445,0.5431953464393244,0.41,0.3898573692551506
