P4|AdaBoost|LDA|default,P4|AdaBoost|PCA|default,P4|AdaBoost|raw|default,P4|Decision Tree|LDA|default,P4|Decision Tree|PCA|default,P4|Decision Tree|raw|default,P4|Gradient Boosting|LDA|default,P4|Gradient Boosting|PCA|default,P4|Gradient Boosting|raw|default,P4|Naive Bayes|LDA|default,P4|Naive Bayes|PCA|default,P4|Naive Bayes|raw|default,P4|Random Forest|LDA|default,P4|Random Forest|PCA|default,P4|Random Forest|raw|default,P4|SVM|LDA|default,P4|SVM|PCA|default,P4|SVM|raw|default,P4|kNN|LDA|default,P4|kNN|PCA|default,P4|kNN|raw|default
1,1,1,1,1,1,1,1,1,1,1,1,1,1,1,1,1,1,1,1,1
1,1,1,1,1,1,1,1,1,1,2,3,1,1,1,1,1,1,1,1,1
2,2,2,2,2,6,2,2,2,2,5,1,2,2,2,2,2,2,2,2,2
2,2,2,2,2,2,2,2,2,2,5,3,2,2,2,2,2,2,2,2,2
1,1,1,1,1,1,1,1,1,1,5,1,1,1,1,1,1,1,1,1,1
1,1,1,1,1,2,1,1,1,1,2,3,1,1,1,1,1,1,1,1,1
1,2,1,1,2,1,3,2,1,2,2,1,1,2,1,2,2,2,2,2,2
2,2,5,2,2,2,2,2,2,2,5,2,2,2,2,2,2,2,2,2,2
1,1,1,1,1,1,1,1,1,1,1,1,1,1,1,1,1,1,1,1,1
1,1,1,1,1,1,1,1,1,1,4,4,1,1,1,1,1,1,1,1,1
2,2,3,2,2,2,2,2,2,2,5,3,2,2,2,2,2,2,2,2,2
2,2,5,2,2,5,2,2,3,2,5,2,2,2,2,2,2,2,2,2,2
1,1,1,1,1,1,1,1,1,1,4,1,1,1,1,1,1,1,1,1,1
1,1,1,1,1,1,1,1,1,1,4,4,1,1,1,1,1,1,1,1,1
2,2,2,2,5,3,2,2,3,2,5,3,2,2,2,2,2,2,2,2,5
2,2,3,2,2,1,2,2,3,2,5,2,2,2,2,2,2,2,2,2,2
1,1,1,1,1,1,1,1,1,1,1,1,1,1,1,1,1,1,1,1,1
1,1,1,1,1,1,1,1,1,1,5,1,1,1,1,1,1,1,1,1,1
2,2,2,2,2,1,2,2,2,2,2,2,2,2,2,2,2,2,2,2,2
2,2,3,2,2,3,2,2,2,2,5,3,2,2,2,2,2,2,2,2,2
1,1,1,1,1,1,1,1,1,1,1,1,1,1,1,1,1,1,1,1,1
1,1,1,1,1,1,1,1,1,1,4,1,1,1,1,1,1,1,1,1,1
2,2,2,2,2,2,2,2,2,2,2,2,2,2,2,2,2,2,2,2,2
2,2,2,2,2,4,2,2,2,2,2,2,2,2,2,2,2,2,2,2,2
1,1,1,1,1,1,1,1,1,1,4,1,1,1,1,1,1,1,1,1,1
1,1,1,1,1,1,1,1,1,1,4,1,1,1,1,1,1,1,1,1,1
2,2,3,2,2,2,2,2,2,2,5,3,2,2,2,2,2,2,2,2,2
1,2,2,1,2,1,3,2,2,2,2,2,2,2,2,2,2,2,2,2,2
1,1,1,1,1,1,1,1,1,1,1,1,1,1,1,1,1,1,1,1,1
1,1,1,1,1,1,1,1,1,1,4,4,1,1,1,1,1,1,1,1,1
2,2,2,2,2,2,2,2,2,2,2,2,2,2,2,2,2,2,2,2,2
2,2,2,2,2,2,2,2,2,2,5,2,2,2,2,2,2,2,2,2,2
1,1,1,1,1,1,1,1,1,1,1,1,1,1,1,1,1,1,1,1,1
1,1,1,1,1,2,1,1,1,1,2,3,1,1,1,1,1,1,1,1,1
2,2,2,2,2,1,2,2,2,2,2,2,2,2,2,2,2,2,2,2,2
2,2,2,2,2,1,2,2,2,2,2,2,2,2,2,2,2,2,2,2,2
1,1,1,1,1,1,1,1,1,1,2,1,1,1,1,1,1,1,1,1,1
1,1,1,1,1,1,1,1,1,1,4,4,1,1,1,1,1,1,1,1,1
1,2,2,1,2,1,3,2,2,1,2,2,2,2,2,2,2,2,2,2,2
2,2,3,2,2,3,2,2,2,2,5,2,2,2,2,2,2,2,2,2,2
1,1,1,1,1,1,1,1,1,1,4,1,1,1,1,1,1,1,1,1,1
1,1,1,1,1,1,1,1,1,1,2,4,1,1,1,1,1,1,1,1,1
2,2,1,2,2,1,2,2,2,1,2,2,2,2,2,2,2,2,2,2,2
2,2,2,2,2,2,2,2,2,2,2,2,2,2,2,2,2,2,2,2,2
1,2,1,1,1,1,1,1,1,1,4,4,1,1,1,1,1,1,1,1,1
2,2,2,2,2,1,2,2,2,1,2,2,2,2,2,2,2,2,2,2,2
2,2,2,2,2,2,2,2,2,2,2,2,2,2,2,2,2,2,2,2,2
1,1,1,1,1,1,1,1,1,1,4,1,1,1,1,1,1,1,1,1,1
1,1,1,1,1,1,1,1,1,1,4,1,1,1,1,1,1,1,1,1,1
2,2,2,2,2,1,3,2,2,1,2,2,2,2,2,2,2,2,2,2,2
1,1,1,1,1,1,1,1,1,1,4,1,1,1,1,1,1,1,1,1,1
1,2,1,1,1,1,1,1,1,1,2,3,1,1,1,1,1,1,1,1,1
2,2,2,2,2,2,2,2,2,2,2,2,2,2,2,2,2,2,2,2,2
1,1,1,1,1,1,1,1,1,1,1,1,1,1,1,1,1,1,1,1,1
1,1,1,1,1,1,1,1,1,1,2,3,1,1,1,1,1,1,1,1,1
2,2,2,2,2,1,2,2,2,1,2,2,2,2,2,2,2,2,2,2,2
2,2,2,2,2,2,2,2,2,2,2,2,2,2,2,2,2,2,2,2,2
1,1,1,1,1,1,1,1,1,1,4,1,1,1,1,1,1,1,1,1,1
1,1,1,1,1,1,1,1,1,1,4,4,1,1,1,1,1,1,1,1,1
2,2,2,2,2,3,2,2,2,2,5,3,2,2,2,2,2,2,2,2,2
2,2,2,2,2,2,2,2,2,2,5,2,2,2,2,2,2,2,2,2,2
1,1,1,1,1,1,1,1,1,1,4,1,1,1,1,1,1,1,1,1,1
1,2,1,1,1,1,1,1,1,1,4,4,1,1,1,1,1,1,1,1,1
2,2,2,2,5,3,2,2,2,2,5,3,2,2,2,2,2,2,2,2,2
2,2,2,2,2,2,2,2,2,2,5,2,2,2,2,2,2,2,2,2,2
1,1,1,1,1,1,1,1,1,1,1,1,1,1,1,1,1,1,1,1,1
1,1,1,1,1,1,1,1,1,1,4,1,1,1,1,1,1,1,1,1,1
2,2,2,2,2,2,2,2,2,2,2,2,2,2,2,2,2,2,2,2,2
2,2,3,2,2,3,2,2,2,2,5,3,2,2,2,2,2,2,2,2,2
1,1,1,2,1,1,1,1,1,1,1,1,1,1,1,1,1,1,1,1,1
1,1,1,1,1,1,1,1,1,1,4,1,1,1,1,1,1,1,1,1,1
2,2,2,2,2,2,2,2,2,2,2,2,2,2,2,2,2,2,2,2,2
2,2,2,2,2,2,2,2,2,2,2,2,2,2,2,2,2,2,2,2,2
1,1,1,1,1,1,1,1,1,1,4,4,1,1,1,1,1,1,1,1,1
1,1,1,1,1,1,1,1,1,1,4,1,1,1,1,1,1,1,1,1,1
2,2,3,2,2,2,2,2,2,2,5,3,2,2,2,2,2,2,2,2,2
2,2,2,2,2,1,2,2,2,2,2,2,2,2,2,2,2,2,2,2,2
1,1,1,1,1,1,1,1,1,1,1,1,1,1,1,1,1,1,1,1,1
1,2,1,1,1,1,1,1,1,1,4,4,1,1,1,1,1,1,1,1,1
2,2,2,2,2,2,2,2,2,2,2,2,2,2,2,2,2,2,2,2,2
2,2,2,2,2,2,2,2,2,2,5,2,2,2,2,2,2,2,2,2,2
1,1,1,1,1,1,1,1,1,1,4,1,1,1,1,1,1,1,1,1,1
1,1,1,1,1,1,1,1,1,1,2,3,1,1,1,1,1,1,1,1,1
2,2,2,2,2,1,2,2,2,2,2,2,2,2,2,2,2,2,2,2,2
2,2,2,2,2,2,2,2,2,2,2,2,2,2,2,2,2,2,2,2,2
1,1,1,1,1,1,1,1,1,1,2,1,1,1,1,1,1,1,1,1,1
1,1,1,1,1,1,1,1,1,1,4,4,1,1,1,1,1,1,1,1,1
2,2,2,2,2,1,2,2,2,1,2,2,2,2,2,2,2,2,2,2,2
2,2,3,2,2,3,2,2,2,2,5,2,2,2,2,2,2,2,2,2,2
1,1,1,1,1,6,1,1,1,1,1,1,1,1,1,1,1,1,1,1,1
1,1,1,1,1,1,1,1,1,1,4,4,1,1,1,1,1,1,1,1,1
2,2,2,2,2,1,2,2,2,1,2,2,2,2,2,2,2,2,2,2,2
2,2,2,2,2,2,2,2,2,2,2,2,2,2,2,2,2,2,2,2,2
1,2,1,1,1,1,1,1,1,1,4,4,1,1,1,1,1,1,1,1,1
2,2,2,2,2,1,2,2,2,1,2,2,2,2,2,2,2,2,2,2,2
2,2,2,2,2,2,2,2,2,2,2,2,2,2,2,2,2,2,2,2,2
1,1,1,1,1,1,1,1,1,1,4,1,1,1,1,1,1,1,1,1,1
1,1,1,1,1,1,1,1,1,1,4,1,1,1,1,1,1,1,1,1,1
2,2,2,2,2,1,2,2,2,1,2,2,2,2,2,2,2,2,2,2,2
1,1,1,1,1,1,1,1,1,1,4,4,1,1,1,1,1,1,1,1,1
1,2,1,1,1,1,1,1,1,1,2,3,1,1,1,1,1,1,1,1,1
2,2,2,2,2,2,2,2,2,2,5,2,2,2,2,2,2,2,2,2,2
1,1,1,1,1,1,1,1,1,1,1,1,1,1,1,1,1,1,1,1,1
1,1,1,1,1,1,1,1,1,1,2,3,1,1,1,1,1,1,1,1,1
2,2,2,2,2,1,2,2,2,2,2,2,2,2,2,2,2,2,2,2,2
2,2,2,2,2,2,2,2,2,2,5,2,2,2,2,2,2,2,2,2,2
1,1,1,1,1,1,1,1,1,1,4,1,1,1,1,1,1,1,1,1,1
1,1,1,1,1,1,1,1,1,1,4,4,1,1,1,1,1,1,1,1,1
2,2,2,2,2,3,2,2,2,2,5,3,2,2,2,2,2,2,2,2,2
2,2,2,2,2,2,2,2,2,2,5,2,2,2,2,2,2,2,2,2,2
1,1,1,1,1,1,1,1,1,1,4,1,1,1,1,1,1,1,1,1,1
1,1,1,1,1,1,1,1,1,1,4,4,1,1,1,1,1,1,1,1,1
2,2,2,2,5,3,2,2,2,2,5,3,2,2,2,2,2,2,2,2,2
2,2,3,2,2,2,2,2,2,2,5,2,2,2,2,2,2,2,2,2,2
1,1,1,1,1,1,1,1,1,1,1,1,1,1,1,1,1,1,1,1,1
1,1,1,1,1,1,1,1,1,1,5,1,1,1,1,1,1,1,1,1,1
2,2,2,2,2,2,2,2,2,2,2,2,2,2,2,2,2,2,2,2,2
2,2,3,2,2,5,2,2,5,2,5,3,2,2,2,2,2,2,2,2,2
1,1,1,1,1,1,1,1,1,1,1,1,1,1,1,1,1,1,1,1,1
1,1,1,1,1,1,1,1,1,1,4,4,1,1,1,1,1,1,1,1,1
2,2,2,2,2,2,2,2,2,2,2,2,2,2,2,2,2,2,2,2,2
2,2,2,2,2,2,2,2,2,2,2,2,2,2,2,2,2,2,2,2,2
1,1,1,1,1,1,1,1,1,1,4,4,1,1,1,1,1,1,1,1,1
1,1,1,1,1,1,1,1,1,1,4,1,1,1,1,1,1,1,1,1,1
2,2,3,2,2,2,2,2,2,2,5,3,2,2,2,2,2,2,2,2,2
2,2,2,2,2,1,2,2,2,2,2,2,2,2,2,2,2,2,2,2,2
1,1,1,1,1,1,1,1,1,1,1,1,1,1,1,1,1,1,1,1,1
1,1,1,1,1,1,1,1,1,1,4,4,1,1,1,1,1,1,1,1,1
2,2,2,2,2,2,2,2,2,2,2,2,2,2,2,2,2,2,2,2,2
2,2,2,2,2,2,2,2,2,2,5,2,2,2,2,2,2,2,2,2,2
1,1,1,1,1,1,1,1,1,1,4,1,1,1,1,1,1,1,1,1,1
1,1,1,1,1,1,1,1,1,1,4,3,1,1,1,1,1,1,1,1,1
2,2,2,2,2,1,2,2,2,2,2,2,2,2,2,2,2,2,2,2,2
2,2,3,2,2,2,2,2,2,2,2,2,2,2,2,2,2,2,2,2,2
1,1,1,1,1,1,1,1,1,1,1,1,1,1,1,1,1,1,1,1,1
1,1,1,1,1,1,1,1,1,1,4,4,1,1,1,1,1,1,1,1,1
2,2,2,2,2,1,2,2,2,1,2,2,2,2,2,2,2,2,2,2,2
2,2,3,2,2,3,2,2,2,2,5,3,2,2,2,2,2,2,2,2,2
1,1,1,1,1,1,1,1,1,1,4,1,1,1,1,1,1,1,1,1,1
1,1,1,1,1,1,1,1,1,1,4,4,1,1,1,1,1,1,1,1,1
2,2,2,2,2,1,3,2,2,1,2,2,2,2,2,2,2,2,2,2,2
2,2,2,2,2,2,2,2,2,2,2,2,2,2,2,2,2,2,2,2,2
1,1,4,1,1,1,1,1,1,1,4,4,1,1,1,1,1,1,1,1,1
2,2,2,2,2,1,3,2,2,1,2,2,2,2,2,2,2,2,2,2,2
2,2,2,2,2,2,2,2,2,2,2,2,2,2,2,2,2,2,2,2,2
1,1,1,1,1,1,1,1,1,1,4,1,1,1,1,1,1,1,1,1,1
1,1,1,1,1,1,1,1,1,1,4,1,1,1,1,1,1,1,1,1,1
2,2,2,2,2,1,2,2,2,1,2,2,2,2,2,2,2,2,2,2,2
1,1,1,1,1,1,1,1,1,1,4,4,1,1,1,1,1,1,1,1,1
1,1,1,1,1,1,1,1,1,1,2,3,1,1,1,1,1,1,1,1,1
2,2,2,2,2,2,2,2,2,2,5,2,2,2,2,2,2,2,2,2,2
1,1,1,1,1,1,1,1,1,1,1,1,1,1,1,1,1,1,1,1,1
1,1,1,1,1,1,1,1,1,1,2,3,1,1,1,1,1,1,1,1,1
1,2,1,1,2,1,4,2,2,1,2,2,2,2,2,2,2,2,2,2,2
2,2,2,2,2,2,2,2,2,2,5,2,2,2,2,2,2,2,2,2,2
1,1,1,1,1,1,1,1,1,1,4,1,1,1,1,1,1,1,1,1,1
1,1,1,1,1,1,1,1,1,1,4,4,1,1,1,1,1,1,1,1,1
2,2,2,2,5,3,2,2,2,2,5,3,2,2,2,2,2,2,2,2,2
2,2,2,2,2,2,2,2,2,2,5,2,2,2,2,2,2,2,2,2,2
1,1,1,1,1,1,1,1,1,1,4,1,1,1,1,1,1,1,1,1,1
1,1,1,1,1,1,1,1,1,1,4,4,1,1,1,1,1,1,1,1,1
2,2,2,2,5,3,2,2,2,2,5,3,2,2,2,2,2,2,2,2,2
2,2,3,2,2,2,2,2,2,2,5,2,2,2,2,2,2,2,2,2,2
1,1,1,1,1,1,1,1,1,1,1,1,1,1,1,1,1,1,1,1,1
1,1,1,1,1,1,1,1,1,1,5,1,1,1,1,1,1,1,1,1,1
2,2,2,2,2,2,2,2,2,2,2,2,2,2,2,2,2,2,2,2,2
2,2,3,2,2,3,2,2,2,2,5,3,2,2,2,2,2,2,2,2,2
1,1,1,1,1,1,1,1,1,1,1,1,1,1,1,1,1,1,1,1,1
1,1,1,1,1,1,1,1,1,1,4,4,1,1,1,1,1,1,1,1,1
2,2,2,2,2,2,2,2,2,2,2,2,2,2,2,2,2,2,2,2,2
2,2,2,2,2,2,2,2,2,2,2,2,2,2,2,2,2,2,2,2,2
1,1,1,1,1,1,1,1,1,1,4,4,1,1,1,1,1,1,1,1,1
1,1,1,1,1,1,1,1,1,1,4,1,1,1,1,1,1,1,1,1,1
2,2,2,2,2,2,2,2,2,2,5,3,2,2,2,2,2,2,2,2,2
2,2,2,2,2,2,2,2,2,2,2,2,2,2,2,2,2,2,2,2,2
1,1,1,1,1,1,1,1,1,1,1,1,1,1,1,1,1,1,1,1,1
1,1,1,1,1,1,1,1,1,1,4,4,1,1,1,1,1,1,1,1,1
2,2,2,2,2,2,2,2,2,2,2,2,2,2,2,2,2,2,2,2,2
2,2,2,2,2,2,2,2,2,2,5,2,2,2,2,2,2,2,2,2,2
1,1,1,1,1,1,1,1,1,1,4,1,1,1,1,1,1,1,1,1,1
1,1,1,1,1,1,1,1,1,1,4,3,1,1,1,1,1,1,1,1,1
2,2,2,2,2,4,2,2,2,2,2,2,2,2,2,2,2,2,2,2,2
2,2,2,2,2,2,2,2,2,2,2,2,2,2,2,2,2,2,2,2,2
1,1,1,1,1,1,1,1,1,1,1,1,1,1,1,1,1,1,1,1,1
1,1,1,1,1,1,1,1,1,1,4,4,1,1,1,1,1,1,1,1,1
1,2,2,1,2,1,2,2,2,1,2,2,1,2,2,2,2,2,2,2,2
2,2,3,2,2,3,2,2,2,2,5,3,2,2,2,2,2,2,2,2,2
1,1,1,1,1,1,1,1,1,1,4,1,1,1,1,1,1,1,1,1,1
1,2,1,1,1,1,1,1,1,1,4,3,1,1,1,1,1,1,1,1,1
2,2,2,2,2,1,2,2,2,1,2,2,2,2,2,2,2,2,2,2,2
2,2,2,2,2,2,2,2,2,2,2,2,2,2,2,2,2,2,2,2,2
1,1,4,1,1,1,1,1,1,1,4,4,1,1,1,1,1,1,1,1,1
1,2,1,2,2,1,2,2,2,1,2,2,1,2,2,2,2,2,2,2,2
2,2,2,2,2,2,2,2,2,2,2,2,2,2,2,2,2,2,2,2,2
1,1,1,1,1,1,1,1,1,1,4,1,1,1,1,1,1,1,1,1,1
1,1,1,1,1,1,1,1,1,1,4,1,1,1,1,1,1,1,1,1,1
2,2,2,2,2,1,2,2,2,1,2,2,2,2,2,2,2,2,2,2,2
1,1,1,1,1,1,1,1,1,1,4,4,1,1,1,1,1,1,1,1,1
1,1,1,1,1,1,1,1,1,1,2,3,1,1,1,1,1,1,1,1,1
2,2,2,2,2,2,2,2,2,2,5,2,2,2,2,2,2,2,2,2,2
1,1,1,1,1,1,1,1,1,1,1,1,1,1,1,1,1,1,1,1,1
1,1,1,1,1,1,1,1,1,1,2,3,1,1,1,1,1,1,1,1,1
2,2,1,2,2,1,2,2,2,2,2,2,2,2,2,2,2,2,2,2,2
2,2,2,2,2,2,2,2,2,2,5,2,2,2,2,2,2,2,2,2,2
1,1,1,1,1,1,1,1,1,1,4,1,1,1,1,1,1,1,1,1,1
1,1,1,1,1,1,1,1,1,1,4,4,1,1,1,1,1,1,1,1,1
2,2,2,2,1,3,2,2,2,2,5,3,2,2,2,2,2,2,2,2,2
2,2,3,2,2,2,2,2,2,2,5,2,2,2,2,2,2,2,2,2,2
1,1,1,1,1,1,1,1,1,1,4,1,1,1,1,1,1,1,1,1,1
1,1,1,1,1,1,1,1,1,1,4,4,1,1,1,1,1,1,1,1,1
2,2,3,2,2,2,2,2,2,2,5,2,2,2,2,2,2,2,2,2,2
1,1,1,1,1,1,1,1,1,1,1,1,1,1,1,1,1,1,1,1,1
1,1,1,1,1,1,1,1,1,1,5,1,1,1,1,1,1,1,1,1,1
2,2,2,2,2,2,2,2,2,2,2,2,2,2,2,2,2,2,2,2,2
2,2,3,2,2,3,2,2,5,2,5,3,2,2,2,2,2,2,2,2,2
1,1,1,1,1,1,1,1,1,1,1,1,1,1,1,1,1,1,1,1,1
1,1,1,1,1,1,1,1,1,1,4,4,1,1,1,1,1,1,1,1,1
2,2,2,2,2,2,2,2,2,2,2,2,2,2,2,2,2,2,2,2,2
2,2,2,2,2,2,2,2,2,2,2,2,2,2,2,2,2,2,2,2,2
1,1,1,1,1,1,1,1,1,1,4,4,1,1,1,1,1,1,1,1,1
1,1,1,1,1,1,1,1,1,1,4,1,1,1,1,1,1,1,1,1,1
2,2,2,2,2,2,2,2,2,2,5,3,2,2,2,2,2,2,2,2,2
2,2,1,2,2,1,2,2,2,2,2,2,2,2,2,2,2,2,2,2,2
1,1,1,1,1,1,1,1,1,1,1,1,1,1,1,1,1,1,1,1,1
1,1,1,1,1,1,1,1,1,1,4,4,1,1,1,1,1,1,1,1,1
2,2,2,2,2,2,2,2,2,2,2,2,2,2,2,2,2,2,2,2,2
2,2,2,2,2,2,2,2,2,2,5,2,2,2,2,2,2,2,2,2,2
1,1,1,1,1,1,1,1,1,1,1,1,1,1,1,1,1,1,1,1,1
1,1,1,1,1,1,1,1,1,1,4,3,1,1,1,1,1,1,1,1,1
2,2,2,2,2,2,2,2,2,2,2,2,2,2,2,2,2,2,2,2,2
2,2,2,2,2,2,2,2,2,2,2,2,2,2,2,2,2,2,2,2,2
1,1,1,1,1,1,1,1,1,1,1,1,1,1,1,1,1,1,1,1,1
1,1,1,1,1,1,1,1,1,1,4,4,1,1,1,1,1,1,1,1,1
2,2,1,2,2,1,2,2,2,1,2,2,2,2,2,2,2,2,2,2,2
2,2,3,2,2,3,2,2,5,2,5,3,2,2,2,2,2,2,2,2,2
1,1,1,1,1,1,1,1,1,1,4,1,1,1,1,1,1,1,1,1,1
1,1,1,1,1,1,1,1,1,1,4,4,1,1,1,1,1,1,1,1,1
2,2,1,2,2,1,2,2,2,1,2,2,2,2,2,2,2,2,2,2,2
2,2,2,2,2,2,2,2,2,2,2,2,2,2,2,2,2,2,2,2,2
1,1,1,1,1,1,1,1,1,1,4,4,1,1,1,1,1,1,1,1,1
2,2,1,2,2,1,2,2,2,1,2,2,2,2,2,2,2,2,2,2,2
2,2,2,2,2,2,2,2,2,2,2,2,2,2,2,2,2,2,2,2,2
1,1,1,1,1,1,1,1,1,1,4,1,1,1,1,1,1,1,1,1,1
1,1,1,1,1,1,1,1,1,1,4,1,1,1,1,1,1,1,1,1,1
2,2,2,2,2,2,2,2,2,1,2,2,2,2,2,2,2,2,2,2,2
1,1,1,1,1,1,1,1,1,1,4,4,1,1,1,1,1,1,1,1,1
1,1,1,1,1,4,1,1,1,1,2,3,1,1,1,1,1,1,1,1,1
2,2,2,2,2,2,2,2,2,2,5,2,2,2,2,2,2,2,2,2,2
1,1,1,1,1,1,1,1,1,1,1,1,1,1,1,1,1,1,1,1,1
1,1,1,1,1,1,1,1,1,1,2,3,1,1,1,1,1,1,1,1,1
2,2,1,2,2,1,2,2,2,1,2,2,2,2,2,2,2,2,2,2,2
2,2,2,2,2,2,2,2,2,2,5,2,2,2,2,2,2,2,2,2,2
1,1,1,1,1,1,1,1,1,1,4,1,1,1,1,1,1,1,1,1,1
1,1,1,1,1,1,1,1,1,1,4,4,1,1,1,1,1,1,1,1,1
2,2,2,2,5,3,2,2,2,2,5,3,2,2,2,2,2,2,2,2,2
2,2,2,2,2,2,2,2,2,2,5,2,2,2,2,2,2,2,2,2,2
1,1,1,1,1,1,1,1,1,1,4,1,1,1,1,1,1,1,1,1,1
1,1,1,1,1,1,1,1,1,1,4,4,1,1,1,1,1,1,1,1,1
2,2,3,2,2,2,2,2,2,2,5,2,2,2,2,2,2,2,2,2,2
1,1,1,1,1,1,1,1,1,1,1,1,1,1,1,1,1,1,1,1,1
1,1,1,1,1,1,1,1,1,1,5,1,1,1,1,1,1,1,1,1,1
2,2,2,2,2,2,2,2,2,2,2,2,2,2,2,2,2,2,2,2,2
2,2,3,2,2,3,2,2,2,2,5,3,2,2,2,2,2,2,2,2,2
1,1,1,1,1,1,1,1,1,1,1,1,1,1,1,1,1,1,1,1,1
1,1,1,1,1,1,1,1,1,1,4,4,1,1,1,1,1,1,1,1,1
2,2,2,2,2,2,2,2,2,2,2,2,2,2,2,2,2,2,2,2,2
2,2,2,2,2,2,2,2,2,2,2,2,2,2,2,2,2,2,2,2,2
1,1,1,1,1,1,1,1,1,1,4,4,1,1,1,1,1,1,1,1,1
1,1,1,1,1,1,1,1,1,1,4,1,1,1,1,1,1,1,1,1,1
2,2,2,2,2,2,2,2,2,2,5,3,2,2,2,2,2,2,2,2,2
2,2,2,2,2,4,2,2,2,2,2,2,2,2,2,2,2,2,2,2,2
1,1,1,1,1,1,1,1,1,1,1,1,1,1,1,1,1,1,1,1,1
1,1,1,1,1,1,1,1,1,1,4,4,1,1,1,1,1,1,1,1,1
2,2,2,2,2,2,2,2,2,2,2,2,2,2,2,2,2,2,2,2,2
2,2,2,2,2,2,2,2,2,2,5,2,2,2,2,2,2,2,2,2,2
1,1,1,1,1,1,1,1,1,1,1,1,1,1,1,1,1,1,1,1,1
1,1,1,1,1,1,1,1,1,1,2,3,1,1,1,1,1,1,1,1,1
2,2,2,2,2,1,2,2,2,2,2,2,2,2,2,2,2,2,2,2,2
2,2,2,2,2,2,2,2,2,2,2,2,2,2,2,2,2,2,2,2,2
1,1,1,1,1,1,1,1,1,1,1,1,1,1,1,1,1,1,1,1,1
1,1,1,1,1,1,1,1,1,1,4,4,1,1,1,1,1,1,1,1,1
2,2,2,2,2,1,2,2,2,1,2,2,2,2,2,2,2,2,2,2,2
2,2,3,2,2,3,2,2,2,2,5,3,2,2,2,2,2,2,2,2,2
1,1,1,1,1,1,1,1,1,1,4,1,1,1,1,1,1,1,1,1,1
1,1,1,1,1,1,1,1,1,1,4,4,1,1,1,1,1,1,1,1,1
2,2,2,2,2,2,2,2,2,1,2,2,2,2,2,2,2,2,2,2,2
2,2,2,2,2,2,2,2,2,2,2,2,2,2,2,2,2,2,2,2,2
1,1,1,1,1,1,1,1,1,1,4,4,1,1,1,1,1,1,1,1,1
2,2,2,2,2,2,2,2,2,1,2,2,2,2,2,2,2,2,2,2,2
2,2,2,2,2,2,2,2,2,2,2,2,2,2,2,2,2,2,2,2,2
1,1,1,1,1,1,1,1,1,1,4,1,1,1,1,1,1,1,1,1,1
1,1,1,1,1,1,1,1,1,1,4,1,1,1,1,1,1,1,1,1,1
2,2,2,2,2,2,2,2,2,1,2,2,2,2,2,2,2,2,2,2,2
1,1,1,1,1,1,1,1,1,1,4,4,1,1,1,1,1,1,1,1,1
1,1,1,1,1,1,1,1,1,1,2,3,1,1,1,1,1,1,1,1,1
2,2,2,2,2,2,2,2,2,2,5,2,2,2,2,2,2,2,2,2,2
1,1,1,1,1,1,1,1,1,1,1,1,1,1,1,1,1,1,1,1,1
1,1,1,1,1,1,1,1,1,1,2,3,1,1,1,1,1,1,1,1,1
1,2,2,2,2,1,2,2,2,1,2,2,2,2,2,2,2,2,2,2,2
2,2,2,2,2,2,2,2,2,2,5,2,2,2,2,2,2,2,2,2,2
1,1,1,1,1,1,1,1,1,1,4,1,1,1,1,1,1,1,1,1,1
1,2,1,1,1,1,1,1,1,1,4,4,1,1,1,1,1,1,1,1,1
2,2,2,2,1,3,2,2,2,2,5,3,2,2,2,2,2,2,2,2,2
2,2,3,2,2,2,2,2,2,2,5,2,2,2,2,2,2,2,2,2,2
1,1,1,1,1,1,1,1,1,1,4,1,1,1,1,1,1,1,1,1,1
1,1,1,1,1,1,1,1,1,1,4,4,1,1,1,1,1,1,1,1,1
2,2,3,2,2,2,2,2,2,2,5,2,2,2,2,2,2,2,2,2,2
1,1,1,1,1,1,1,1,1,1,1,1,1,1,1,1,1,1,1,1,1
1,1,1,1,1,1,1,1,1,1,4,1,1,1,1,1,1,1,1,1,1
2,2,2,2,2,2,2,2,2,2,2,2,2,2,2,2,2,2,2,2,2
2,2,3,2,2,3,2,2,2,2,5,3,2,2,2,2,2,2,2,2,2
1,1,1,1,1,1,1,1,1,1,1,1,1,1,1,1,1,1,1,1,1
1,1,1,1,1,1,1,1,1,1,4,1,1,1,1,1,1,1,1,1,1
2,2,2,2,2,2,2,2,2,2,2,2,2,2,2,2,2,2,2,2,2
2,2,2,2,2,2,2,2,2,2,2,2,2,2,2,2,2,2,2,2,2
1,1,1,1,1,1,1,1,1,1,4,4,1,1,1,1,1,1,1,1,1
1,1,1,1,1,1,1,1,1,1,4,1,1,1,1,1,1,1,1,1,1
2,2,3,2,2,2,2,2,2,2,5,3,2,2,2,2,2,2,2,2,2
2,2,2,2,2,1,3,2,2,2,2,2,2,2,2,2,2,2,2,2,2
1,1,1,1,1,1,1,1,1,1,1,1,1,1,1,1,1,1,1,1,1
1,1,1,1,1,1,1,1,1,1,4,4,1,1,1,1,1,1,1,1,1
2,2,2,2,2,2,2,2,2,2,2,2,2,2,2,2,2,2,2,2,2
2,2,2,2,2,2,2,2,2,2,5,2,2,2,2,2,2,2,2,2,2
1,1,1,1,1,1,1,1,1,1,4,1,1,1,1,1,1,1,1,1,1
1,1,1,1,1,1,1,1,1,1,2,3,1,1,1,1,1,1,1,1,1
2,2,2,2,2,2,2,2,2,2,2,2,2,2,2,2,2,2,2,2,2
2,2,2,2,2,2,2,2,2,2,2,2,2,2,2,2,2,2,2,2,2
1,1,1,1,1,1,1,1,1,1,1,1,1,1,1,1,1,1,1,1,1
1,1,1,1,1,1,1,1,1,1,4,4,1,1,1,1,1,1,1,1,1
2,2,2,2,2,1,2,2,2,1,2,2,2,2,2,2,2,2,2,2,2
2,2,3,2,2,3,2,2,2,2,5,3,2,2,2,2,2,2,2,2,2
1,1,1,1,1,1,1,1,1,1,4,1,1,1,1,1,1,1,1,1,1
1,1,1,1,1,1,1,1,1,1,4,4,1,1,1,1,1,1,1,1,1
2,2,2,2,2,2,2,2,2,1,2,2,2,2,2,2,2,2,2,2,2
2,2,2,2,2,2,2,2,2,2,2,2,2,2,2,2,2,2,2,2,2
1,2,1,1,1,1,1,1,1,1,4,4,1,1,1,1,1,1,1,1,1
2,2,2,2,2,2,2,2,2,1,2,2,2,2,2,2,2,2,2,2,2
2,2,2,2,2,2,2,2,2,2,2,2,2,2,2,2,2,2,2,2,2
1,1,1,1,1,1,1,1,1,1,4,1,1,1,1,1,1,1,1,1,1
1,1,1,2,1,1,1,1,1,1,4,1,1,1,1,1,1,1,1,1,1
2,2,2,2,2,2,2,2,2,1,2,2,2,2,2,2,2,2,2,2,2
1,1,1,1,1,1,1,1,1,1,4,1,1,1,1,1,1,1,1,1,1
1,1,1,1,1,1,1,1,1,1,2,3,1,1,1,1,1,1,1,1,1
2,2,2,2,2,2,2,2,2,2,2,2,2,2,2,2,2,2,2,2,2
1,1,1,1,1,1,1,1,1,1,1,1,1,1,1,1,1,1,1,1,1
1,1,1,1,1,1,1,1,1,1,2,3,1,1,1,1,1,1,1,1,1
2,2,2,2,2,2,2,2,2,2,2,2,2,2,2,2,2,2,2,2,2
2,2,2,2,2,2,2,2,2,2,5,2,2,2,2,2,2,2,2,2,2
1,1,1,1,1,1,1,1,1,1,4,1,1,1,1,1,1,1,1,1,1
1,2,1,1,1,1,1,1,1,1,4,4,1,1,1,1,1,1,1,1,1
2,2,2,2,2,3,2,2,2,2,5,3,2,2,2,2,2,2,2,2,2
2,2,2,2,2,2,2,2,2,2,5,2,2,2,2,2,2,2,2,2,2
1,1,1,1,1,1,1,1,1,1,1,1,1,1,1,1,1,1,1,1,1
1,1,1,1,1,1,1,1,1,1,4,4,1,1,1,1,1,1,1,1,1
2,2,3,2,2,2,2,2,2,2,5,2,2,2,2,2,2,2,2,2,2
1,1,1,1,1,1,1,1,1,1,1,1,1,1,1,1,1,1,1,1,1
1,1,1,1,1,1,1,1,1,1,4,1,1,1,1,1,1,1,1,1,1
2,2,2,2,2,2,2,2,2,2,2,2,2,2,2,2,2,2,2,2,2
2,2,3,2,2,3,2,2,3,2,5,3,2,2,2,2,2,2,2,2,2
1,1,1,1,1,1,1,1,1,1,1,1,1,1,1,1,1,1,1,1,1
1,1,1,1,1,1,1,1,1,1,4,1,1,1,1,1,1,1,1,1,1
2,2,2,2,2,2,2,2,2,2,2,2,2,2,2,2,2,2,2,2,2
2,2,2,2,2,2,2,2,2,2,2,2,2,2,2,2,2,2,2,2,2
1,1,1,1,1,1,1,1,1,1,4,4,1,1,1,1,1,1,1,1,1
1,1,1,1,1,1,1,1,1,1,4,1,1,1,1,1,1,1,1,1,1
2,2,2,2,2,2,2,2,2,2,5,3,2,2,2,2,2,2,2,2,2
2,2,2,2,2,2,2,2,2,2,2,2,2,2,2,2,2,2,2,2,2
1,1,1,1,1,1,1,1,1,1,1,1,1,1,1,1,1,1,1,1,1
1,1,4,1,1,1,1,1,1,1,4,4,1,1,1,1,1,1,1,1,1
2,2,2,2,2,2,2,2,2,2,2,2,2,2,2,2,2,2,2,2,2
2,2,2,2,2,2,2,2,2,2,5,2,2,2,2,2,2,2,2,2,2
1,1,1,1,1,1,1,1,1,1,1,1,1,1,1,1,1,1,1,1,1
1,1,1,1,1,1,1,1,1,1,2,3,1,1,1,1,1,1,1,1,1
2,2,2,2,2,2,2,2,2,2,2,2,2,2,2,2,2,2,2,2,2
2,2,2,2,2,2,2,2,2,2,2,2,2,2,2,2,2,2,2,2,2
1,1,1,1,1,1,1,1,1,1,1,1,1,1,1,1,1,1,1,1,1
1,1,1,1,1,1,1,1,1,1,4,4,1,1,1,1,1,1,1,1,1
2,2,2,2,2,2,2,2,2,2,2,2,2,2,2,2,2,2,2,2,2
2,2,3,2,2,3,2,2,2,2,5,3,2,2,2,2,2,2,2,2,2
1,1,1,1,1,1,1,1,1,1,4,1,1,1,1,1,1,1,1,1,1
1,1,1,1,1,1,1,1,1,1,4,4,1,1,1,1,1,1,1,1,1
2,2,2,2,2,2,2,2,2,2,2,2,2,2,2,2,2,2,2,2,2
2,2,2,2,2,2,2,2,2,2,2,2,2,2,2,2,2,2,2,2,2
1,1,1,1,1,1,1,1,1,1,4,4,1,1,1,1,1,1,1,1,1
2,2,2,2,2,2,2,2,2,1,2,2,2,2,2,2,2,2,2,2,2
2,2,2,2,2,2,2,2,2,2,2,2,2,2,2,2,2,2,2,2,2
1,1,1,1,1,1,1,1,1,1,4,1,1,1,1,1,1,1,1,1,1
1,1,1,1,1,1,1,1,1,1,4,1,1,1,1,1,1,1,1,1,1
2,2,2,2,2,2,2,2,2,2,2,2,2,2,2,2,2,2,2,2,2
1,1,1,1,1,1,1,1,1,1,4,4,1,1,1,1,1,1,1,1,1
1,1,1,1,1,1,1,1,1,1,2,3,1,1,1,1,1,1,1,1,1
2,2,2,2,2,2,2,2,2,2,5,2,2,2,2,2,2,2,2,2,2
1,1,1,1,1,1,1,1,1,1,1,1,1,1,1,1,1,1,1,1,1
1,1,1,1,1,1,1,1,1,1,2,3,1,1,1,1,1,1,1,1,1
2,2,2,2,2,2,2,2,2,1,2,2,2,2,2,2,2,2,2,2,2
2,2,2,2,2,2,2,2,2,2,5,2,2,2,2,2,2,2,2,2,2
1,1,1,1,1,1,1,1,1,1,4,1,1,1,1,1,1,1,1,1,1
1,1,1,1,1,1,1,1,1,1,4,4,1,1,1,1,1,1,1,1,1
2,2,2,2,1,3,2,2,2,2,5,3,2,2,2,2,2,2,2,2,2
2,2,3,2,2,2,2,2,2,2,5,2,2,2,2,2,2,2,2,2,2
1,1,1,1,1,1,1,1,1,1,1,1,1,1,1,1,1,1,1,1,1
1,1,1,1,1,1,1,1,1,1,4,4,1,1,1,1,1,1,1,1,1
2,2,3,2,2,2,2,2,2,2,5,4,2,2,2,2,2,2,2,2,2
1,1,1,1,1,1,1,1,1,1,1,1,1,1,1,1,1,1,1,1,1
1,1,1,1,1,1,1,1,1,1,4,1,1,1,1,1,1,1,1,1,1
2,2,3,2,2,3,2,2,3,2,5,3,2,2,2,2,2,2,2,2,2
1,1,1,1,1,1,1,1,1,1,1,1,1,1,1,1,1,1,1,1,1
1,1,1,1,1,1,1,1,1,1,4,4,1,1,1,1,1,1,1,1,1
2,2,2,2,2,2,2,2,2,2,2,2,2,2,2,2,2,2,2,2,2
2,2,2,2,2,2,2,2,2,2,2,2,2,2,2,2,2,2,2,2,2
1,1,1,1,1,1,1,1,1,1,4,4,1,1,1,1,1,1,1,1,1
1,1,1,1,1,1,1,1,1,1,4,1,1,1,1,1,1,1,1,1,1
2,2,2,2,2,2,2,2,2,2,5,3,2,2,2,2,2,2,2,2,2
2,2,2,2,2,2,2,2,2,2,2,2,2,2,2,2,2,2,2,2,2
1,1,1,1,1,1,1,1,1,1,1,1,1,1,1,1,1,1,1,1,1
2,2,2,2,2,2,2,2,2,2,2,2,2,2,2,2,2,2,2,2,2
2,2,2,2,2,2,2,2,2,2,5,2,2,2,2,2,2,2,2,2,2
1,1,1,2,1,1,1,1,1,1,1,1,1,1,1,1,1,1,1,1,1
1,1,1,1,1,1,1,1,1,1,4,3,1,1,1,1,1,1,1,1,1
2,2,2,2,2,2,2,2,2,2,2,2,2,2,2,2,2,2,2,2,2
2,2,2,2,2,2,2,2,2,2,2,2,2,2,2,2,2,2,2,2,2
1,1,1,1,1,1,1,1,1,1,1,1,1,1,1,1,1,1,1,1,1
1,1,1,1,1,1,1,1,1,1,4,4,1,1,1,1,1,1,1,1,1
2,2,2,2,2,1,2,2,2,1,2,2,2,2,2,2,2,2,2,2,2
2,2,3,2,2,3,2,2,2,2,5,3,2,2,2,2,2,2,2,2,2
1,1,1,1,1,1,1,1,1,1,4,1,1,1,1,1,1,1,1,1,1
1,1,1,1,1,1,1,1,1,1,4,4,1,1,1,1,1,1,1,1,1
2,2,2,2,2,2,2,2,2,1,2,2,2,2,2,2,2,2,2,2,2
2,2,2,2,2,2,2,2,2,2,2,2,2,2,2,2,2,2,2,2,2
1,1,1,1,1,1,1,1,1,1,4,4,1,1,1,1,1,1,1,1,1
2,2,2,2,2,2,2,2,2,1,2,2,2,2,2,2,2,2,2,2,2
2,2,2,2,2,2,2,2,2,2,2,2,2,2,2,2,2,2,2,2,2
1,1,1,1,1,1,1,1,1,1,4,1,1,1,1,1,1,1,1,1,1
1,1,1,1,1,1,1,1,1,1,4,1,1,1,1,1,1,1,1,1,1
2,2,2,2,2,2,2,2,2,1,2,2,2,2,2,2,2,2,2,2,2
1,1,1,1,1,1,1,1,1,1,4,4,1,1,1,1,1,1,1,1,1
1,1,1,1,1,1,1,1,1,1,2,3,1,1,1,1,1,1,1,1,1
2,2,2,2,2,2,2,2,2,2,5,2,2,2,2,2,2,2,2,2,2
1,1,1,1,1,1,1,1,1,1,1,1,1,1,1,1,1,1,1,1,1
1,1,1,1,1,1,1,1,1,1,2,3,1,1,1,1,1,1,1,1,1
2,2,2,2,2,2,2,2,2,2,2,2,2,2,2,2,2,2,2,2,2
2,2,2,2,2,2,2,2,2,2,5,2,2,2,2,2,2,2,2,2,2
1,1,1,1,1,1,1,1,1,1,4,1,1,1,1,1,1,1,1,1,1
1,1,1,1,1,1,1,1,1,1,4,4,1,1,1,1,1,1,1,1,1
2,2,2,2,5,3,2,2,2,2,5,3,2,2,2,2,2,2,2,2,2
2,2,3,2,2,2,2,2,2,2,5,2,2,2,2,2,2,2,2,2,2
1,1,1,1,1,1,1,1,1,1,1,1,1,1,1,1,1,1,1,1,1
1,1,1,1,1,1,1,1,1,1,4,4,1,1,1,1,1,1,1,1,1
2,2,3,2,2,2,2,2,2,2,5,2,2,2,2,2,2,2,2,2,2
1,1,1,1,1,1,1,1,1,1,1,1,1,1,1,1,1,1,1,1,1
1,1,1,1,1,1,1,1,1,1,5,1,1,1,1,1,1,1,1,1,1
2,2,2,2,2,2,2,2,2,2,2,2,2,2,2,2,2,2,2,2,2
2,2,3,2,2,3,2,2,2,2,5,3,2,2,2,2,2,2,2,2,2
1,1,1,1,1,1,1,1,1,1,1,1,1,1,1,1,1,1,1,1,1
1,1,1,1,1,1,1,1,1,1,4,4,1,1,1,1,1,1,1,1,1
2,2,2,2,2,2,2,2,2,2,2,2,2,2,2,2,2,2,2,2,2
2,2,2,2,2,2,2,2,2,2,2,2,2,2,2,2,2,2,2,2,2
1,1,1,1,1,1,1,1,1,1,4,4,1,1,1,1,1,1,1,1,1
1,1,1,1,1,1,1,1,1,1,4,1,1,1,1,1,1,1,1,1,1
2,2,2,2,2,2,2,2,2,2,5,3,2,2,2,2,2,2,2,2,2
2,2,2,2,2,2,2,2,2,2,2,2,2,2,2,2,2,2,2,2,2
1,1,1,1,1,1,1,1,1,1,1,1,1,1,1,1,1,1,1,1,1
1,1,1,1,1,1,1,1,1,1,4,4,1,1,1,1,1,1,1,1,1
2,2,2,2,2,2,2,2,2,2,2,2,2,2,2,2,2,2,2,2,2
2,2,2,2,2,2,2,2,2,2,5,2,2,2,2,2,2,2,2,2,2
1,1,1,1,1,1,1,1,1,1,1,1,1,1,1,1,1,1,1,1,1
1,1,1,1,1,1,1,1,1,1,2,3,1,1,1,1,1,1,1,1,1
2,2,2,2,2,2,2,2,2,2,2,2,2,2,2,2,2,2,2,2,2
2,2,2,2,2,2,2,2,2,2,2,2,2,2,2,2,2,2,2,2,2
1,1,1,1,1,1,1,1,1,1,1,1,1,1,1,1,1,1,1,1,1
1,1,1,1,1,1,1,1,1,1,4,4,1,1,1,1,1,1,1,1,1
2,2,2,2,2,1,2,2,2,1,2,2,2,2,2,2,2,2,2,2,2
2,2,3,2,2,3,2,2,2,2,5,3,2,2,2,2,2,2,2,2,2
1,1,1,1,1,1,1,1,1,1,4,1,1,1,1,1,1,1,1,1,1
1,1,1,1,1,1,1,1,1,1,4,4,1,1,1,1,1,1,1,1,1
2,2,2,2,2,2,2,2,2,1,2,2,2,2,2,2,2,2,2,2,2
2,2,2,2,2,2,2,2,2,2,2,2,2,2,2,2,2,2,2,2,2
1,1,1,1,1,1,1,1,1,1,4,4,1,1,1,1,1,1,1,1,1
2,2,2,2,2,2,2,2,2,1,2,2,2,2,2,2,2,2,2,2,2
2,2,2,2,2,2,2,2,2,2,2,2,2,2,2,2,2,2,2,2,2
1,1,1,1,1,1,1,1,1,1,4,1,1,1,1,1,1,1,1,1,1
1,1,1,1,1,1,1,1,1,1,4,1,1,1,1,1,1,1,1,1,1
2,2,2,2,2,2,2,2,2,2,2,2,2,2,2,2,2,2,2,2,2
1,1,1,1,1,1,1,1,1,1,4,4,1,1,1,1,1,1,1,1,1
1,1,1,1,1,4,1,1,1,1,2,3,1,1,1,1,1,1,1,1,1
2,2,2,2,2,2,2,2,2,2,5,2,2,2,2,2,2,2,2,2,2
1,1,1,1,1,1,1,1,1,1,1,1,1,1,1,1,1,1,1,1,1
1,1,1,1,1,1,1,1,1,1,2,3,1,1,1,1,1,1,1,1,1
2,2,2,2,2,2,2,2,2,2,2,2,2,2,2,2,2,2,2,2,2
2,2,2,2,2,2,2,2,2,2,5,2,2,2,2,2,2,2,2,2,2
1,1,1,1,1,1,1,1,1,1,4,1,1,1,1,1,1,1,1,1,1
1,1,1,1,1,1,1,1,1,1,4,4,1,1,1,1,1,1,1,1,1
2,2,2,2,5,3,2,2,2,2,5,3,2,2,2,2,2,2,2,2,2
2,2,3,2,2,2,2,2,2,2,5,2,2,2,2,2,2,2,2,2,2
1,1,1,1,1,1,1,1,1,1,1,1,1,1,1,1,1,1,1,1,1
1,1,1,1,1,1,1,1,1,1,4,4,1,1,1,1,1,1,1,1,1
2,2,3,2,2,2,2,2,2,2,5,2,2,2,2,2,2,2,2,2,2
1,1,1,1,1,1,1,1,1,1,1,1,1,1,1,1,1,1,1,1,1
1,1,1,1,1,1,1,1,1,1,5,1,1,1,1,1,1,1,1,1,1
2,2,2,2,2,2,2,2,2,2,2,2,2,2,2,2,2,2,2,2,2
2,2,3,2,2,3,2,2,3,2,5,3,2,2,2,2,2,2,2,2,2
1,1,1,1,1,1,1,1,1,1,1,1,1,1,1,1,1,1,1,1,1
1,1,1,1,1,1,1,1,1,1,4,1,1,1,1,1,1,1,1,1,1
2,2,2,2,2,2,2,2,2,2,2,2,2,2,2,2,2,2,2,2,2
2,2,2,2,2,2,2,2,2,2,2,2,2,2,2,2,2,2,2,2,2
1,1,1,1,1,1,1,1,1,1,4,1,1,1,1,1,1,1,1,1,1
1,1,1,1,1,1,1,1,1,1,4,1,1,1,1,1,1,1,1,1,1
2,2,3,2,2,2,2,2,2,2,5,3,2,2,2,2,2,2,2,2,2
2,2,2,2,2,2,2,2,2,2,2,2,2,2,2,2,2,2,2,2,2
1,1,1,1,1,1,1,1,1,1,1,1,1,1,1,1,1,1,1,1,1
1,1,1,1,1,1,1,1,1,1,4,4,1,1,1,1,1,1,1,1,1
2,2,2,2,2,2,2,2,2,2,2,2,2,2,2,2,2,2,2,2,2
2,2,2,2,2,2,2,2,2,2,5,2,2,2,2,2,2,2,2,2,2
1,1,1,1,1,1,1,1,1,1,1,1,1,1,1,1,1,1,1,1,1
1,1,1,1,1,1,1,1,1,1,2,4,1,1,1,1,1,1,1,1,1
2,2,2,2,2,2,2,2,2,2,2,2,2,2,2,2,2,2,2,2,2
2,2,2,2,2,2,2,2,2,2,2,2,2,2,2,2,2,2,2,2,2
1,1,1,1,1,1,1,1,1,1,1,1,1,1,1,1,1,1,1,1,1
1,1,1,1,1,1,1,1,1,1,4,1,1,1,1,1,1,1,1,1,1
2,2,2,2,2,2,3,2,2,1,2,2,2,2,2,2,2,2,2,2,2
2,2,3,2,2,3,2,2,2,2,5,3,2,2,2,2,2,2,2,2,2
1,1,1,1,1,1,1,1,1,1,1,1,1,1,1,1,1,1,1,1,1
1,1,1,1,1,1,1,1,1,1,2,4,1,1,1,1,1,1,1,1,1
2,2,2,2,2,2,2,2,2,2,2,2,2,2,2,2,2,2,2,2,2
2,2,2,2,2,2,2,2,2,2,2,2,2,2,2,2,2,2,2,2,2
1,1,1,1,1,1,1,1,1,1,4,4,1,1,1,1,1,1,1,1,1
2,2,2,2,2,2,2,2,2,2,2,2,2,2,2,2,2,2,2,2,2
2,2,2,2,2,2,2,2,2,2,2,2,2,2,2,2,2,2,2,2,2
1,1,1,1,1,1,1,1,1,1,1,1,1,1,1,1,1,1,1,1,1
1,1,1,1,1,1,1,1,1,1,4,1,1,1,1,1,1,1,1,1,1
2,2,2,2,2,2,2,2,2,2,2,2,2,2,2,2,2,2,2,2,2
1,1,1,1,1,1,1,1,1,1,4,1,1,1,1,1,1,1,1,1,1
1,2,1,1,1,1,1,1,1,1,2,3,1,1,1,1,1,1,1,1,1
2,2,2,2,2,2,2,2,2,2,2,2,2,2,2,2,2,2,2,2,2
1,1,1,1,1,1,1,1,1,1,1,1,1,1,1,1,1,1,1,1,1
1,1,1,1,1,1,1,1,1,1,2,3,1,1,1,1,1,1,1,1,1
2,2,2,2,2,2,2,2,2,1,2,2,2,2,2,2,2,2,2,2,2
2,2,2,2,2,2,2,2,2,2,5,2,2,2,2,2,2,2,2,2,2
1,1,1,1,1,1,1,1,1,1,4,1,1,1,1,1,1,1,1,1,1
1,1,1,1,1,1,1,1,1,1,4,4,1,1,1,1,1,1,1,1,1
2,2,2,2,5,2,2,2,2,2,5,3,2,2,2,2,2,2,2,2,2
2,2,2,2,2,2,2,2,2,2,5,2,2,2,2,2,2,2,2,2,2
1,1,1,1,1,1,1,1,1,1,1,1,1,1,1,1,1,1,1,1,1
1,1,1,1,1,1,1,1,1,1,4,4,1,1,1,1,1,1,1,1,1
2,2,3,2,2,2,2,2,2,2,5,2,2,2,2,2,2,2,2,2,2
1,1,1,1,1,1,1,1,1,1,1,1,1,1,1,1,1,1,1,1,1
1,1,1,1,1,1,1,1,1,1,5,1,1,1,1,1,1,1,1,1,1
2,2,2,2,2,2,2,2,2,2,2,2,2,2,2,2,2,2,2,2,2
2,2,3,2,2,3,2,2,3,2,5,3,2,2,2,2,2,2,2,2,2
1,1,1,1,1,1,1,1,1,1,1,1,1,1,1,1,1,1,1,1,1
1,1,1,1,1,1,1,1,1,1,4,1,1,1,1,1,1,1,1,1,1
2,2,2,2,2,2,2,2,2,2,2,2,2,2,2,2,2,2,2,2,2
2,2,2,2,2,2,2,2,2,2,2,2,2,2,2,2,2,2,2,2,2
1,1,1,1,1,1,1,1,1,1,4,1,1,1,1,1,1,1,1,1,1
1,1,1,1,1,1,1,1,1,1,4,1,1,1,1,1,1,1,1,1,1
2,2,2,2,2,2,2,2,2,2,2,2,2,2,2,2,2,2,2,2,2
1,1,1,1,1,1,1,1,1,1,1,1,1,1,1,1,1,1,1,1,1
1,1,1,1,1,1,1,1,1,1,4,4,1,1,1,1,1,1,1,1,1
2,2,2,2,2,2,2,2,2,2,2,2,2,2,2,2,2,2,2,2,2
2,2,2,2,2,2,2,2,2,2,5,2,2,2,2,2,2,2,2,2,2
1,1,1,1,1,1,1,1,1,1,1,1,1,1,1,1,1,1,1,1,1
1,1,1,1,1,1,1,1,1,1,2,3,1,1,1,1,1,1,1,1,1
2,2,2,2,2,2,2,2,2,2,2,2,2,2,2,2,2,2,2,2,2
2,2,2,2,2,2,2,2,2,2,2,2,2,2,2,2,2,2,2,2,2
1,1,1,1,1,1,1,1,1,1,1,1,1,1,1,1,1,1,1,1,1
1,1,1,1,1,1,1,1,1,1,4,1,1,1,1,1,1,1,1,1,1
2,2,2,2,2,2,2,2,2,1,2,2,2,2,2,2,2,2,2,2,2
2,2,3,2,2,3,2,2,2,2,5,3,2,2,2,2,2,2,2,2,2
1,1,1,1,1,1,1,1,1,1,4,1,1,1,1,1,1,1,1,1,1
1,1,1,1,1,1,1,1,1,1,4,4,1,1,1,1,1,1,1,1,1
2,2,2,2,2,2,2,2,2,1,2,2,2,2,2,2,2,2,2,2,2
2,2,2,2,2,2,2,2,2,2,2,2,2,2,2,2,2,2,2,2,2
1,1,1,1,1,1,1,1,1,1,4,4,1,1,1,1,1,1,1,1,1
2,2,2,2,2,2,2,2,2,1,2,2,2,2,2,2,2,2,2,2,2
2,2,2,2,2,2,2,2,2,2,2,2,2,2,2,2,2,2,2,2,2
1,1,1,1,1,1,1,1,1,1,1,1,1,1,1,1,1,1,1,1,1
1,1,1,1,1,1,1,1,1,1,4,1,1,1,1,1,1,1,1,1,1
2,2,2,2,2,2,2,2,2,2,2,2,2,2,2,2,2,2,2,2,2
1,4,5,5,6,5,1,5,5,4,6,6,6,5,5,1,5,5,1,5,5
1,2,2,1,4,5,1,5,2,1,5,3,1,2,2,1,2,2,1,2,2
5,5,4,5,5,5,5,5,5,5,5,5,5,5,5,5,5,5,5,5,5
5,5,5,5,5,5,5,5,5,5,5,6,5,5,5,5,5,5,5,5,5
4,4,5,4,6,1,1,5,3,4,5,4,4,4,1,4,5,1,4,6,1
1,2,1,1,2,1,1,6,5,1,6,3,1,2,5,1,2,2,1,6,5
5,6,5,5,4,5,5,6,5,5,5,6,5,5,5,5,5,5,5,5,5
5,5,5,5,5,5,5,5,5,5,5,4,5,5,5,5,5,5,5,5,5
1,5,5,5,5,3,1,5,3,4,6,6,6,5,1,1,5,5,1,6,1
1,4,5,5,3,2,1,6,5,6,6,6,6,6,5,1,6,5,4,6,5
5,4,5,5,5,5,5,5,5,5,5,6,5,5,5,5,5,5,5,5,5
5,5,5,5,5,5,5,5,5,5,5,5,5,5,5,5,5,5,5,5,5
4,5,5,1,5,1,5,5,1,4,5,4,5,5,1,1,5,1,1,6,1
4,4,5,4,1,5,4,6,5,4,6,6,4,6,5,4,6,5,4,6,5
5,6,5,5,1,5,5,5,5,5,6,6,5,5,5,5,5,5,5,5,5
5,5,5,5,5,5,5,5,5,5,5,5,5,5,5,5,5,5,5,5,5
1,5,5,5,5,1,1,5,3,4,5,4,6,5,1,1,5,1,1,1,1
4,4,5,5,6,2,1,5,1,4,5,4,6,4,4,1,5,4,4,4,4
5,5,5,5,5,5,5,5,5,5,5,4,5,5,5,5,5,5,5,5,5
5,5,5,3,5,5,5,5,5,5,5,4,5,5,5,5,5,5,5,5,5
1,5,5,5,5,1,1,5,3,4,5,4,6,5,1,1,5,1,1,1,1
4,4,5,5,4,4,4,5,1,4,6,6,6,6,1,4,6,1,4,6,1
5,5,5,5,5,5,5,5,5,5,5,4,5,5,5,5,5,5,5,5,5
5,5,5,5,5,5,5,5,5,5,5,6,5,5,5,5,5,5,5,5,5
4,4,5,4,4,5,4,5,5,4,6,6,4,5,5,4,5,5,4,5,5
4,4,5,4,4,1,4,5,1,4,6,4,4,6,1,4,6,4,4,6,1
5,5,5,5,5,5,5,5,5,5,5,4,5,5,5,5,5,5,5,5,5
5,5,5,5,5,5,5,5,5,5,5,4,5,5,5,5,5,5,5,5,5
1,5,5,5,5,4,1,5,3,4,5,4,1,5,1,1,5,1,1,1,1
4,4,1,1,1,4,1,6,5,1,6,6,5,6,5,1,6,5,5,5,5
5,5,5,5,5,5,5,5,5,5,5,5,5,5,5,5,5,5,5,5,5
5,5,5,5,5,3,5,5,5,5,5,4,5,5,5,5,5,5,5,5,5
1,5,5,5,5,1,1,5,3,4,5,4,6,5,1,1,5,1,1,6,1
1,4,5,6,1,1,1,5,5,1,6,3,1,6,5,1,6,6,1,5,5
5,5,5,5,5,5,5,5,5,5,5,4,5,5,5,5,5,5,5,5,5
5,5,5,5,5,5,5,5,5,5,5,4,5,5,5,5,5,5,5,5,5
1,5,5,5,5,1,1,5,3,2,5,4,6,5,1,1,5,1,1,1,1
4,4,5,4,4,4,4,6,6,4,6,6,4,6,5,4,6,5,4,6,5
5,5,5,5,5,5,5,5,5,5,5,5,5,5,5,5,5,5,5,5,5
5,5,5,5,5,5,5,5,5,5,5,4,5,5,5,5,5,5,5,5,5
1,5,5,5,5,4,1,5,3,4,5,6,6,5,1,1,5,5,6,6,5
4,4,5,1,5,2,1,5,5,1,6,6,5,5,5,1,6,6,5,6,5
5,5,5,5,5,5,5,5,5,5,5,4,5,5,5,5,5,5,5,5,5
5,5,5,5,5,3,5,5,5,5,5,6,5,5,5,5,5,5,5,5,5
5,5,5,5,5,5,5,5,5,5,5,4,5,5,5,5,5,5,5,5,5
4,5,1,5,5,5,1,5,5,4,6,6,6,5,5,1,5,5,1,5,5
5,5,5,5,5,3,5,5,5,5,6,6,5,5,5,5,5,5,5,5,5
5,5,5,5,5,5,5,5,5,5,5,6,5,5,5,5,5,5,5,5,5
4,5,5,5,5,1,1,5,3,4,5,4,6,5,1,1,5,5,1,1,1
4,4,5,5,6,1,1,5,3,4,6,4,6,6,1,4,6,4,4,6,4
5,5,5,5,5,5,5,5,5,5,5,4,5,5,5,5,5,5,5,5,5
4,5,5,5,5,5,4,5,5,2,6,6,6,5,5,2,5,5,2,5,5
1,2,2,1,4,1,1,5,2,1,5,3,1,2,2,1,2,2,1,2,2
5,5,4,5,5,3,5,5,5,5,5,5,5,5,5,5,5,5,5,5,5
5,5,5,5,5,5,5,5,5,5,5,6,5,5,5,5,5,5,5,5,5
1,5,5,1,5,1,1,5,3,4,5,4,1,5,1,1,5,1,1,1,1
1,1,5,1,2,1,1,5,5,1,6,3,1,2,5,1,2,6,1,5,5
5,6,5,5,4,5,5,5,5,5,5,6,5,5,5,5,5,5,5,5,5
5,5,5,5,5,5,5,5,5,5,5,4,5,5,5,5,5,5,5,5,5
4,5,5,5,5,1,4,5,3,4,5,4,6,5,1,4,5,5,4,6,1
4,4,5,5,1,5,1,6,5,4,6,6,5,6,5,1,6,5,1,5,5
5,6,5,5,5,5,5,5,5,5,5,6,5,5,5,5,5,5,5,5,5
5,5,5,5,5,5,5,5,5,5,5,5,5,5,5,5,5,5,5,5,5
4,5,5,4,5,1,4,5,3,4,5,4,4,5,1,4,5,5,4,6,1
4,4,5,4,4,5,4,6,5,4,6,6,4,6,5,4,6,5,4,6,5
5,5,5,5,5,5,5,5,5,5,6,6,5,5,5,5,5,5,5,5,5
5,5,5,5,3,5,5,5,5,5,5,5,5,5,5,5,5,5,5,5,5
4,5,5,5,5,4,1,5,3,4,5,4,1,5,1,1,5,1,1,1,1
1,4,5,4,2,4,4,5,1,4,5,4,4,4,1,4,1,4,4,4,4
5,5,5,5,5,5,5,5,5,5,5,4,5,5,5,5,5,5,5,5,5
5,5,5,5,5,5,5,5,5,5,5,4,5,5,5,5,5,5,5,5,5
4,5,5,4,5,4,4,5,3,4,5,4,4,5,1,4,5,1,4,1,1
4,4,5,5,1,4,4,5,1,4,6,6,4,6,1,1,6,5,4,6,1
5,5,5,5,5,5,5,5,5,5,5,5,5,5,5,5,5,5,5,5,5
5,5,5,5,5,5,5,5,5,5,5,6,5,5,5,5,5,5,5,5,5
4,4,5,5,4,5,4,5,5,4,6,6,4,6,5,4,5,5,4,5,5
4,4,5,4,4,2,4,5,3,4,6,4,4,6,1,4,6,4,4,6,1
5,5,5,5,5,5,5,5,5,5,5,4,5,5,5,5,5,5,5,5,5
5,5,5,5,5,5,5,5,5,5,5,5,5,5,5,5,5,5,5,5,5
4,5,5,4,5,1,4,5,3,4,5,4,4,5,1,4,5,1,4,1,1
1,4,1,1,1,5,1,5,5,4,6,6,1,6,5,1,6,5,5,5,5
5,5,5,5,5,5,5,5,5,5,5,4,5,5,5,5,5,5,5,5,5
5,5,5,5,5,5,5,5,5,5,5,4,5,5,5,5,5,5,5,6,5
1,4,5,5,2,2,1,5,3,4,5,4,4,4,1,4,5,1,4,6,1
1,3,5,1,3,3,1,5,3,1,6,3,1,2,5,1,6,2,5,6,5
5,4,5,5,1,5,5,5,5,5,5,4,5,5,5,5,5,5,5,5,5
5,5,5,5,5,5,5,5,5,5,5,4,5,5,5,5,5,5,5,5,5
1,5,5,1,5,2,1,5,3,2,5,4,1,5,1,1,5,1,1,1,1
4,4,5,5,6,4,1,5,1,4,6,6,1,6,1,1,6,5,1,6,5
5,5,4,5,5,5,5,5,5,5,5,5,5,5,5,5,5,5,5,5,5
5,5,5,5,5,5,5,5,5,5,5,4,5,5,5,5,5,5,5,5,5
4,5,5,5,5,3,1,5,3,4,5,6,6,5,1,2,5,5,6,5,5
1,4,5,1,3,5,5,6,5,2,6,6,5,6,5,1,6,5,1,6,5
5,5,5,5,5,5,5,5,5,5,5,4,5,5,5,5,5,5,5,5,5
5,5,5,5,5,5,5,5,5,5,5,6,5,5,5,5,5,5,5,5,5
5,5,5,5,5,5,5,5,5,5,5,4,5,5,5,5,5,5,5,5,5
4,4,1,5,5,5,1,5,5,2,6,6,5,5,5,1,5,5,4,5,5
5,5,5,5,5,6,5,5,5,5,6,6,5,5,5,5,5,5,5,5,5
5,5,5,5,5,5,5,5,5,5,5,6,5,5,5,5,5,5,5,5,5
4,5,5,4,5,1,4,5,3,4,5,4,4,5,1,4,5,5,4,1,1
4,4,5,5,6,1,1,5,1,4,6,4,6,6,1,1,6,4,1,6,1
5,5,5,5,5,5,5,5,5,5,5,4,5,5,5,5,5,5,5,5,5
4,5,5,5,5,5,1,5,5,4,6,6,4,5,5,4,5,5,4,5,5
1,5,2,1,4,1,1,5,2,2,5,3,1,5,2,1,2,2,1,2,2
5,5,4,5,5,4,5,5,5,5,5,5,5,5,5,5,5,5,5,5,5
5,5,5,5,5,5,5,5,5,5,5,6,5,5,5,5,5,5,5,5,5
1,5,5,4,5,2,4,5,1,4,5,4,4,5,1,4,5,1,4,1,1
1,1,5,1,4,1,1,5,1,1,6,3,1,2,5,1,6,6,1,5,5
5,6,5,5,4,5,5,6,5,5,5,6,5,5,5,5,5,5,5,5,5
5,5,5,5,5,5,5,5,5,5,5,4,5,5,5,5,5,5,5,5,5
4,5,5,4,5,1,4,5,3,4,5,4,4,5,1,4,5,5,4,6,1
4,4,5,5,1,6,5,5,5,4,6,6,4,6,5,1,6,5,1,6,5
5,5,5,5,5,5,5,5,5,5,5,6,5,5,5,5,5,5,5,5,5
5,5,5,5,5,5,5,5,5,5,5,5,5,5,5,5,5,5,5,5,5
1,5,5,5,5,1,5,5,3,2,5,4,6,5,1,2,5,1,1,6,1
4,4,5,5,4,5,4,6,5,4,6,6,4,6,5,4,6,5,4,5,5
5,5,5,5,5,5,5,5,5,5,6,6,5,5,5,5,5,5,5,5,5
5,5,5,5,5,5,5,5,5,5,5,5,5,5,5,5,5,5,5,5,5
1,5,5,1,5,4,1,5,3,4,5,4,1,5,1,1,5,1,1,1,1
4,5,5,5,5,4,5,5,1,4,5,4,1,5,1,1,5,4,1,4,4
5,5,5,5,5,5,5,5,5,5,5,4,5,5,5,5,5,5,5,5,5
5,5,5,5,5,5,5,5,5,5,5,4,5,5,5,5,5,5,5,5,5
1,5,5,1,5,4,1,5,3,4,5,4,6,5,1,1,5,1,1,1,1
4,4,5,5,1,4,4,5,1,4,6,6,4,6,1,4,6,5,4,6,1
5,5,5,5,5,5,5,5,5,5,5,5,5,5,5,5,5,5,5,5,5
5,5,5,5,5,5,5,5,5,5,5,6,5,5,5,5,5,5,5,5,5
4,4,5,4,1,5,4,5,5,4,6,6,4,5,5,4,5,5,4,5,5
4,4,5,4,6,2,4,5,1,4,6,4,4,6,1,4,6,4,4,6,1
5,5,5,5,5,5,5,5,5,5,5,4,5,5,5,5,5,5,5,5,5
5,5,5,5,5,5,5,5,5,5,5,5,5,5,5,5,5,5,5,5,5
6,5,5,6,5,4,6,5,3,2,5,4,6,5,1,2,5,1,6,1,1
4,4,1,1,1,5,4,5,5,4,6,6,4,6,5,4,6,5,4,5,5
5,5,5,5,5,5,5,5,5,5,5,5,5,5,5,5,5,5,5,5,5
5,5,5,5,5,3,5,5,5,5,5,4,5,5,5,5,5,5,5,5,5
1,5,5,5,5,1,1,5,3,4,5,4,6,5,1,1,5,1,1,6,1
1,4,5,1,5,1,1,3,1,1,6,6,1,5,5,1,5,6,5,5,5
5,5,5,5,5,5,5,5,5,5,5,4,5,5,5,5,5,5,5,5,5
5,5,5,5,5,5,5,5,5,5,5,4,5,5,5,5,5,5,5,5,5
1,5,5,5,5,1,1,5,3,2,5,4,1,5,1,1,5,1,1,1,1
4,4,5,5,1,4,1,5,1,4,6,6,4,6,1,4,6,5,4,6,5
5,5,4,5,5,5,5,5,5,5,5,5,5,5,5,5,5,5,5,5,5
5,5,5,5,5,5,5,5,5,5,5,4,5,5,5,5,5,5,5,5,5
4,5,5,5,5,4,1,5,3,2,5,6,1,5,1,2,5,5,4,5,5
1,4,5,1,1,2,1,5,5,2,6,6,1,5,5,1,6,5,1,6,5
5,5,5,5,5,5,5,5,5,5,5,4,5,5,5,5,5,5,5,5,5
5,5,5,5,5,5,5,5,5,5,5,6,5,5,5,5,5,5,5,5,5
5,5,5,4,5,5,5,5,5,6,5,4,5,5,5,6,5,5,5,5,5
4,5,1,4,5,5,4,5,5,4,6,6,4,5,5,4,5,5,4,5,5
5,5,5,5,5,6,5,5,5,5,6,6,5,5,5,5,5,5,5,5,5
5,5,5,5,5,5,5,5,5,5,5,6,5,5,5,5,5,5,5,5,5
4,5,5,4,5,1,4,5,3,4,5,4,4,5,1,4,5,5,4,1,1
4,4,5,5,1,2,5,5,1,4,6,4,1,6,1,1,6,4,1,6,1
5,5,5,5,5,5,5,5,5,5,5,4,5,5,5,5,5,5,5,5,5
1,4,5,5,4,5,1,5,3,4,6,6,6,6,5,1,5,5,6,5,5
1,2,2,1,4,3,1,2,3,2,5,3,1,2,2,1,2,2,1,2,2
5,5,4,5,5,5,5,5,5,5,5,1,5,5,5,5,5,5,5,5,5
5,5,5,5,5,5,5,5,5,5,5,6,5,5,5,5,5,5,5,5,5
1,5,5,5,5,1,1,5,1,4,5,4,1,5,1,2,5,1,6,5,1
6,5,1,1,5,1,1,5,5,2,5,6,1,5,5,1,5,6,1,6,6
5,6,5,5,4,5,5,5,5,5,5,6,5,5,5,5,5,5,5,5,5
5,5,5,5,5,5,5,5,5,5,5,4,5,5,5,5,5,5,5,5,5
4,5,5,5,5,1,1,5,1,4,5,4,6,5,1,6,5,5,6,6,1
1,4,5,1,1,5,1,5,5,2,6,6,1,6,5,1,6,5,5,5,5
5,4,5,5,4,5,5,5,5,5,5,6,5,5,5,5,5,5,5,5,5
5,5,5,5,5,5,5,5,5,5,5,5,5,5,5,5,5,5,5,5,5
1,5,5,1,5,1,1,5,3,2,5,4,1,5,1,2,5,5,2,5,1
4,4,5,5,1,6,4,5,1,4,6,6,6,6,5,4,6,5,4,5,5
5,6,5,5,1,5,5,5,5,5,6,6,5,5,5,5,5,5,5,5,5
5,5,5,5,5,3,5,5,5,5,5,5,5,5,5,5,5,5,5,5,5
1,5,1,1,5,4,1,5,3,2,5,4,1,5,1,1,5,1,1,1,1
4,5,1,4,5,2,1,5,1,4,5,4,4,5,1,4,1,4,4,4,4
5,5,5,5,5,5,5,5,5,5,5,4,5,5,5,5,5,5,5,5,5
5,5,5,5,5,5,5,5,5,5,5,4,5,5,5,5,5,5,5,5,5
4,5,5,4,5,2,1,5,3,4,5,4,1,5,1,4,5,1,4,4,1
4,4,5,1,1,4,4,5,1,4,6,6,4,6,1,4,6,5,4,6,1
5,5,5,5,5,5,5,5,5,5,5,5,5,5,5,5,5,5,5,5,5
5,5,5,5,5,5,5,5,5,5,5,6,5,5,5,5,5,5,5,5,5
4,5,5,4,5,5,4,5,5,2,5,6,4,5,5,2,5,5,4,5,5
4,4,5,5,4,2,4,5,3,4,6,4,4,6,1,4,6,4,4,6,1
5,5,5,5,5,5,5,5,5,5,5,4,5,5,5,5,5,5,5,5,5
5,5,5,5,5,5,5,5,5,5,5,5,5,5,5,5,5,5,5,5,5
4,5,5,4,5,2,1,5,3,4,5,4,4,5,1,4,5,1,4,1,1
4,4,1,4,4,6,4,6,1,4,6,6,4,6,5,4,6,5,4,5,5
5,5,5,5,5,5,5,5,5,5,5,5,5,5,5,5,5,5,5,5,5
5,5,5,5,5,3,5,5,5,5,5,4,5,5,5,5,5,5,5,5,5
4,5,5,5,5,1,1,5,3,2,5,4,1,5,1,2,5,1,1,6,1
1,5,5,5,5,1,1,5,5,2,6,6,1,5,5,1,6,6,1,5,5
5,5,5,5,5,5,5,5,5,5,5,4,5,5,5,5,5,5,5,5,5
5,5,5,5,5,5,5,5,5,5,5,5,5,5,5,5,5,5,5,5,5
1,5,5,4,5,1,1,5,3,4,5,4,4,5,1,4,5,1,4,1,1
4,4,5,4,4,4,4,5,6,4,6,6,4,6,5,4,6,5,4,6,1
5,5,4,5,5,5,5,5,5,5,5,5,5,5,5,5,5,5,5,5,5
5,5,5,5,5,5,5,5,5,5,5,5,5,5,5,5,5,5,5,5,5
4,5,5,4,5,4,4,5,3,4,5,6,4,5,5,4,5,5,4,5,5
4,4,5,4,5,5,4,5,5,4,6,6,4,5,5,4,6,6,4,6,5
5,5,5,5,5,5,5,5,5,5,5,4,5,5,5,5,5,5,5,5,5
5,5,5,5,5,5,5,5,5,5,5,6,5,5,5,5,5,5,5,5,5
5,5,5,5,5,5,5,5,5,5,5,4,5,5,5,5,5,5,5,5,5
4,5,1,4,5,5,4,5,5,4,5,6,4,5,5,4,5,5,4,5,5
5,5,5,5,5,5,5,5,5,5,6,6,5,5,5,5,5,5,5,5,5
5,5,5,5,5,3,5,5,5,5,5,6,5,5,5,5,5,5,5,5,5
1,5,5,1,5,1,1,5,3,4,5,4,6,5,5,1,5,5,1,1,1
4,4,5,4,4,1,4,5,3,4,6,4,4,6,1,4,6,4,4,6,1
5,5,5,5,5,5,5,5,5,5,5,4,5,5,5,5,5,5,5,5,5
4,5,5,1,5,5,5,5,1,5,5,6,4,5,5,5,5,5,4,5,5
1,2,2,1,4,1,1,6,2,2,5,3,1,2,2,1,2,2,1,2,2
5,5,4,5,5,3,5,5,5,5,5,5,5,5,5,5,5,5,5,5,5
5,5,5,5,5,5,5,5,5,5,5,6,5,5,5,5,5,5,5,5,5
1,5,5,4,5,2,4,5,3,4,5,4,4,5,1,4,5,1,4,1,1
1,2,5,1,4,1,1,5,5,2,5,3,1,2,5,1,6,6,1,5,5
5,4,5,5,4,5,5,5,5,5,5,6,5,5,5,5,5,5,5,5,5
5,5,5,5,5,5,5,5,5,5,5,4,5,5,5,5,5,5,5,5,5
1,5,5,5,5,1,5,5,3,2,5,4,5,5,1,1,5,5,1,6,1
1,4,5,5,4,5,1,6,5,2,6,6,6,6,5,1,6,5,1,6,5
5,5,5,5,5,5,5,5,5,5,5,4,5,5,5,5,5,5,5,5,5
6,5,5,4,3,3,5,5,5,6,5,5,5,5,5,6,5,5,1,5,5
4,5,5,4,5,1,4,5,3,4,5,4,4,5,1,4,5,5,4,5,1
4,4,5,4,4,5,4,5,1,4,6,6,4,6,5,4,6,5,4,5,5
5,5,5,5,5,5,5,5,5,5,6,6,5,5,5,5,5,5,5,5,5
5,5,5,5,5,5,5,5,5,5,5,5,5,5,5,5,5,5,5,5,5
4,5,5,4,5,1,4,5,3,4,5,4,4,5,1,4,5,4,4,4,1
4,5,1,4,5,4,4,5,3,4,5,4,4,5,4,4,5,4,4,4,4
5,5,5,5,5,5,5,5,5,5,5,4,5,5,5,5,5,5,5,5,5
5,5,5,5,5,5,5,5,5,5,5,4,5,5,5,5,5,5,5,5,5
1,5,5,4,5,1,1,5,3,4,5,4,1,5,1,4,5,1,4,1,1
4,4,5,4,4,3,4,5,1,4,6,3,4,6,5,4,6,5,4,6,1
5,5,5,5,5,5,5,5,5,5,5,5,5,5,5,5,5,5,5,5,5
5,5,5,5,5,5,5,5,5,5,5,6,5,5,5,5,5,5,5,5,5
4,5,5,4,5,5,4,5,5,4,6,6,4,5,5,4,5,5,4,5,5
1,4,5,4,2,4,4,5,3,4,6,4,4,6,1,4,6,4,4,6,1
5,5,5,5,5,5,5,5,5,5,5,4,5,5,5,5,5,5,5,5,5
5,5,5,5,3,5,5,5,5,5,5,4,5,5,5,5,5,5,5,5,5
6,5,5,1,5,1,1,5,3,1,5,4,1,5,1,1,5,5,1,1,1
4,4,1,4,1,5,4,5,1,4,6,6,4,5,5,4,6,5,4,5,5
5,5,5,5,5,5,5,5,5,5,5,5,5,5,5,5,5,5,5,5,5
5,5,5,5,5,3,5,5,5,6,5,4,5,5,5,5,5,5,5,5,5
4,5,5,4,5,1,4,5,3,4,5,4,1,5,1,4,5,1,4,6,1
1,5,5,1,5,1,1,5,5,2,6,6,1,5,5,1,6,6,1,5,5
5,5,5,5,5,5,5,5,5,5,5,4,5,5,5,5,5,5,5,5,5
5,5,5,5,5,5,5,5,5,5,5,5,5,5,5,5,5,5,5,5,5
4,5,5,4,5,1,4,5,3,4,5,4,4,5,1,4,5,1,4,1,1
4,4,5,4,4,4,4,5,1,4,6,6,4,6,5,4,6,5,4,6,5
5,5,5,5,5,5,5,5,5,5,5,5,5,5,5,5,5,5,5,5,5
5,5,5,5,5,5,5,5,5,5,5,4,5,5,5,5,5,5,5,5,5
4,5,5,4,5,3,4,5,3,4,5,6,4,5,5,4,5,5,4,5,5
4,4,5,1,3,5,4,5,5,4,6,6,1,6,5,1,6,6,4,6,5
5,5,5,5,5,5,5,5,5,5,5,4,5,5,5,5,5,5,5,5,5
5,5,5,5,5,5,5,5,5,5,5,6,5,5,5,5,5,5,5,5,6
6,5,5,6,5,5,5,5,5,6,5,4,6,5,5,6,5,5,6,5,5
4,5,5,4,5,5,4,5,5,4,6,6,4,5,5,2,5,5,4,5,5
5,5,5,5,5,5,5,5,5,5,6,6,5,5,5,5,5,5,5,5,5
5,5,5,5,5,5,5,5,5,5,5,6,5,5,5,5,5,5,5,5,5
1,5,5,5,5,1,5,5,3,4,5,4,6,5,1,1,5,5,1,5,5
4,4,5,4,5,1,4,5,3,4,6,4,4,5,1,4,6,5,4,6,5
5,5,5,5,5,5,5,5,5,5,5,5,5,5,5,5,5,5,5,5,5
4,5,5,5,5,5,1,5,5,4,5,6,6,5,5,1,5,5,1,5,5
1,5,1,1,2,1,5,5,2,2,5,3,1,5,2,2,2,6,1,6,6
5,5,4,5,5,5,5,5,5,5,5,5,5,5,5,5,5,5,5,5,5
5,5,5,3,5,5,5,5,5,5,5,6,5,5,5,5,5,5,5,5,5
4,5,5,4,5,1,4,5,1,4,5,4,4,5,1,4,5,1,4,6,1
1,5,6,5,5,1,1,5,5,4,5,3,1,5,5,1,6,6,1,6,5
5,4,5,5,4,5,5,5,5,5,5,6,5,5,5,5,5,5,5,5,5
5,5,5,5,5,5,5,5,5,5,5,4,5,5,5,5,5,5,5,5,5
1,4,5,4,4,3,4,5,3,4,6,4,4,6,1,4,5,5,4,6,1
4,4,5,5,6,5,4,6,5,4,6,6,4,6,5,1,6,5,4,6,5
5,4,5,5,4,5,5,5,5,5,5,6,5,5,5,5,5,5,5,5,5
5,5,5,5,3,5,5,5,5,5,5,5,5,5,5,5,5,5,5,5,5
4,4,5,4,5,2,4,5,1,4,5,4,4,5,1,4,5,1,4,6,1
4,4,5,4,4,5,4,6,3,4,6,6,4,6,5,4,6,5,4,6,5
5,4,5,5,6,5,5,6,5,5,6,6,5,5,5,5,5,5,5,5,5
5,5,5,5,5,3,5,5,5,5,5,5,5,5,5,5,5,5,5,5,5
4,5,5,4,5,4,4,5,3,4,5,4,4,5,3,4,5,4,4,4,1
4,4,5,4,2,4,4,4,1,4,5,4,4,4,4,4,4,4,4,4,4
5,4,5,5,5,5,5,5,5,5,5,4,5,5,5,5,5,5,5,5,5
5,5,5,3,5,5,5,5,5,5,5,4,5,5,5,5,5,5,5,5,5
4,5,5,4,5,2,4,5,3,4,5,4,4,5,5,4,5,1,4,4,1
4,4,5,4,4,4,4,6,1,4,6,6,4,6,5,4,6,4,4,6,1
5,5,5,5,5,5,5,5,5,5,5,4,5,5,5,5,5,5,5,5,5
5,5,5,5,5,5,5,5,5,5,6,6,5,5,5,5,5,5,5,5,5
4,4,5,4,4,5,4,6,3,4,6,6,4,6,5,4,6,5,4,5,5
4,4,5,4,2,4,4,4,3,4,6,4,4,4,1,4,6,4,4,6,1
5,4,5,5,5,5,5,5,5,5,5,4,5,5,5,5,5,5,5,5,5
5,5,5,5,5,5,5,5,5,5,5,4,5,5,5,5,5,5,5,5,5
4,5,5,4,5,4,4,5,3,4,5,4,4,5,5,4,5,1,4,4,1
4,4,5,5,1,6,5,6,1,4,6,6,4,6,5,4,6,5,4,5,5
5,5,5,5,5,5,5,5,5,5,5,4,5,5,5,5,5,5,5,5,5
5,5,5,5,5,5,5,5,5,5,5,4,5,5,5,5,5,5,5,5,5
1,4,5,4,2,2,4,5,3,4,5,4,4,4,1,4,5,1,4,6,1
1,2,5,5,1,1,1,5,1,4,6,3,1,6,5,1,6,6,1,6,5
5,4,5,5,5,5,5,5,5,5,5,4,5,5,5,5,5,5,5,5,5
5,5,5,5,5,5,5,5,5,5,5,4,5,5,5,5,5,5,5,5,5
1,4,5,4,5,1,4,5,5,4,5,4,4,4,5,4,5,1,4,1,1
4,4,5,4,4,4,4,6,1,4,6,6,4,6,5,4,6,5,4,6,5
5,5,5,5,5,5,5,5,5,5,5,5,5,5,5,5,5,5,5,5,5
5,5,5,5,5,5,5,5,5,5,5,4,5,5,5,5,5,5,5,5,5
4,4,5,4,4,4,4,5,6,4,6,6,4,6,5,4,5,5,4,5,5
1,4,5,5,3,5,1,6,5,4,6,6,1,6,5,1,6,6,1,6,6
5,6,5,5,5,5,5,5,5,5,5,4,5,5,5,5,5,5,5,5,5
5,5,5,5,5,5,5,5,5,5,5,6,5,5,5,5,5,5,5,5,5
5,5,5,5,5,5,5,5,5,5,5,4,5,5,5,5,5,5,5,5,5
1,4,5,4,4,5,4,5,5,4,6,6,4,5,5,4,5,5,4,5,5
5,4,5,5,6,5,5,6,5,5,6,6,5,5,5,5,5,5,5,5,5
5,5,5,5,5,5,5,5,5,5,6,6,5,5,5,5,6,5,5,5,5
1,4,5,1,4,4,1,5,3,4,6,6,6,6,5,1,6,5,1,6,1
4,4,5,4,4,3,4,6,1,4,6,4,4,6,1,4,6,4,4,6,1
5,4,5,5,5,5,5,5,5,5,5,4,5,5,5,5,5,5,5,5,5
4,4,5,5,1,5,5,6,5,4,6,6,4,6,5,4,5,5,4,5,5
1,2,2,1,4,3,1,6,3,2,5,3,1,2,2,1,2,2,1,2,2
5,6,4,5,5,5,5,5,5,5,5,5,5,5,5,5,5,5,5,5,5
5,5,5,5,5,5,5,5,5,5,6,6,5,5,5,5,5,5,5,5,5
1,4,5,4,2,3,4,5,1,4,6,4,4,4,5,4,6,1,4,6,1
1,2,5,1,2,3,1,6,3,2,6,3,1,2,5,1,2,2,1,6,6
5,6,5,5,4,5,5,6,5,5,6,6,5,5,5,5,6,5,5,6,5
5,5,5,5,5,5,5,5,5,5,5,4,5,5,5,5,5,5,5,5,5
4,4,5,4,4,4,4,5,6,4,6,6,4,6,5,4,6,1,4,6,5
1,4,1,5,1,5,1,5,5,4,6,6,6,6,5,4,6,5,4,6,5
5,6,5,5,4,5,5,6,5,5,6,6,5,5,5,5,5,5,5,5,5
5,5,5,5,5,5,5,5,5,5,5,4,5,5,5,5,5,5,5,5,5
1,4,5,5,6,3,1,5,1,4,6,4,4,6,5,4,5,1,4,6,1
4,4,5,4,4,6,4,6,5,4,6,6,4,6,5,4,6,5,4,6,5
5,6,5,5,6,5,5,6,5,5,6,6,5,5,5,5,5,5,5,5,5
5,5,5,5,5,5,5,5,5,5,5,5,5,5,5,5,5,5,5,5,5
1,4,5,4,2,4,1,5,1,4,5,4,4,4,1,4,5,1,4,6,1
4,4,5,4,4,4,4,4,1,4,6,4,4,4,1,4,6,4,4,6,1
5,4,5,5,4,5,5,5,5,5,5,4,5,5,5,5,5,5,5,5,5
5,5,5,5,5,5,5,5,5,5,5,4,5,5,5,5,5,5,5,5,5
4,4,5,4,2,2,4,5,1,4,5,4,4,4,5,4,5,1,4,6,1
4,4,5,4,1,4,4,6,1,4,6,6,4,6,5,4,6,1,4,6,5
5,6,5,5,5,5,5,5,5,5,5,4,5,5,5,5,5,5,5,5,5
5,5,5,5,5,5,5,5,5,5,6,6,5,5,5,5,5,5,5,5,5
1,4,5,4,1,6,4,6,5,4,6,6,4,6,5,4,6,5,4,5,5
4,4,5,4,2,3,4,4,1,4,6,4,4,6,1,4,6,4,4,6,6
5,6,5,5,5,5,5,5,5,5,5,4,5,5,5,5,5,5,5,5,5
5,5,5,5,5,5,5,5,5,5,5,4,5,5,5,5,5,5,5,5,5
1,4,5,4,2,2,4,5,1,4,5,4,4,4,1,4,5,4,4,6,1
4,4,5,5,1,6,5,6,5,4,6,6,4,6,5,4,6,5,4,6,5
5,6,5,5,4,5,5,5,5,5,5,4,5,5,5,5,5,5,5,5,5
5,5,5,5,5,3,5,5,5,5,5,6,5,5,5,5,6,5,5,5,5
1,4,5,4,2,3,4,6,1,4,6,4,4,6,5,4,5,1,4,6,1
1,4,5,5,3,5,1,5,5,1,6,3,1,6,5,1,6,6,1,6,5
5,6,5,5,4,5,5,5,5,5,5,4,5,5,5,5,5,5,5,5,5
5,5,5,5,5,5,5,5,5,5,5,4,5,5,5,5,5,5,5,5,5
1,4,5,4,4,2,4,5,1,4,5,4,4,4,5,4,5,1,4,6,1
4,4,5,4,1,5,4,6,5,4,6,6,4,6,5,4,6,1,4,6,5
5,6,5,5,5,5,5,5,5,5,5,4,5,5,5,5,5,5,5,5,5
5,5,5,5,5,5,5,5,5,5,5,4,5,5,5,5,5,5,5,5,5
1,4,5,4,4,4,4,5,5,4,6,6,4,6,5,4,5,5,4,5,5
4,4,5,5,1,1,1,5,5,4,6,6,5,6,5,1,6,1,4,6,5
5,4,5,5,4,5,5,5,5,5,5,4,5,5,5,5,5,5,5,5,5
5,5,5,5,5,5,5,5,5,5,6,6,5,5,5,5,6,5,5,5,5
5,5,5,5,5,5,5,5,5,5,5,4,5,5,5,5,5,5,5,5,5
4,4,5,5,4,5,1,5,5,4,6,6,6,6,5,1,5,5,1,5,5
5,4,5,5,6,5,5,6,5,5,6,6,5,6,5,5,5,5,5,5,5
5,5,5,5,5,5,5,5,5,5,6,6,5,5,5,5,6,5,5,5,5
4,4,5,4,4,3,4,5,3,4,6,3,4,6,5,4,6,1,4,6,1
4,4,5,4,4,3,4,4,1,4,6,4,4,4,1,4,6,4,4,6,1
5,4,5,5,5,5,5,5,5,5,5,4,5,5,5,5,5,5,5,5,5
4,4,5,5,4,5,5,5,5,4,6,6,6,6,5,1,6,5,1,5,5
1,2,2,1,4,3,1,5,2,1,5,3,1,2,2,1,2,2,1,2,2
5,5,4,5,5,5,5,5,5,5,5,5,5,5,5,5,5,5,5,5,5
5,5,5,5,5,5,5,5,5,5,6,6,5,5,5,5,5,5,5,5,5
1,4,5,4,4,2,4,5,1,4,5,4,4,4,3,4,5,4,4,6,1
1,2,5,1,4,3,1,5,3,1,6,3,1,2,5,1,6,2,1,5,5
5,4,5,5,4,5,5,5,5,5,5,6,5,5,5,5,5,5,5,6,5
5,5,5,5,5,5,5,5,5,5,5,4,5,5,5,5,5,5,5,5,5
1,4,5,4,4,3,4,5,3,4,6,3,4,6,5,4,5,4,4,6,1
4,4,5,5,3,5,5,6,5,4,6,6,4,6,5,1,6,5,4,6,5
5,4,5,5,4,5,5,5,5,5,5,6,5,5,5,5,5,5,5,6,5
5,5,5,5,5,5,5,5,5,5,5,5,5,5,5,5,5,5,5,5,5
4,4,5,5,4,2,1,5,1,4,5,4,6,4,1,4,5,1,4,6,1
1,4,5,4,1,6,4,6,3,4,6,6,4,6,3,4,6,5,4,6,5
5,4,5,5,6,5,5,6,5,5,6,6,5,5,5,5,5,5,5,5,5
5,5,5,5,5,5,5,5,5,5,5,5,5,5,5,5,5,5,5,5,5
1,4,5,5,2,4,1,5,3,4,5,4,1,4,1,1,5,4,1,4,1
4,4,5,4,2,2,4,6,1,4,5,4,4,4,3,4,1,4,4,4,4
5,4,5,5,5,5,5,5,5,5,5,4,5,5,5,5,5,5,5,5,5
5,5,5,5,5,5,5,5,5,5,5,4,5,5,5,5,5,5,5,5,5
4,5,5,4,5,2,4,5,1,4,5,4,4,4,5,4,5,4,4,1,1
4,4,5,4,4,4,4,6,3,4,6,3,4,6,3,4,6,4,4,6,1
5,5,5,5,5,5,5,5,5,5,5,4,5,5,5,5,5,5,5,5,5
5,5,5,5,5,5,5,5,5,5,6,6,5,5,5,5,5,5,5,5,5
4,4,5,4,4,5,4,6,5,4,6,6,4,6,5,4,6,5,4,5,5
1,4,5,4,4,3,1,4,1,4,6,4,4,4,3,4,6,4,4,6,1
5,4,5,5,4,5,5,5,5,5,5,4,5,5,5,5,5,5,5,5,5
5,5,5,5,5,5,5,5,5,5,5,4,5,5,5,5,5,5,5,5,5
1,4,5,4,5,5,4,5,3,4,5,4,4,5,5,4,5,1,4,6,1
1,4,5,5,4,6,1,6,5,4,6,6,6,6,5,1,6,5,1,6,5
5,5,5,5,5,5,5,5,5,5,5,4,5,5,5,5,5,5,5,5,5
5,5,5,5,5,3,5,5,5,5,5,6,5,5,5,5,5,5,5,5,5
1,4,5,4,6,3,4,5,1,4,6,4,4,6,5,4,5,1,4,6,1
4,4,5,5,1,1,5,5,1,4,6,3,1,6,5,1,5,6,1,6,5
5,6,5,5,4,5,5,5,5,5,5,4,5,5,5,5,5,5,5,5,5
5,5,5,5,5,5,5,5,5,5,5,4,5,5,5,5,5,5,5,5,5
1,4,5,4,6,1,4,5,1,4,5,4,4,4,5,4,5,1,4,6,1
1,4,5,4,1,5,4,6,1,4,6,6,4,6,5,4,6,5,4,6,5
5,6,5,5,4,5,5,5,5,5,5,4,5,5,5,5,5,5,5,5,5
5,5,5,5,5,5,3,5,5,5,5,4,5,5,5,5,5,5,5,5,5
1,4,5,4,6,4,4,5,1,4,6,6,4,6,5,4,6,5,4,5,5
4,4,5,5,3,5,1,5,5,4,6,6,5,6,5,1,6,6,1,6,5
5,6,5,5,4,5,5,5,5,5,5,4,5,5,5,5,5,5,5,5,5
5,5,5,5,5,5,5,5,5,5,6,6,5,5,5,5,5,5,5,5,5
5,5,5,5,5,5,5,5,5,5,5,4,5,5,5,5,5,5,5,5,5
1,4,5,4,1,5,4,5,5,4,6,6,4,6,5,4,5,5,4,5,5
5,6,5,5,6,5,5,5,5,5,6,6,5,6,5,5,5,5,5,5,5
5,5,5,5,5,5,5,5,5,5,6,6,5,5,5,5,5,5,5,6,5
4,4,5,4,6,4,4,6,5,4,6,6,4,6,5,4,6,5,4,5,5
1,4,5,4,6,3,4,6,1,4,6,6,4,6,5,4,6,4,4,6,6
5,6,5,5,4,5,5,5,5,5,5,4,5,5,5,5,5,5,5,5,5
1,4,5,4,1,5,4,6,5,4,6,6,4,6,5,4,6,5,4,5,5
1,1,1,5,2,3,1,5,6,2,5,3,1,5,2,1,2,2,1,2,2
5,6,5,5,5,5,5,5,5,5,5,5,5,5,5,5,5,5,5,5,5
5,5,5,5,5,5,5,5,5,5,6,3,5,5,5,5,5,5,5,5,5
1,4,5,4,5,3,4,6,1,4,6,4,4,6,5,4,6,1,4,6,1
1,5,5,6,5,3,1,5,3,2,6,3,1,5,5,1,2,2,1,5,5
5,6,5,5,4,5,5,6,5,5,5,6,5,5,5,5,6,5,5,6,5
5,5,5,5,5,5,3,5,5,5,5,4,5,5,5,5,5,5,5,5,5
1,4,5,4,5,4,4,6,5,4,6,6,4,6,5,4,6,5,4,6,5
1,4,5,5,1,6,1,5,5,4,6,6,4,6,5,1,6,5,1,6,6
5,6,5,5,5,5,5,6,5,5,5,6,5,5,5,5,5,5,5,5,5
5,5,5,5,5,5,5,5,5,5,5,5,5,5,5,5,5,5,5,5,5
1,4,5,4,5,3,4,6,1,4,6,4,4,6,5,4,6,1,4,6,1
4,4,5,4,4,6,4,6,5,4,6,6,4,6,5,4,6,5,4,6,5
5,6,5,5,1,5,5,6,5,5,6,6,5,6,5,5,5,5,5,5,5
5,5,5,5,5,5,5,5,5,5,5,5,5,5,5,5,5,5,5,5,5
1,4,5,5,5,5,1,6,5,4,5,4,1,6,5,4,5,1,4,6,1
1,4,5,4,5,3,4,6,1,4,6,4,4,6,1,4,6,4,4,6,1
5,6,5,5,4,5,5,5,5,5,5,4,5,5,5,5,5,5,5,5,5
5,5,5,5,5,5,5,5,5,5,5,4,5,5,5,5,5,5,5,5,5
1,4,5,4,5,1,4,5,5,4,5,4,4,6,5,4,5,1,4,6,1
1,4,5,4,1,5,4,6,1,4,6,6,4,6,5,4,6,1,4,6,5
5,6,5,5,4,5,5,5,5,5,5,4,5,5,5,5,5,5,5,5,5
5,5,5,5,5,5,5,5,5,5,6,6,5,5,5,5,5,5,5,5,5
4,4,5,4,1,6,4,6,5,4,6,6,4,6,5,4,6,5,4,5,5
4,4,5,4,6,3,4,6,1,4,6,4,4,6,5,4,6,4,4,6,6
5,6,5,5,4,5,5,5,5,5,5,4,5,5,5,5,5,5,5,5,5
5,5,5,5,5,5,5,5,5,5,5,4,5,5,5,5,5,5,5,5,5
1,4,5,4,6,2,4,6,1,4,5,4,4,6,5,4,5,1,4,6,1
4,4,5,5,1,6,1,6,5,4,6,6,6,6,5,4,6,5,1,6,6
5,6,5,5,4,5,5,5,5,5,5,4,5,5,5,5,5,5,5,5,5
5,5,5,5,5,5,5,5,5,5,5,6,5,5,5,5,6,5,5,5,5
1,4,5,4,6,3,4,6,1,4,6,4,4,6,5,4,6,1,4,6,1
1,5,5,5,1,5,5,5,5,4,6,3,5,6,5,1,5,6,1,6,5
5,6,5,5,4,5,5,5,5,5,5,4,5,5,5,5,5,5,5,5,5
5,5,5,5,5,5,5,5,5,5,5,4,5,5,5,5,5,5,5,5,5
4,4,5,4,5,2,4,6,1,4,6,4,4,6,5,4,5,1,4,6,1
4,4,5,4,1,6,4,6,1,4,6,6,4,6,5,4,6,5,4,6,5
5,6,5,5,4,5,5,5,5,5,5,4,5,5,5,5,5,5,5,5,5
5,5,5,5,5,5,5,5,5,5,5,4,5,5,5,5,5,5,5,5,5
1,4,5,4,6,4,4,6,1,4,6,6,4,6,5,4,6,5,4,5,5
4,4,5,5,1,5,1,6,5,4,6,6,6,6,5,4,6,6,4,6,5
5,6,5,5,4,5,5,5,5,5,5,4,5,5,5,5,5,5,5,5,5
5,5,5,3,5,5,5,5,5,5,6,6,5,5,5,5,6,5,5,5,5
5,5,5,5,5,5,5,5,5,5,5,4,5,5,5,5,5,5,5,5,5
4,4,5,4,3,5,4,5,5,4,6,6,4,6,5,4,5,5,4,5,5
5,6,5,5,6,5,5,5,5,5,6,6,5,5,5,5,5,5,5,5,5
5,5,5,5,5,3,5,5,5,5,6,6,5,5,5,5,6,5,5,6,5
4,4,5,4,1,4,4,5,5,4,6,6,4,6,5,4,6,5,4,6,5
1,4,5,4,2,3,4,6,1,4,6,4,4,6,1,4,6,4,4,6,6
5,6,5,5,5,5,5,5,5,5,5,4,5,5,5,5,5,5,5,5,5
1,4,5,4,1,6,4,6,5,4,6,6,4,6,5,4,6,5,4,5,5
1,2,1,1,4,3,1,6,3,2,5,3,1,2,2,1,2,2,1,2,2
5,6,4,5,5,5,5,5,5,5,5,5,5,5,5,5,5,5,5,5,5
5,5,5,5,5,5,5,5,5,5,6,6,5,5,5,5,5,5,5,5,5
4,4,5,4,2,3,4,5,1,4,6,4,4,4,5,4,5,1,4,6,1
1,2,5,5,4,3,1,6,3,2,6,3,1,2,5,1,6,2,1,6,6
5,6,5,5,4,5,5,6,5,5,6,6,5,5,5,5,6,5,5,5,5
5,5,5,3,5,5,5,5,5,5,5,4,5,5,5,5,5,5,5,5,5
1,4,5,4,4,3,4,5,3,4,6,3,4,6,5,4,6,5,4,6,1
1,4,5,5,3,5,1,6,5,4,6,6,6,6,5,1,6,5,4,6,5
5,4,5,5,4,5,5,5,5,5,5,6,5,5,5,5,5,5,5,6,5
5,5,5,5,5,5,5,5,5,5,5,5,5,5,5,5,5,5,5,5,5
1,4,5,4,4,3,1,5,3,4,5,4,1,4,5,4,5,1,4,6,1
4,4,5,4,4,5,4,6,3,4,6,6,4,6,5,4,6,5,4,6,5
5,4,5,5,6,5,5,6,5,5,6,6,5,5,5,5,5,5,5,5,5
5,5,5,5,5,5,5,5,5,5,5,5,5,5,5,5,5,5,5,5,5
1,5,5,4,5,4,4,5,3,4,5,4,4,4,5,4,5,4,4,4,1
4,4,3,4,2,5,4,6,3,4,5,4,4,4,5,4,1,4,4,4,4
5,4,5,5,5,5,5,5,5,5,5,4,5,5,5,5,5,5,5,5,5
5,5,5,5,5,5,5,5,5,5,5,4,5,5,5,5,5,5,5,5,5
1,5,5,4,5,1,1,5,3,4,5,4,1,4,5,4,5,4,4,4,1
4,4,5,4,4,4,4,6,3,4,6,3,4,4,3,4,6,4,4,6,1
5,5,5,5,5,5,5,5,5,5,5,5,5,5,5,5,5,5,5,5,5
5,5,5,5,5,5,5,5,5,5,6,6,5,5,5,5,5,5,5,5,5
4,4,5,4,4,5,4,5,5,4,6,6,4,6,5,4,6,5,4,5,5
4,4,5,4,2,4,4,4,3,4,6,4,4,4,3,4,6,4,4,6,1
5,4,5,5,5,5,5,5,5,5,5,4,5,5,5,5,5,5,5,5,5
5,5,5,5,3,5,5,5,5,5,5,5,5,5,5,5,5,5,5,5,5
4,5,5,4,5,1,4,5,3,4,5,4,4,4,5,4,5,4,4,4,1
4,4,5,5,4,6,4,6,5,4,6,6,4,6,5,4,6,5,4,6,5
5,5,4,5,5,5,5,5,5,5,5,5,5,5,5,5,5,5,5,5,5
5,5,5,5,5,3,5,5,5,5,5,4,5,5,5,5,5,5,5,5,5
1,5,5,4,5,2,4,5,3,4,5,4,4,4,5,4,5,1,4,6,1
4,3,5,5,3,3,1,6,1,4,6,3,5,2,5,1,6,6,1,6,5
5,4,5,5,5,5,5,5,5,5,5,4,5,5,5,5,5,5,5,5,5
5,5,5,5,5,5,5,5,5,5,5,4,5,5,5,5,5,5,5,5,5
1,5,5,4,2,1,4,5,5,4,5,4,4,4,5,4,5,4,4,4,4
4,4,5,4,4,4,5,6,3,4,6,3,4,4,3,4,6,4,4,6,1
5,5,4,5,5,5,5,5,5,5,5,5,5,5,5,5,5,5,5,5,5
5,5,5,5,5,5,5,5,5,5,5,4,5,5,5,5,5,5,5,5,5
1,4,5,4,4,3,1,5,3,4,6,3,4,4,5,4,5,5,4,6,1
4,3,5,5,3,2,1,6,5,4,6,6,6,2,5,4,6,5,4,6,5
5,5,5,5,5,5,5,5,5,5,5,4,5,5,5,5,5,5,5,5,5
5,5,5,5,5,3,5,5,5,5,5,6,5,5,5,5,5,5,5,5,5
5,5,5,5,5,5,5,5,5,5,5,4,5,5,5,5,5,5,5,5,5
4,4,5,4,4,5,4,5,5,4,6,6,4,5,5,4,5,5,4,5,5
5,4,5,5,5,3,5,5,5,5,6,6,5,5,5,5,5,5,5,5,5
5,5,5,5,5,3,5,5,5,5,5,6,5,5,5,5,5,5,5,5,5
4,4,5,4,5,3,4,5,3,4,5,4,4,4,5,4,5,4,4,6,1
1,4,5,4,2,2,4,4,3,4,6,4,4,4,3,4,6,4,4,6,4
5,5,5,5,5,5,5,5,5,5,5,4,5,5,5,5,5,5,5,5,5
1,4,5,4,4,4,4,5,5,4,6,6,4,4,5,4,5,5,4,5,5
1,2,2,1,4,3,1,6,2,1,5,3,1,2,2,1,2,2,1,2,2
5,5,4,5,5,5,5,5,5,5,5,1,5,5,5,5,5,5,5,5,5
5,5,5,5,5,5,5,5,5,5,6,6,5,5,5,5,5,5,5,5,5
1,4,5,4,2,1,4,5,5,4,5,4,4,4,5,4,5,1,4,1,1
1,2,5,5,4,3,1,5,5,4,5,3,6,2,5,1,6,6,1,6,5
5,4,5,5,4,5,5,5,5,5,5,6,5,5,5,5,5,5,5,6,5
5,5,5,5,3,5,5,5,5,5,5,4,5,5,5,5,5,5,5,5,5
1,4,5,4,4,3,4,5,3,4,5,4,4,4,1,4,5,4,4,6,1
4,4,5,4,4,5,4,6,5,4,6,6,4,6,5,4,6,5,4,6,5
5,4,5,5,4,5,5,5,5,5,5,4,5,5,5,5,5,5,5,5,5
5,5,5,5,5,5,5,5,5,5,5,5,5,5,5,5,5,5,5,5,5
4,4,5,4,5,2,4,5,3,4,5,4,4,4,1,4,5,1,4,6,1
4,4,5,4,4,5,4,6,3,4,6,6,4,6,5,4,6,5,4,6,5
5,4,5,5,6,3,5,6,5,5,6,6,5,5,5,5,5,5,5,5,5
5,5,5,5,5,5,5,5,5,5,5,5,5,5,5,5,5,5,5,5,5
4,5,5,4,2,1,4,5,3,4,5,4,4,4,3,4,5,4,4,4,1
4,4,5,4,2,4,4,4,3,4,5,4,4,4,4,4,1,4,4,4,4
5,4,5,5,4,5,5,5,5,5,5,4,5,5,5,5,5,5,5,5,5
5,5,5,5,5,5,5,5,5,5,5,4,5,5,5,5,5,5,5,5,5
1,5,5,1,5,1,1,5,5,4,5,4,6,4,5,1,5,4,4,4,1
4,4,5,4,4,3,4,6,3,4,6,3,4,4,3,4,6,4,4,6,1
5,5,5,5,5,5,5,5,5,5,5,5,5,5,5,5,5,5,5,5,5
5,5,5,5,5,1,5,5,5,5,6,6,5,5,5,5,5,5,5,5,5
4,4,5,4,4,5,4,6,3,4,6,6,4,5,5,2,5,5,1,5,5
1,4,5,4,2,4,4,4,3,4,6,4,4,4,3,4,6,4,4,6,1
5,4,5,5,5,5,5,5,5,5,5,4,5,5,5,5,5,5,5,5,5
5,5,5,5,3,5,5,5,5,5,5,5,5,5,5,5,5,5,5,5,5
4,5,5,4,2,4,4,5,3,4,5,4,4,4,3,4,5,4,4,4,1
4,4,5,4,4,5,4,6,3,4,6,6,4,6,5,4,6,5,4,6,5
5,5,4,5,5,5,5,5,5,5,5,5,5,5,5,5,5,5,5,5,5
5,5,5,3,5,3,5,5,5,5,5,4,5,5,5,5,5,5,5,5,5
1,5,5,5,5,1,1,5,3,4,5,4,4,4,5,4,5,1,4,1,1
4,3,5,1,4,5,4,5,5,4,6,3,4,2,5,1,6,6,4,6,5
5,4,5,5,5,5,5,5,5,5,5,4,5,5,5,5,5,5,5,5,5
5,5,5,5,3,5,5,5,5,5,5,5,5,5,5,5,5,5,5,5,5
1,3,5,1,2,1,1,5,3,4,5,4,4,4,5,1,5,4,1,4,1
4,4,5,4,4,4,4,6,3,4,6,3,4,4,3,4,6,4,4,6,1
5,5,4,5,5,5,5,5,5,5,5,5,5,5,5,5,5,5,5,5,5
5,5,5,5,5,5,5,5,5,5,5,4,5,5,5,5,5,5,5,5,5
4,4,5,4,4,3,4,5,3,4,6,3,4,4,5,4,5,5,4,6,1
1,3,5,1,3,5,1,6,5,1,6,6,5,2,5,1,6,5,5,6,5
5,4,5,5,5,5,5,5,5,5,5,4,5,5,5,5,5,5,5,5,5
5,5,5,5,5,5,5,5,5,5,5,6,5,5,5,5,5,5,5,5,5
5,5,5,5,5,5,5,5,5,5,5,4,5,5,5,5,5,5,5,5,5
1,4,5,4,4,5,4,5,5,4,6,6,4,6,5,4,5,5,4,5,5
5,4,5,5,5,3,5,5,5,5,6,6,5,5,5,5,5,5,5,5,5
5,5,5,5,5,5,5,5,5,5,5,6,5,5,5,5,5,5,5,5,5
4,4,5,4,4,3,4,5,3,4,5,3,4,4,5,4,5,4,4,6,1
4,3,5,4,2,2,4,4,3,4,6,4,4,4,3,4,6,4,4,6,4
5,5,5,5,5,5,5,5,5,5,5,4,5,5,5,5,5,5,5,5,5
4,4,5,4,4,5,4,5,3,4,6,6,4,4,5,4,5,5,4,5,5
1,2,2,1,4,3,1,6,2,1,5,3,1,2,2,1,2,2,1,2,2
5,5,4,5,5,5,5,5,5,5,5,1,5,5,5,5,5,5,5,5,5
5,5,5,5,5,5,5,5,5,5,6,6,5,5,5,5,5,5,5,5,5
4,4,5,4,2,2,4,5,3,4,5,4,4,4,5,4,5,4,4,1,1
1,2,5,1,4,3,1,5,3,1,6,3,1,2,5,1,6,2,1,5,5
5,4,5,5,4,5,5,5,5,5,5,6,5,5,5,5,5,5,5,6,5
5,5,5,5,5,5,5,5,5,5,5,4,5,5,5,5,5,5,5,5,5
4,4,5,4,4,3,4,5,3,4,5,4,4,4,5,4,5,4,4,6,1
4,3,5,4,4,5,4,6,5,4,6,6,4,2,5,4,6,5,4,6,5
5,4,5,5,4,5,5,5,5,5,5,4,5,5,5,5,5,5,5,5,5
5,5,5,5,5,5,5,5,5,5,5,5,5,5,5,5,5,5,5,5,5
4,4,5,4,4,2,4,5,3,4,5,4,4,4,1,4,5,4,4,6,1
4,3,5,4,4,5,4,6,3,4,6,6,4,6,5,4,6,5,4,6,5
5,4,5,5,6,5,5,6,5,5,6,6,5,5,5,5,5,5,5,5,5
5,5,5,5,5,5,5,5,5,5,5,5,5,5,5,5,5,5,5,5,5
4,3,5,4,2,1,4,5,3,4,5,4,4,4,3,4,5,4,4,4,1
1,3,3,4,2,4,4,4,3,4,5,4,4,4,2,4,4,4,4,4,4
5,4,5,5,5,5,5,5,5,5,5,4,5,5,5,5,5,5,5,5,5
5,5,5,5,3,5,5,5,5,5,5,4,5,5,5,5,5,5,5,5,5
1,5,5,4,2,1,4,5,3,4,5,4,4,4,5,4,5,4,4,4,4
4,4,5,4,2,3,4,6,3,4,6,3,4,4,3,4,6,4,4,6,1
5,5,5,5,5,5,5,5,5,5,5,5,5,5,5,5,5,5,5,5,5
5,5,5,5,5,5,5,5,5,5,6,6,5,5,5,5,5,5,5,5,5
4,4,5,4,2,5,4,5,3,4,6,6,4,4,5,4,6,5,4,5,5
4,4,3,4,2,4,4,4,3,4,6,4,4,4,3,4,6,4,4,6,1
5,4,5,5,5,5,5,5,5,5,5,4,5,5,5,5,5,5,5,5,5
5,5,5,5,3,5,5,5,5,5,5,5,5,5,5,5,5,5,5,5,5
1,5,5,4,2,4,4,5,3,4,5,4,4,4,3,4,5,4,4,4,1
4,3,5,4,1,6,4,6,5,4,6,6,4,6,5,4,6,5,4,6,5
5,5,5,5,5,5,5,5,5,5,5,5,5,5,5,5,5,5,5,5,5
5,5,5,5,5,3,5,5,5,5,5,4,5,5,5,5,5,5,5,5,5
4,5,5,4,2,2,4,5,3,4,5,4,4,4,1,4,5,1,4,1,1
1,3,5,1,3,3,1,5,3,1,6,3,1,2,5,1,6,6,1,6,5
5,4,5,5,5,5,5,5,5,5,5,4,5,5,5,5,5,5,5,5,5
5,5,5,5,5,5,5,5,5,5,5,4,5,5,5,5,5,5,5,5,5
4,5,5,4,2,4,4,5,3,4,5,4,4,4,5,4,5,4,4,4,4
4,4,5,4,4,4,4,6,3,4,6,3,4,4,3,4,6,4,4,6,1
5,5,4,5,5,5,5,5,5,5,5,5,5,5,5,5,5,5,5,5,5
5,5,5,5,5,5,5,5,5,5,5,4,5,5,5,5,5,5,5,5,5
4,4,5,4,4,3,4,5,3,4,6,3,4,4,5,4,5,5,4,6,1
1,3,5,1,3,5,1,6,5,4,6,6,1,2,5,1,6,5,1,6,5
5,4,5,5,5,5,5,5,5,5,5,4,5,5,5,5,5,5,5,5,5
5,5,5,5,5,3,5,5,5,5,5,6,5,5,5,5,5,5,5,5,5
5,5,5,5,5,5,5,5,5,5,5,4,5,5,5,5,5,5,5,5,5
1,4,5,4,4,5,4,5,5,4,6,6,4,6,5,1,5,5,4,5,5
5,4,5,5,5,5,5,5,5,5,6,6,5,5,5,5,5,5,5,5,5
5,5,5,5,5,3,5,5,5,5,5,6,5,5,5,5,5,5,5,5,5
4,4,5,4,4,3,4,5,3,4,5,4,4,4,5,4,5,4,4,1,1
4,3,5,4,2,4,4,4,3,4,6,4,4,4,3,4,6,4,4,6,4
5,5,5,5,5,5,5,5,5,5,5,4,5,5,5,5,5,5,5,5,5
6,4,5,6,1,3,6,4,6,6,4,4,6,4,4,6,6,6,6,6,6
1,2,2,1,4,2,1,2,2,4,5,3,1,2,2,1,2,2,1,2,2
3,2,3,3,3,2,3,2,3,3,3,2,3,2,2,3,3,3,3,3,3
4,2,2,5,1,2,5,2,2,5,6,3,5,2,2,5,2,2,5,2,2
1,2,3,5,4,4,1,6,3,4,6,3,4,2,5,4,6,6,6,6,6
4,4,5,5,1,4,6,6,1,6,6,6,6,6,6,6,6,6,6,6,6
3,2,3,3,5,2,3,1,2,3,3,3,3,3,3,3,3,3,3,3,3
3,3,3,3,3,3,3,3,3,3,3,3,3,3,3,3,3,3,3,3,3
6,4,6,6,4,5,6,6,6,6,6,6,6,6,6,6,6,6,6,6,6
4,4,5,5,1,6,6,6,6,6,6,6,6,6,6,6,6,6,6,6,6
3,3,3,3,4,2,3,3,3,3,3,3,3,3,3,3,3,3,3,3,3
3,3,3,3,4,3,3,3,3,3,3,3,3,3,3,3,3,3,3,3,3
6,4,5,6,1,4,6,6,6,6,6,4,6,6,6,6,6,6,6,6,6
6,4,5,6,1,6,6,6,6,6,6,6,6,6,6,6,6,6,6,6,6
3,2,3,3,3,3,3,2,3,3,3,3,3,2,3,3,3,3,3,3,3
6,4,5,6,1,3,6,3,6,6,5,4,6,6,6,6,6,6,6,6,6
6,4,5,6,4,4,6,6,6,6,6,6,6,6,6,6,6,6,6,6,6
3,3,3,3,4,3,3,3,3,3,3,3,3,3,3,3,3,3,3,3,3
6,4,6,6,1,6,6,6,6,6,6,6,6,6,6,6,6,6,6,6,6
6,4,5,6,4,6,6,6,6,6,6,6,6,6,6,6,6,6,6,6,6
3,2,3,3,3,2,3,2,3,3,3,3,3,2,2,3,3,3,3,3,3
5,2,2,5,1,2,5,1,2,2,6,3,5,2,2,5,2,2,5,5,5
6,4,5,5,1,6,5,6,6,6,6,6,6,6,6,6,6,6,6,6,6
6,4,5,6,4,6,6,6,6,6,6,6,6,6,6,6,6,6,6,6,6
3,3,3,3,4,2,3,3,3,3,3,3,3,3,3,3,3,3,3,3,3
3,3,3,3,3,3,3,3,3,3,3,3,3,3,3,3,3,3,3,3,3
6,4,6,6,1,6,6,6,6,6,6,6,6,6,6,6,6,6,6,6,6
6,4,5,6,4,6,5,6,6,6,6,6,6,6,6,6,6,6,6,6,6
3,2,3,3,3,2,3,2,3,3,3,3,3,2,2,3,3,3,3,3,3
3,3,3,3,1,3,3,1,3,3,3,3,3,1,3,3,3,3,3,3,3
6,4,5,6,1,3,6,6,6,6,6,4,6,6,6,6,6,6,6,6,6
6,4,5,6,4,3,6,6,6,6,6,4,6,6,6,6,6,6,6,6,6
3,3,3,3,3,3,3,3,3,3,3,3,3,3,3,3,3,3,3,3,3
6,4,5,6,1,3,6,6,6,6,6,4,6,6,6,6,6,6,6,6,6
6,4,5,6,4,6,6,6,6,6,6,6,6,6,6,6,6,6,6,6,6
3,3,3,3,4,3,3,3,3,3,3,3,3,3,3,3,3,3,3,3,3
4,4,6,5,1,6,6,6,6,6,6,6,6,6,6,6,6,6,6,6,6
1,2,3,5,4,5,1,6,6,4,5,3,1,2,5,1,6,6,1,6,6
3,3,3,3,4,2,3,3,2,3,3,3,3,3,3,3,3,3,3,3,3
5,2,2,5,5,2,5,1,2,3,6,3,5,1,2,5,3,3,5,3,3
3,2,3,3,1,3,3,1,3,3,3,3,3,3,3,3,3,3,3,3,3
5,2,2,5,1,2,5,3,2,5,6,3,5,1,2,5,2,2,5,5,5
5,2,3,3,5,3,5,1,3,3,6,3,3,1,3,3,3,3,3,3,3
3,3,3,3,3,3,3,3,3,3,3,3,3,3,3,3,3,3,3,3,3
6,4,5,6,1,4,6,1,4,6,4,4,6,4,4,6,6,6,6,6,6
1,2,2,1,4,5,1,2,2,4,5,3,1,2,2,1,2,2,1,2,2
3,2,3,3,3,2,3,2,2,3,3,3,3,2,2,3,3,3,3,3,3
5,2,2,5,1,1,5,2,2,5,6,3,5,2,2,5,2,2,5,2,2
4,2,3,4,1,4,4,6,3,4,6,3,4,6,5,4,6,6,4,6,6
6,4,5,5,1,4,6,6,6,6,6,6,6,6,6,6,6,6,6,6,6
3,3,3,3,3,3,3,3,3,3,3,3,3,3,3,3,3,3,3,3,3
6,4,5,6,1,3,6,6,6,6,6,6,6,6,6,6,6,6,6,6,6
6,4,5,6,1,6,6,6,6,6,6,6,6,6,6,6,6,6,6,6,6
3,3,3,3,3,3,3,3,3,3,3,3,3,3,3,3,3,3,3,3,3
6,4,5,6,1,4,6,6,6,6,6,4,6,6,6,6,6,6,6,6,6
6,4,5,6,4,6,6,6,6,6,6,6,6,6,6,6,6,6,6,6,6
3,2,3,3,3,3,3,3,3,3,3,3,3,3,3,3,3,3,3,3,3
6,4,5,6,1,6,6,1,6,6,4,4,6,1,4,6,6,6,6,6,6
6,4,5,6,4,3,6,6,6,6,6,6,6,6,6,6,6,6,6,6,6
3,3,3,3,4,3,3,3,3,3,3,3,3,3,3,3,3,3,3,3,3
6,4,6,6,1,6,6,6,6,6,6,6,6,4,6,6,6,6,6,6,6
6,4,5,6,4,6,6,6,6,6,6,6,6,6,6,6,6,6,6,6,6
5,2,2,5,1,2,5,6,2,5,6,3,5,2,2,5,2,2,5,5,5
4,4,5,5,1,4,4,6,6,6,6,6,6,6,6,6,6,6,6,6,6
6,4,5,6,4,6,6,6,6,6,6,6,6,6,6,6,6,6,6,6,6
3,3,3,3,3,3,3,3,3,3,3,3,3,3,3,3,3,3,3,3,3
6,4,6,6,1,5,6,6,6,6,6,6,6,6,6,6,6,6,6,6,6
6,4,5,6,4,6,6,6,6,6,6,6,6,6,6,6,6,6,6,6,6
3,2,3,3,3,2,3,2,2,3,3,3,3,2,2,3,3,3,3,3,3
3,2,3,3,1,3,3,1,3,3,6,3,3,1,3,3,3,3,3,3,3
6,4,5,6,1,4,6,6,6,6,6,4,6,6,6,6,6,6,6,6,6
6,4,5,6,4,6,6,6,6,6,6,4,6,6,6,6,6,6,6,6,6
3,3,3,3,3,3,3,3,3,3,3,3,3,3,3,3,3,3,3,3,3
6,4,5,6,1,3,6,6,6,6,6,4,6,6,6,6,6,6,6,6,6
6,4,5,6,4,6,6,6,6,6,6,6,6,6,6,6,6,6,6,6,6
3,2,3,3,3,2,3,2,2,3,3,3,3,2,2,3,3,3,3,3,3
3,3,3,3,3,3,3,3,3,3,3,3,3,3,3,3,3,3,3,3,3
6,4,5,6,1,6,6,6,6,6,6,6,6,6,6,6,6,6,6,6,6
4,2,3,5,4,5,1,6,2,4,5,3,6,2,5,1,6,6,1,6,6
3,3,3,3,4,2,3,3,3,3,3,3,3,3,3,3,3,3,3,3,3
5,2,2,5,5,5,5,1,3,3,6,3,5,1,2,3,3,3,3,3,3
3,3,3,3,4,3,3,3,3,3,3,3,3,3,3,3,3,3,3,3,3
5,2,2,5,1,2,5,1,2,3,6,3,5,2,2,5,2,2,5,5,5
3,2,3,3,5,3,3,1,3,3,6,3,3,3,3,3,3,3,3,3,3
3,3,3,3,3,3,3,3,3,3,3,3,3,3,3,3,3,3,3,3,3
6,4,5,6,1,4,6,1,4,6,4,4,6,6,4,6,6,6,6,6,6
1,2,2,1,4,5,1,2,2,4,5,3,1,2,2,1,2,2,1,2,2
3,2,3,3,3,2,3,2,2,3,3,2,3,2,2,3,3,3,3,3,3
5,2,2,5,1,2,5,2,2,5,6,3,5,2,2,5,2,2,5,2,2
1,1,3,5,1,4,5,6,3,4,6,3,6,6,5,2,6,6,6,6,6
6,4,5,6,1,4,6,6,6,6,6,6,6,6,6,6,6,6,6,6,6
3,2,3,3,2,2,3,1,2,3,3,3,3,2,3,3,3,3,3,3,3
3,3,3,3,3,3,3,3,3,3,3,3,3,3,3,3,3,3,3,3,3
6,4,6,6,1,4,6,6,6,6,6,6,6,6,6,6,6,6,6,6,6
6,4,5,6,1,6,6,6,6,6,6,6,6,6,6,6,6,6,6,6,6
3,3,3,3,3,3,3,3,3,3,3,3,3,3,3,3,3,3,3,3,3
6,4,5,6,1,4,6,6,6,6,6,4,6,6,6,6,6,6,6,6,6
6,4,5,6,4,6,6,6,6,6,6,6,6,6,6,6,6,6,6,6,6
3,2,3,3,3,3,3,3,3,3,3,3,3,3,3,3,3,3,3,3,3
6,4,5,6,1,3,6,1,6,6,4,4,6,6,4,6,6,6,6,6,6
6,4,5,6,4,3,6,6,6,6,6,6,6,6,6,6,6,6,6,6,6
3,3,3,3,4,3,3,3,3,3,3,3,3,3,3,3,3,3,3,3,3
6,4,6,6,1,5,6,3,6,6,6,6,6,6,6,6,6,6,6,6,6
6,4,5,6,4,6,6,6,6,6,6,6,6,6,6,6,6,6,6,6,6
5,2,2,5,1,2,5,6,2,5,6,3,5,2,2,5,2,2,2,5,5
6,4,5,6,1,6,6,6,6,6,6,6,6,6,6,6,6,6,6,6,6
6,4,5,6,4,6,6,6,6,6,6,6,6,6,6,6,6,6,6,6,6
3,3,3,3,4,3,3,3,3,3,3,3,3,3,3,3,3,3,3,3,3
6,4,6,6,1,5,6,6,6,6,6,6,6,6,6,6,6,6,6,6,6
6,4,5,6,4,6,6,6,6,6,6,6,6,6,6,6,6,6,6,6,6
3,2,3,3,3,2,3,2,3,3,3,3,3,2,2,3,3,3,3,3,3
3,2,3,3,5,3,3,1,3,3,3,3,3,3,3,3,3,3,3,3,3
6,4,5,6,1,3,6,6,6,6,6,4,6,6,6,6,6,6,6,6,6
6,4,5,6,4,3,6,4,6,6,6,4,6,4,6,6,6,6,6,6,6
3,3,3,3,3,3,3,3,3,3,3,3,3,3,3,3,3,3,3,3,3
6,4,5,6,1,3,6,6,6,6,6,4,6,6,6,6,6,6,6,6,6
6,4,5,6,4,6,6,6,6,6,6,6,6,6,6,6,6,6,6,6,6
3,2,3,3,3,2,3,2,2,3,3,3,3,2,2,3,3,3,3,3,3
3,3,3,3,3,3,3,3,3,3,3,3,3,3,3,3,3,3,3,3,3
6,4,5,6,1,6,6,6,6,6,6,6,6,6,6,6,6,6,6,6,6
1,2,3,1,4,5,1,6,3,4,5,3,1,2,5,1,6,6,1,6,6
3,3,3,3,4,2,3,3,2,3,3,3,3,3,3,3,3,3,3,3,3
5,2,2,3,5,2,5,1,2,3,6,3,3,3,2,3,3,3,3,3,3
3,3,3,3,4,3,3,3,3,3,3,3,3,3,3,3,3,3,3,3,3
5,2,2,5,1,2,5,6,2,3,6,3,5,3,2,5,2,2,5,5,5
5,2,3,3,5,3,5,1,3,3,6,3,5,3,3,3,3,3,3,3,3
3,3,3,3,3,3,3,3,3,3,3,3,3,3,3,3,3,3,3,3,3
6,4,5,6,1,6,6,1,4,6,4,4,6,4,4,6,6,6,6,6,6
1,2,2,1,4,5,1,2,2,4,5,3,1,2,2,1,2,2,1,2,2
3,2,3,3,3,2,3,2,2,3,3,3,3,2,2,3,3,3,3,3,3
5,2,2,5,1,2,5,2,2,5,6,3,5,2,2,2,2,2,2,2,2
1,2,3,1,1,4,1,6,3,4,6,3,5,2,5,1,6,6,4,6,6
6,4,5,6,1,6,6,6,6,6,6,6,6,6,6,6,6,6,6,6,6
3,3,3,3,3,3,3,3,3,3,3,3,3,3,3,3,3,3,3,3,3
6,4,6,6,1,5,6,6,6,6,6,6,6,6,6,6,6,6,6,6,6
6,4,5,6,1,6,6,6,6,6,6,6,6,6,6,6,6,6,6,6,6
3,3,3,3,3,3,3,3,3,3,3,3,3,3,3,3,3,3,3,3,3
6,4,5,6,1,4,6,6,6,6,6,4,6,6,6,6,6,6,6,6,6
6,4,5,6,4,6,6,1,6,6,6,6,6,6,6,6,6,6,6,6,6
3,2,3,3,3,3,3,3,3,3,3,3,3,3,3,3,3,3,3,3,3
6,4,5,6,1,3,6,1,6,6,4,4,6,6,4,6,6,6,6,6,6
6,4,5,6,4,4,6,6,6,6,6,6,6,6,6,6,6,6,6,6,6
3,3,3,3,3,3,3,3,3,3,3,3,3,3,3,3,3,3,3,3,3
6,4,6,6,1,6,6,6,6,6,6,6,6,6,6,6,6,6,6,6,6
6,4,5,6,4,6,6,6,6,6,6,6,6,6,6,6,6,6,6,6,6
5,2,2,5,1,2,5,6,2,5,6,3,5,2,2,5,2,2,5,5,5
6,4,5,5,1,6,6,6,6,6,6,6,6,6,6,6,6,6,6,6,6
6,4,5,6,4,6,6,6,6,6,6,6,6,4,6,6,6,6,6,6,6
3,3,3,3,3,3,3,3,3,3,3,3,3,3,3,3,3,3,3,3,3
6,4,6,6,1,5,6,6,6,6,6,6,6,4,6,6,6,6,6,6,6
6,4,5,6,4,6,6,1,6,6,6,6,6,6,6,6,6,6,6,6,6
3,2,3,3,3,2,3,2,2,3,3,3,3,2,2,3,3,3,3,3,3
3,2,3,3,1,3,3,1,3,3,3,3,3,3,3,3,3,3,3,3,3
6,4,5,6,1,3,6,6,6,6,6,4,6,4,4,6,6,6,6,6,6
6,4,5,6,4,3,6,4,6,6,6,4,6,6,6,6,6,6,6,6,6
3,3,3,3,3,3,3,3,3,3,3,3,3,3,3,3,3,3,3,3,3
6,4,5,6,1,3,6,6,6,6,6,4,6,4,6,6,6,6,6,6,6
6,4,5,6,4,5,6,6,6,6,6,6,6,6,6,6,6,6,6,6,6
3,3,3,3,3,3,3,3,3,3,3,3,3,3,3,3,3,3,3,3,3
6,4,6,6,1,6,6,6,6,6,6,6,6,6,6,6,6,6,6,6,6
1,2,3,5,4,3,1,6,6,4,5,3,1,2,5,1,6,6,6,6,6
3,3,3,3,4,2,3,3,2,3,3,3,3,3,3,3,3,3,3,3,3
5,2,2,5,5,2,5,1,2,3,6,3,5,1,2,3,3,3,3,3,3
3,3,3,3,3,3,3,3,3,3,3,3,3,3,3,3,3,3,3,3,3
5,2,2,5,1,2,5,1,2,3,6,3,5,2,2,5,2,2,5,5,5
3,2,3,3,5,3,3,1,3,3,6,3,3,3,3,3,3,3,3,3,3
3,3,3,3,3,3,3,3,3,3,3,3,3,3,3,3,3,3,3,3,3
6,4,5,6,1,4,6,5,4,6,4,4,6,4,4,6,4,6,6,6,6
1,2,2,1,4,2,1,2,2,4,5,3,1,2,2,1,2,2,1,2,2
3,2,3,3,3,2,3,2,2,3,3,3,3,2,2,3,3,3,3,3,3
5,2,2,5,1,2,5,2,2,5,6,3,5,2,2,5,2,2,5,2,2
1,2,3,1,4,4,1,6,3,4,6,3,5,2,5,4,6,6,4,6,6
6,1,5,6,1,6,6,1,6,6,6,6,6,1,6,6,6,6,6,6,6
3,3,3,3,4,3,3,3,3,3,3,3,3,3,3,3,3,3,3,3,3
6,4,6,6,1,5,6,6,6,6,6,6,6,6,6,6,6,6,6,6,6
6,1,5,6,1,6,6,6,6,6,6,6,6,6,6,6,6,6,6,6,6
3,3,3,3,3,3,3,3,3,3,3,3,3,3,3,3,3,3,3,3,3
6,4,5,6,4,4,6,6,6,6,6,4,6,4,6,6,6,6,6,6,6
6,4,5,6,4,6,6,1,6,6,6,6,6,6,6,6,6,6,6,6,6
3,2,3,3,3,3,3,3,3,3,3,3,3,3,3,3,3,3,3,3,3
6,4,5,6,4,3,6,4,6,6,4,4,6,4,4,6,6,6,6,6,6
6,4,5,6,4,3,6,6,6,6,4,6,6,6,6,6,6,6,6,6,6
3,3,3,3,4,3,3,3,3,3,3,3,3,3,3,3,3,3,3,3,3
6,4,6,6,1,5,6,6,6,6,6,6,6,4,6,6,6,6,6,6,6
6,4,5,6,4,6,6,6,6,6,6,6,6,6,6,6,6,6,6,6,6
4,4,5,5,1,6,5,6,6,6,6,6,6,6,6,6,6,6,6,6,6
6,4,5,6,4,6,6,4,6,6,6,6,6,4,6,6,6,6,6,6,6
3,3,3,3,3,3,3,3,3,3,3,3,3,3,3,3,3,3,3,3,3
6,4,6,6,4,6,6,6,6,6,6,6,6,4,6,6,6,6,6,6,6
6,4,5,6,4,6,6,1,6,6,6,6,6,6,6,6,6,6,6,6,6
3,3,3,3,1,3,3,1,3,3,3,3,3,3,3,3,3,3,3,3,3
6,4,5,6,1,3,6,6,6,6,4,4,6,4,6,6,6,6,6,6,6
6,4,5,6,4,3,6,4,6,6,4,4,6,4,6,6,6,6,6,6,6
3,3,3,3,3,3,3,3,3,3,3,3,3,3,3,3,3,3,3,3,3
6,4,5,6,4,3,6,6,6,6,4,4,6,4,4,6,6,6,6,6,6
6,4,5,6,4,5,6,6,6,6,6,6,6,6,6,6,6,6,6,6,6
3,3,3,3,3,3,3,3,3,3,3,3,3,3,3,3,3,3,3,3,3
6,4,6,6,1,6,6,6,6,6,6,6,6,4,6,6,6,6,6,6,6
1,1,3,1,4,4,1,1,6,4,5,3,1,2,5,1,6,6,1,6,6
3,3,3,3,4,2,3,3,2,3,3,3,3,3,3,3,3,3,3,3,3
5,2,2,3,5,2,5,1,2,3,6,3,5,1,2,3,3,3,3,3,3
3,3,3,3,3,3,3,3,3,3,3,3,3,3,3,3,3,3,3,3,3
5,2,2,5,1,2,5,1,2,5,6,3,5,1,2,5,2,2,5,5,5
3,2,3,3,5,3,3,1,3,3,6,3,3,3,2,3,3,3,3,3,3
3,3,3,3,3,3,3,3,3,3,3,3,3,3,3,3,3,3,3,3,3
6,4,4,1,4,4,6,1,4,6,4,4,6,4,4,6,4,6,6,6,6
1,2,2,1,4,4,1,2,2,4,5,3,1,2,2,1,2,2,1,2,2
3,2,3,3,3,2,3,2,2,3,3,3,3,2,2,3,3,3,3,3,3
1,2,3,5,4,4,1,6,5,4,6,3,4,2,5,4,6,6,4,6,6
4,4,5,5,1,6,4,4,6,4,6,6,6,4,6,6,6,6,6,6,6
3,3,3,3,3,3,3,3,3,3,3,3,3,3,3,3,3,3,3,3,3
6,4,5,6,4,5,6,6,6,6,6,6,6,4,6,6,6,6,6,6,6
6,4,5,5,1,6,6,1,6,6,6,6,6,6,6,6,6,6,6,6,6
3,3,3,3,3,3,3,3,3,3,3,3,3,3,3,3,3,3,3,3,3
6,4,5,6,1,3,6,6,6,6,4,4,6,4,6,6,6,6,6,6,6
6,4,5,6,4,6,6,1,6,6,6,6,6,6,6,6,6,6,6,6,6
3,3,3,3,3,3,3,3,3,3,3,3,3,3,3,3,3,3,3,3,3
6,4,5,6,1,6,6,1,6,6,4,4,6,4,4,6,6,6,6,6,6
6,4,5,6,4,3,6,4,6,6,4,4,6,4,6,6,6,6,6,6,6
3,3,3,3,3,3,3,3,3,3,3,3,3,3,3,3,3,3,3,3,3
6,4,6,6,1,5,6,6,6,6,6,6,6,4,6,6,6,6,6,6,6
6,4,5,6,4,4,6,6,6,6,6,6,6,6,6,6,6,6,6,6,6
4,4,5,5,1,6,5,6,5,6,6,6,6,6,6,6,6,6,6,6,6
6,4,5,6,4,5,6,6,6,6,6,6,6,4,6,6,6,6,6,6,6
3,3,3,3,3,3,3,3,3,3,3,3,3,3,3,3,3,3,3,3,3
6,4,6,6,1,5,6,6,6,6,6,6,6,4,6,6,6,6,6,6,6
6,4,5,6,4,6,6,1,6,6,6,6,6,6,6,6,6,6,6,6,6
3,2,3,3,1,3,3,1,3,3,3,3,3,3,3,3,3,3,3,3,3
6,4,5,6,1,3,6,6,6,6,4,4,6,4,4,6,6,6,6,6,6
6,4,5,6,4,3,6,4,6,6,4,4,6,4,6,6,6,6,6,6,6
3,3,3,3,3,3,3,3,3,3,3,3,3,3,3,3,3,3,3,3,3
6,4,5,6,1,3,6,1,6,6,4,4,6,4,6,6,6,6,6,6,6
6,4,5,6,4,6,6,6,6,6,6,6,6,4,6,6,6,6,6,6,6
3,3,3,3,3,3,3,3,3,3,3,3,3,3,3,3,3,3,3,3,3
6,1,6,6,1,5,6,1,6,6,6,6,6,4,6,6,6,6,6,6,6
1,2,3,5,4,4,1,6,6,4,5,3,1,2,5,4,6,6,4,6,6
3,3,3,3,4,2,3,3,2,3,3,3,3,3,3,3,3,3,3,3,3
5,2,2,3,5,2,5,1,2,3,6,3,5,3,2,3,3,3,3,3,3
3,3,3,3,4,3,3,3,3,3,3,3,3,3,3,3,3,3,3,3,3
5,2,2,3,1,2,5,1,2,5,6,3,5,1,2,5,2,2,5,5,5
3,2,3,3,1,3,3,1,2,3,6,3,3,1,2,3,3,3,3,3,3
3,3,3,3,3,3,3,3,3,3,3,3,3,3,3,3,3,3,3,3,3
6,4,5,6,5,4,6,1,6,6,4,4,6,4,4,6,4,1,6,6,6
1,2,2,4,4,2,1,2,2,4,5,3,4,2,2,1,2,2,4,2,2
5,2,3,3,3,2,3,2,2,3,3,3,3,2,2,3,3,3,3,3,3
1,2,3,4,1,4,4,6,3,4,6,3,4,4,5,4,6,6,4,6,6
1,1,5,5,1,4,4,1,6,4,6,6,6,6,6,6,6,6,6,6,6
3,3,3,3,3,3,3,3,3,3,3,3,3,3,3,3,3,3,3,3,3
6,4,5,6,4,3,6,6,6,6,6,6,6,4,6,6,6,6,6,6,6
6,1,5,6,1,6,6,1,6,6,6,6,6,6,6,6,6,6,6,6,6
3,3,3,3,3,3,3,3,3,3,3,3,3,3,3,3,3,3,3,3,3
6,4,5,6,1,3,6,6,6,6,4,4,6,4,6,6,6,6,6,6,6
6,4,5,6,4,6,6,1,6,6,6,6,6,6,6,6,6,6,6,6,6
3,3,3,3,3,3,3,3,3,3,3,3,3,3,3,3,3,3,3,3,3
6,4,5,6,4,4,6,1,6,6,4,4,6,4,4,6,6,6,6,6,6
6,4,5,6,4,3,6,4,6,6,4,6,6,6,6,6,6,6,6,6,6
3,3,3,3,3,3,3,3,3,3,3,3,3,3,3,3,3,3,3,3,3
6,4,6,6,1,6,6,6,6,6,6,6,6,4,6,6,6,6,6,6,6
6,4,5,6,4,6,6,6,6,6,6,6,6,4,6,6,6,6,6,6,6
1,1,5,5,1,6,1,6,6,6,6,6,6,6,6,6,6,6,6,6,6
6,4,5,6,4,6,6,6,6,6,6,6,6,4,6,6,6,6,6,6,6
3,3,3,3,3,3,3,3,3,3,3,3,3,3,3,3,3,3,3,3,3
6,4,6,6,1,6,6,6,6,6,6,6,6,4,6,6,6,6,6,6,6
6,4,5,6,4,6,6,1,6,6,6,6,6,6,6,6,6,6,6,6,6
3,2,3,3,1,3,3,1,3,3,3,3,3,3,3,3,3,3,3,3,3
6,4,5,6,1,3,6,6,6,6,4,4,6,4,4,6,6,6,6,6,6
6,4,5,6,4,6,6,4,6,6,4,4,6,4,6,6,6,6,6,6,6
3,3,3,3,3,3,3,3,3,3,3,3,3,3,3,3,3,3,3,3,3
6,4,5,6,1,3,6,6,6,6,4,4,6,4,4,6,6,6,6,6,6
6,4,5,6,4,6,6,1,6,6,6,6,6,4,6,6,6,6,6,6,6
3,3,3,3,3,3,3,3,3,3,3,3,3,3,3,3,3,3,3,3,3
6,4,6,6,1,6,6,6,6,6,6,6,6,4,6,6,6,6,6,6,6
1,1,3,5,4,4,1,6,2,4,5,3,1,2,5,4,6,6,4,6,6
5,2,2,3,5,2,5,1,2,3,6,3,3,3,2,3,3,3,3,3,3
3,3,3,3,1,3,3,1,3,3,3,3,3,3,3,3,3,3,3,3,3
5,2,2,5,1,2,5,1,2,5,6,3,5,1,2,5,2,2,2,5,5
3,2,2,3,1,3,3,1,2,3,6,3,3,1,2,3,3,3,3,3,3
3,3,3,3,3,3,3,3,3,3,3,3,3,3,3,3,3,3,3,3,3
6,4,4,6,4,4,6,1,4,6,4,4,6,4,4,6,4,6,6,6,6
1,2,2,4,4,5,1,2,2,4,5,3,1,2,2,1,2,2,4,2,2
3,2,3,3,3,2,3,3,2,3,3,3,3,2,2,3,3,3,3,3,3
4,2,3,4,1,3,4,6,6,4,6,3,4,4,5,4,6,6,4,6,6
6,1,5,6,1,4,6,1,6,6,6,6,6,6,6,6,6,6,6,6,6
3,3,3,3,3,3,3,3,3,3,3,3,3,3,3,3,3,3,3,3,3
6,4,6,6,4,4,6,6,6,6,4,6,6,4,6,6,6,6,6,6,6
6,4,5,6,1,6,6,6,6,6,6,6,6,6,6,6,6,6,6,6,6
3,3,3,3,3,3,3,3,3,3,3,3,3,3,3,3,3,3,3,3,3
6,4,5,6,4,3,6,6,6,6,4,4,6,4,4,6,6,6,6,6,6
6,4,5,6,4,6,6,1,6,6,6,6,6,6,6,6,6,6,6,6,6
3,3,3,3,3,3,3,3,3,3,3,3,3,3,3,3,3,3,3,3,3
6,4,5,6,4,3,6,1,4,6,4,4,6,4,4,6,6,6,6,6,6
6,4,5,6,4,6,6,1,6,6,4,6,6,4,6,6,6,6,6,6,6
3,3,3,3,3,3,3,3,3,3,3,3,3,3,3,3,3,3,3,3,3
6,4,6,6,1,6,6,6,6,6,6,6,6,4,6,6,6,6,6,6,6
6,4,5,6,4,4,6,6,6,6,4,6,6,4,6,6,6,6,6,6,6
1,4,5,5,1,6,4,6,6,6,6,6,6,6,6,6,6,6,6,6,6
6,4,5,6,4,6,6,6,6,6,4,6,6,6,6,6,6,6,6,6,6
3,3,3,3,3,3,3,3,3,3,3,3,3,3,3,3,3,3,3,3,3
6,4,6,6,1,6,6,6,6,6,6,6,6,6,6,6,6,6,6,6,6
6,4,5,6,4,6,6,1,6,6,6,6,6,1,6,6,6,6,6,6,6
3,3,3,3,1,3,3,1,3,3,3,3,3,3,3,3,3,3,3,3,3
6,4,5,6,4,3,6,1,6,6,4,4,6,4,4,6,6,6,6,6,6
6,4,5,6,4,3,6,4,6,6,4,4,6,4,6,6,6,6,6,6,6
3,3,3,3,3,3,3,3,3,3,3,3,3,3,3,3,3,3,3,3,3
6,4,5,6,4,3,6,6,6,6,4,4,6,4,4,6,6,6,6,6,6
6,4,5,6,4,6,6,6,6,6,6,6,6,4,6,6,6,6,6,6,6
3,3,3,3,3,3,3,3,3,3,3,3,3,3,3,3,3,3,3,3,3
6,4,6,6,1,6,6,6,6,6,6,6,6,6,6,6,6,6,6,6,6
4,2,3,5,4,5,4,6,3,4,5,3,6,2,5,4,6,6,6,6,6
3,3,3,3,4,2,3,3,2,3,3,3,3,3,3,3,3,3,3,3,3
5,2,2,5,5,2,5,1,2,3,6,3,5,3,2,3,3,3,3,3,3
3,3,3,3,1,3,3,1,3,3,3,3,3,3,3,3,3,3,3,3,3
5,2,2,4,1,2,5,1,2,5,6,3,5,1,2,5,2,2,2,5,5
3,2,3,3,5,3,3,1,2,3,6,3,3,1,2,3,3,3,3,3,3
3,3,3,3,3,3,3,3,3,3,3,3,3,3,3,3,3,3,3,3,3
6,4,5,1,4,4,6,1,4,6,4,4,6,4,4,6,4,6,6,6,6
1,2,2,1,4,5,1,2,2,4,5,3,1,2,2,1,2,2,1,2,2
3,2,3,3,3,2,3,2,2,3,3,3,3,2,2,3,3,3,3,3,3
4,2,3,4,1,4,4,6,3,4,6,3,4,6,5,4,6,6,4,6,6
4,1,5,5,1,6,6,6,6,6,6,6,6,6,6,6,6,6,6,6,6
3,3,3,3,3,3,3,3,3,3,3,3,3,3,3,3,3,3,3,3,3
6,4,6,6,4,4,6,6,6,6,6,6,6,4,6,6,6,6,6,6,6
6,4,5,6,1,6,6,6,6,6,6,6,6,6,6,6,6,6,6,6,6
3,3,3,3,3,3,3,3,3,3,3,3,3,3,3,3,3,3,3,3,3
6,4,5,6,1,3,6,6,6,6,4,4,6,4,4,6,6,6,6,6,6
6,4,5,6,4,6,6,1,6,6,6,6,6,6,6,6,6,6,6,6,6
3,3,3,3,3,3,3,3,3,3,3,3,3,3,3,3,3,3,3,3,3
6,4,5,6,1,6,6,1,6,6,4,4,6,4,4,6,4,6,6,6,6
6,4,5,6,4,3,6,1,6,6,4,4,6,6,6,6,6,6,6,6,6
3,3,3,3,3,3,3,3,3,3,3,3,3,3,3,3,3,3,3,3,3
6,4,6,6,1,5,6,6,6,6,6,6,6,4,6,6,6,6,6,6,6
6,4,5,6,4,6,6,4,6,6,4,6,6,4,6,6,6,6,6,6,6
1,4,5,5,1,6,1,6,6,6,6,6,6,4,6,6,6,6,6,6,6
6,4,5,6,4,6,6,6,6,6,6,6,6,6,6,6,6,6,6,6,6
3,3,3,3,3,3,3,3,3,3,3,3,3,3,3,3,3,3,3,3,3
6,4,6,6,1,5,6,3,6,6,6,6,6,4,6,6,6,6,6,6,6
6,4,5,6,4,6,6,6,6,6,6,6,6,6,6,6,6,6,6,6,6
3,3,3,3,1,3,3,1,3,3,3,3,3,3,3,3,3,3,3,3,3
6,4,5,6,1,3,6,6,6,6,4,4,6,4,4,6,6,6,6,6,6
6,4,5,6,4,6,6,4,6,6,4,4,6,4,6,6,6,6,6,6,6
3,3,3,3,3,3,3,3,3,3,3,3,3,3,3,3,3,3,3,3,3
6,4,5,6,4,3,6,6,6,6,4,4,6,4,6,6,6,6,6,6,6
6,4,5,6,4,6,6,4,6,6,6,6,6,4,6,6,6,6,6,6,6
3,3,3,3,3,3,3,3,3,3,3,3,3,3,3,3,3,3,3,3,3
6,4,6,6,1,6,6,6,6,6,6,6,6,4,6,6,6,6,6,6,6
1,2,3,1,4,4,1,6,6,4,5,3,1,2,5,1,6,6,1,6,6
3,3,3,3,3,2,3,3,2,3,3,3,3,3,3,3,3,3,3,3,3
5,2,2,3,5,2,5,1,2,3,6,3,3,3,2,3,3,3,3,3,3
3,3,3,3,1,3,3,1,3,3,3,3,3,3,3,3,3,3,3,3,3
5,2,2,5,1,2,5,1,2,5,6,3,5,1,2,5,2,2,5,5,5
3,2,3,3,1,3,3,1,2,3,6,3,3,1,2,3,3,3,3,3,3
3,3,3,3,3,3,3,3,3,3,3,3,3,3,3,3,3,3,3,3,3
6,4,4,1,4,4,6,1,4,6,4,4,6,4,4,6,4,6,6,6,6
1,2,2,1,4,2,1,2,2,4,5,3,1,2,2,1,2,2,1,2,2
3,2,3,3,3,2,3,2,2,3,3,3,3,2,2,3,3,3,3,3,3
1,2,3,4,1,4,4,6,5,4,6,3,4,6,5,4,6,6,4,6,6
1,1,5,5,1,6,6,6,6,4,6,6,6,1,6,6,6,6,6,6,6
3,3,3,3,3,3,3,3,3,3,3,3,3,3,3,3,3,3,3,3,3
6,4,6,6,4,4,6,6,6,6,6,6,6,4,6,6,6,6,6,6,6
6,1,5,6,1,6,6,6,6,6,6,6,6,6,6,6,6,6,6,6,6
3,3,3,3,3,3,3,3,3,3,3,3,3,3,3,3,3,3,3,3,3
6,4,5,6,4,3,6,6,6,6,4,4,6,4,6,6,6,6,6,6,6
6,4,5,6,4,6,6,1,6,6,6,6,6,1,6,6,6,6,6,6,6
3,3,3,3,3,3,3,3,3,3,3,3,3,3,3,3,3,3,3,3,3
6,4,5,6,4,6,6,1,4,6,4,4,6,4,4,6,4,6,6,6,6
6,4,5,6,4,3,6,4,6,6,4,6,6,4,6,6,6,6,6,6,6
3,3,3,3,3,3,3,3,3,3,3,3,3,3,3,3,3,3,3,3,3
6,4,6,6,1,5,6,6,6,6,6,6,6,4,6,6,6,6,6,6,6
6,4,5,6,4,4,6,6,6,6,4,6,6,4,6,6,6,6,6,6,6
4,4,5,5,1,6,5,6,6,6,6,6,6,4,6,6,6,6,6,6,6
6,4,5,6,4,6,6,6,6,6,6,6,6,4,6,6,6,6,6,6,6
3,3,3,3,3,3,3,3,3,3,3,3,3,3,3,3,3,3,3,3,3
6,4,6,6,1,6,6,6,6,6,6,6,6,4,6,6,6,6,6,6,6
6,4,5,6,4,6,6,1,6,6,6,6,6,6,6,6,6,6,6,6,6
3,3,3,3,1,3,3,1,3,3,3,3,3,3,3,3,3,3,3,3,3
6,4,5,6,4,3,6,6,6,6,4,4,6,4,4,6,6,6,6,6,6
6,4,5,6,4,3,6,4,6,6,4,4,6,4,6,6,6,6,6,6,6
3,3,3,3,3,3,3,3,3,3,3,3,3,3,3,3,3,3,3,3,3
6,4,5,6,4,3,6,6,6,6,4,4,6,4,4,6,6,6,6,6,6
6,4,5,6,4,6,6,4,3,6,6,6,6,4,6,6,6,6,6,6,6
3,3,3,3,3,3,3,3,3,3,3,3,3,3,3,3,3,3,3,3,3
6,4,6,6,1,6,5,6,6,6,6,6,6,6,6,6,6,6,6,6,6
1,2,3,1,4,4,1,6,6,4,5,3,1,2,5,4,6,6,4,6,6
5,2,2,3,5,2,5,1,2,3,6,3,3,1,2,3,3,3,3,3,3
3,3,3,3,4,3,3,3,3,3,3,3,3,3,3,3,3,3,3,3,3
5,2,2,3,1,1,5,1,2,5,6,3,5,1,2,5,2,2,5,5,5
3,2,2,3,1,3,3,1,2,3,6,3,3,3,2,3,3,3,3,3,3
3,3,3,3,3,3,3,3,3,3,3,3,3,3,3,3,3,3,3,3,3
6,4,4,1,1,4,6,1,4,6,4,4,6,4,4,6,4,6,6,6,6
1,2,2,4,4,5,1,2,2,4,5,3,1,2,2,4,2,2,4,2,2
3,2,3,3,3,2,3,3,2,3,3,3,3,2,2,3,3,3,3,3,3
1,2,3,4,4,4,4,6,5,4,6,3,4,4,5,4,6,6,4,6,6
1,4,5,5,1,4,4,1,6,4,6,6,6,6,6,6,6,6,6,6,6
3,3,3,3,3,3,3,3,3,3,3,3,3,3,3,3,3,3,3,3,3
6,4,6,6,4,4,6,6,6,6,4,6,6,4,6,6,6,6,6,6,6
4,1,5,5,1,6,6,1,6,6,6,6,6,6,6,6,6,6,6,6,6
3,3,3,3,3,3,3,3,3,3,3,3,3,3,3,3,3,3,3,3,3
6,4,5,6,4,3,6,6,6,6,4,4,6,4,4,6,6,6,6,6,6
6,4,5,6,4,6,6,1,6,6,6,6,6,6,6,6,6,6,6,6,6
3,3,3,3,3,3,3,3,3,3,3,3,3,3,3,3,3,3,3,3,3
6,4,5,6,4,6,6,1,4,6,4,4,6,4,4,6,4,6,6,6,6
6,4,5,6,4,6,6,4,6,6,4,4,6,4,6,6,6,6,6,6,6
3,3,3,3,3,3,3,3,3,3,3,3,3,3,3,3,3,3,3,3,3
6,4,6,6,1,5,6,6,6,6,6,6,6,4,6,6,6,6,6,6,6
6,4,5,6,4,4,6,4,6,6,4,6,6,4,6,6,6,6,6,6,6
4,4,5,5,1,6,4,6,6,6,6,6,6,6,6,6,6,6,6,6,6
6,4,5,6,4,6,6,4,6,6,6,6,6,4,6,6,6,6,6,4,6
3,3,3,3,3,3,3,3,3,3,3,3,3,3,3,3,3,3,3,3,3
6,4,6,6,1,6,6,6,6,6,6,6,6,4,6,6,6,6,6,6,6
6,4,5,6,4,6,6,6,6,6,6,6,6,6,6,6,6,6,6,6,6
3,3,2,3,1,3,3,1,3,3,3,3,3,3,2,3,3,3,3,3,3
6,4,5,6,1,3,6,1,6,6,4,4,6,4,4,6,6,6,6,6,6
6,4,5,6,4,6,6,4,6,6,4,4,6,4,6,6,4,6,6,6,6
3,3,3,3,3,3,3,3,3,3,3,3,3,3,3,3,3,3,3,3,3
6,4,5,6,4,3,6,1,6,6,4,4,6,4,4,6,6,6,6,6,6
6,4,5,6,4,6,6,6,6,6,6,6,6,4,6,6,6,6,6,6,6
3,3,3,3,3,3,3,3,3,3,3,3,3,3,3,3,3,3,3,3,3
4,4,6,5,1,6,6,6,6,6,6,6,6,4,6,6,6,6,6,6,6
1,2,3,5,4,4,1,6,5,4,5,3,6,2,5,1,6,6,1,6,6
5,2,2,5,5,2,5,1,2,3,6,3,5,3,2,3,3,3,3,3,3
3,3,3,3,3,3,3,3,3,3,3,3,3,3,3,3,3,3,3,3,3
5,2,2,3,1,1,5,1,2,3,6,3,5,1,2,5,2,2,5,5,5
5,2,2,3,1,3,5,1,2,3,6,3,3,1,2,3,3,3,3,3,3
3,3,3,3,3,3,3,3,3,3,3,3,3,3,3,3,3,3,3,3,3
6,4,4,1,4,4,6,1,4,6,4,4,6,4,4,6,4,6,6,6,6
1,2,2,1,4,5,1,2,2,4,5,3,1,2,2,1,2,2,1,2,2
3,2,3,3,3,2,3,2,2,3,3,3,3,2,2,3,3,3,3,3,3
1,2,3,1,4,4,1,6,3,4,6,3,4,4,5,4,6,6,4,6,6
1,1,5,5,1,4,4,6,6,4,6,6,6,1,6,6,6,6,6,6,6
3,3,3,3,3,3,3,3,3,3,3,3,3,3,3,3,3,3,3,3,3
6,4,6,6,1,6,6,6,6,6,4,6,6,4,6,6,6,6,6,6,6
6,4,5,5,1,6,6,1,6,6,6,6,6,6,6,6,6,6,6,6,6
3,3,3,3,3,3,3,3,3,3,3,3,3,3,3,3,3,3,3,3,3
6,4,5,6,4,3,6,6,6,6,4,4,6,4,4,6,6,6,6,6,6
6,4,5,6,4,6,6,1,6,6,6,6,6,6,6,6,6,6,6,6,6
3,3,3,3,3,3,3,3,3,3,3,3,3,3,3,3,3,3,3,3,3
6,4,5,1,4,6,6,1,4,6,4,4,6,4,4,6,4,6,6,6,6
6,4,5,6,4,3,6,4,6,6,4,4,6,4,6,6,6,6,6,6,6
3,3,3,3,3,3,3,3,3,3,3,3,3,3,3,3,3,3,3,3,3
6,4,6,6,1,6,6,6,6,6,6,6,6,4,6,6,6,6,6,6,6
6,4,5,6,4,4,6,4,6,6,4,6,6,4,6,6,6,6,6,6,6
1,4,5,5,1,6,1,6,6,6,6,6,6,6,6,6,6,6,6,6,6
6,4,5,6,4,6,6,4,6,6,6,6,6,4,6,6,6,6,6,6,6
3,3,3,3,3,3,3,3,3,3,3,3,3,3,3,3,3,3,3,3,3
6,4,6,6,1,6,6,6,6,6,6,6,6,4,6,6,6,6,6,6,6
6,4,5,6,4,6,6,6,6,6,6,6,6,6,6,6,6,6,6,6,6
3,3,2,3,1,3,3,1,3,3,3,3,3,3,2,3,3,3,3,3,3
6,4,5,6,4,3,6,1,6,6,4,4,6,4,4,6,6,6,6,6,6
6,4,5,6,4,3,6,6,6,6,4,4,6,4,6,6,4,6,6,6,6
3,3,3,3,3,3,3,3,3,3,3,3,3,3,3,3,3,3,3,3,3
6,4,5,6,4,3,6,1,6,6,4,4,6,4,4,6,6,6,6,6,6
6,4,5,6,4,6,6,4,6,6,6,6,6,4,6,6,6,6,6,6,6
3,3,3,3,3,3,3,3,3,3,3,3,3,3,3,3,3,3,3,3,3
4,4,6,5,1,6,5,6,6,6,6,6,6,6,6,6,6,6,6,6,6
1,2,3,5,4,4,1,6,3,4,5,3,1,2,5,4,6,6,4,6,6
5,2,2,3,5,2,5,1,2,3,6,3,5,3,2,3,3,3,3,3,3
3,3,3,3,3,3,3,3,3,3,3,3,3,3,3,3,3,3,3,3,3
5,2,2,5,1,1,5,1,2,2,6,3,5,1,2,5,2,2,2,5,5
3,2,2,3,1,3,3,1,2,3,6,3,3,1,2,3,3,3,3,3,3
3,3,3,3,3,3,3,3,3,3,3,3,3,3,3,3,3,3,3,3,3
6,4,6,6,4,6,6,6,6,6,6,6,6,6,6,6,1,6,6,1,6
6,4,5,6,4,6,6,6,6,6,6,6,6,6,6,6,6,6,6,6,6
1,4,5,5,4,6,4,6,6,6,6,6,6,6,6,6,6,6,6,6,6
6,4,5,6,1,4,6,6,6,6,6,6,6,6,6,6,6,6,6,6,6
6,4,5,6,1,4,6,6,6,6,6,6,6,6,6,6,6,6,6,6,6
4,4,5,5,1,6,4,6,6,6,6,6,6,6,6,6,6,6,6,6,6
1,4,5,5,1,4,6,6,6,4,6,6,6,6,6,6,6,6,6,6,6
1,4,5,5,1,6,6,6,6,6,6,6,6,6,6,6,6,6,6,6,6
1,4,5,6,1,6,6,6,6,6,6,6,6,6,6,6,6,6,6,6,6
6,4,5,6,1,6,6,6,6,6,6,6,6,6,6,6,6,6,6,6,6
6,4,5,6,1,6,6,6,6,6,6,6,6,6,6,6,6,6,6,6,6
6,4,5,6,1,6,6,6,6,6,6,6,6,6,6,6,6,6,6,6,6
6,4,5,6,1,6,6,6,6,6,6,6,6,6,6,6,6,6,6,6,6
6,4,5,6,1,4,6,6,6,6,6,6,6,6,6,6,6,6,6,6,6
6,4,5,6,1,6,6,6,6,6,6,6,6,6,6,6,6,6,6,6,6
6,4,5,6,1,6,6,6,6,6,6,6,6,6,6,6,6,6,6,6,6
1,4,5,5,1,6,6,6,6,6,6,6,6,6,6,6,6,6,6,6,6
6,4,5,5,1,4,6,6,6,6,6,6,6,6,6,6,6,6,6,6,6
1,4,5,5,1,6,1,6,6,6,6,6,6,6,6,6,6,6,6,6,6
6,4,5,6,1,4,6,6,6,6,6,6,6,6,6,6,6,6,6,6,6
1,4,5,5,1,6,6,6,6,6,6,6,6,6,6,6,6,6,6,6,6
6,4,5,5,1,6,6,6,6,6,6,6,6,6,6,6,6,6,6,6,6
6,4,5,6,1,6,6,6,6,6,6,6,6,6,6,6,6,6,6,6,6
6,4,5,6,1,6,6,6,6,6,6,6,6,6,6,6,6,6,6,6,6
6,4,5,5,1,4,6,6,6,6,6,6,6,6,6,6,6,6,6,6,6
4,4,5,5,1,6,4,6,6,6,6,6,6,6,6,6,6,6,6,6,6
6,4,5,6,1,6,6,6,6,6,6,6,6,6,6,6,6,6,6,6,6
1,4,5,5,1,6,1,6,6,4,6,6,6,6,6,6,6,6,6,6,6
1,4,5,5,3,4,1,6,6,6,6,6,6,6,6,6,6,6,6,6,6
6,4,5,6,1,6,6,6,6,6,6,6,6,6,6,6,6,6,6,6,6
6,4,5,5,1,6,6,6,6,6,6,6,6,6,6,6,6,6,6,6,6
6,4,5,6,1,4,6,6,6,6,6,6,6,6,6,6,6,6,6,6,6
6,4,5,6,1,6,6,6,6,6,6,6,6,6,6,6,6,6,6,6,6
6,4,5,6,1,6,6,6,6,6,6,6,6,6,6,6,6,6,6,6,6
6,4,5,6,3,6,6,6,6,6,6,6,6,6,6,6,6,6,6,6,6
6,4,5,6,1,6,6,6,6,6,6,6,6,6,6,6,6,6,6,6,6
6,4,5,6,1,6,6,6,6,6,6,6,6,6,6,6,6,6,6,6,6
1,4,5,5,1,6,4,6,6,6,6,6,6,6,6,6,6,6,6,6,6
6,4,5,6,1,6,6,6,6,6,6,6,6,6,6,6,6,6,6,6,6
6,4,5,5,1,6,6,6,6,6,6,6,6,6,6,6,6,6,6,6,6
6,4,5,6,1,4,6,6,6,6,6,6,6,6,6,6,6,6,6,6,6
6,4,5,6,1,6,6,6,6,6,6,6,6,6,6,6,6,6,6,6,6
6,4,5,6,1,6,6,6,6,6,6,6,6,6,6,6,6,6,6,6,6
6,4,5,6,1,6,6,6,6,6,6,6,6,6,6,6,6,6,6,6,6
6,4,5,5,1,6,6,6,6,6,6,6,6,6,6,6,6,6,6,6,6
6,4,5,6,1,4,6,6,6,6,6,6,6,6,6,6,6,6,6,6,6
1,4,5,5,1,6,6,6,6,6,6,6,6,6,6,6,6,6,6,6,6
6,4,5,6,1,6,6,6,6,6,6,6,6,6,6,6,6,6,6,6,6
1,4,5,6,1,6,6,6,6,6,6,6,6,6,6,6,6,6,6,6,6
6,4,5,6,1,6,6,6,6,6,6,6,6,6,6,6,6,6,6,6,6
1,4,5,5,1,6,6,6,6,6,6,6,6,6,6,6,6,6,6,6,6
6,4,5,6,1,6,6,6,6,6,6,6,6,6,6,6,6,6,6,6,6
6,4,5,6,1,6,6,6,6,6,6,6,6,6,6,6,6,6,6,6,6
1,1,1,1,1,1,1,1,1,1,4,4,1,1,1,1,1,1,1,1,1
1,1,1,1,1,4,1,1,1,1,2,3,1,1,1,1,1,1,1,1,1
3,2,3,3,3,2,3,3,2,3,3,3,3,2,3,3,3,3,3,3,3
5,2,2,5,1,1,5,2,2,5,6,3,5,2,2,5,2,2,5,2,2
1,1,1,6,1,1,1,1,1,1,1,1,1,1,1,1,1,1,1,1,1
1,1,1,1,1,1,1,1,1,1,2,3,1,1,1,1,1,1,1,1,1
3,3,3,3,3,3,3,3,3,3,3,3,3,3,3,3,3,3,3,3,3
1,1,1,1,1,1,1,1,1,1,1,1,1,1,1,1,1,1,1,1,1
1,1,1,1,1,1,1,1,1,1,4,3,1,1,1,1,1,1,1,1,1
3,3,3,3,3,3,3,3,3,3,3,3,3,3,3,3,3,3,3,3,3
1,1,1,2,1,1,1,1,1,1,1,1,1,1,1,1,1,1,1,1,1
1,1,4,1,1,4,1,1,1,1,4,4,1,1,1,1,1,1,1,1,1
3,3,3,3,3,3,3,3,3,3,3,3,3,3,3,3,3,3,3,3,3
1,1,1,1,1,1,1,1,1,1,1,1,1,1,1,1,1,1,1,1,1
1,1,1,1,1,1,1,1,1,1,4,1,1,1,1,1,1,1,1,1,1
3,3,3,3,3,3,3,3,3,3,3,3,3,3,3,3,3,3,3,3,3
1,1,1,1,1,1,1,1,1,1,1,1,1,1,1,1,1,1,1,1,1
1,1,4,1,1,1,1,1,1,1,4,4,1,1,1,1,1,1,1,1,1
5,2,2,5,1,1,5,2,2,5,6,3,5,2,2,2,2,2,2,2,2
1,1,1,1,1,1,1,1,1,1,4,4,1,1,1,1,1,1,1,1,1
1,1,1,1,1,1,1,1,1,1,4,1,1,1,1,1,1,1,1,1,1
3,3,3,3,3,3,3,3,3,3,3,3,3,3,3,3,3,3,3,3,3
1,1,1,6,1,1,1,1,1,1,1,1,1,1,1,1,1,1,1,1,1
1,1,4,1,1,1,1,1,1,1,4,4,1,1,1,1,1,1,1,1,1
3,2,2,3,1,3,3,1,2,3,3,3,3,3,2,3,3,3,3,3,3
1,1,1,2,1,1,1,1,1,1,1,1,1,1,1,1,1,1,1,1,1
1,1,1,1,1,1,1,1,1,1,4,3,1,1,1,1,1,1,1,1,1
3,3,3,3,3,3,3,3,3,3,3,3,3,3,3,3,3,3,3,3,3
1,1,1,2,1,1,1,1,1,1,1,1,1,1,1,1,1,1,1,1,1
1,1,4,1,1,1,1,1,1,1,4,4,1,1,1,1,1,1,1,1,1
3,3,3,3,3,3,3,3,3,3,3,3,3,3,3,3,3,3,3,3,3
1,1,1,2,1,1,1,1,1,1,1,1,1,1,1,1,1,1,1,1,1
1,1,1,1,1,1,1,1,1,1,4,3,1,1,1,1,1,1,1,1,1
5,2,2,5,1,1,5,1,2,3,6,3,5,1,2,5,3,3,5,3,3
3,2,3,3,1,3,3,1,3,3,3,3,3,3,2,3,3,3,3,3,3
1,1,4,1,1,1,1,1,1,1,4,4,1,1,1,1,1,1,1,1,1
5,2,2,3,5,1,5,1,2,3,6,3,3,3,2,3,3,3,3,3,3
1,1,1,2,1,1,1,1,1,1,1,1,1,1,1,1,1,1,1,1,1
1,1,1,1,1,1,1,1,1,1,4,1,1,1,1,1,1,1,1,1,1
1,1,1,1,1,1,1,1,1,1,4,4,1,1,1,1,1,1,1,1,1
1,1,1,1,1,4,1,1,1,1,2,3,1,1,1,1,1,1,1,1,1
3,2,3,3,2,2,3,3,2,3,3,3,3,2,3,3,3,3,3,3,3
4,2,2,5,1,1,5,2,2,5,6,3,5,2,2,2,2,2,2,2,2
1,1,1,2,1,1,1,1,1,1,1,1,1,1,1,1,1,1,1,1,1
1,1,1,1,1,1,1,1,1,1,2,3,1,1,1,1,1,1,1,1,1
3,3,3,3,3,3,3,3,3,3,3,3,3,3,3,3,3,3,3,3,3
1,1,1,2,1,1,1,1,1,1,1,1,1,1,1,1,1,1,1,1,1
1,1,1,1,1,1,1,1,1,1,4,4,1,1,1,1,1,1,1,1,1
3,3,3,3,3,3,3,3,3,3,3,3,3,3,3,3,3,3,3,3,3
1,1,1,2,1,1,1,1,1,1,1,1,1,1,1,1,1,1,1,1,1
1,1,4,1,1,1,1,1,1,1,4,4,1,1,1,1,1,1,1,1,1
3,3,3,3,3,3,3,3,3,3,3,3,3,3,3,3,3,3,3,3,3
1,1,1,2,1,1,1,1,1,1,1,1,1,1,1,1,1,1,1,1,1
1,1,1,1,1,1,1,1,1,1,4,1,1,1,1,1,1,1,1,1,1
3,3,3,3,3,3,3,3,3,3,3,3,3,3,3,3,3,3,3,3,3
1,1,1,2,1,1,1,1,1,1,1,1,1,1,1,1,1,1,1,1,1
1,1,4,1,1,1,1,1,1,1,4,4,1,1,1,1,1,1,1,1,1
5,2,2,5,1,1,5,2,2,5,6,3,5,2,2,2,2,2,2,2,2
1,1,4,2,1,1,1,1,1,1,4,4,1,1,1,1,1,1,1,1,1
1,1,1,1,1,1,1,1,1,1,4,1,1,1,1,1,1,1,1,1,1
3,3,3,3,3,3,3,3,3,3,3,3,3,3,3,3,3,3,3,3,3
1,1,1,6,1,1,1,1,1,1,1,1,1,1,1,1,1,1,1,1,1
1,1,1,1,1,1,1,1,1,1,4,4,1,1,1,1,1,1,1,1,1
3,2,2,3,1,3,3,1,3,3,6,3,3,3,2,3,3,3,3,3,3
1,1,1,2,1,1,1,1,1,1,1,1,1,1,1,1,1,1,1,1,1
1,1,1,1,1,1,1,1,1,1,4,3,1,1,1,1,1,1,1,1,1
3,3,3,3,3,3,3,3,3,3,3,3,3,3,3,3,3,3,3,3,3
1,1,1,2,1,1,1,1,1,1,1,1,1,1,1,1,1,1,1,1,1
1,1,4,1,1,1,1,1,1,1,4,4,1,1,1,1,1,1,1,1,1
3,3,3,3,3,3,3,3,3,3,3,3,3,3,3,3,3,3,3,3,3
1,1,1,2,1,1,1,1,1,1,4,1,1,1,1,1,1,1,1,1,1
1,1,1,1,1,1,1,1,1,1,4,3,1,1,1,1,1,1,1,1,1
5,2,2,5,1,1,5,1,2,3,6,3,5,1,2,5,3,3,5,3,3
3,2,3,3,1,3,3,1,3,3,3,3,3,3,3,3,3,3,3,3,3
1,1,4,1,1,1,1,1,1,1,4,4,1,1,1,1,1,1,1,1,1
3,2,2,3,5,1,3,1,2,3,6,3,3,3,2,3,3,3,3,3,3
1,1,1,2,1,1,1,1,1,1,1,1,1,1,1,1,1,1,1,1,1
1,1,1,1,1,1,1,1,1,1,4,1,1,1,1,1,1,1,1,1,1
1,1,4,1,1,1,1,1,1,1,4,4,1,1,1,1,1,1,1,1,1
1,1,1,1,1,4,1,1,1,1,2,3,1,1,1,1,1,1,1,1,1
3,2,3,3,3,2,3,3,2,3,3,3,3,2,3,3,3,3,3,3,3
5,2,2,5,1,1,5,2,2,5,6,3,5,2,2,2,2,2,2,2,2
1,1,1,2,1,1,1,1,1,1,1,1,1,1,1,1,1,1,1,1,1
1,1,1,1,1,1,1,1,1,1,4,3,1,1,1,1,1,1,1,1,1
3,3,3,3,3,3,3,3,3,3,3,3,3,3,3,3,3,3,3,3,3
1,1,1,2,1,1,1,1,1,1,1,1,1,1,1,1,1,1,1,1,1
1,1,1,1,1,1,1,1,1,1,4,4,1,1,1,1,1,1,1,1,1
3,3,3,3,3,3,3,3,3,3,3,3,3,3,3,3,3,3,3,3,3
1,1,1,2,1,1,1,1,1,1,1,1,1,1,1,1,1,1,1,1,1
1,1,4,1,1,4,1,1,1,1,4,4,1,1,1,1,1,1,1,1,1
3,3,3,3,3,3,3,3,3,3,3,3,3,3,3,3,3,3,3,3,3
1,1,1,1,1,1,1,1,1,1,1,1,1,1,1,1,1,1,1,1,1
1,1,1,1,1,1,1,1,1,1,4,1,1,1,1,1,1,1,1,1,1
3,3,3,3,3,3,3,3,3,3,3,3,3,3,3,3,3,3,3,3,3
1,1,1,2,1,1,1,1,1,1,1,1,1,1,1,1,1,1,1,1,1
1,1,4,1,1,1,1,1,1,1,4,4,1,1,1,1,1,1,1,1,1
6,2,2,5,1,1,5,2,2,5,6,3,5,2,2,2,2,2,2,2,2
1,1,4,1,1,1,1,1,1,1,4,4,1,1,1,1,1,1,1,1,1
1,1,1,1,1,1,1,1,1,1,4,1,1,1,1,1,1,1,1,1,1
3,3,3,3,3,3,3,3,3,3,3,3,3,3,3,3,3,3,3,3,3
1,1,1,1,1,1,1,1,1,1,1,1,1,1,1,1,1,1,1,1,1
1,1,1,1,1,1,1,1,1,1,4,4,1,1,1,1,1,1,1,1,1
3,2,2,3,1,3,3,1,2,3,3,3,3,3,2,3,3,3,3,3,3
1,1,1,2,1,1,1,1,1,1,1,1,1,1,1,1,1,1,1,1,1
1,1,1,1,1,1,1,1,1,1,4,3,1,1,1,1,1,1,1,1,1
3,3,3,3,3,3,3,3,3,3,3,3,3,3,3,3,3,3,3,3,3
1,1,1,1,1,1,1,1,1,1,1,1,1,1,1,1,1,1,1,1,1
1,1,4,1,1,1,1,1,1,1,4,4,1,1,1,1,1,1,1,1,1
3,3,3,3,3,3,3,3,3,3,3,3,3,3,3,3,3,3,3,3,3
1,1,1,6,1,1,1,1,1,1,4,1,1,1,1,1,1,1,1,1,1
1,1,1,1,1,1,1,1,1,1,4,3,1,1,1,1,1,1,1,1,1
5,2,2,5,1,1,5,1,2,3,6,3,5,3,2,5,3,3,3,3,3
3,2,3,3,1,3,3,1,3,3,3,3,3,3,3,3,3,3,3,3,3
1,1,4,1,1,1,1,1,1,1,4,4,1,1,1,1,1,1,1,1,1
5,2,2,3,5,1,3,1,2,3,6,3,3,3,2,3,3,3,3,3,3
1,1,1,2,1,1,1,1,1,1,1,1,1,1,1,1,1,1,1,1,1
1,1,1,1,1,1,1,1,1,1,4,1,1,1,1,1,1,1,1,1,1
1,1,1,1,1,1,1,1,1,1,4,4,1,1,1,1,1,1,1,1,1
1,1,1,1,1,4,1,1,1,1,2,3,1,1,1,1,1,1,1,1,1
3,2,3,3,3,2,3,3,2,3,3,3,3,2,3,3,3,3,3,3,3
6,2,2,4,1,1,5,2,2,5,6,3,5,2,2,2,2,2,2,2,2
1,1,1,6,1,1,1,1,1,1,1,1,1,1,1,1,1,1,1,1,1
1,1,1,1,1,1,1,1,1,1,4,3,1,1,1,1,1,1,1,1,1
3,3,3,3,3,3,3,3,3,3,3,3,3,3,3,3,3,3,3,3,3
1,1,1,2,1,1,1,1,1,1,1,1,1,1,1,1,1,1,1,1,1
1,1,1,1,1,1,1,1,1,1,4,4,1,1,1,1,1,1,1,1,1
3,3,3,3,3,3,3,3,3,3,3,3,3,3,3,3,3,3,3,3,3
1,1,1,2,1,1,1,1,1,1,1,1,1,1,1,1,1,1,1,1,1
1,1,1,1,1,4,1,1,1,1,4,4,1,1,1,1,1,1,1,1,1
3,3,3,3,3,3,3,3,3,3,3,3,3,3,3,3,3,3,3,3,3
1,1,4,2,1,1,1,1,1,1,1,1,1,1,1,1,1,1,1,1,1
1,1,1,1,1,1,1,1,1,1,4,1,1,1,1,1,1,1,1,1,1
3,3,3,3,3,3,3,3,3,3,3,3,3,3,3,3,3,3,3,3,3
1,1,1,2,1,1,1,1,1,1,1,1,1,1,1,1,1,1,1,1,1
1,1,4,1,1,1,1,1,1,1,4,4,1,1,1,1,1,1,1,1,1
5,2,2,4,1,1,5,2,2,5,6,3,5,2,2,2,2,2,2,2,2
1,1,1,2,1,1,1,1,1,1,4,4,1,1,1,1,1,1,1,1,1
1,1,1,1,1,1,1,1,1,1,4,1,1,1,1,1,1,1,1,1,1
3,3,3,3,3,3,3,3,3,3,3,3,3,3,3,3,3,3,3,3,3
1,1,4,2,1,1,1,1,1,1,1,1,1,1,1,1,1,1,1,1,1
1,1,4,1,1,1,1,1,1,1,4,4,1,1,1,1,1,1,1,1,1
3,2,2,3,1,3,3,1,2,3,3,3,3,3,2,3,3,3,3,3,3
1,1,1,2,1,1,1,1,1,1,1,1,1,1,1,1,1,1,1,1,1
1,1,1,1,1,1,1,1,1,1,4,3,1,1,1,1,1,1,1,1,1
3,3,3,3,3,3,3,3,3,3,3,3,3,3,3,3,3,3,3,3,3
1,1,1,2,1,1,1,1,1,1,1,1,1,1,1,1,1,1,1,1,1
1,1,4,1,1,1,1,1,1,1,4,4,1,1,1,1,1,1,1,1,1
3,3,3,3,3,3,3,3,3,3,3,3,3,3,3,3,3,3,3,3,3
1,1,1,2,1,1,1,1,1,1,4,1,1,1,1,1,1,1,1,1,1
1,1,1,1,1,1,1,1,1,1,4,3,1,1,1,1,1,1,1,1,1
5,2,2,5,5,1,5,1,2,3,6,3,5,3,2,5,3,3,5,3,3
3,2,3,3,1,3,3,1,3,3,3,3,3,3,3,3,3,3,3,3,3
1,1,1,1,1,1,1,1,1,1,4,4,1,1,1,1,1,1,1,1,1
5,2,2,3,5,2,5,1,2,3,6,3,3,3,2,3,3,3,3,3,3
1,1,1,2,1,1,1,1,1,1,1,1,1,1,1,1,1,1,1,1,1
1,1,1,1,1,1,1,1,1,1,4,1,1,1,1,1,1,1,1,1,1
1,1,1,1,1,1,1,1,1,1,4,4,1,1,1,1,1,1,1,1,1
1,1,1,1,1,4,1,1,1,1,2,3,1,1,1,1,1,1,1,1,1
3,2,3,3,3,2,3,3,2,3,3,3,3,2,3,3,3,3,3,3,3
1,1,1,2,1,1,1,1,1,1,1,1,1,1,1,1,1,1,1,1,1
1,1,1,1,1,1,1,1,1,1,4,3,1,1,1,1,1,1,1,1,1
3,3,3,3,3,3,3,3,3,3,3,3,3,3,3,3,3,3,3,3,3
1,1,1,2,1,1,1,1,1,1,1,1,1,1,1,1,1,1,1,1,1
1,1,1,1,1,1,1,1,1,1,4,4,1,1,1,1,1,1,1,1,1
3,3,3,3,3,3,3,3,3,3,3,3,3,3,3,3,3,3,3,3,3
1,1,1,6,1,1,1,1,1,1,1,1,1,1,1,1,1,1,1,1,1
1,1,1,1,1,1,1,1,1,1,4,4,1,1,1,1,1,1,1,1,1
3,3,3,3,3,3,3,3,3,3,3,3,3,3,3,3,3,3,3,3,3
1,1,4,6,1,1,1,1,1,1,1,1,1,1,1,1,1,1,1,1,1
1,1,1,1,1,1,1,1,1,1,4,1,1,1,1,1,1,1,1,1,1
3,3,3,3,3,3,3,3,3,3,3,3,3,3,3,3,3,3,3,3,3
1,1,4,2,1,1,1,1,1,1,1,1,1,1,1,1,1,1,1,1,1
1,1,1,1,1,1,1,1,1,1,4,4,1,1,1,1,1,1,1,1,1
5,2,2,5,1,1,5,2,2,5,6,3,5,2,2,5,2,2,2,2,2
1,1,1,1,1,1,1,1,1,1,4,4,1,1,1,1,1,1,1,1,1
1,1,1,1,1,1,1,1,1,1,4,1,1,1,1,1,1,1,1,1,1
3,3,3,3,3,3,3,3,3,3,3,3,3,3,3,3,3,3,3,3,3
1,1,4,2,1,1,1,1,1,1,1,1,1,1,1,1,1,1,1,1,1
1,1,1,1,1,1,1,1,1,1,4,4,1,1,1,1,1,1,1,1,1
3,2,2,3,1,3,3,1,2,3,3,3,3,3,2,3,3,3,3,3,3
1,1,1,2,1,1,1,1,1,1,1,1,1,1,1,1,1,1,1,1,1
1,1,1,1,1,1,1,1,1,1,4,3,1,1,1,1,1,1,1,1,1
3,3,3,3,3,3,3,3,3,3,3,3,3,3,3,3,3,3,3,3,3
1,1,4,1,1,6,1,1,1,1,1,1,1,1,1,1,1,1,1,1,1
1,1,1,1,1,1,1,1,1,1,4,4,1,1,1,1,1,1,1,1,1
3,3,3,3,3,3,3,3,3,3,3,3,3,3,3,3,3,3,3,3,3
1,1,1,1,1,1,1,1,1,1,1,1,1,1,1,1,1,1,1,1,1
1,1,1,1,1,1,1,1,1,1,4,3,1,1,1,1,1,1,1,1,1
5,2,2,5,5,1,5,1,2,3,6,3,5,3,2,3,3,3,3,3,3
3,2,3,3,1,3,3,1,3,3,3,3,3,3,3,3,3,3,3,3,3
1,1,1,1,1,1,1,1,1,1,4,4,1,1,1,1,1,1,1,1,1
5,2,2,3,5,1,5,1,2,3,6,3,3,3,2,3,3,3,3,3,3
1,1,1,2,1,1,1,1,1,1,1,1,1,1,1,1,1,1,1,1,1
1,1,1,1,1,1,1,1,1,1,4,1,1,1,1,1,1,1,1,1,1
1,1,1,1,1,1,1,1,1,1,4,4,1,1,1,1,1,1,1,1,1
1,1,1,1,1,4,1,1,1,1,2,3,1,1,1,1,1,1,1,1,1
3,2,3,3,2,2,3,3,2,3,3,3,3,2,3,3,3,3,3,3,3
1,1,1,2,1,1,1,1,1,1,1,1,1,1,1,1,1,1,1,1,1
1,1,1,1,1,1,1,1,1,1,4,3,1,1,1,1,1,1,1,1,1
3,3,3,3,3,3,3,3,3,3,3,3,3,3,3,3,3,3,3,3,3
1,1,1,2,1,1,1,1,1,1,1,1,1,1,1,1,1,1,1,1,1
1,1,1,1,1,1,1,1,1,1,4,4,1,1,1,1,1,1,1,1,1
3,3,3,3,3,3,3,3,3,3,3,3,3,3,3,3,3,3,3,3,3
1,1,1,2,1,1,1,1,1,1,1,1,1,1,1,1,1,1,1,1,1
1,1,4,1,1,1,1,1,1,1,4,4,1,1,4,1,1,1,1,1,1
5,3,3,3,3,3,3,3,3,3,3,3,3,3,3,3,3,3,3,3,3
1,1,4,2,1,1,1,1,1,1,1,1,1,1,1,1,1,1,1,1,1
1,1,1,1,1,1,1,1,1,1,4,1,1,1,1,1,1,1,1,1,1
3,3,3,3,3,3,3,3,3,3,3,3,3,3,3,3,3,3,3,3,3
1,1,4,2,1,1,1,1,1,1,1,1,1,1,1,1,1,1,1,1,1
1,1,1,1,1,1,1,1,1,1,4,4,1,1,1,1,1,1,1,1,1
1,1,5,1,1,1,1,1,1,1,4,4,1,1,1,1,1,1,1,1,1
1,1,1,1,1,1,1,1,1,1,4,1,1,1,1,1,1,1,1,1,1
3,3,3,3,3,3,3,3,3,3,3,3,3,3,3,3,3,3,3,3,3
1,1,4,6,1,1,1,1,1,1,1,1,1,1,1,1,1,1,1,1,1
1,1,1,1,1,1,1,1,1,1,4,4,1,1,1,1,1,1,1,1,1
3,2,2,3,1,3,3,1,2,3,3,3,3,3,2,3,3,3,3,3,3
1,1,1,2,1,1,1,1,1,1,1,1,1,1,1,1,1,1,1,1,1
1,1,1,1,1,1,1,1,1,1,4,3,1,1,1,1,1,1,1,1,1
3,3,3,3,3,3,3,3,3,3,3,3,3,3,3,3,3,3,3,3,3
1,1,1,2,1,1,1,1,1,1,1,1,1,1,1,1,1,1,1,1,1
1,1,1,1,1,1,1,1,1,1,4,4,1,1,1,1,1,1,1,1,1
3,3,3,3,3,3,3,3,3,3,3,3,3,3,3,3,3,3,3,3,3
1,1,1,2,1,1,1,1,1,1,1,1,1,1,1,1,1,1,1,1,1
1,1,1,1,1,1,1,1,1,1,4,3,1,1,1,1,1,1,1,1,1
5,2,2,5,5,1,5,1,2,3,6,3,5,1,2,5,3,3,5,3,3
3,2,3,3,1,3,3,1,3,3,3,3,3,3,2,3,3,3,3,3,3
1,1,1,1,1,1,1,1,1,1,4,4,1,1,1,1,1,1,1,1,1
5,2,2,3,5,2,5,1,2,3,6,3,3,3,2,3,3,3,3,3,3
1,1,1,2,1,1,1,1,1,1,1,1,1,1,1,1,1,1,1,1,1
1,1,1,1,1,1,1,1,1,1,4,1,1,1,1,1,1,1,1,1,1
1,1,1,2,1,1,1,1,1,1,4,4,1,1,1,1,1,1,1,1,1
1,1,1,1,1,4,1,1,1,1,2,3,1,1,1,1,1,1,1,1,1
3,2,3,3,2,2,3,3,2,3,3,3,3,2,3,3,3,3,3,3,3
5,2,2,5,1,1,5,2,2,5,6,3,5,2,2,5,2,2,5,2,2
1,1,1,2,1,1,1,1,1,1,1,1,1,1,1,1,1,1,1,1,1
1,1,1,1,1,1,1,1,1,1,2,3,1,1,1,1,1,1,1,1,1
3,3,3,3,3,3,3,3,3,3,3,3,3,3,3,3,3,3,3,3,3
1,1,1,2,1,1,1,1,1,1,1,1,1,1,1,1,1,1,1,1,1
1,1,1,1,1,1,1,1,1,1,4,4,1,1,1,1,1,1,1,1,1
3,3,3,3,3,3,3,3,3,3,3,3,3,3,3,3,3,3,3,3,3
1,1,1,2,1,1,1,1,1,1,1,1,1,1,1,1,1,1,1,1,1
1,1,1,1,1,1,1,1,1,1,4,4,1,1,1,1,1,1,1,1,1
3,3,3,3,3,3,3,3,3,3,3,3,3,3,3,3,3,3,3,3,3
1,1,4,2,1,1,1,1,1,1,1,1,1,1,1,1,1,1,1,1,1
1,1,1,1,1,1,1,1,1,1,4,1,1,1,1,1,1,1,1,1,1
3,3,3,3,3,3,3,3,3,3,3,3,3,3,3,3,3,3,3,3,3
1,1,4,2,1,1,1,1,1,1,1,1,1,1,1,1,1,1,1,1,1
1,1,1,1,1,1,1,1,1,1,4,4,1,1,1,1,1,1,1,1,1
5,2,2,5,1,1,5,2,2,5,6,3,5,2,2,5,2,2,2,2,2
1,1,1,1,1,1,1,1,1,1,4,4,1,1,1,1,1,1,1,1,1
1,1,1,1,1,1,1,1,1,1,4,1,1,1,1,1,1,1,1,1,1
3,3,3,3,3,3,3,3,3,3,3,3,3,3,3,3,3,3,3,3,3
1,1,4,2,1,1,1,1,1,1,1,1,1,1,1,1,1,1,1,1,1
1,1,1,1,1,1,1,1,1,1,4,4,1,1,1,1,1,1,1,1,1
3,2,2,3,1,3,3,1,2,3,3,3,3,3,2,3,3,3,3,3,3
1,1,1,2,1,1,1,1,1,1,1,1,1,1,1,1,1,1,1,1,1
1,1,1,1,1,1,1,1,1,1,4,3,1,1,1,1,1,1,1,1,1
3,3,3,3,3,3,3,3,3,3,3,3,3,3,3,3,3,3,3,3,3
1,1,4,6,1,1,1,1,1,1,1,1,1,1,1,1,1,1,1,1,1
1,1,1,1,1,1,1,1,1,1,4,4,1,1,1,1,1,1,1,1,1
3,3,3,3,3,3,3,3,3,3,3,3,3,3,3,3,3,3,3,3,3
1,1,1,1,1,1,1,1,1,1,1,1,1,1,1,1,1,1,1,1,1
1,1,1,1,1,1,1,1,1,1,4,3,1,1,1,1,1,1,1,1,1
5,2,2,5,5,1,5,1,2,3,6,3,5,3,2,5,3,3,5,3,3
3,2,3,3,1,3,3,1,3,3,3,3,3,3,3,3,3,3,3,3,3
1,1,1,1,1,1,1,1,1,1,4,4,1,1,1,1,1,1,1,1,1
5,2,2,3,5,1,5,1,2,3,6,3,3,3,2,3,3,3,3,3,3
1,1,1,2,1,1,1,1,1,1,1,1,1,1,1,1,1,1,1,1,1
1,1,1,1,1,1,1,1,1,1,4,1,1,1,1,1,1,1,1,1,1
1,1,1,1,1,1,1,1,1,1,4,1,1,1,1,1,1,1,1,1,1
1,1,1,1,1,4,1,1,1,1,2,3,1,1,1,1,1,1,1,1,1
3,2,3,3,3,2,3,3,2,3,3,3,3,2,3,3,3,3,3,3,3
1,1,1,2,1,1,1,1,1,1,1,1,1,1,1,1,1,1,1,1,1
1,1,1,1,1,1,1,1,1,1,4,3,1,1,1,1,1,1,1,1,1
3,3,3,3,3,3,3,3,3,3,3,3,3,3,3,3,3,3,3,3,3
1,1,1,1,1,1,1,1,1,1,1,1,1,1,1,1,1,1,1,1,1
1,1,1,1,1,1,1,1,1,1,4,4,1,1,1,1,1,1,1,1,1
3,3,3,3,3,3,3,3,3,3,3,3,3,3,3,3,3,3,3,3,3
1,1,1,2,1,1,1,1,1,1,1,1,1,1,1,1,1,1,1,1,1
1,1,1,1,1,1,1,1,1,1,4,4,1,1,1,1,1,1,1,1,1
3,3,3,3,3,3,3,3,3,3,3,3,3,3,3,3,3,3,3,3,3
1,1,4,2,1,1,1,1,1,1,1,1,1,1,1,1,1,1,1,1,1
1,1,1,1,1,1,1,1,1,1,4,1,1,1,1,1,1,1,1,1,1
3,3,3,3,3,3,3,3,3,3,3,3,3,3,3,3,3,3,3,3,3
1,1,4,6,1,1,1,1,1,1,1,1,1,1,1,1,1,1,1,1,1
1,1,1,1,1,1,1,1,1,1,4,4,1,1,1,1,1,1,1,1,1
5,2,2,5,1,1,5,2,2,2,6,3,5,2,2,2,2,2,2,2,2
1,1,1,1,1,1,1,1,1,1,4,4,1,1,1,1,1,1,1,1,1
1,1,1,1,1,1,1,1,1,1,4,1,1,1,1,1,1,1,1,1,1
3,3,3,3,3,3,3,3,3,3,3,3,3,3,3,3,3,3,3,3,3
1,1,4,2,1,1,1,1,1,1,1,1,1,1,1,1,1,1,1,1,1
1,1,4,1,1,1,1,1,1,1,4,4,1,1,1,1,1,1,1,1,1
3,2,2,3,1,3,3,1,2,3,3,3,3,3,2,3,3,3,3,3,3
1,1,1,2,1,1,1,1,1,1,1,1,1,1,1,1,1,1,1,1,1
1,1,1,1,1,1,1,1,1,1,4,3,1,1,1,1,1,1,1,1,1
3,3,3,3,3,3,3,3,3,3,3,3,3,3,3,3,3,3,3,3,3
1,1,4,2,1,1,1,1,1,1,1,1,1,1,1,1,1,1,1,1,1
1,1,1,1,1,1,1,1,1,1,4,4,1,1,1,1,1,1,1,1,1
3,3,3,3,3,3,3,3,3,3,3,3,3,3,3,3,3,3,3,3,3
1,1,1,1,1,1,1,1,1,1,1,1,1,1,1,1,1,1,1,1,1
1,1,1,1,1,1,1,1,1,1,4,3,1,1,1,1,1,1,1,1,1
5,2,2,5,5,1,5,1,2,3,6,3,5,3,2,5,3,3,5,3,3
3,2,3,3,1,3,3,1,3,3,3,3,3,3,3,3,3,3,3,3,3
1,1,1,1,1,1,1,1,1,1,4,4,1,1,1,1,1,1,1,1,1
5,2,2,3,5,1,5,1,2,3,6,3,3,3,2,3,3,3,3,3,3
1,1,1,2,1,1,1,1,1,1,1,1,1,1,1,1,1,1,1,1,1
1,1,1,1,1,1,1,1,1,1,4,1,1,1,1,1,1,1,1,1,1
1,1,5,1,1,1,1,1,1,1,4,4,1,1,1,1,1,1,1,1,1
1,1,1,1,1,4,1,1,1,1,2,3,1,1,1,1,1,1,1,1,1
3,2,3,3,2,2,3,3,2,3,3,3,3,2,3,3,3,3,3,3,3
5,2,2,5,1,1,5,2,2,5,6,3,5,2,2,2,2,2,2,2,2
1,1,1,2,1,1,1,1,1,1,1,1,1,1,1,1,1,1,1,1,1
1,1,1,1,1,1,1,1,1,1,4,3,1,1,1,1,1,1,1,1,1
3,3,3,3,3,3,3,3,3,3,3,3,3,3,3,3,3,3,3,3,3
1,1,1,2,1,1,1,1,1,1,1,1,1,1,1,1,1,1,1,1,1
1,1,1,1,1,1,1,1,1,1,4,4,1,1,1,1,1,1,1,1,1
3,3,3,3,3,3,3,3,3,3,3,3,3,3,3,3,3,3,3,3,3
1,1,1,2,1,1,1,1,1,1,1,1,1,1,1,1,1,1,1,1,1
1,1,1,1,1,4,1,1,1,1,4,4,1,1,1,1,1,1,1,1,1
3,3,3,3,3,3,3,3,3,3,3,3,3,3,3,3,3,3,3,3,3
1,1,4,6,1,1,1,1,1,1,1,1,1,1,1,1,1,1,1,1,1
1,1,1,1,1,1,1,1,1,1,4,1,1,1,1,1,1,1,1,1,1
3,3,3,3,3,3,3,3,3,3,3,3,3,3,3,3,3,3,3,3,3
1,1,5,6,1,1,1,1,1,1,1,1,1,1,1,1,1,1,1,1,1
1,1,1,1,1,1,1,1,1,1,4,4,1,1,1,1,1,1,1,1,1
5,2,2,5,1,1,5,2,2,5,6,3,5,2,2,5,2,2,5,2,2
1,1,1,2,1,1,1,1,1,1,4,4,1,1,1,1,1,1,1,1,1
1,1,1,1,1,1,1,1,1,1,4,1,1,1,1,1,1,1,1,1,1
3,3,3,3,3,3,3,3,3,3,3,3,3,3,3,3,3,3,3,3,3
1,1,4,6,1,1,1,1,1,1,1,1,1,1,1,1,1,1,1,1,1
1,1,1,1,1,1,1,1,1,1,4,4,1,1,1,1,1,1,1,1,1
3,2,2,3,1,3,3,1,2,3,3,3,3,3,2,3,3,3,3,3,3
1,1,1,2,1,1,1,1,1,1,1,1,1,1,1,1,1,1,1,1,1
1,1,1,1,1,1,1,1,1,1,4,3,1,1,1,1,1,1,1,1,1
3,3,3,3,3,3,3,3,3,3,3,3,3,3,3,3,3,3,3,3,3
1,1,4,2,1,1,1,1,1,1,1,1,1,1,1,1,1,1,1,1,1
1,1,1,1,1,1,1,1,1,1,4,4,1,1,1,1,1,1,1,1,1
3,3,3,3,3,3,3,3,3,3,3,3,3,3,3,3,3,3,3,3,3
1,1,1,1,1,1,1,1,1,1,4,1,1,1,1,1,1,1,1,1,1
1,1,1,1,1,1,1,1,1,1,4,3,1,1,1,1,1,1,1,1,1
5,2,2,5,5,1,5,1,2,3,6,3,5,1,2,3,3,3,3,3,3
3,2,3,3,1,3,3,1,3,3,3,3,3,3,3,3,3,3,3,3,3
1,1,1,1,1,1,1,1,1,1,4,4,1,1,1,1,1,1,1,1,1
3,2,2,3,5,2,3,1,2,3,6,3,3,3,2,3,3,3,3,3,3
1,1,1,2,1,1,1,1,1,1,1,1,1,1,1,1,1,1,1,1,1
1,1,1,1,1,1,1,1,1,1,4,1,1,1,1,1,1,1,1,1,1
1,1,1,1,1,1,1,1,1,1,4,1,1,1,1,1,1,1,1,1,1
1,1,1,1,1,4,1,1,1,1,2,3,1,1,1,1,1,1,1,1,1
3,2,3,3,3,2,3,3,2,3,3,3,3,2,3,3,3,3,3,3,3
1,1,1,2,1,1,1,1,1,1,1,1,1,1,1,1,1,1,1,1,1
1,1,1,1,1,1,1,1,1,1,2,3,1,1,1,1,1,1,1,1,1
3,3,3,3,3,3,3,3,3,3,3,3,3,3,3,3,3,3,3,3,3
1,1,1,2,1,1,1,1,1,1,1,1,1,1,1,1,1,1,1,1,1
1,1,1,1,1,1,1,1,1,1,4,4,1,1,1,1,1,1,1,1,1
3,3,3,3,3,3,3,3,3,3,3,3,3,3,3,3,3,3,3,3,3
1,1,1,2,1,1,1,1,1,1,1,1,1,1,1,1,1,1,1,1,1
1,1,1,1,1,1,1,1,1,1,4,4,1,1,1,1,1,1,1,1,1
3,3,3,3,3,3,3,3,3,3,3,3,3,3,3,3,3,3,3,3,3
1,1,5,1,1,1,1,1,1,1,1,1,1,1,1,1,1,1,1,1,1
1,1,1,1,1,1,1,1,1,1,4,1,1,1,1,1,1,1,1,1,1
3,3,3,3,3,3,3,3,3,3,3,3,3,3,3,3,3,3,3,3,3
1,1,5,2,1,1,1,1,1,1,1,1,1,1,1,1,1,1,1,1,1
1,1,1,1,1,1,1,1,1,1,4,4,1,1,1,1,1,1,1,1,1
5,2,2,4,1,1,5,2,2,5,6,3,5,2,2,2,2,2,2,2,2
1,1,1,2,1,1,1,1,1,1,4,4,1,1,1,1,1,1,1,1,1
1,1,1,1,1,1,1,1,1,1,4,1,1,1,1,1,1,1,1,1,1
3,3,3,3,3,3,3,3,3,3,3,3,3,3,3,3,3,3,3,3,3
1,1,5,6,1,1,1,1,1,1,1,1,1,1,1,1,1,1,1,1,1
1,1,4,1,1,1,1,1,1,1,4,4,1,1,1,1,1,1,1,1,1
3,2,2,3,1,3,3,1,2,3,3,3,3,3,2,3,3,3,3,3,3
1,1,1,2,1,1,1,1,1,1,1,1,1,1,1,1,1,1,1,1,1
1,1,1,1,1,1,1,1,1,1,4,3,1,1,1,1,1,1,1,1,1
3,3,3,3,3,3,3,3,3,3,3,3,3,3,3,3,3,3,3,3,3
1,1,5,2,1,1,1,1,1,1,1,1,1,1,1,1,1,1,1,1,1
1,1,1,1,1,1,1,1,1,1,4,4,1,1,1,1,1,1,1,1,1
3,3,3,3,3,3,3,3,3,3,3,3,3,3,3,3,3,3,3,3,3
1,1,1,2,1,1,1,1,1,1,1,1,1,1,1,1,1,1,1,1,1
1,1,1,1,1,1,1,1,1,1,4,3,1,1,1,1,1,1,1,1,1
5,2,2,5,5,1,5,1,2,3,6,3,5,3,2,5,3,3,3,3,3
3,2,3,3,1,3,3,1,3,3,3,3,3,3,2,3,3,3,3,3,3
1,1,1,1,1,1,1,1,1,1,4,4,1,1,1,1,1,1,1,1,1
5,2,2,3,5,1,5,1,2,3,6,3,3,3,2,3,3,3,3,3,3
1,1,1,2,1,1,1,1,1,1,1,1,1,1,1,1,1,1,1,1,1
1,1,1,1,1,1,1,1,1,1,4,1,1,1,1,1,1,1,1,1,1
1,1,1,1,1,1,1,1,1,1,4,4,1,1,1,1,1,1,1,1,1
1,1,1,1,1,4,1,1,1,1,2,3,1,1,1,1,1,1,1,1,1
1,1,1,2,1,1,1,1,1,1,1,1,1,1,1,1,1,1,1,1,1
1,1,1,1,1,1,1,1,1,1,4,3,1,1,1,1,1,1,1,1,1
3,2,3,3,1,3,3,1,3,3,3,3,3,4,3,3,3,3,3,3,3
1,1,1,1,1,1,1,1,1,1,1,1,1,1,1,1,1,1,1,1,1
1,1,1,1,1,1,1,1,1,1,4,4,1,1,1,1,1,1,1,1,1
3,3,3,3,3,3,3,3,3,3,3,3,3,3,3,3,3,3,3,3,3
1,1,1,6,1,1,1,1,1,1,1,1,1,1,1,1,1,1,1,1,1
1,1,4,1,1,1,1,1,1,1,4,4,1,1,1,1,1,1,1,1,1
3,3,3,3,3,3,3,3,3,3,3,3,3,3,3,3,3,3,3,3,3
1,1,5,1,1,1,1,1,1,1,1,1,1,1,1,1,1,1,1,1,1
1,1,1,1,1,1,1,1,1,1,1,1,1,1,1,1,1,1,1,1,1
3,3,3,3,3,3,3,3,3,3,3,3,3,3,3,3,3,3,3,3,3
1,1,5,2,1,1,1,1,1,1,1,1,1,1,1,1,1,1,1,1,1
1,1,1,1,1,1,1,1,1,1,4,4,1,1,1,1,1,1,1,1,1
1,1,1,1,1,1,1,1,1,1,4,4,1,1,1,1,1,1,1,1,1
1,1,1,1,1,1,1,1,1,1,4,1,1,1,1,1,1,1,1,1,1
3,3,3,3,3,3,3,3,3,3,3,3,3,3,3,3,3,3,3,3,3
1,1,5,2,1,1,1,1,1,1,1,1,1,1,1,1,1,1,1,1,1
1,1,4,1,1,1,1,1,1,1,4,4,1,1,1,1,1,1,1,1,1
3,2,2,3,1,3,3,1,2,3,3,3,3,3,2,3,3,3,3,3,3
1,1,1,2,1,1,1,1,1,1,1,1,1,1,1,1,1,1,1,1,1
1,1,1,1,1,1,1,1,1,1,4,3,1,1,1,1,1,1,1,1,1
3,3,3,3,3,3,3,3,3,3,3,3,3,3,3,3,3,3,3,3,3
1,1,5,6,1,1,1,1,1,1,1,1,1,1,1,1,1,1,1,1,1
1,1,1,1,1,1,1,1,1,1,4,4,1,1,1,1,1,1,1,1,1
3,3,3,3,3,3,3,3,3,3,3,3,3,3,3,3,3,3,3,3,3
1,1,1,1,1,1,1,1,1,1,1,1,1,1,1,1,1,1,1,1,1
1,1,1,1,1,1,1,1,1,1,4,3,1,1,1,1,1,1,1,1,1
5,2,2,3,5,1,5,1,2,3,6,3,5,3,2,3,3,3,3,3,3
3,2,3,3,1,3,3,1,3,3,3,3,3,3,2,3,3,3,3,3,3
1,1,1,1,1,1,1,1,1,1,4,4,1,1,1,1,1,1,1,1,1
5,2,2,3,1,1,5,1,2,3,6,3,3,3,2,3,3,3,3,3,3
1,1,1,2,1,1,1,1,1,1,1,1,1,1,1,1,1,1,1,1,1
1,1,1,1,1,1,1,1,1,1,4,1,1,1,1,1,1,1,1,1,1
1,1,1,1,1,1,1,1,1,1,4,4,1,1,1,1,1,1,1,1,1
1,1,1,1,1,4,1,1,1,1,2,3,1,1,1,1,1,1,1,1,1
3,2,3,3,3,2,3,3,3,3,3,3,3,2,3,3,3,3,3,3,3
1,1,1,2,1,1,1,1,1,1,1,1,1,1,1,1,1,1,1,1,1
1,1,1,1,1,1,1,1,1,1,2,3,1,1,1,1,1,1,1,1,1
3,3,3,3,3,3,3,3,3,3,3,3,3,3,3,3,3,3,3,3,3
1,1,1,1,1,1,1,1,1,1,1,1,1,1,1,1,1,1,1,1,1
1,1,1,1,1,1,1,1,1,1,4,4,1,1,1,1,1,1,1,1,1
3,3,3,3,3,3,3,3,3,3,3,3,3,3,3,3,3,3,3,3,3
1,1,1,1,1,1,1,1,1,1,1,1,1,1,1,1,1,1,1,1,1
1,1,4,1,1,1,1,1,1,1,4,4,1,1,1,1,1,1,1,1,1
3,3,3,3,3,3,3,3,3,3,3,3,3,3,3,3,3,3,3,3,3
1,1,5,6,1,1,1,1,1,1,1,1,1,1,1,1,1,1,1,1,1
1,1,1,1,1,1,1,1,1,1,4,1,1,1,1,1,1,1,1,1,1
3,3,3,3,3,3,3,3,3,3,3,3,3,3,3,3,3,3,3,3,3
1,1,5,6,1,1,1,1,1,1,1,1,1,1,1,1,1,1,1,1,1
1,1,1,1,1,1,1,1,1,1,4,4,1,1,1,1,1,1,1,1,1
5,2,2,4,1,1,5,2,2,5,6,3,5,2,2,5,2,2,2,2,2
1,1,1,1,1,1,1,1,1,1,4,4,1,1,1,1,1,1,1,1,1
1,1,1,1,1,1,1,1,1,1,4,1,1,1,1,1,1,1,1,1,1
3,3,3,3,3,3,3,3,3,3,3,3,3,3,3,3,3,3,3,3,3
1,1,5,1,1,1,1,1,1,1,1,1,1,1,1,1,1,1,1,1,1
1,1,4,1,1,1,1,1,1,1,4,4,1,1,1,1,1,1,1,1,1
3,2,2,3,1,3,3,1,2,3,3,3,3,3,2,3,3,3,3,3,3
1,1,1,6,1,1,1,1,1,1,1,1,1,1,1,1,1,1,1,1,1
1,1,1,1,1,1,1,1,1,1,4,3,1,1,1,1,1,1,1,1,1
3,3,3,3,3,3,3,3,3,3,3,3,3,3,3,3,3,3,3,3,3
1,1,5,2,1,1,1,1,1,1,1,1,1,1,1,1,1,1,1,1,1
1,1,1,1,1,1,1,1,1,1,4,4,1,1,1,1,1,1,1,1,1
3,3,3,3,3,3,3,3,3,3,3,3,3,3,3,3,3,3,3,3,3
1,1,1,1,1,1,1,1,1,1,1,1,1,1,1,1,1,1,1,1,1
1,1,1,1,1,1,1,1,1,1,4,3,1,1,1,1,1,1,1,1,1
5,2,2,3,5,1,5,1,2,3,6,3,3,3,2,3,3,3,3,3,3
3,2,3,3,1,3,3,1,3,3,3,3,3,3,3,3,3,3,3,3,3
1,1,1,1,1,1,1,1,1,1,4,4,1,1,1,1,1,1,1,1,1
5,2,2,3,5,1,5,1,2,3,6,3,3,3,2,3,3,3,3,3,3
1,1,1,2,1,1,1,1,1,1,1,1,1,1,1,1,1,1,1,1,1
1,1,1,1,1,1,1,1,1,1,4,1,1,1,1,1,1,1,1,1,1
1,1,1,4,1,4,1,1,1,1,4,3,1,1,1,1,1,1,1,1,1
1,1,1,1,1,4,1,1,1,1,2,3,1,1,1,1,1,1,1,1,1
1,1,1,1,1,4,1,1,1,1,2,3,1,1,1,1,1,1,1,1,1
1,1,1,1,1,4,1,1,1,1,2,3,1,1,1,1,1,1,1,1,1
1,1,1,1,1,4,1,1,1,1,2,3,1,1,1,1,1,1,1,1,1
1,1,1,1,1,4,1,1,1,1,2,3,1,1,1,1,1,1,1,1,1
1,1,1,1,1,4,1,1,1,1,2,3,1,1,1,1,1,1,1,1,1
1,1,1,1,1,4,1,1,1,1,2,3,1,1,1,1,1,1,1,1,1
1,1,1,1,1,4,1,1,1,1,2,3,1,1,1,1,1,1,1,1,1
1,1,1,1,1,4,1,1,1,1,2,3,1,1,1,1,1,1,1,1,1
1,1,1,1,1,4,1,1,1,1,2,3,1,1,1,1,1,1,1,1,1
1,1,1,1,1,4,1,1,1,1,2,3,1,1,1,1,1,1,1,1,1
1,1,1,1,1,4,1,1,1,1,2,3,1,1,1,1,1,1,1,1,1
1,1,1,1,1,4,1,1,1,1,2,3,1,1,1,1,1,1,1,1,1
1,1,1,1,1,4,1,1,1,1,2,3,1,1,1,1,1,1,1,1,1
1,2,1,1,1,4,1,1,1,1,5,3,1,1,1,1,1,1,1,1,1
1,1,1,1,1,4,1,1,1,1,5,3,1,1,1,1,1,1,1,1,1
1,2,1,1,1,4,1,1,1,1,4,3,1,1,1,1,1,1,1,1,1
1,1,1,1,1,4,1,1,1,1,2,3,1,1,1,1,1,1,1,1,1
1,1,1,1,1,4,1,1,1,1,2,3,1,1,1,1,1,1,1,1,1
1,1,1,1,1,4,1,1,1,1,2,3,1,1,1,1,1,1,1,1,1
1,1,1,1,1,4,1,1,1,1,2,3,1,1,1,1,1,1,1,1,1
1,1,1,1,1,4,1,1,1,1,2,3,1,1,1,1,1,1,1,1,1
1,1,1,1,1,4,1,1,1,1,2,3,1,1,1,1,1,1,1,1,1
1,1,1,1,1,4,1,1,1,1,5,3,1,1,1,1,1,1,1,1,1
1,2,1,1,1,4,1,1,1,1,5,3,1,1,1,1,1,1,1,1,1
1,1,1,1,1,4,1,1,1,1,2,3,1,1,1,1,1,1,1,1,1
1,1,1,1,1,4,1,1,1,1,2,3,1,1,1,1,1,1,1,1,1
1,2,1,1,1,4,1,1,1,1,4,3,1,1,1,1,1,1,1,1,1
1,1,1,1,1,4,1,1,1,1,2,3,1,1,1,1,1,1,1,1,1
1,2,1,1,1,4,1,1,1,1,5,3,1,1,1,1,1,1,1,1,1
1,1,1,1,1,4,1,1,1,1,2,3,1,1,1,1,1,1,1,1,1
1,1,1,1,1,4,1,1,1,1,2,3,1,1,1,1,1,1,1,1,1
1,1,1,1,1,4,1,1,1,1,2,3,1,1,1,1,1,1,1,1,1
1,1,1,1,1,4,1,1,1,1,2,3,1,1,1,1,1,1,1,1,1
1,1,1,1,1,4,1,1,1,1,2,3,1,1,1,1,1,1,1,1,1
1,1,1,1,1,4,1,1,1,1,2,3,1,1,1,1,1,1,1,1,1
1,2,1,1,1,4,1,1,1,1,5,3,1,1,1,1,1,1,1,1,1
1,2,1,1,1,4,1,1,1,1,5,3,1,1,1,1,1,1,1,1,1
1,1,1,1,1,1,1,1,1,1,2,3,1,1,1,1,1,1,1,1,1
1,2,1,1,1,4,1,1,1,1,5,3,1,1,1,1,1,1,1,1,1
1,1,1,1,1,4,1,1,1,1,2,3,1,1,1,1,1,1,1,1,1
1,1,1,1,1,4,1,1,1,1,2,3,1,1,1,1,1,1,1,1,1
1,2,1,1,1,4,1,1,1,1,5,3,1,1,1,1,1,1,1,1,1
1,2,1,1,1,4,1,1,1,1,5,3,1,1,1,1,1,1,1,1,1
1,2,1,1,1,4,1,1,1,1,5,3,1,1,1,1,1,1,1,1,1
1,2,1,1,1,4,1,1,1,1,5,3,1,1,1,1,1,1,1,1,1
1,2,1,1,1,4,1,1,1,1,5,3,1,1,1,1,1,1,1,1,1
1,2,1,1,1,4,1,1,1,1,5,3,1,1,1,1,1,1,1,1,1
1,1,1,1,1,4,1,1,1,1,5,3,1,1,1,1,1,1,1,1,1
1,2,2,5,6,3,5,6,3,4,6,3,5,6,2,1,2,2,1,2,2
1,2,2,5,1,3,1,6,3,4,6,3,1,6,2,1,2,2,1,6,2
1,2,3,1,1,3,1,6,3,2,6,3,1,6,2,1,2,2,1,6,6
1,2,3,5,3,3,1,6,3,4,6,3,1,6,2,1,6,2,1,6,6
1,2,3,1,1,3,1,6,3,4,6,3,1,6,5,1,6,1,1,6,6
1,2,2,1,1,4,1,6,3,4,6,3,1,6,5,1,6,1,1,6,6
4,2,3,5,1,3,5,6,3,4,6,3,4,6,5,4,6,2,4,6,6
1,2,2,1,1,4,1,6,2,4,6,3,6,6,5,1,6,2,1,6,6
1,2,2,5,1,4,1,6,3,4,6,3,1,6,5,1,6,2,1,6,6
1,2,3,1,1,3,1,6,3,4,6,3,1,6,5,1,6,2,1,6,6
1,2,2,1,1,4,1,6,3,2,6,3,1,6,5,1,6,2,1,6,6
1,2,2,5,1,4,1,6,3,4,6,3,1,6,2,1,6,2,1,6,6
1,2,3,1,3,3,1,6,3,4,6,3,1,6,5,1,6,2,1,6,6
1,2,2,1,3,4,1,6,3,4,6,3,1,6,2,1,6,2,1,6,6
1,2,3,1,1,3,1,6,3,4,6,3,1,6,2,1,6,2,1,6,6
1,2,2,1,1,4,1,6,3,4,6,3,1,6,2,1,6,2,1,6,6
1,2,2,1,3,4,1,6,3,4,6,3,1,6,2,1,6,2,1,6,6
1,2,2,1,1,4,1,6,3,4,6,3,1,6,2,1,6,2,1,6,6
1,2,2,5,1,4,1,6,3,4,6,3,1,6,2,1,6,2,1,6,6
1,2,2,5,1,4,1,6,3,4,6,3,1,6,2,1,6,2,1,6,6
1,2,3,4,1,3,4,6,3,4,6,3,1,6,5,1,6,2,4,6,6
1,2,2,1,1,4,1,6,3,4,6,3,1,6,2,1,6,2,1,6,6
1,2,2,1,1,4,1,6,3,4,6,3,1,6,5,1,6,2,1,6,6
1,2,2,1,3,4,1,6,3,4,6,3,1,6,2,1,6,2,1,6,6
1,2,3,4,1,3,4,6,3,4,6,3,1,6,5,1,6,1,4,6,6
1,2,2,5,1,4,1,6,3,4,6,3,1,6,2,1,6,2,1,6,6
1,2,2,1,3,4,1,6,3,4,6,3,1,6,2,1,1,2,1,6,6
1,2,2,4,3,4,4,6,3,4,6,3,4,6,2,4,6,2,4,6,6
1,2,2,5,1,4,1,6,3,4,6,3,1,6,2,1,1,2,1,6,6
1,2,2,5,1,4,1,6,3,4,6,3,1,6,2,1,6,2,1,6,6
1,2,2,4,1,4,4,6,3,4,6,3,4,6,2,1,1,2,4,6,6
1,2,2,5,3,4,1,6,3,4,6,3,1,6,2,1,6,2,1,6,6
1,2,2,5,1,4,1,6,3,4,6,3,6,6,2,1,6,2,1,6,6
1,2,2,4,1,4,4,6,3,4,6,3,4,6,2,4,1,2,4,6,6
1,2,2,4,1,4,4,6,3,4,6,3,4,6,5,4,6,1,4,6,6
1,2,2,4,1,4,4,6,3,4,6,3,4,6,2,1,6,2,4,6,6
1,2,2,1,1,4,1,6,3,4,6,3,4,6,2,1,1,1,4,6,6
1,2,3,5,1,3,1,6,3,4,6,3,4,6,2,4,6,2,4,6,6
1,2,2,1,3,4,1,6,3,4,6,3,1,6,2,1,6,1,1,6,6
1,2,2,4,3,4,4,6,3,4,6,3,4,6,2,1,6,2,4,6,6
1,2,3,5,1,3,1,6,3,4,6,3,1,6,2,1,1,1,1,6,6
4,2,2,5,1,4,5,6,3,4,6,3,6,6,2,1,6,2,4,6,6
4,2,2,4,3,4,4,6,3,4,6,3,4,6,2,4,6,1,4,6,6
1,2,2,1,1,4,1,6,3,4,6,3,1,6,2,1,1,1,1,6,6
1,2,2,4,1,4,4,6,3,4,6,3,4,6,2,1,6,2,4,6,6
1,2,3,4,1,3,4,6,3,4,6,3,4,6,2,4,6,1,4,6,6
1,2,2,1,1,4,1,6,3,4,6,3,1,6,2,1,6,1,1,6,6
1,2,3,4,1,3,4,6,3,4,6,3,4,6,2,1,6,1,4,6,6
1,2,2,4,1,4,4,6,3,4,6,3,4,6,2,1,6,1,4,6,6
1,2,2,4,1,4,1,6,3,4,6,3,4,6,2,4,1,1,4,6,6
6,4,5,6,1,3,6,4,3,6,6,6,6,6,5,6,6,6,6,6,6
5,4,5,5,5,5,5,5,5,5,5,4,5,5,5,5,5,5,5,5,5
5,4,5,5,5,5,5,5,5,5,6,3,5,5,5,5,5,5,5,5,5
6,5,5,6,5,5,6,5,3,6,6,3,6,5,5,6,2,2,6,2,2
6,4,5,6,1,5,6,6,5,6,6,3,6,6,5,6,6,6,6,6,6
5,4,5,5,5,5,5,4,5,5,5,6,5,6,5,5,6,5,5,6,6
5,4,5,5,5,5,5,5,5,5,5,4,5,5,5,5,5,5,5,5,5
6,4,5,6,6,5,6,5,5,6,6,6,6,6,5,6,6,5,6,5,5
6,4,5,6,1,5,6,6,5,6,6,6,6,6,5,6,6,6,6,6,6
5,4,5,5,5,5,5,6,5,5,5,6,5,5,5,5,6,5,5,6,6
5,5,5,5,5,5,5,5,5,5,5,4,5,5,5,5,5,5,5,5,5
6,4,5,6,6,4,6,6,3,6,6,6,6,6,5,6,6,6,6,5,6
6,4,5,6,1,6,6,6,3,6,6,6,6,6,6,6,6,6,6,6,6
5,4,5,5,6,5,5,6,3,5,6,6,5,6,5,5,5,5,5,6,5
5,5,5,5,5,5,5,5,5,5,5,4,5,5,5,5,5,5,5,5,5
6,4,5,6,1,4,6,6,3,6,6,6,6,6,5,6,6,6,6,6,6
6,4,5,6,4,4,6,4,3,6,6,6,6,4,6,6,6,6,6,6,6
5,4,5,5,5,5,5,5,5,5,5,4,5,5,5,5,6,5,5,6,5
5,5,5,5,5,5,5,5,5,5,5,4,5,5,5,5,5,5,5,5,5
6,4,5,6,1,6,6,5,5,6,6,6,6,6,5,6,6,6,6,5,5
6,4,5,6,4,4,6,4,3,6,6,6,6,6,6,6,6,6,6,6,6
5,4,5,5,4,5,5,5,5,5,5,4,5,5,5,5,5,5,5,4,5
5,4,5,5,6,5,5,5,5,5,6,6,5,5,5,5,5,5,5,5,5
6,4,5,6,6,5,6,6,5,6,6,3,6,6,5,6,5,5,6,6,6
6,4,5,6,4,6,6,4,6,6,6,6,6,6,6,6,6,6,6,6,6
5,4,5,5,5,5,5,5,5,5,5,4,5,5,5,5,6,5,5,6,5
5,5,5,5,5,5,5,5,5,5,5,4,5,5,5,5,5,5,5,5,5
6,4,5,6,1,5,6,5,5,6,6,6,6,6,5,6,6,5,6,6,6
6,4,5,6,1,6,6,6,3,6,6,6,6,6,6,6,6,6,6,6,6
5,4,5,5,4,5,5,5,5,5,5,4,5,5,5,5,5,5,5,5,5
5,4,5,5,5,5,5,5,3,5,6,6,5,5,5,5,6,5,5,6,5
6,4,5,6,1,4,6,6,3,6,6,6,6,6,5,6,6,6,6,5,6
6,4,5,6,4,4,6,4,6,6,6,6,6,6,6,6,6,6,6,6,6
5,4,5,5,4,5,5,5,5,5,5,4,5,5,5,5,5,5,5,6,5
5,5,5,5,5,5,5,5,5,5,5,4,5,5,5,5,5,5,5,5,5
6,4,5,6,1,4,6,4,3,6,6,6,6,6,5,6,6,6,6,5,6
6,4,5,6,1,6,6,6,6,6,6,6,6,6,6,6,6,6,6,6,6
5,4,5,5,4,5,5,5,5,5,5,4,5,5,5,5,5,5,5,5,5
5,4,5,5,5,5,5,5,5,5,5,4,5,5,5,5,5,5,5,6,5
6,4,5,6,1,5,6,6,5,6,6,6,6,6,5,6,5,5,6,5,5
1,5,2,6,4,3,5,6,2,4,5,3,6,5,2,1,2,2,1,2,2
5,4,5,5,5,5,5,5,5,5,5,4,5,5,5,5,5,5,5,4,5
5,4,5,5,6,5,5,5,5,5,6,6,5,6,5,5,6,5,5,5,5
5,4,5,5,6,5,5,5,5,5,6,4,5,6,5,5,6,5,5,6,5
5,4,5,5,3,5,5,5,5,5,6,6,5,5,5,5,5,5,5,5,5
5,4,5,5,6,5,5,5,3,5,6,6,5,6,5,5,6,5,5,5,5
5,4,5,5,5,5,5,5,5,5,5,4,5,5,5,5,5,5,5,1,5
6,4,5,6,1,6,6,4,3,6,6,6,6,6,5,6,6,6,6,6,6
5,4,5,5,4,5,5,5,5,5,5,4,5,5,5,5,5,5,5,5,5
5,5,5,5,5,5,5,5,5,5,6,3,5,5,5,5,5,5,5,5,5
6,5,5,6,5,3,6,5,5,6,5,3,6,5,5,6,2,2,6,2,2
6,4,3,6,1,3,6,6,3,6,6,3,6,6,5,6,6,6,6,6,6
5,4,5,5,5,5,5,6,5,5,5,6,5,5,5,5,6,5,5,6,6
5,5,5,5,5,5,5,5,5,5,5,4,5,5,5,5,5,5,5,1,5
6,4,5,6,6,6,6,6,5,6,6,6,6,6,6,6,6,5,6,5,5
6,4,5,6,1,5,6,6,5,6,6,6,6,6,5,6,6,6,6,6,6
5,4,5,5,6,5,5,6,5,5,5,6,5,5,5,5,6,5,5,6,5
5,5,5,5,5,5,5,5,5,5,5,4,5,5,5,5,5,5,5,5,5
6,4,5,6,6,6,6,6,5,6,6,6,6,6,5,6,6,6,6,5,5
6,4,5,6,1,6,6,6,3,6,6,6,6,6,6,6,6,6,6,6,6
5,4,5,5,6,5,5,6,5,5,6,6,5,5,5,5,5,5,5,5,5
5,5,5,5,5,5,5,5,5,5,5,5,5,5,5,5,5,5,5,5,5
6,4,5,6,6,4,6,6,3,6,6,6,6,6,5,6,6,6,6,6,6
6,4,5,6,4,4,6,4,3,6,6,6,6,6,6,6,6,6,6,6,6
5,4,5,5,5,5,5,5,5,5,5,4,5,5,5,5,5,5,5,6,5
5,5,5,5,5,5,5,5,5,5,5,4,5,5,5,5,5,5,5,1,5
6,4,5,6,1,5,6,5,5,6,6,6,6,6,5,6,6,6,6,5,6
6,4,5,6,4,6,6,6,3,6,6,6,6,6,6,6,6,6,6,6,6
5,4,5,5,1,5,5,5,5,5,5,4,5,5,5,5,5,5,5,5,5
5,5,5,5,5,5,5,5,5,5,6,6,5,5,5,5,5,5,5,5,5
6,4,5,6,1,5,6,5,5,6,6,3,6,6,5,6,5,5,6,6,6
6,4,5,6,4,6,6,6,6,6,6,6,6,6,6,6,6,6,6,6,6
5,4,5,5,5,5,5,5,5,5,5,4,5,5,5,5,5,5,5,5,5
5,5,5,5,5,5,5,5,5,5,5,4,5,5,5,5,5,5,5,5,5
6,4,5,6,6,5,6,6,5,6,6,6,6,6,5,6,6,6,6,6,6
6,4,5,6,1,6,6,6,3,6,6,6,6,6,6,6,6,6,6,6,6
5,4,5,5,4,5,5,5,5,5,5,4,5,5,5,5,5,5,5,5,5
5,4,5,5,5,3,5,5,5,5,6,4,5,5,5,5,6,5,5,6,5
6,4,5,6,6,4,6,6,5,6,6,6,6,6,5,6,6,6,6,5,5
6,4,5,6,4,4,6,6,3,6,6,6,6,6,6,6,6,6,6,6,6
5,4,5,5,1,5,5,5,5,5,5,4,5,5,5,5,5,5,5,5,5
5,5,5,5,5,5,5,5,5,5,5,4,5,5,5,5,5,5,5,5,5
6,4,5,6,6,4,6,6,5,6,6,6,6,6,5,6,6,6,6,5,6
6,4,5,6,4,6,6,6,6,6,6,6,6,6,6,6,6,6,6,6,6
5,4,5,5,4,5,5,5,5,5,5,5,5,5,5,5,5,5,5,5,5
5,5,5,5,5,5,5,5,5,5,5,4,5,5,5,5,5,5,5,5,5
6,4,5,6,1,5,6,6,5,6,6,3,6,6,5,6,5,6,6,5,6
1,5,2,6,4,3,6,6,2,4,5,3,6,5,2,1,2,2,1,2,2
5,4,5,5,5,5,5,5,5,5,5,4,5,5,5,5,5,5,5,4,5
5,5,5,5,5,5,5,5,3,5,6,6,5,5,5,5,6,5,5,5,5
5,5,5,5,5,5,5,5,5,5,5,4,5,5,5,5,6,5,5,6,5
5,5,5,5,5,5,5,5,5,5,6,6,5,5,5,5,5,5,5,5,5
5,5,5,5,5,5,5,5,3,5,6,6,5,5,5,5,6,5,5,5,5
5,5,5,5,5,5,5,5,5,5,5,4,5,5,5,5,5,5,5,5,5
6,4,5,6,6,3,6,6,3,6,6,6,6,6,5,6,6,6,6,6,6
5,4,5,5,1,5,5,5,5,5,5,5,5,5,5,5,5,5,5,5,5
5,5,5,5,5,5,5,5,5,5,6,3,5,5,5,5,5,5,5,5,5
6,5,5,6,5,5,6,1,5,6,5,3,6,5,5,6,2,2,6,2,2
6,4,5,6,1,5,6,6,5,6,6,3,6,6,5,6,6,6,6,6,6
5,4,5,5,5,5,5,4,5,5,5,6,5,5,5,5,6,5,5,6,5
5,5,5,5,5,5,5,5,5,5,5,4,5,5,5,5,5,5,5,5,5
6,4,5,6,6,6,6,6,5,6,6,6,6,6,6,6,6,6,6,6,6
6,4,5,6,1,5,6,6,5,6,6,6,6,6,5,6,6,6,6,6,6
5,4,5,5,5,5,5,5,5,5,5,6,5,5,5,5,6,5,5,6,5
5,5,5,5,5,5,5,5,5,5,5,5,5,5,5,5,5,5,5,5,5
6,4,5,6,6,5,6,6,5,6,6,6,6,6,6,6,6,6,6,5,5
6,4,5,6,1,6,6,6,5,6,6,6,6,6,6,6,6,6,6,6,6
5,4,5,5,6,5,5,6,5,5,6,6,5,5,5,5,5,5,5,5,5
5,5,5,5,5,5,5,5,5,5,5,5,5,5,5,5,5,5,5,5,5
6,4,5,6,6,4,6,6,3,6,6,6,6,6,5,6,6,6,6,6,6
6,4,5,6,4,4,6,6,3,6,6,6,6,4,6,6,6,6,6,6,6
5,4,5,5,5,5,5,5,5,5,5,4,5,5,5,5,5,5,5,6,5
5,5,5,5,5,5,5,5,5,5,5,4,5,5,5,5,5,5,5,1,5
6,4,5,6,6,5,6,6,5,6,6,6,6,6,5,6,6,6,6,6,6
6,4,5,6,4,6,6,6,3,6,6,6,6,6,6,6,6,6,6,6,6
5,4,5,5,1,5,5,5,5,5,5,4,5,5,5,5,5,5,5,5,5
5,4,5,5,5,5,5,5,5,5,6,6,5,5,5,5,5,5,5,5,5
6,4,5,6,6,5,6,5,5,6,6,3,6,6,5,6,5,5,6,5,5
6,4,5,6,4,6,6,6,6,6,6,6,6,6,6,6,6,6,6,6,6
5,4,5,5,5,5,5,5,5,5,5,4,5,5,5,5,5,5,5,5,5
5,5,5,5,5,5,5,5,5,5,5,4,5,5,5,5,5,5,5,5,5
6,4,5,6,6,5,6,6,5,6,6,6,6,6,5,6,6,6,6,6,6
6,4,5,6,6,6,6,6,3,6,6,6,6,6,6,6,6,6,6,6,6
5,4,5,5,1,5,5,5,5,5,5,4,5,5,5,5,5,5,5,5,5
5,5,5,5,5,5,5,5,5,5,5,4,5,5,5,5,6,5,5,6,5
6,4,5,6,6,6,6,6,5,6,6,6,6,6,6,6,6,6,6,5,6
6,4,5,6,4,4,6,4,3,6,6,6,6,6,6,6,6,6,6,6,6
5,4,5,5,1,5,5,5,5,5,5,4,5,5,5,5,5,5,5,5,5
5,5,5,5,5,5,5,5,5,5,5,4,5,5,5,5,5,5,5,5,5
6,4,5,6,6,4,6,6,5,6,6,6,6,6,6,6,6,6,6,5,6
6,4,5,6,4,6,6,6,6,6,6,6,6,6,6,6,6,6,6,6,6
5,4,5,5,1,5,5,5,5,5,5,5,5,5,5,5,5,5,5,5,5
5,5,5,5,5,5,5,5,5,5,5,4,5,5,5,5,5,5,5,5,5
6,4,5,6,1,5,6,6,5,6,6,3,6,6,5,6,5,6,6,5,6
1,5,1,6,5,3,1,6,2,4,5,3,6,5,2,1,2,2,6,2,2
5,4,5,5,4,5,5,5,5,5,5,4,5,5,5,5,5,5,5,4,5
5,5,5,5,5,5,5,5,3,5,6,6,5,5,5,5,6,5,5,5,5
5,4,5,5,5,5,5,5,5,5,5,4,5,5,5,5,6,5,5,6,5
5,5,5,3,5,5,5,5,5,5,6,6,5,5,5,5,5,5,5,5,5
5,5,5,5,5,5,5,5,3,5,6,6,5,5,5,5,6,5,5,5,5
5,5,5,5,5,5,5,5,5,5,5,4,5,5,5,5,5,5,5,5,5
6,4,5,6,6,6,6,6,3,6,6,6,6,6,5,6,6,6,6,6,6
5,4,5,5,1,5,5,5,5,5,5,5,5,5,5,5,5,5,5,5,5
5,5,5,5,5,5,5,5,5,5,6,3,5,5,5,5,5,5,5,5,5
6,5,5,6,5,3,6,5,5,6,5,3,6,5,5,6,2,2,6,2,2
6,4,5,6,1,5,6,6,5,6,6,3,6,6,5,6,5,6,6,6,6
5,4,5,5,5,5,5,4,5,5,5,6,5,5,5,5,6,5,5,6,5
5,5,5,5,5,5,5,5,5,5,5,4,5,5,5,5,5,5,5,5,5
6,4,5,6,6,6,6,6,5,6,6,6,6,6,5,6,6,6,6,6,5
6,4,5,6,1,5,6,6,5,6,6,3,6,6,5,6,6,6,6,6,6
5,4,5,5,5,5,5,6,5,5,5,6,5,5,5,5,6,5,5,6,5
5,5,5,5,5,5,5,5,5,5,5,5,5,5,5,5,5,5,5,5,5
6,4,5,6,6,6,6,6,5,6,6,6,6,6,5,6,6,6,6,6,6
6,4,5,6,1,6,6,6,5,6,6,6,6,6,6,6,6,6,6,6,6
5,4,5,5,6,5,5,6,5,5,6,6,5,6,5,5,5,5,5,5,5
5,5,5,5,5,5,5,5,5,5,5,5,5,5,5,5,5,5,5,5,5
6,4,5,6,6,4,6,6,3,6,6,6,6,6,5,6,6,6,6,5,6
6,4,5,6,4,4,6,6,3,6,6,6,6,6,6,6,6,6,6,6,6
5,4,5,5,5,5,5,5,5,5,5,4,5,5,5,5,5,5,5,5,5
5,5,5,5,5,5,5,5,5,5,5,4,5,5,5,5,5,5,5,5,5
6,4,5,6,6,5,6,6,5,6,6,6,6,6,5,6,6,6,6,6,6
6,4,5,6,4,6,6,6,6,6,6,6,6,6,6,6,6,6,6,6,6
5,4,5,5,1,5,5,5,5,5,5,4,5,5,5,5,5,5,5,5,5
5,5,5,5,5,5,5,5,5,5,6,6,5,5,5,5,5,5,5,5,5
6,4,5,6,1,5,6,5,5,6,6,3,6,6,5,6,5,5,6,5,5
6,4,5,6,4,6,6,6,3,6,6,6,6,6,6,6,6,6,6,6,6
5,4,5,5,4,5,5,5,5,5,5,4,5,5,5,5,5,5,5,5,5
5,5,5,5,5,5,5,5,5,5,5,4,5,5,5,5,5,5,5,5,5
6,4,5,6,6,5,6,6,5,6,6,6,6,6,5,6,6,6,6,6,6
6,4,5,6,6,6,6,6,6,6,6,6,6,6,6,6,6,6,6,6,6
5,4,5,5,1,5,5,5,5,5,5,4,5,5,5,5,5,5,5,5,5
5,5,5,5,5,3,5,5,5,5,6,4,5,5,5,5,6,5,5,6,5
6,4,5,6,6,6,6,6,6,6,6,6,6,6,6,6,6,6,6,6,6
6,4,5,6,4,4,6,4,6,6,6,6,6,6,6,6,6,6,6,6,6
5,4,5,5,5,5,5,5,5,5,5,4,5,5,5,5,5,5,5,5,5
5,5,5,5,5,5,5,5,5,5,5,4,5,5,5,5,5,5,5,5,5
6,4,5,6,6,6,6,6,6,6,6,6,6,6,6,6,6,6,6,6,6
6,4,5,6,4,6,6,6,6,6,6,6,6,6,6,6,6,6,6,6,6
5,4,5,5,1,5,5,5,5,5,5,5,5,5,5,5,5,5,5,5,5
5,5,5,5,5,5,5,5,5,5,5,4,5,5,5,5,5,5,5,5,5
6,4,5,6,1,5,6,6,5,6,6,3,6,6,5,6,5,5,6,6,6
5,4,5,5,1,5,5,5,5,5,5,4,5,5,5,5,5,5,5,4,5
5,5,5,5,5,5,5,5,5,5,6,6,5,5,5,5,6,5,5,5,5
5,4,5,5,5,5,5,5,5,5,5,4,5,5,5,5,6,5,5,6,5
5,5,5,5,5,5,5,5,5,5,6,6,5,5,5,5,5,5,5,5,5
5,5,5,5,5,5,5,5,3,5,6,6,5,5,5,5,6,5,5,6,5
5,5,5,5,5,5,5,5,5,5,5,4,5,5,5,5,5,5,5,5,5
6,4,5,6,6,4,6,6,3,6,6,6,6,6,5,6,6,6,6,5,6
5,4,5,5,1,5,5,5,5,5,5,5,5,5,5,5,5,5,5,5,5
5,5,5,5,5,5,5,5,5,5,6,6,5,5,5,5,5,5,5,5,5
6,5,5,6,5,5,6,5,5,4,5,3,6,5,5,6,2,2,6,2,2
6,4,5,6,1,5,6,6,5,6,6,3,6,6,5,6,6,6,6,6,6
5,4,5,5,5,5,5,4,5,5,5,6,5,5,5,5,6,5,5,6,5
5,5,5,5,5,5,5,5,5,5,5,4,5,5,5,5,5,5,5,5,5
6,4,5,6,6,6,6,6,5,6,6,6,6,6,5,6,6,6,6,5,5
6,4,5,6,1,5,6,6,5,6,6,3,6,6,5,6,6,6,6,6,6
5,4,5,5,5,5,5,6,5,5,5,6,5,5,5,5,6,5,5,6,5
5,5,5,5,5,5,5,5,5,5,5,5,5,5,5,5,5,5,5,5,5
6,4,5,6,6,3,6,6,6,6,6,6,6,6,6,6,6,6,6,6,6
6,4,5,6,6,6,6,6,5,6,6,6,6,6,5,6,6,6,6,6,6
5,4,5,5,6,5,5,6,5,5,6,6,5,5,5,5,5,5,5,5,5
5,5,5,5,5,5,5,5,5,5,5,5,5,5,5,5,5,5,5,5,5
6,4,5,6,6,4,6,6,6,6,6,6,6,6,5,6,6,6,6,5,6
6,4,5,6,4,6,6,6,6,6,6,6,6,6,6,6,6,6,6,6,6
5,4,5,5,5,5,5,5,5,5,5,4,5,5,5,5,5,5,5,5,5
5,5,5,5,5,5,5,5,5,5,5,4,5,5,5,5,5,5,5,5,5
6,4,5,6,6,5,6,6,5,6,6,6,6,6,5,6,6,6,6,6,6
6,4,5,6,4,6,6,6,6,6,6,6,6,6,6,6,6,6,6,6,6
5,4,5,5,1,5,5,5,5,5,5,5,5,5,5,5,5,5,5,5,5
5,5,5,5,5,5,5,5,5,5,6,6,5,5,5,5,5,5,5,5,5
6,4,5,6,1,5,6,5,5,6,6,3,6,6,5,6,5,5,6,5,5
6,4,5,6,4,6,6,6,6,6,6,6,6,6,6,6,6,6,6,6,6
5,4,5,5,5,5,5,5,5,5,5,4,5,5,5,5,5,5,5,5,5
5,5,5,5,5,5,5,5,5,5,5,4,5,5,5,5,5,5,5,5,5
6,4,5,6,6,5,6,6,5,6,6,6,6,6,5,6,6,6,6,6,6
6,4,5,6,6,6,6,6,3,6,6,6,6,6,6,6,6,6,6,6,6
5,4,5,5,1,5,5,5,5,5,5,5,5,5,5,5,5,5,5,5,5
5,5,5,5,5,3,5,5,5,5,6,4,5,5,5,5,6,5,5,6,5
6,4,5,6,6,6,6,6,5,6,6,6,6,6,6,6,6,6,6,6,6
6,4,5,6,4,4,6,6,3,6,6,6,6,6,6,6,6,6,6,6,6
5,4,5,5,1,5,5,5,5,5,5,4,5,5,5,5,5,5,5,5,5
5,5,5,5,5,5,5,5,5,5,5,4,5,5,5,5,5,5,5,5,5
6,4,5,6,6,6,6,6,5,6,6,6,6,6,6,6,6,6,6,5,5
6,4,5,6,4,6,6,6,6,6,6,6,6,6,6,6,6,6,6,6,6
5,4,5,5,4,5,5,5,5,5,5,5,5,5,5,5,5,5,5,5,5
5,5,5,5,5,5,5,5,5,5,5,4,5,5,5,5,5,5,5,5,5
6,4,5,6,1,5,6,6,5,6,6,3,6,6,5,6,5,5,6,5,6
1,5,1,6,5,3,1,6,2,1,5,3,6,5,2,1,2,2,6,2,2
5,4,5,5,4,5,5,5,5,5,5,4,5,5,5,5,5,5,5,4,5
5,5,5,5,5,5,5,5,3,5,6,6,5,5,5,5,6,5,5,5,5
5,5,5,5,5,5,5,5,5,5,5,4,5,5,5,5,6,5,5,6,5
5,4,5,5,6,5,5,5,5,5,6,6,5,5,5,5,5,5,5,5,5
5,5,5,5,5,3,5,5,3,5,6,6,5,5,5,5,6,5,5,6,5
5,5,5,3,5,5,5,5,5,5,5,4,5,5,5,5,5,5,5,5,5
6,4,5,6,6,4,6,6,3,6,6,6,6,6,5,6,6,6,6,5,6
5,4,5,5,5,5,5,5,5,5,5,1,5,5,5,5,5,5,5,5,5
5,5,5,5,5,5,5,5,5,5,6,6,5,5,5,5,5,5,5,5,5
6,5,5,6,5,5,6,1,5,6,5,3,6,5,5,6,2,2,6,2,2
6,4,5,6,1,5,6,6,5,6,6,3,6,6,5,6,5,6,6,6,6
5,4,5,5,5,5,5,5,5,5,5,6,5,5,5,5,6,5,5,6,5
5,5,5,5,5,5,5,5,5,5,5,4,5,5,5,5,5,5,5,5,5
6,4,5,6,6,6,6,6,5,6,6,6,6,6,5,6,6,6,6,5,5
6,4,5,6,1,5,6,6,5,6,6,3,6,6,5,6,6,6,6,6,6
5,4,5,5,1,5,5,5,5,5,5,6,5,5,5,5,5,5,5,6,5
5,5,5,5,5,5,5,5,5,5,5,5,5,5,5,5,5,5,5,5,5
6,4,5,6,6,6,6,6,5,6,6,6,6,6,5,6,6,6,6,6,5
6,4,5,6,1,6,6,6,5,6,6,6,6,6,6,6,6,6,6,6,6
5,4,5,5,6,5,5,6,5,5,6,6,5,5,5,5,5,5,5,5,5
5,5,5,5,5,5,5,5,5,5,5,5,5,5,5,5,5,5,5,5,5
6,4,5,6,6,4,6,6,3,6,6,6,6,6,5,6,6,6,6,5,6
6,4,5,6,4,6,6,6,6,6,6,6,6,6,6,6,6,6,6,6,6
5,4,5,5,5,5,5,5,5,5,5,4,5,5,5,5,5,5,5,5,5
5,5,5,5,5,5,5,5,5,5,5,4,5,5,5,5,5,5,5,5,5
6,4,5,6,6,5,6,6,5,6,6,6,6,6,5,6,6,6,6,6,6
6,4,5,6,4,6,6,6,6,6,6,6,6,6,6,6,6,6,6,6,6
5,4,5,5,4,5,5,5,5,5,5,4,5,5,5,5,5,5,5,5,5
5,5,5,5,5,5,5,5,5,5,6,6,5,5,5,5,5,5,5,5,5
6,5,5,6,1,5,6,5,5,6,6,3,6,6,5,6,5,5,6,5,5
6,4,5,6,4,6,6,6,6,6,6,6,6,6,6,6,6,6,6,6,6
5,4,5,5,4,5,5,5,5,5,5,4,5,5,5,5,5,5,5,5,5
5,5,5,5,5,5,5,5,5,5,5,4,5,5,5,5,5,5,5,5,5
6,4,5,6,6,5,6,6,5,6,6,6,6,6,5,6,5,6,6,6,6
6,4,5,6,6,6,6,6,3,6,6,6,6,6,6,6,6,6,6,6,6
5,4,5,5,5,5,5,5,5,5,5,5,5,5,5,5,5,5,5,5,5
5,4,5,5,5,5,5,5,5,5,5,4,5,5,5,5,6,5,5,6,5
6,4,5,6,4,6,6,5,5,6,6,6,6,5,5,6,5,5,6,5,6
6,4,5,6,1,4,6,4,3,6,6,6,6,6,6,6,6,6,6,5,6
5,5,5,5,5,5,5,5,5,5,5,4,5,5,5,5,5,5,5,5,5
5,5,5,5,5,5,5,5,5,5,5,5,5,5,5,5,5,5,5,1,5
6,4,5,6,1,6,6,5,5,6,6,6,6,6,5,6,6,6,6,5,6
6,4,5,6,1,6,6,5,6,6,6,6,6,6,6,6,6,6,6,6,6
5,5,5,5,5,5,5,5,5,5,5,5,5,5,5,5,5,5,5,5,5
5,5,5,5,5,5,5,5,5,5,5,4,5,5,5,5,5,5,5,1,5
6,4,5,6,3,5,6,5,5,6,6,3,6,6,5,6,5,5,6,5,5
1,5,2,6,2,5,1,6,2,4,5,3,6,5,2,1,2,2,6,2,2
5,4,5,5,1,5,5,5,5,5,5,4,5,5,5,5,5,5,5,4,5
5,5,5,5,5,5,5,5,5,5,5,6,5,5,5,5,5,5,5,5,5
5,5,5,5,5,5,5,5,5,5,5,4,5,5,5,5,5,5,5,6,5
5,5,5,5,5,5,5,5,5,5,6,6,5,5,5,5,5,5,5,5,5
5,5,5,5,5,5,5,5,5,5,6,6,5,5,5,5,5,5,5,6,5
5,5,5,5,5,5,5,5,5,5,5,4,5,5,5,5,5,5,5,1,5
6,4,5,6,6,1,6,5,5,6,6,6,6,6,5,6,5,5,6,5,6
5,5,5,5,3,5,5,5,5,5,5,1,5,5,5,5,5,5,5,5,5
5,5,5,5,5,5,5,5,5,5,6,3,5,5,5,5,5,5,5,5,5
6,5,5,6,5,3,6,1,5,6,5,3,6,5,5,6,2,2,6,2,2
6,5,5,6,3,5,6,6,5,6,6,3,6,6,5,6,2,6,6,5,5
5,4,5,5,1,5,5,5,5,5,5,6,5,5,5,5,5,5,5,6,5
5,5,5,5,5,5,5,5,5,5,5,4,5,5,5,5,5,5,5,1,5
6,4,5,6,6,5,6,5,5,6,6,6,6,6,5,6,5,5,6,5,5
6,4,5,6,1,5,6,6,5,6,6,3,6,6,5,6,5,6,6,6,6
5,4,5,5,1,5,5,5,5,5,5,4,5,5,5,5,5,5,5,6,5
5,5,5,5,5,5,5,5,5,5,5,5,5,5,5,5,5,5,5,5,5
6,4,5,6,6,6,6,5,5,6,6,6,6,6,6,6,5,5,6,5,6
6,4,5,6,1,5,6,5,5,6,6,6,6,6,5,6,6,6,6,6,6
5,4,5,5,6,5,5,6,5,5,6,6,5,5,5,5,5,5,5,5,5
5,5,5,5,5,5,5,5,5,5,5,5,5,5,5,5,5,5,5,5,5
6,4,5,6,6,4,6,6,5,6,6,6,6,6,5,6,6,6,6,5,6
6,4,5,6,6,6,6,6,6,6,6,6,6,6,6,6,6,6,6,6,6
5,4,5,5,5,5,5,5,5,5,5,4,5,5,5,5,5,5,5,5,5
5,5,5,5,5,5,5,5,5,5,5,4,5,5,5,5,5,5,5,5,5
6,4,5,6,3,5,6,6,5,6,6,6,6,6,5,6,5,5,6,5,5
6,4,5,6,6,6,6,6,6,6,6,6,6,6,6,6,6,6,6,6,6
5,5,5,5,4,5,5,5,5,5,5,5,5,5,5,5,5,5,5,5,5
5,5,5,5,5,5,5,5,5,5,6,6,5,5,5,5,5,5,5,5,5
6,4,5,6,3,5,6,5,5,6,6,3,6,5,5,6,5,5,6,5,5
6,4,5,6,6,6,6,5,6,6,6,6,6,6,6,6,6,6,6,6,6
5,4,5,5,4,5,5,5,5,5,5,4,5,5,5,5,5,5,5,5,5
5,5,5,5,5,5,5,5,5,5,5,5,5,5,5,5,5,5,5,5,5
6,4,5,6,3,5,6,5,5,6,6,6,6,6,5,6,5,5,6,6,6
6,4,5,6,1,5,6,6,5,6,6,6,6,6,6,6,6,6,6,6,6
5,5,5,5,4,5,5,5,5,5,5,5,5,5,5,5,5,5,5,5,5
5,5,5,5,5,5,5,5,5,5,5,4,5,5,5,5,5,5,3,6,5
6,4,5,6,6,6,6,5,5,6,6,6,6,6,6,6,6,6,6,5,5
6,4,5,6,6,4,6,6,3,6,6,6,6,6,6,6,6,6,6,6,6
5,4,5,5,5,5,5,5,5,5,5,4,5,5,5,5,5,5,5,5,5
5,5,5,5,5,5,5,5,5,5,5,4,5,5,5,5,5,5,5,4,5
6,4,5,6,6,5,6,5,5,6,6,6,6,6,5,6,6,6,6,5,5
6,4,5,6,1,6,6,5,6,6,6,6,6,6,6,6,6,6,6,6,6
5,5,5,5,4,5,5,5,5,5,5,5,5,5,5,5,5,5,5,5,5
5,5,5,5,5,5,5,5,5,5,5,4,5,5,5,5,5,5,5,5,5
6,4,5,6,1,5,6,5,5,6,6,3,6,6,5,6,5,5,6,5,5
6,5,2,6,5,5,6,1,2,2,5,3,6,5,2,1,2,2,6,2,2
5,4,5,5,1,5,5,5,5,5,5,4,5,5,5,5,5,5,5,4,5
5,5,5,5,5,3,5,5,5,5,6,6,5,5,5,5,5,5,5,5,5
5,5,5,5,5,5,5,5,5,5,5,4,5,5,5,5,5,5,5,6,5
5,5,5,5,5,6,5,5,3,5,6,6,5,5,5,5,5,5,5,5,5
5,5,5,5,5,5,5,5,5,5,6,6,5,5,5,5,5,5,5,6,5
5,5,5,5,5,5,5,5,5,5,5,4,5,5,5,5,5,5,5,1,5
6,4,5,6,6,4,6,5,3,6,6,6,6,6,5,6,6,6,6,5,6
5,5,5,5,3,5,5,5,5,5,5,1,5,5,5,5,5,5,5,5,5
5,5,5,5,5,5,5,5,5,5,6,6,5,5,5,5,5,5,5,5,5
6,5,5,6,5,3,6,1,5,2,5,3,6,5,5,6,2,2,6,2,2
6,5,5,6,3,5,6,6,5,6,6,3,6,6,5,6,2,6,6,5,5
5,4,5,5,1,5,5,5,5,5,5,6,5,5,5,5,5,5,5,6,5
5,5,5,5,5,5,5,5,5,5,5,4,5,5,5,5,5,5,5,1,5
6,4,5,6,6,5,6,6,5,6,6,6,6,6,5,6,5,5,6,5,5
6,4,5,6,1,5,6,6,5,6,6,3,6,6,5,6,5,6,6,6,6
5,4,5,5,1,5,5,5,5,5,5,4,5,5,5,5,5,5,5,6,5
5,5,5,5,5,5,5,5,5,5,5,5,5,5,5,5,5,5,5,5,5
6,4,5,6,6,6,6,6,5,6,6,6,6,6,5,6,5,5,6,5,5
6,4,5,6,1,5,6,5,5,6,6,6,6,6,5,6,6,6,6,6,6
5,4,5,5,6,5,5,6,5,5,6,6,5,5,5,5,5,5,5,5,5
5,5,5,5,5,5,5,5,5,5,5,5,5,5,5,5,5,5,5,5,5
6,4,5,6,1,4,6,6,5,6,6,6,6,6,5,6,6,6,6,5,6
6,4,5,6,6,4,6,6,3,6,6,6,6,6,6,6,6,6,6,6,6
5,4,5,5,5,5,5,5,5,5,5,4,5,5,5,5,5,5,5,5,5
5,5,5,5,5,5,5,5,5,5,5,4,5,5,5,5,5,5,5,5,5
6,4,5,6,3,5,6,5,5,6,6,6,6,6,5,6,5,5,6,6,6
6,4,5,6,6,6,6,6,6,6,6,6,6,6,6,6,6,6,6,6,6
5,5,5,5,4,5,5,5,5,5,5,5,5,5,5,5,5,5,5,5,5
5,5,5,5,5,5,5,5,5,5,6,6,5,5,5,5,5,5,5,5,5
6,4,5,6,5,5,6,5,5,6,6,3,6,5,5,6,5,2,6,5,5
6,4,5,6,6,6,6,5,6,6,6,6,6,6,6,6,6,6,6,6,6
5,4,5,5,1,5,5,5,5,5,5,4,5,5,5,5,5,5,5,5,5
5,5,5,5,5,5,5,5,5,5,5,5,5,5,5,5,5,5,5,5,5
6,4,5,6,1,5,6,5,5,6,6,6,6,6,5,6,5,5,6,6,5
6,4,5,6,6,5,6,6,5,6,6,6,6,6,6,6,6,6,6,6,6
5,5,5,5,3,5,5,5,5,5,5,5,5,5,5,5,5,5,5,5,5
5,5,5,5,5,5,5,5,5,5,5,4,5,5,5,5,5,5,5,6,5
6,4,5,6,1,6,6,5,5,6,6,6,6,6,6,6,6,6,6,5,5
6,4,5,6,6,4,6,6,6,6,6,6,6,6,6,6,6,6,6,6,6
5,4,5,5,1,5,5,5,5,5,5,4,5,5,5,5,5,5,5,5,5
5,5,5,5,5,5,5,5,5,5,5,4,5,5,5,5,5,5,5,5,5
6,4,5,6,6,6,6,6,5,6,6,6,6,6,5,6,6,6,6,5,6
6,4,5,6,6,6,6,6,6,6,6,6,6,6,6,6,6,6,6,6,6
5,5,5,5,5,5,5,5,5,5,5,5,5,5,5,5,5,5,5,5,5
5,5,5,5,5,5,5,5,5,5,5,4,5,5,5,5,5,5,5,1,5
6,4,5,6,3,5,6,5,5,6,6,3,6,6,5,6,5,5,6,5,5
6,5,2,6,5,5,1,1,2,2,5,3,1,5,2,1,2,2,1,2,2
5,4,5,5,1,5,5,5,5,5,5,4,5,5,5,5,5,5,5,4,5
5,5,5,5,5,3,5,5,3,5,6,6,5,5,5,5,5,5,5,5,5
5,5,5,5,5,5,5,5,5,5,5,4,5,5,5,5,5,5,5,6,5
5,5,5,5,5,5,5,5,5,5,6,6,5,5,5,5,5,5,5,5,5
5,5,5,5,5,5,5,5,5,5,6,6,5,5,5,5,5,5,5,6,5
5,5,5,5,5,5,5,5,5,5,5,4,5,5,5,5,5,5,5,1,5
6,4,5,6,6,4,6,6,3,6,6,6,6,6,5,6,6,6,6,5,6
5,5,5,5,3,5,5,5,5,5,5,1,5,5,5,5,5,5,5,5,5
5,5,5,5,5,5,5,5,5,5,6,6,5,5,5,5,5,5,5,5,5
6,5,5,6,5,3,6,1,5,6,5,3,6,5,5,6,2,2,6,2,2
6,4,5,6,1,5,6,6,5,6,6,3,6,6,5,6,2,6,6,5,5
5,4,5,5,1,5,5,5,5,5,5,6,5,5,5,5,5,5,5,6,5
5,5,5,5,5,5,5,5,5,5,5,4,5,5,5,5,5,5,5,5,5
6,4,5,6,6,5,6,6,5,6,6,6,6,6,5,6,5,5,6,5,5
6,4,5,6,1,5,6,6,5,6,6,3,6,6,5,6,5,6,6,6,6
5,4,5,5,1,5,5,5,5,5,5,4,5,5,5,5,5,5,5,6,5
5,5,5,5,5,5,5,5,5,5,5,5,5,5,5,5,5,5,5,5,5
6,4,5,6,6,6,6,6,5,6,6,6,6,6,6,6,6,6,6,5,5
6,4,5,6,1,5,6,6,5,6,6,6,6,6,5,6,6,6,6,6,6
5,4,5,5,6,5,5,6,5,5,6,6,5,5,5,5,5,5,5,5,5
5,5,5,5,5,5,5,5,5,5,5,5,5,5,5,5,5,5,5,5,5
6,4,5,6,1,4,6,6,5,6,6,6,6,6,5,6,6,6,6,5,6
6,4,5,6,6,4,6,6,6,6,6,6,6,6,6,6,6,6,6,6,6
5,4,5,5,1,5,5,5,5,5,5,4,5,5,5,5,5,5,5,5,5
5,5,5,5,5,5,5,5,5,5,5,4,5,5,5,5,5,5,5,5,5
6,4,5,6,6,5,6,6,5,6,6,6,6,6,5,6,5,5,6,6,6
6,4,5,6,6,6,6,6,6,6,6,6,6,6,6,6,6,6,6,6,6
5,5,5,5,4,5,5,5,5,5,5,5,5,5,5,5,5,5,5,5,5
5,5,5,5,5,5,5,5,5,5,6,6,5,5,5,5,5,5,5,5,5
6,4,5,6,5,5,6,5,5,6,6,3,6,5,5,6,5,2,6,5,5
6,4,5,6,6,6,6,6,6,6,6,6,6,6,6,6,6,6,6,6,6
5,4,5,5,1,5,5,5,5,5,5,4,5,5,5,5,5,5,5,5,5
5,5,5,5,5,5,5,5,5,5,5,5,5,5,5,5,5,5,5,5,5
6,4,5,6,6,5,6,6,5,6,6,6,6,6,5,6,5,5,6,6,5
6,4,5,6,6,5,6,5,5,6,6,6,6,6,6,6,6,6,6,6,6
5,5,5,5,4,5,5,5,5,5,5,5,5,5,5,5,5,5,5,5,5
5,5,5,5,5,3,5,5,5,5,5,4,5,5,5,5,5,5,5,6,5
6,4,5,6,6,6,6,6,5,6,6,6,6,6,6,6,6,6,6,5,5
6,4,5,6,6,4,6,6,6,6,6,6,6,6,6,6,6,6,6,6,6
5,4,5,5,1,5,5,5,5,5,5,4,5,5,5,5,5,5,5,5,5
5,5,5,5,5,5,5,5,5,5,5,4,5,5,5,5,5,5,5,5,5
6,4,5,6,6,6,6,6,6,6,6,6,6,6,5,6,6,6,6,5,5
6,4,5,6,6,6,6,6,6,6,6,6,6,6,6,6,6,6,6,6,6
5,5,5,5,3,5,5,5,5,5,5,5,5,5,5,5,5,5,5,5,5
5,5,5,5,5,5,5,5,5,5,5,4,5,5,5,5,5,5,5,1,5
6,4,5,6,1,5,6,5,5,6,6,3,6,6,5,6,5,5,6,5,5
6,5,2,6,5,5,6,1,2,2,5,3,6,5,2,2,2,2,6,2,2
5,4,5,5,1,5,5,5,5,5,5,4,5,5,5,5,5,5,5,4,5
5,5,5,5,5,5,5,5,5,5,6,6,5,5,5,5,5,5,5,5,5
5,5,5,5,5,5,5,5,5,5,5,4,5,5,5,5,5,5,5,6,5
5,5,5,5,5,5,5,5,5,5,6,6,5,5,5,5,5,5,5,5,5
5,5,5,5,5,5,5,5,5,5,6,6,5,5,5,5,5,5,5,5,5
5,5,5,5,5,5,5,5,5,5,5,4,5,5,5,5,5,5,5,5,5
6,4,5,6,1,4,6,6,3,6,6,6,6,6,5,6,6,6,6,5,6
5,5,5,5,5,3,5,5,5,5,5,1,5,5,5,5,5,5,5,5,5
5,5,5,5,5,5,5,5,5,5,6,3,5,5,5,5,5,5,5,5,5
6,5,5,6,5,3,6,5,5,6,5,3,6,5,5,6,2,2,6,2,2
6,4,5,6,3,5,6,6,5,6,6,3,6,6,5,6,2,6,6,5,5
5,4,5,5,1,5,5,5,5,5,5,6,5,5,5,5,5,5,5,6,5
5,5,5,5,5,5,5,5,5,5,5,4,5,5,5,5,5,5,5,5,5
6,4,5,6,6,5,6,6,5,6,6,6,6,6,5,6,5,5,6,5,5
6,4,5,6,1,5,6,6,5,6,6,3,6,6,5,6,5,6,6,6,6
5,4,5,5,1,5,5,5,5,5,5,4,5,5,5,5,5,5,5,6,5
5,5,5,5,5,5,5,5,5,5,5,5,5,5,5,5,5,5,5,5,5
6,4,5,6,6,6,6,6,5,6,6,6,6,6,5,6,6,6,6,5,5
6,4,5,6,1,5,6,6,5,6,6,6,6,6,5,6,6,6,6,6,6
5,4,5,5,1,5,5,6,5,5,6,6,5,5,5,5,5,5,5,5,5
5,5,5,5,5,5,5,5,5,5,5,5,5,5,5,5,5,5,5,5,5
6,4,5,6,6,6,6,6,5,6,6,6,6,6,5,6,6,6,6,5,6
6,4,5,6,6,4,6,6,6,6,6,6,6,6,6,6,6,6,6,6,6
5,4,5,5,5,5,5,5,5,5,5,4,5,5,5,5,5,5,5,5,5
5,5,5,5,5,5,5,5,5,5,5,4,5,5,5,5,5,5,5,5,5
6,4,5,6,6,5,6,6,5,6,6,6,6,6,5,6,5,5,6,6,6
6,4,5,6,6,6,6,6,6,6,6,6,6,6,6,6,6,6,6,6,6
5,5,5,5,4,5,5,5,5,5,5,5,5,5,5,5,5,5,5,5,5
5,5,5,5,5,5,5,5,5,5,6,6,5,5,5,5,5,5,5,5,5
6,4,5,6,3,5,6,5,5,6,6,3,6,5,5,6,5,2,6,5,5
6,4,5,6,6,6,6,6,6,6,6,6,6,6,6,6,6,6,6,6,6
5,4,5,5,1,5,5,5,5,5,5,4,5,5,5,5,5,5,5,5,5
5,5,5,5,5,5,5,5,5,5,5,5,5,5,5,5,5,5,5,5,5
6,4,5,6,6,5,6,6,5,6,6,6,6,6,5,6,5,5,6,6,5
6,4,5,6,1,5,6,5,5,6,6,6,6,6,6,6,6,6,6,6,6
5,5,5,5,3,5,5,5,5,5,5,5,5,5,5,5,5,5,5,5,5
5,5,5,5,5,5,5,5,5,5,5,4,5,5,5,5,5,5,5,6,5
6,4,5,6,6,3,6,6,5,6,6,6,6,6,6,6,6,6,6,5,5
6,4,5,6,6,4,6,6,6,6,6,6,6,6,6,6,6,6,6,6,6
5,4,5,5,1,5,5,5,5,5,5,4,5,5,5,5,5,5,5,5,5
5,5,5,5,5,5,5,5,5,5,5,4,5,5,5,5,5,5,5,5,5
6,4,5,6,6,6,6,6,5,6,6,6,6,6,5,6,6,6,6,5,5
6,4,5,6,6,6,6,6,6,6,6,6,6,6,6,6,6,6,6,6,6
5,5,5,5,4,5,5,5,5,5,5,5,5,5,5,5,5,5,5,5,5
5,5,5,5,5,5,5,5,5,5,5,4,5,5,5,5,5,5,5,5,5
6,4,5,6,1,5,6,5,5,6,6,3,6,6,5,6,5,5,6,5,5
1,5,2,6,5,5,1,1,2,2,5,3,6,5,2,2,2,2,6,2,2
5,4,5,5,1,5,5,5,5,5,5,4,5,5,5,5,5,5,5,4,5
5,5,5,5,5,5,5,5,5,5,6,6,5,5,5,5,6,5,5,5,5
5,5,5,5,5,5,5,5,5,5,5,4,5,5,5,5,5,5,5,6,5
5,5,5,5,5,5,5,5,5,5,6,6,5,5,5,5,5,5,5,5,5
5,5,5,5,5,5,5,5,5,5,6,6,5,5,5,5,5,5,5,6,5
5,5,5,5,5,5,5,5,5,5,5,4,5,5,5,5,5,5,5,5,5
6,4,5,6,6,4,6,6,5,6,6,6,6,6,6,6,6,6,6,5,6
5,5,5,5,3,3,5,5,5,5,5,1,5,5,5,5,5,5,5,5,5
5,5,5,5,5,5,5,5,5,5,6,6,5,5,5,5,5,5,5,5,5
6,5,5,6,5,3,6,1,5,6,5,3,6,5,5,6,2,2,6,2,2
6,5,5,6,3,5,6,6,5,6,6,3,6,6,5,6,2,6,6,5,5
5,4,5,5,1,5,5,5,5,5,5,6,5,5,5,5,5,5,5,6,5
5,5,5,5,5,5,5,5,5,5,5,4,5,5,5,5,5,5,5,5,5
6,4,5,6,6,5,6,6,5,6,6,6,6,6,5,6,5,5,6,5,5
6,4,5,6,1,5,6,6,5,6,6,3,6,6,5,6,5,6,6,6,6
5,4,5,5,1,5,5,5,5,5,5,4,5,5,5,5,5,5,5,6,5
5,5,5,5,5,5,5,5,5,5,5,5,5,5,5,5,5,5,5,5,5
6,4,5,6,6,6,6,6,5,6,6,6,6,6,5,6,6,6,6,5,5
6,4,5,6,1,5,6,5,5,6,6,6,6,6,5,6,6,6,6,6,6
5,4,5,5,1,5,5,6,5,5,6,6,5,5,5,5,5,5,5,5,5
5,5,5,5,5,5,5,5,5,5,5,5,5,5,5,5,5,5,5,5,5
6,4,5,6,6,4,6,6,5,6,6,6,6,6,6,6,6,6,6,5,6
5,4,5,6,6,6,6,6,6,6,6,6,6,6,6,6,6,6,6,6,6
5,4,5,5,4,5,5,5,5,5,5,4,5,5,5,5,5,5,5,5,5
5,5,5,5,5,5,5,5,5,5,5,4,5,5,5,5,5,5,5,5,5
6,4,5,6,6,5,6,6,5,6,6,6,6,6,5,6,5,5,6,6,6
6,4,5,6,6,6,6,6,6,6,6,6,6,6,6,6,6,6,6,6,6
5,5,5,5,5,5,5,5,5,5,5,5,5,5,5,5,5,5,5,5,5
5,5,5,5,5,5,5,5,5,5,6,6,5,5,5,5,5,5,5,5,5
6,5,5,6,5,5,6,5,5,6,6,3,6,5,5,6,5,5,6,5,5
6,4,5,6,6,6,6,6,6,6,6,6,6,6,6,6,6,6,6,6,6
5,4,5,5,4,5,5,5,5,5,5,4,5,5,5,5,5,5,5,5,5
5,5,5,5,5,5,5,5,5,5,5,5,5,5,5,5,5,5,5,5,5
6,4,5,6,6,5,6,5,5,6,6,6,6,6,5,6,5,5,6,5,6
6,4,5,6,6,5,6,6,5,6,6,6,6,6,6,6,6,6,6,6,6
5,5,4,5,5,5,5,5,5,5,5,5,5,5,5,5,5,5,5,5,5
5,5,5,5,5,5,5,5,5,5,5,4,5,5,5,5,5,5,5,5,5
6,4,5,6,6,6,6,6,5,6,6,6,6,6,6,6,6,6,6,5,5
6,4,5,6,6,4,6,6,6,6,6,6,6,6,6,6,6,6,6,6,6
5,4,5,5,4,5,5,5,5,5,5,4,5,5,5,5,5,5,5,5,5
5,5,5,5,5,5,5,5,5,5,5,4,5,5,5,5,5,5,5,5,5
6,4,5,6,6,6,6,6,5,6,6,6,6,6,5,6,6,6,6,5,5
6,4,5,6,6,6,6,6,6,6,6,6,6,6,6,6,6,6,6,6,6
5,5,5,5,5,5,5,5,5,5,5,5,5,5,5,5,5,5,5,5,5
5,5,5,5,5,5,5,5,5,5,5,4,5,5,5,5,5,5,5,5,5
6,4,5,6,6,5,6,5,5,6,6,3,6,6,5,6,5,5,6,5,6
6,5,2,6,5,5,1,6,2,2,5,3,6,5,2,1,2,2,6,2,2
5,4,5,5,5,5,5,5,5,5,5,4,5,5,5,5,5,5,5,5,5
5,5,5,5,5,5,5,5,5,5,5,6,5,5,5,5,6,5,5,5,5
5,5,5,5,5,5,5,5,5,5,5,4,5,5,5,5,5,5,5,5,5
5,5,5,5,5,5,5,5,5,5,6,6,5,5,5,5,5,5,5,5,5
5,5,5,5,5,5,5,5,5,5,5,6,5,5,5,5,5,5,5,5,5
5,5,5,5,5,5,5,5,5,5,5,4,5,5,5,5,5,5,5,5,5
6,4,5,6,6,4,6,6,6,6,6,6,6,6,5,6,6,6,6,5,6
5,5,4,5,5,5,5,5,5,5,5,1,5,5,5,5,5,5,5,5,5
5,5,5,5,5,5,5,5,5,5,6,6,5,5,5,5,5,5,5,5,5
6,5,5,6,5,3,6,5,5,6,5,3,6,5,5,6,2,2,6,2,2
6,5,5,6,3,5,6,5,5,6,6,3,6,6,5,6,5,6,6,5,5
5,4,5,5,1,5,5,5,5,5,5,6,5,5,5,5,5,5,5,6,5
5,5,5,5,5,5,5,5,5,5,5,4,5,5,5,5,5,5,5,5,5
6,4,5,6,6,5,6,6,5,6,6,6,6,6,5,6,5,5,6,5,5
6,4,5,6,1,5,6,6,5,6,6,3,6,6,5,6,5,6,6,6,6
5,4,5,5,1,5,5,5,5,5,5,4,5,5,5,5,5,5,5,6,5
5,5,5,5,5,5,5,5,5,5,5,5,5,5,5,5,5,5,5,5,5
6,4,5,6,6,6,6,6,5,6,6,6,6,6,5,6,6,6,6,5,5
6,4,5,6,6,5,6,6,5,6,6,6,6,6,5,6,6,6,6,6,6
5,4,5,5,1,5,5,5,5,5,6,6,5,5,5,5,5,5,5,5,5
5,5,5,5,5,5,5,5,5,5,5,5,5,5,5,5,5,5,5,5,5
6,4,5,6,6,4,6,6,5,6,6,6,6,6,6,6,6,6,6,5,6
6,4,5,6,6,6,6,6,6,6,6,6,6,6,6,6,6,6,6,6,6
5,4,5,5,4,5,5,5,5,5,5,4,5,5,5,5,5,5,5,5,5
5,5,5,5,5,5,5,5,5,5,5,4,5,5,5,5,5,5,5,5,5
6,4,5,6,6,5,6,6,5,6,6,6,6,6,5,6,5,5,6,6,6
6,4,5,6,6,6,6,6,6,6,6,6,6,6,6,6,6,6,6,6,6
5,5,5,5,5,5,5,5,5,5,5,5,5,5,5,5,5,5,5,5,5
5,5,5,5,5,5,5,5,5,5,6,6,5,5,5,5,5,5,5,5,5
6,5,5,6,5,5,6,5,5,6,6,3,6,5,5,6,5,5,6,5,5
6,4,5,6,6,6,6,6,6,6,6,6,6,6,6,6,6,6,6,6,6
5,4,5,5,4,5,5,5,5,5,5,4,5,5,5,5,5,5,5,5,5
5,5,5,5,5,5,5,5,5,5,5,5,5,5,5,5,5,5,5,5,5
6,4,5,6,6,5,6,6,5,6,6,6,6,6,5,6,5,5,6,5,6
6,4,5,6,6,5,6,6,5,6,6,6,6,6,6,6,6,6,6,6,6
5,5,5,5,4,5,5,5,5,5,5,5,5,5,5,5,5,5,5,5,5
5,5,5,5,5,5,5,5,5,5,5,4,5,5,5,5,5,5,5,5,5
6,4,5,6,6,3,6,6,5,6,6,6,6,6,6,6,6,6,6,5,5
6,4,5,6,6,4,6,6,6,6,6,6,6,6,6,6,6,6,6,6,6
5,4,5,5,5,5,5,5,5,5,5,4,5,5,5,5,5,5,5,5,5
5,5,5,5,5,5,5,5,5,5,5,4,5,5,5,5,5,5,5,5,5
6,4,5,6,6,6,6,6,5,6,6,6,6,6,6,6,6,6,6,5,5
6,4,5,6,6,6,6,6,6,6,6,6,6,6,6,6,6,6,6,6,6
5,5,5,5,5,5,5,5,5,5,5,5,5,5,5,5,5,5,5,5,5
5,5,5,5,5,5,5,5,5,5,5,4,5,5,5,5,5,5,5,5,5
6,4,5,6,6,5,6,5,5,6,6,3,6,6,5,6,5,5,6,5,6
6,5,2,6,5,5,6,5,2,2,5,3,6,5,2,1,2,2,6,2,2
5,4,5,5,5,5,5,5,5,5,5,4,5,5,5,5,5,5,5,5,5
5,5,5,5,5,5,5,5,5,5,5,6,5,5,5,5,5,5,5,5,5
5,5,5,5,5,5,5,5,5,5,5,4,5,5,5,5,5,5,5,5,5
5,5,5,5,5,5,5,5,5,5,6,6,5,5,5,5,5,5,5,5,5
5,5,5,5,5,5,5,5,5,5,5,6,5,5,5,5,5,5,5,5,5
5,5,5,5,5,5,5,5,5,5,5,4,5,5,5,5,5,5,5,5,5
4,4,5,4,5,6,4,6,1,4,6,6,4,4,3,4,6,4,4,6,6
4,4,5,4,5,6,4,6,6,4,6,6,4,4,3,4,6,4,4,6,6
2,2,2,2,2,2,2,2,2,2,5,1,2,2,2,2,2,2,2,2,2
6,2,5,2,2,2,2,2,3,2,5,1,2,2,2,2,2,2,2,2,2
5,3,3,5,2,5,5,5,5,5,6,3,5,2,2,5,2,2,5,5,5
2,2,5,2,2,2,2,2,2,2,5,1,2,2,2,2,2,2,2,2,2
2,2,5,2,2,2,2,2,2,2,5,2,2,2,2,2,2,2,2,2,2
4,4,5,5,4,5,6,6,3,6,6,6,6,6,3,6,6,4,6,6,6
1,4,5,5,4,6,1,6,6,4,6,6,6,4,3,6,6,4,6,6,6
4,4,5,4,5,5,4,6,6,4,6,6,4,4,3,4,6,4,4,6,6
1,2,2,1,3,5,1,6,2,1,6,3,1,6,2,1,2,2,1,2,2
2,2,2,2,2,2,2,2,2,2,5,1,2,2,2,2,2,2,2,2,2
2,2,2,2,2,2,2,2,2,2,5,3,2,2,2,2,2,2,2,2,2
4,4,5,4,5,5,4,6,6,4,6,6,4,4,3,4,6,4,4,6,6
1,2,2,1,4,5,1,6,2,2,6,3,1,2,2,1,2,2,1,2,2
2,2,2,2,2,2,2,2,2,2,5,1,2,2,2,2,2,2,2,2,2
2,2,2,2,2,2,2,2,2,2,5,3,2,2,2,2,2,2,2,2,2
4,4,5,5,4,6,1,6,6,4,6,6,6,4,3,4,6,4,6,6,6
1,2,2,1,4,5,1,6,3,2,6,3,1,2,2,1,2,2,1,2,2
2,2,2,2,2,2,2,2,2,2,5,1,2,2,2,2,2,2,2,2,2
2,2,2,2,2,2,2,2,2,2,5,3,2,2,2,2,2,2,2,2,2
4,4,5,5,4,5,1,6,1,4,6,6,6,6,3,4,6,4,6,6,6
1,2,2,6,4,5,1,6,2,2,6,3,1,2,2,1,2,2,1,2,2
2,2,2,2,2,2,2,2,2,2,5,1,2,2,2,2,2,2,2,2,2
2,2,2,2,2,2,2,2,2,2,5,3,2,2,2,2,2,2,2,2,2
1,4,5,5,4,6,1,6,6,4,6,6,6,4,3,4,6,4,4,6,6
1,2,2,1,4,5,1,6,2,2,6,3,1,2,2,1,2,2,1,2,2
2,2,2,2,2,2,2,2,2,2,5,1,2,2,2,2,2,2,2,2,2
2,2,2,2,2,2,2,2,2,2,5,3,2,2,2,2,2,2,2,2,2
4,4,5,5,4,5,1,6,6,4,6,6,6,6,3,4,6,4,6,6,6
1,2,2,1,4,5,1,2,2,1,6,3,1,2,2,1,2,2,1,2,2
2,2,2,2,2,2,2,2,2,2,5,1,2,2,2,2,2,2,2,2,2
2,2,2,2,2,2,2,2,2,2,5,3,2,2,2,2,2,2,2,2,2
4,4,5,5,4,5,1,6,3,4,6,6,6,4,3,6,6,4,6,6,6
1,2,2,1,4,5,1,6,2,1,6,3,1,6,2,1,2,2,1,2,2
2,2,2,2,2,2,2,2,2,2,5,1,2,2,2,2,2,2,2,2,2
2,2,2,2,2,2,2,2,2,2,5,3,2,2,2,2,2,2,2,2,2
4,4,5,5,4,6,1,6,6,4,6,6,6,4,3,4,6,4,6,6,6
1,2,2,6,4,5,1,6,3,2,6,3,1,2,2,1,2,2,1,2,2
2,2,2,2,2,2,2,2,2,2,5,1,2,2,2,2,2,2,2,2,2
2,2,2,2,2,2,2,2,2,2,5,3,2,2,2,2,2,2,2,2,2
1,4,5,4,5,5,1,6,6,4,6,6,4,4,3,4,6,4,4,6,6
1,2,2,6,4,5,5,6,2,1,6,3,1,2,2,1,2,2,1,2,2
2,2,2,2,2,2,2,2,2,2,5,2,2,2,2,2,2,2,2,2,2
2,2,2,2,2,2,2,2,2,2,5,3,2,2,2,2,2,2,2,2,2
4,4,5,4,4,5,4,4,6,4,6,6,4,4,3,4,6,4,4,6,6
1,2,2,1,4,5,1,6,2,2,6,3,1,2,2,1,2,2,1,2,2
2,2,2,2,2,2,2,2,2,2,5,2,2,2,2,2,2,2,2,2,2
2,2,2,2,2,2,2,2,2,2,5,3,2,2,2,2,2,2,2,2,2
4,4,5,4,4,5,4,6,6,4,6,6,4,4,3,4,6,4,4,6,6
1,2,2,1,4,5,1,6,2,2,6,3,1,6,2,1,2,2,1,2,2
2,2,2,2,2,2,2,2,2,2,5,2,2,2,2,2,2,2,2,2,2
2,2,2,2,2,2,2,2,2,2,5,3,2,2,2,2,2,2,2,2,2
4,4,5,4,5,4,4,6,6,4,6,6,4,4,3,4,6,4,4,6,6
1,2,2,1,3,5,5,6,2,2,6,3,1,6,2,1,2,2,1,2,2
2,2,2,2,2,2,2,2,2,2,5,2,2,2,2,2,2,2,2,2,2
2,2,2,2,2,2,2,2,2,2,5,3,2,2,2,2,2,2,2,2,2
4,4,5,4,1,5,4,4,6,4,6,6,4,4,3,4,6,4,4,6,6
1,2,2,1,4,5,1,6,2,1,6,3,1,2,2,1,2,2,1,6,2
2,2,3,2,2,2,2,2,2,2,5,1,2,2,2,2,2,2,2,2,2
2,2,2,2,2,2,2,2,2,2,5,3,2,2,2,2,2,2,2,2,2
4,4,5,5,2,6,1,6,6,4,6,6,5,4,3,6,6,4,6,6,6
1,2,2,1,4,5,1,6,2,1,6,3,1,2,2,1,2,2,1,2,2
2,2,2,2,2,2,2,2,2,2,5,1,2,2,2,2,2,2,2,2,2
2,2,2,2,2,2,2,2,2,2,5,3,2,2,2,2,2,2,2,2,2
4,4,5,5,1,5,1,6,6,4,6,6,4,6,3,4,6,4,4,6,6
1,2,2,1,4,5,1,6,2,2,6,3,1,2,2,1,2,2,1,2,2
2,2,2,2,2,2,2,2,2,2,5,1,2,2,2,2,2,2,2,2,2
2,2,2,2,2,2,2,2,2,2,5,3,2,2,2,2,2,2,2,2,2
4,4,5,4,4,5,4,6,3,4,6,6,4,6,3,4,6,4,4,6,6
1,2,2,1,4,5,1,6,2,1,6,3,1,6,2,1,2,2,1,2,2
2,2,2,2,2,2,2,2,2,2,5,1,2,2,2,2,2,2,2,2,2
2,2,2,2,2,2,2,2,2,2,5,3,2,2,2,2,2,2,2,2,2
4,4,5,4,4,6,4,6,1,4,6,6,4,6,3,4,6,4,4,6,6
1,2,2,1,4,5,1,6,2,1,6,3,1,2,2,1,2,2,1,2,2
2,2,2,2,2,2,2,2,2,2,5,1,2,2,2,2,2,2,2,2,2
2,2,2,2,2,2,2,2,2,2,5,3,2,2,2,2,2,2,2,2,2
4,4,5,4,4,5,4,6,6,4,6,6,4,6,3,4,6,4,4,6,6
1,2,2,1,4,3,1,6,2,2,6,3,1,2,2,1,2,2,1,2,2
2,2,2,2,2,2,2,2,2,2,5,1,2,2,2,2,2,2,2,2,2
2,2,2,2,2,2,2,2,2,2,5,3,2,2,2,2,2,2,2,2,2
4,4,5,4,4,6,4,4,1,4,6,6,4,6,3,4,6,4,4,6,6
1,2,2,5,4,5,5,6,2,2,6,3,1,6,2,1,2,2,1,2,2
2,2,3,2,2,2,2,2,2,2,5,1,2,2,2,2,2,2,2,2,2
2,2,2,2,2,2,2,2,2,2,5,3,2,2,2,2,2,2,2,2,2
1,4,5,4,4,4,1,6,3,4,6,6,4,4,3,4,6,4,4,6,6
1,2,2,1,4,3,1,6,3,1,6,3,1,2,2,1,2,2,1,2,2
2,2,2,2,2,2,2,2,2,2,5,1,2,2,2,2,2,2,2,2,2
2,2,2,2,2,2,2,2,2,2,5,3,2,2,2,2,2,2,2,2,2
1,4,5,5,1,6,1,6,6,4,6,6,4,6,3,4,6,4,4,6,6
1,2,2,1,4,5,1,6,2,1,6,3,1,2,2,1,2,2,1,2,2
2,2,2,2,2,2,2,2,2,2,5,1,2,2,2,2,2,2,2,2,2
2,2,2,2,2,2,2,2,2,2,5,3,2,2,2,2,2,2,2,2,2
1,4,5,5,1,4,1,6,3,4,6,6,6,6,3,6,6,4,6,6,6
1,2,2,1,4,3,1,6,2,1,6,3,1,2,2,1,2,2,1,2,2
2,2,2,2,2,2,2,2,2,2,5,1,2,2,2,2,2,2,2,2,2
2,2,2,2,2,2,2,2,2,2,5,3,2,2,2,2,2,2,2,2,2
1,4,5,4,4,6,4,4,6,4,6,6,4,4,3,4,6,4,4,6,6
1,2,2,1,4,5,1,6,2,2,6,3,1,2,2,1,2,2,1,2,2
2,2,2,2,2,2,2,2,2,2,5,1,2,2,2,2,2,2,2,2,2
6,2,2,2,2,2,5,2,2,2,5,3,2,2,2,2,2,2,2,2,2
4,4,5,5,4,5,1,4,6,4,6,6,4,6,3,4,6,4,4,6,6
1,2,2,1,4,5,1,6,2,1,6,3,1,2,2,1,2,2,1,6,2
2,2,2,2,2,2,2,2,2,2,5,1,2,2,2,2,2,2,2,2,2
2,2,2,2,2,2,2,2,2,2,5,3,2,2,2,2,2,2,2,2,2
1,4,5,5,4,4,1,4,6,4,6,6,6,4,3,4,6,4,4,6,6
1,2,2,1,4,5,1,6,2,1,6,3,1,2,2,1,2,2,1,2,2
2,2,2,2,2,2,2,2,2,2,5,1,2,2,2,2,2,2,2,2,2
2,2,2,2,2,2,2,2,2,2,5,3,2,2,2,2,2,2,2,2,2
4,4,5,4,4,5,1,4,6,4,6,6,4,4,3,4,6,4,4,6,6
1,2,2,1,4,5,1,6,2,1,6,3,1,2,2,1,2,2,1,6,2
2,2,2,2,2,2,2,2,2,2,5,1,2,2,2,2,2,2,2,2,2
2,2,2,2,2,2,2,2,2,2,5,3,2,2,2,2,2,2,2,2,2
4,4,5,4,4,5,4,6,6,4,6,6,4,4,3,4,6,4,4,6,6
1,2,2,1,1,3,1,6,2,1,6,3,1,6,2,1,2,2,1,6,2
2,2,2,2,2,2,2,2,2,2,5,1,2,2,2,2,2,2,2,2,2
2,2,2,2,2,2,2,2,2,2,5,3,2,2,2,2,2,2,2,2,2
1,4,5,4,4,6,4,6,3,4,6,6,4,4,3,4,6,4,4,6,6
1,2,2,1,4,5,1,6,2,2,6,3,1,6,2,1,2,2,1,6,2
2,2,2,2,2,2,2,2,2,2,5,1,2,2,2,2,2,2,2,2,2
2,2,2,2,2,2,2,2,2,2,5,3,2,2,2,2,2,2,2,2,2
1,4,5,4,4,5,4,4,6,4,6,6,4,4,3,4,6,4,4,6,6
1,2,2,1,4,5,1,6,3,1,6,3,1,2,2,1,2,2,1,6,2
2,2,2,2,2,2,2,2,2,2,5,1,2,2,2,2,2,2,2,2,2
2,2,2,2,2,2,2,2,2,2,5,3,2,2,2,2,2,2,2,2,2
4,4,5,4,4,5,4,4,3,4,6,6,4,4,3,4,6,4,4,6,6
6,2,2,1,4,5,1,6,2,1,6,3,1,2,2,1,2,2,1,6,2
2,2,2,2,2,2,2,2,2,2,5,2,2,2,2,2,2,2,2,2,2
2,2,2,2,2,2,2,2,2,2,5,3,2,2,2,2,2,2,2,2,2
1,4,5,4,4,6,4,6,6,4,6,6,4,4,3,4,6,4,4,6,6
1,2,2,1,1,5,1,6,2,2,6,3,1,6,2,1,2,2,1,6,2
2,2,2,2,2,2,2,2,2,2,5,2,2,2,2,2,2,2,2,2,2
2,2,2,2,2,2,2,2,2,2,5,3,2,2,2,2,2,2,2,2,2
4,4,5,4,2,5,4,6,1,4,6,6,4,4,3,4,6,4,4,6,6
1,2,2,1,1,5,1,6,2,2,6,3,1,6,2,1,2,2,1,6,2
2,2,2,2,2,2,2,2,2,2,5,2,2,2,2,2,2,2,2,2,2
2,2,2,2,2,2,2,2,2,2,5,3,2,2,2,2,2,2,2,2,2
4,4,5,4,2,5,4,6,3,4,6,6,4,4,3,4,6,4,4,6,6
1,2,2,1,4,5,1,6,2,2,6,3,1,6,2,1,2,2,1,6,2
2,2,2,2,2,2,2,2,2,2,5,2,2,2,2,2,2,2,2,2,2
2,2,2,2,2,2,2,2,2,2,5,3,2,2,2,2,2,2,2,2,2
4,4,5,5,4,6,1,4,6,4,6,6,6,4,3,6,6,4,6,6,6
1,2,2,6,4,5,1,6,2,2,6,3,1,2,2,1,2,2,1,6,2
2,2,2,2,2,2,2,2,2,2,5,2,2,2,2,2,2,2,2,2,2
2,2,2,2,2,2,2,2,2,2,5,3,2,2,2,2,2,2,2,2,2
1,4,5,4,4,4,4,6,3,4,6,6,4,4,3,4,6,4,4,6,4
6,2,2,1,3,5,1,6,2,1,6,3,1,6,2,1,2,2,1,6,2
2,2,2,2,2,2,2,2,2,2,5,2,2,2,2,2,2,2,2,2,2
2,2,2,2,2,2,2,2,2,2,5,3,2,2,2,2,2,2,2,2,2
1,4,5,4,5,6,4,6,6,4,6,6,4,4,3,4,6,4,4,6,6
1,2,2,1,4,5,1,6,2,1,6,3,1,6,2,1,2,2,1,6,2
2,2,2,2,2,2,2,2,2,2,5,2,2,2,2,2,2,2,2,2,2
2,2,2,2,2,2,2,2,2,2,5,3,2,2,2,2,2,2,2,2,2
1,4,5,4,5,5,4,6,3,4,6,6,4,4,3,4,6,4,4,6,6
1,2,2,1,1,5,1,6,2,2,6,3,1,6,2,1,2,2,1,6,2
2,2,2,2,2,2,2,2,2,2,5,2,2,2,2,2,2,2,2,2,2
2,2,2,2,2,2,2,2,2,2,5,3,2,2,2,2,2,2,2,2,2
1,4,5,4,5,6,4,6,3,4,6,6,4,4,3,4,6,4,4,6,6
6,2,2,6,4,5,5,6,2,2,6,3,1,6,2,1,2,2,1,2,2
2,2,2,2,2,2,2,2,2,2,5,2,2,2,2,2,2,2,2,2,2
2,2,2,2,2,2,2,2,2,2,5,3,2,2,2,2,2,2,2,2,2
4,4,5,4,4,6,4,6,3,4,6,6,4,4,3,4,6,4,4,6,6
1,2,2,5,4,5,1,6,2,1,6,3,1,2,2,1,2,2,1,6,2
2,2,2,2,2,2,2,2,2,2,5,2,2,2,2,2,2,2,2,2,2
2,2,2,2,2,2,2,2,2,2,5,3,2,2,2,2,2,2,2,2,2
1,4,5,4,5,6,1,4,3,4,6,6,4,6,3,4,6,4,4,6,6
1,2,2,1,4,5,1,6,2,1,6,3,1,6,2,1,2,2,1,6,2
2,2,2,2,2,2,2,2,2,2,5,2,2,2,2,2,2,2,2,2,2
2,2,2,2,2,2,2,2,2,2,5,3,2,2,2,2,2,2,2,2,2
1,4,5,4,5,5,4,6,3,4,6,6,4,4,3,4,6,4,4,6,6
1,2,2,1,4,5,1,6,3,2,6,3,1,2,2,1,2,2,1,6,2
2,2,2,2,2,2,2,2,2,2,5,2,2,2,2,2,2,2,2,2,2
2,2,2,2,2,2,2,2,2,2,5,3,2,2,2,2,2,2,2,2,2
4,4,5,4,5,5,4,6,3,4,6,6,4,4,3,4,6,4,4,6,6
1,2,2,1,4,5,1,6,2,2,6,3,1,2,2,1,2,2,1,6,2
2,2,2,2,2,2,2,2,2,2,5,2,2,2,2,2,2,2,2,2,2
2,2,2,2,2,2,2,2,2,2,5,3,2,2,2,2,2,2,2,2,2
1,4,5,4,5,6,4,6,3,4,6,6,4,4,3,4,6,4,4,6,6
1,2,2,1,4,5,1,6,2,2,6,3,1,6,2,1,2,2,1,6,2
2,2,2,2,2,2,2,2,2,2,5,2,2,2,2,2,2,2,2,2,2
2,2,2,2,2,2,2,2,2,2,5,3,2,2,2,2,2,2,2,2,2
1,4,5,4,5,5,4,6,3,4,6,6,4,6,3,4,6,4,4,6,6
1,2,2,5,4,5,1,6,3,2,6,3,1,6,2,1,2,2,1,6,2
2,2,2,2,2,2,2,2,2,2,5,2,2,2,2,2,2,2,2,2,2
2,2,2,2,2,2,2,2,2,2,5,3,2,2,2,2,2,2,2,2,2
4,4,5,4,5,5,4,6,3,4,6,6,4,4,3,4,6,4,4,6,6
1,2,2,1,4,5,1,6,3,2,6,3,1,6,2,1,2,2,1,6,2
2,2,2,2,2,2,2,2,2,2,5,2,2,2,2,2,2,2,2,2,2
2,2,2,2,2,2,2,2,2,2,5,3,2,2,2,2,2,2,2,2,2
4,4,5,5,5,6,1,4,3,4,6,6,4,4,3,4,6,4,4,6,6
6,2,2,1,1,5,1,6,3,1,6,3,1,6,2,1,2,2,1,6,2
2,2,2,2,2,2,2,2,2,2,5,2,2,2,2,2,2,2,2,2,2
2,2,2,2,2,2,2,2,2,2,5,3,2,2,2,2,2,2,2,2,2
1,4,5,4,5,6,4,6,3,4,6,6,4,4,3,4,6,4,4,6,6
1,2,2,1,4,5,1,6,3,1,6,3,1,6,2,1,2,2,1,6,2
2,2,2,2,2,2,2,2,2,2,5,2,2,2,2,2,2,2,2,2,2
2,2,2,2,2,2,2,2,2,2,5,3,2,2,2,2,2,2,2,2,2
1,4,5,4,4,5,4,6,4,4,6,6,4,4,3,4,6,4,4,6,6
1,2,2,1,4,3,1,6,3,1,6,3,1,2,2,1,2,2,1,6,6
2,2,2,2,2,2,2,2,2,2,5,2,2,2,2,2,2,2,2,2,2
2,2,2,2,2,2,2,2,2,2,5,3,2,2,2,2,2,2,2,2,2
4,4,5,4,4,6,4,6,6,4,6,6,4,4,3,4,6,4,4,6,6
6,2,2,1,4,3,1,6,3,1,6,3,1,6,2,1,2,2,1,6,2
2,2,2,2,2,2,2,2,2,2,5,2,2,2,2,2,2,2,2,2,2
2,2,2,2,2,2,2,2,2,2,5,3,2,2,2,2,2,2,2,2,2
4,4,5,4,4,5,4,6,3,4,6,6,4,4,3,4,6,4,4,6,6
1,2,2,1,1,5,1,6,3,2,6,3,1,6,2,1,2,2,1,6,6
2,2,2,2,2,2,2,2,2,2,5,2,2,2,2,2,2,2,2,2,2
2,2,2,2,2,2,2,2,2,2,5,3,2,2,2,2,2,2,2,2,2
4,4,5,4,4,6,4,6,3,4,6,6,4,4,3,4,6,4,4,6,6
1,2,2,1,4,5,1,6,2,2,6,3,1,6,2,1,2,2,1,6,2
2,2,2,2,2,2,2,2,2,2,5,2,2,2,2,2,2,2,2,2,2
2,2,2,2,2,2,2,2,2,2,5,3,2,2,2,2,2,2,2,2,2
4,4,4,4,4,4,4,4,4,4,4,4,4,4,4,4,4,4,4,6,4
1,2,3,5,3,3,1,6,3,4,6,3,1,6,5,1,6,2,1,6,6
2,2,2,2,2,1,2,2,2,2,2,2,2,2,2,2,2,2,2,2,2
2,2,5,2,2,3,2,2,2,2,5,2,2,2,2,2,2,2,2,2,2
4,4,5,4,4,4,4,6,6,4,6,4,4,4,4,4,6,4,4,6,6
4,4,5,5,1,1,1,6,1,4,6,6,4,6,6,4,6,1,4,6,6
2,2,3,2,2,2,2,2,2,2,5,3,2,2,2,2,2,2,2,2,2
2,2,3,2,2,5,2,2,2,2,5,2,2,2,2,2,2,2,2,2,2
4,4,4,4,4,4,4,6,4,4,6,4,4,4,4,4,4,4,4,6,4
4,4,5,4,4,6,4,6,1,4,6,6,4,6,5,4,6,4,4,6,6
2,2,2,5,2,2,2,2,2,2,5,3,2,2,2,2,2,2,2,2,2
2,2,3,2,2,5,2,2,3,2,5,3,2,2,2,2,2,2,2,2,2
4,4,4,4,4,4,4,4,3,4,4,4,4,4,4,4,4,4,4,4,4
4,4,3,4,4,4,4,4,4,4,4,4,4,4,4,4,4,4,4,4,4
2,2,2,2,2,2,2,2,2,2,2,2,2,2,2,2,2,2,2,2,2
2,2,3,2,2,3,2,2,2,2,5,3,2,2,2,2,2,2,2,2,2
4,4,4,4,4,4,4,4,4,4,4,4,4,4,4,4,4,4,4,4,4
4,4,5,4,4,4,4,6,3,4,6,6,4,4,3,4,6,4,4,6,4
2,2,2,2,2,2,2,2,2,2,5,2,2,2,2,2,2,2,2,2,2
2,2,2,2,2,2,2,2,2,2,2,2,2,2,2,2,2,2,2,2,2
4,4,5,4,1,6,4,4,6,4,6,6,4,6,3,4,6,4,4,6,6
1,4,5,4,4,4,4,6,4,4,6,4,4,4,4,4,4,4,4,6,4
2,2,3,2,5,2,2,2,2,2,5,3,2,2,2,2,2,2,2,2,2
2,2,2,2,2,2,2,2,2,2,2,2,2,2,2,2,2,2,2,2,2
4,4,4,4,4,4,4,4,4,4,4,4,4,4,4,4,4,4,4,4,4
4,4,5,5,4,6,1,6,1,4,6,6,4,6,6,4,6,1,4,6,6
2,2,2,2,2,2,2,2,2,2,5,2,2,2,2,2,2,2,2,2,2
2,2,3,2,2,2,2,2,2,2,5,2,2,2,2,2,2,2,2,2,2
4,4,4,4,4,4,4,4,4,4,6,4,4,4,4,4,4,4,4,6,4
1,2,5,6,3,4,1,6,3,4,6,6,6,6,1,1,6,5,1,6,6
2,2,2,2,2,2,2,2,2,2,2,2,2,2,2,2,2,2,2,2,2
2,2,2,2,2,2,2,2,2,2,2,2,2,2,2,2,2,2,2,2,2
4,4,4,4,4,4,4,4,4,4,4,4,4,4,4,4,4,4,4,4,4
4,4,5,4,4,4,4,6,6,4,6,6,4,4,3,4,6,4,4,6,6
2,2,2,2,2,2,2,2,2,2,2,2,2,2,2,2,2,2,2,2,2
2,2,3,2,2,3,2,2,2,2,5,3,2,2,2,2,2,2,2,2,2
1,4,5,4,4,4,4,6,6,4,6,6,4,4,4,4,6,4,4,6,6
1,2,5,1,1,4,1,6,3,4,6,6,1,6,1,1,6,1,1,6,6
2,2,2,2,2,2,2,2,2,2,2,2,2,2,2,2,2,2,2,2,2
2,2,2,2,2,2,2,2,2,2,5,2,2,2,2,2,2,2,2,2,2
4,4,5,4,4,4,4,6,4,4,6,6,4,4,3,4,6,4,4,6,6
4,4,5,5,5,6,1,6,3,4,6,6,4,6,6,4,1,4,4,6,6
2,2,2,2,2,2,2,2,2,2,2,2,2,2,2,2,2,2,2,2,2
2,2,2,2,2,2,2,2,2,2,2,2,2,2,2,2,2,2,2,2,2
4,4,5,4,4,4,4,6,4,4,6,4,4,4,4,4,6,4,4,6,4
4,4,1,4,4,4,4,6,4,4,6,4,4,4,3,4,4,4,4,6,4
2,2,2,2,2,2,2,2,2,2,2,2,2,2,2,2,2,2,2,2,2
4,4,5,5,1,6,1,4,4,4,6,6,4,6,3,4,6,4,4,6,6
1,2,2,1,4,5,1,6,3,2,6,3,1,2,2,1,2,2,1,2,2
2,2,2,2,2,2,2,2,2,2,5,2,2,2,2,2,2,2,2,2,2
1,4,4,4,5,4,1,4,4,4,4,4,4,4,4,4,4,4,4,4,4
6,2,3,1,1,3,1,6,3,1,6,3,1,6,5,1,6,2,1,6,6
2,2,2,2,2,1,2,2,2,2,2,2,2,2,2,2,2,2,2,2,2
2,2,2,2,2,2,2,2,2,2,5,2,2,2,2,2,2,2,2,2,2
4,4,5,4,4,4,4,6,4,4,6,4,4,4,4,4,6,4,4,6,6
4,4,5,5,1,6,1,6,6,4,6,6,4,6,6,4,6,1,4,6,6
2,2,2,2,2,2,2,2,2,2,5,3,2,2,2,2,2,2,2,2,2
2,2,3,2,2,2,2,2,2,2,5,2,2,2,2,2,2,2,2,2,2
4,4,4,4,4,4,4,4,4,4,6,4,4,4,4,4,4,4,4,6,4
4,4,5,4,4,6,4,6,6,4,6,6,4,4,3,4,6,4,4,6,6
2,2,2,5,2,2,2,2,2,2,5,3,2,2,2,2,2,2,2,2,2
2,2,3,2,2,2,2,2,5,2,5,3,2,2,2,2,2,2,2,2,2
4,4,4,4,4,4,4,4,4,4,4,4,4,4,4,4,4,4,4,4,4
4,4,3,4,4,4,4,4,4,4,4,4,4,4,4,4,4,4,4,4,4
2,2,2,2,2,2,2,2,2,2,2,2,2,2,2,2,2,2,2,2,2
2,2,3,2,2,3,2,2,3,2,5,3,2,2,2,2,2,2,2,2,2
4,4,4,4,4,4,4,4,4,4,4,4,4,4,4,4,4,4,4,4,4
4,4,5,4,4,4,4,6,3,4,6,6,4,4,3,4,6,4,4,6,4
2,2,5,2,2,2,2,2,2,2,5,2,2,2,2,2,2,2,2,2,2
2,2,2,2,2,2,2,2,2,2,2,2,2,2,2,2,2,2,2,2,2
4,4,5,4,4,6,4,4,3,4,6,6,4,4,3,4,6,4,4,6,6
4,4,5,4,5,4,4,4,3,4,4,4,4,4,4,4,4,4,4,6,4
2,2,3,2,5,2,2,2,2,2,5,3,2,2,2,2,2,2,2,2,2
2,2,2,2,2,2,2,2,2,2,2,2,2,2,2,2,2,2,2,2,2
4,4,4,4,4,4,4,4,4,4,4,4,4,4,4,4,4,4,4,4,4
1,4,5,5,1,6,1,6,1,4,6,6,4,6,6,4,6,1,4,6,6
2,2,2,2,2,2,2,2,2,2,5,2,2,2,2,2,2,2,2,2,2
2,2,3,2,2,2,2,2,2,2,5,2,2,2,2,2,2,2,2,2,2
4,4,4,4,4,4,4,4,4,4,4,4,4,4,4,4,4,4,4,6,4
1,2,5,5,1,4,1,6,3,4,6,6,5,6,1,1,6,1,1,6,6
2,2,2,2,2,2,2,2,2,2,2,2,2,2,2,2,2,2,2,2,2
2,2,2,2,2,2,2,2,2,2,2,2,2,2,2,2,2,2,2,2,2
4,4,4,4,4,5,4,4,4,4,4,4,4,4,4,4,4,4,4,4,4
1,4,5,4,4,4,4,6,3,4,6,6,4,4,3,4,6,4,4,6,4
2,2,2,2,2,2,2,2,2,2,2,2,2,2,2,2,2,2,2,2,2
2,2,3,2,2,3,2,2,2,2,5,3,2,2,2,2,2,2,2,2,2
1,4,5,4,4,4,4,6,3,4,6,3,4,4,4,4,6,4,4,6,4
1,2,5,5,1,4,1,6,3,4,6,6,5,6,1,1,6,1,1,6,6
2,2,2,2,2,2,2,2,2,2,2,2,2,2,2,2,2,2,2,2,2
2,2,2,2,2,2,2,2,2,2,5,2,2,2,2,2,2,2,2,2,2
4,4,5,4,4,4,4,4,3,4,6,6,4,4,3,4,6,4,4,6,6
1,4,5,5,5,6,1,6,3,4,6,6,4,6,6,4,6,4,4,6,6
2,2,2,2,2,2,2,2,2,2,2,2,2,2,2,2,2,2,2,2,2
2,2,2,2,2,2,2,2,2,2,2,2,2,2,2,2,2,2,2,2,2
4,4,4,4,4,4,4,6,4,4,6,4,4,4,4,4,6,4,4,6,4
1,4,5,4,4,4,4,6,3,4,4,4,4,4,3,4,4,4,4,6,4
2,2,2,2,2,2,2,2,2,2,2,2,2,2,2,2,2,2,2,2,2
4,4,5,4,4,4,4,4,3,4,6,6,4,4,3,4,6,4,4,6,6
1,2,2,1,3,5,1,6,3,2,6,3,1,6,2,1,2,2,1,2,2
2,2,2,2,2,2,2,2,2,2,5,2,2,2,2,2,2,2,2,2,2
1,4,4,4,4,4,4,4,4,4,4,4,4,4,4,4,4,4,4,4,4
1,2,3,6,3,3,1,6,3,2,6,3,6,6,5,1,6,1,1,6,6
2,2,2,2,2,2,2,2,2,2,2,2,2,2,2,2,2,2,2,2,2
2,2,2,2,2,2,2,2,2,2,5,2,2,2,2,2,2,2,2,2,2
4,4,4,4,4,4,4,6,4,4,6,4,4,4,4,4,4,4,4,6,4
4,4,5,5,1,1,1,6,1,4,6,6,4,6,1,4,6,1,4,6,6
2,2,2,2,2,2,2,2,2,2,5,3,2,2,2,2,2,2,2,2,2
2,2,3,2,2,2,2,2,2,2,5,2,2,2,2,2,2,2,2,2,2
4,4,4,4,4,4,4,4,4,4,6,4,4,4,4,4,4,4,4,6,4
4,4,5,4,5,6,4,6,3,4,6,6,4,6,3,4,6,4,4,6,6
2,2,2,2,2,2,2,2,2,2,5,3,2,2,2,2,2,2,2,2,2
2,2,3,2,2,2,2,2,2,2,5,3,2,2,2,2,2,2,2,2,2
4,4,4,4,4,4,4,4,4,4,4,4,4,4,4,4,4,4,4,4,4
4,4,3,4,5,4,4,4,4,4,4,4,4,4,4,4,4,4,4,4,4
2,2,2,2,2,2,2,2,2,2,2,2,2,2,2,2,2,2,2,2,2
2,2,3,2,2,3,2,2,3,2,5,3,2,2,2,2,2,2,2,2,2
4,4,4,4,4,4,4,4,4,4,4,4,4,4,4,4,4,4,4,4,4
4,4,5,4,4,4,4,6,3,4,6,6,4,4,3,4,6,4,4,6,4
2,2,3,2,2,2,2,2,2,2,5,2,2,2,2,2,2,2,2,2,2
2,2,2,2,2,2,2,2,2,2,2,2,2,2,2,2,2,2,2,2,2
4,4,5,5,4,6,1,6,3,4,6,6,4,6,3,4,6,4,4,6,6
1,4,6,4,4,4,4,4,4,4,4,4,4,4,4,4,4,4,4,6,4
2,2,2,2,1,2,2,2,2,2,5,3,2,2,2,2,2,2,2,2,2
2,2,2,2,2,2,2,2,2,2,2,2,2,2,2,2,2,2,2,2,2
4,4,4,4,4,4,4,4,4,4,4,4,4,4,4,4,4,4,4,4,4
4,4,5,5,1,6,1,6,1,4,6,6,4,6,6,4,6,1,4,6,6
2,2,2,2,2,2,2,2,2,2,5,2,2,2,2,2,2,2,2,2,2
2,2,3,2,2,2,2,2,2,2,5,2,2,2,2,2,2,2,2,2,2
4,4,4,4,4,4,4,4,4,4,6,4,4,4,4,4,4,4,4,6,4
4,2,5,5,1,4,1,6,3,4,6,6,6,6,1,4,6,5,4,6,6
2,2,2,2,2,2,2,2,2,2,2,2,2,2,2,2,2,2,2,2,2
2,2,2,2,2,2,2,2,2,2,2,2,2,2,2,2,2,2,2,2,2
2,2,2,2,2,2,2,2,2,2,2,2,2,2,2,2,2,2,2,2,2
2,2,3,2,2,3,2,2,2,2,5,3,2,2,2,2,2,2,2,2,2
4,4,5,4,5,4,4,4,4,4,6,3,4,4,4,4,6,4,4,6,4
4,2,5,5,1,4,1,6,3,4,6,6,4,6,1,4,6,1,4,6,6
2,2,2,2,2,2,2,2,2,2,2,2,2,2,2,2,2,2,2,2,2
2,2,2,2,2,2,2,2,2,2,5,2,2,2,2,2,2,2,2,2,2
4,4,5,4,5,6,4,6,3,4,6,6,4,4,6,4,1,4,4,6,6
2,2,2,2,2,2,2,2,2,2,2,2,2,2,2,2,2,2,2,2,2
2,2,2,2,2,2,2,2,2,2,2,2,2,2,2,2,2,2,2,2,2
4,4,5,4,4,4,4,4,4,4,6,4,4,4,4,4,4,4,4,6,4
1,4,3,4,5,4,4,6,3,4,4,4,4,4,3,4,4,4,4,6,4
2,2,2,2,2,2,2,2,2,2,2,2,2,2,2,2,2,2,2,2,2
2,2,2,2,2,2,2,2,2,2,5,2,2,2,2,2,2,2,2,2,2
4,4,4,4,5,4,4,4,4,4,4,4,4,4,4,4,4,4,4,4,4
4,2,3,5,1,3,1,6,3,4,6,3,5,6,5,1,6,2,1,6,6
2,2,2,2,2,2,2,2,2,2,2,2,2,2,2,2,2,2,2,2,2
2,2,2,2,2,2,2,2,2,2,5,2,2,2,2,2,2,2,2,2,2
4,4,4,4,5,4,4,6,4,4,6,4,4,4,4,4,4,4,4,6,4
4,3,5,5,1,6,1,6,6,4,6,6,4,6,1,4,6,1,4,6,6
2,2,2,2,2,3,2,2,2,2,5,3,2,2,2,2,2,2,2,2,2
2,2,3,2,2,2,2,2,2,2,5,2,2,2,2,2,2,2,2,2,2
2,2,2,2,2,2,2,2,2,2,5,3,2,2,2,2,2,2,2,2,2
2,2,3,2,2,2,2,2,2,2,5,3,2,2,2,2,2,2,2,2,2
4,4,4,4,5,4,4,4,4,4,4,4,4,4,4,4,4,4,4,4,4
4,4,3,4,4,4,4,4,4,4,4,4,4,4,4,4,4,4,4,4,4
2,2,3,2,2,3,2,2,3,2,5,3,2,2,2,2,2,2,2,2,2
4,4,4,4,5,4,4,4,4,4,4,4,4,4,4,4,4,4,4,4,4
2,2,2,2,2,2,2,2,2,2,5,2,2,2,2,2,2,2,2,2,2
2,2,2,2,2,2,2,2,2,2,2,2,2,2,2,2,2,2,2,2,2
2,2,2,2,5,2,2,2,2,2,5,3,2,2,2,2,2,2,2,2,2
2,2,2,2,2,2,2,2,2,2,2,2,2,2,2,2,2,2,2,2,2
4,4,4,4,4,4,4,4,4,4,4,4,4,4,4,4,4,4,4,4,4
2,2,2,2,2,2,2,2,2,2,5,2,2,2,2,2,2,2,2,2,2
2,2,3,2,2,2,2,2,2,2,5,2,2,2,2,2,2,2,2,2,2
2,2,2,2,2,2,2,2,2,2,2,2,2,2,2,2,2,2,2,2,2
2,2,2,2,2,2,2,2,2,2,2,2,2,2,2,2,2,2,2,2,2
4,4,5,4,5,4,4,6,3,4,6,6,4,4,3,4,4,4,4,6,6
2,2,2,2,2,2,2,2,2,2,2,2,2,2,2,2,2,2,2,2,2
2,2,3,2,2,3,2,2,2,2,5,3,2,2,2,2,2,2,2,2,2
4,4,5,4,5,4,4,4,4,4,6,3,4,4,4,4,6,4,4,6,4
1,2,5,6,1,4,5,6,3,6,6,6,5,6,1,1,6,1,1,6,6
2,2,2,2,2,2,2,2,2,2,2,2,2,2,2,2,2,2,2,2,2
2,2,2,2,2,2,2,2,2,2,5,2,2,2,2,2,2,2,2,2,2
1,4,5,4,4,4,4,6,6,4,6,6,4,4,6,4,6,4,4,6,6
4,4,5,4,5,6,4,6,1,4,6,6,4,6,6,4,6,4,4,6,6
2,2,2,2,2,2,2,2,2,2,2,2,2,2,2,2,2,2,2,2,2
2,2,2,2,2,2,2,2,2,2,2,2,2,2,2,2,2,2,2,2,2
4,4,4,4,4,4,4,6,4,4,6,4,4,4,4,4,6,4,4,6,6
4,4,5,4,4,4,4,6,4,4,6,4,4,4,4,4,4,4,4,6,4
2,2,2,2,2,2,2,2,2,2,2,2,2,2,2,2,2,2,2,2,2
4,4,5,4,4,4,4,6,6,4,6,6,4,4,3,4,6,4,4,6,6
1,2,2,1,4,5,1,6,3,1,6,3,1,2,2,1,2,2,1,6,2
2,2,2,2,2,2,2,2,2,2,5,2,2,2,2,2,2,2,2,2,2
4,4,4,4,4,4,4,4,4,4,4,4,4,4,4,4,4,4,4,4,4
1,2,3,1,1,3,1,6,3,1,6,3,1,6,5,1,6,1,1,6,6
2,2,2,2,2,2,2,2,2,2,2,2,2,2,2,2,2,2,2,2,2
2,2,2,2,2,2,2,2,2,2,5,2,2,2,2,2,2,2,2,2,2
4,4,5,4,4,4,4,6,4,4,6,4,4,4,4,4,4,4,4,6,4
1,4,5,1,4,6,1,6,6,4,6,6,4,6,1,1,6,1,1,6,6
2,2,2,2,2,3,2,2,2,2,5,3,2,2,2,2,2,2,2,2,2
2,2,3,2,2,2,2,2,2,2,5,2,2,2,2,2,2,2,2,2,2
4,4,4,4,4,4,4,4,4,4,6,4,4,4,4,4,4,4,4,6,4
4,4,5,4,5,6,4,6,3,4,6,6,4,4,3,4,6,4,4,6,6
2,2,3,2,2,2,2,2,2,2,5,3,2,2,2,2,2,2,2,2,2
4,4,5,4,4,5,4,4,4,4,4,4,4,4,4,4,4,4,4,4,4
4,4,3,4,5,4,4,4,4,4,4,4,4,4,4,4,4,4,4,4,4
2,2,2,2,2,2,2,2,2,2,2,2,2,2,2,2,2,2,2,2,2
2,2,3,2,2,3,2,2,3,2,5,3,2,2,2,2,2,2,2,2,2
4,4,4,4,4,4,4,4,4,4,4,4,4,4,4,4,4,4,4,4,4
4,4,5,4,5,4,4,6,6,4,6,3,4,4,3,4,6,4,4,6,4
2,2,2,2,2,2,2,2,2,2,5,2,2,2,2,2,2,2,2,2,2
2,2,2,2,2,2,2,2,2,2,2,2,2,2,2,2,2,2,2,2,2
4,4,5,4,5,5,4,4,3,4,6,6,4,4,3,4,6,4,4,6,6
4,4,4,4,5,4,4,4,4,4,4,4,4,4,4,4,4,4,4,6,4
2,2,2,2,2,2,2,2,2,2,5,3,2,2,2,2,2,2,2,2,2
2,2,2,2,2,2,2,2,2,2,2,2,2,2,2,2,2,2,2,2,2
4,4,4,4,4,4,4,4,4,4,4,4,4,4,4,4,4,4,4,4,4
4,4,5,5,4,1,5,6,1,4,6,6,4,6,6,4,6,4,4,6,6
2,2,2,2,2,2,2,2,2,2,5,2,2,2,2,2,2,2,2,2,2
2,2,3,2,2,2,2,2,2,2,5,2,2,2,2,2,2,2,2,2,2
4,4,4,4,4,4,4,4,4,4,6,4,4,4,4,4,4,4,4,6,4
1,2,5,5,3,4,1,6,3,4,6,6,5,6,1,1,6,1,5,6,6
2,2,2,2,2,2,2,2,2,2,2,2,2,2,2,2,2,2,2,2,2
2,2,2,2,2,2,2,2,2,2,2,2,2,2,2,2,2,2,2,2,2
4,4,4,4,5,4,4,4,4,4,4,4,4,4,4,4,4,4,4,4,4
4,4,5,4,5,4,4,6,3,4,6,3,4,4,3,4,6,4,4,6,4
2,2,2,2,2,2,2,2,2,2,2,2,2,2,2,2,2,2,2,2,2
2,2,3,2,2,3,2,2,2,2,5,3,2,2,2,2,2,2,2,2,2
4,4,5,4,5,4,4,4,4,4,6,3,4,4,4,4,6,4,4,6,4
1,2,5,5,1,4,5,6,3,4,6,6,6,6,1,1,6,1,1,6,6
2,2,2,2,2,2,2,2,2,2,2,2,2,2,2,2,2,2,2,2,2
2,2,2,2,2,2,2,2,2,2,5,2,2,2,2,2,2,2,2,2,2
4,4,5,4,5,4,4,6,6,4,6,6,4,4,3,4,6,4,4,6,6
1,3,5,4,5,6,4,6,3,4,6,6,4,4,3,4,6,4,4,6,6
2,2,2,2,2,2,2,2,2,2,2,2,2,2,2,2,2,2,2,2,2
2,2,2,2,2,2,2,2,2,2,2,2,2,2,2,2,2,2,2,2,2
1,4,5,4,4,4,4,6,4,4,6,4,4,4,4,4,4,4,4,6,4
4,4,5,4,5,4,4,4,4,4,6,4,4,4,4,4,4,4,4,6,4
2,2,2,2,2,2,2,2,2,2,2,2,2,2,2,2,2,2,2,2,2
4,4,5,4,5,4,4,4,3,4,6,6,4,4,3,4,6,4,4,6,4
1,2,3,1,4,3,1,6,3,1,6,3,1,2,2,1,2,2,1,6,2
2,2,2,2,2,2,2,2,2,2,5,2,2,2,2,2,2,2,2,2,2
4,4,4,4,5,4,4,4,4,4,4,4,4,4,4,4,4,4,4,4,4
1,2,3,1,1,3,1,6,3,1,6,3,1,6,5,1,6,1,1,6,6
2,2,2,2,2,2,2,2,2,2,2,2,2,2,2,2,2,2,2,2,2
2,2,2,2,2,2,2,2,2,2,5,2,2,2,2,2,2,2,2,2,2
4,4,5,4,5,4,4,6,4,4,6,4,4,4,4,4,4,4,4,6,4
4,3,5,5,1,6,1,6,3,4,6,6,4,6,1,4,6,1,4,6,6
2,2,3,2,2,2,2,2,2,2,5,2,2,2,2,2,2,2,2,2,2
4,4,4,4,5,4,4,4,4,4,6,4,4,4,4,4,4,4,4,6,4
4,3,5,4,5,5,4,6,3,4,6,6,4,4,3,4,6,4,4,6,6
2,2,3,2,2,2,2,2,2,2,5,3,2,2,2,2,2,2,2,2,2
4,3,5,4,5,5,4,4,4,4,4,4,4,4,4,4,4,4,4,4,4
4,3,3,4,5,4,4,4,4,4,4,4,4,4,4,4,4,4,4,4,4
2,2,2,2,2,2,2,2,2,2,2,2,2,2,2,2,2,2,2,2,2
2,2,3,2,2,3,2,2,3,2,5,3,2,2,2,2,2,2,2,2,2
4,4,4,4,5,4,4,4,4,4,4,4,4,4,4,4,4,4,4,4,4
4,4,5,4,5,1,4,6,3,4,6,3,4,4,3,4,6,4,4,6,4
2,2,2,2,2,2,2,2,2,2,5,2,2,2,2,2,2,2,2,2,2
2,2,2,2,2,2,2,2,2,2,2,2,2,2,2,2,2,2,2,2,2
4,4,5,4,5,5,4,6,3,4,6,6,4,4,3,4,6,4,4,6,6
4,3,3,4,5,4,4,4,4,4,4,4,4,4,4,4,4,4,4,6,4
2,2,2,2,2,2,2,2,2,2,5,3,2,2,2,2,2,2,2,2,2
2,2,2,2,2,2,2,2,2,2,2,2,2,2,2,2,2,2,2,2,2
4,4,4,4,5,4,4,4,4,4,4,4,4,4,4,4,4,4,4,4,4
4,3,5,4,4,6,4,6,1,4,6,6,4,4,6,4,6,4,4,6,6
2,2,2,2,2,2,2,2,2,2,2,2,2,2,2,2,2,2,2,2,2
2,2,3,2,2,2,2,2,2,2,5,2,2,2,2,2,2,2,2,2,2
4,4,4,4,5,4,4,4,4,4,4,4,4,4,4,4,4,4,4,6,4
1,2,5,5,1,4,1,6,3,4,6,6,5,6,1,1,6,1,5,6,6
2,2,2,2,2,2,2,2,2,2,2,2,2,2,2,2,2,2,2,2,2
2,2,2,2,2,2,2,2,2,2,2,2,2,2,2,2,2,2,2,2,2
4,4,4,4,5,4,4,4,4,4,4,4,4,4,4,4,4,4,4,4,4
4,4,5,4,5,4,4,6,3,4,6,3,4,4,3,4,6,4,4,6,4
2,2,2,2,2,1,2,2,2,2,2,2,2,2,2,2,2,2,2,2,2
2,2,3,2,2,3,2,2,2,2,5,3,2,2,2,2,2,2,2,2,2
4,4,5,4,5,4,4,6,4,4,6,4,4,4,4,4,6,4,4,6,4
1,2,5,1,1,4,1,6,3,4,6,6,6,6,1,1,6,1,1,6,6
2,2,2,2,2,2,2,2,2,2,2,2,2,2,2,2,2,2,2,2,2
2,2,2,2,2,2,2,2,2,2,5,2,2,2,2,2,2,2,2,2,2
4,4,5,4,5,4,4,6,6,4,6,6,4,4,3,4,6,4,4,6,6
4,3,5,4,4,6,4,6,3,4,6,6,4,6,3,4,6,4,4,6,6
2,2,2,2,2,2,2,2,2,2,2,2,2,2,2,2,2,2,2,2,2
2,2,2,2,2,2,2,2,2,2,2,2,2,2,2,2,2,2,2,2,2
4,4,5,4,4,4,4,4,4,4,6,4,4,4,4,4,6,4,4,6,6
1,4,1,4,5,4,4,6,4,4,6,4,4,4,4,4,4,4,4,6,4
2,2,2,2,2,2,2,2,2,2,2,2,2,2,2,2,2,2,2,2,2
4,4,5,4,5,4,4,6,6,4,6,6,4,4,3,4,6,4,4,6,4
1,2,2,1,4,4,1,6,3,2,6,3,1,6,2,1,2,2,1,6,6
2,2,2,2,2,2,2,2,2,2,5,2,2,2,2,2,2,2,2,2,2
4,3,4,4,5,4,4,4,4,4,4,4,4,4,4,4,4,4,4,4,4
1,2,3,1,1,3,1,6,3,1,6,3,1,6,5,1,6,1,1,6,6
2,2,2,2,2,2,2,2,2,2,2,2,2,2,2,2,2,2,2,2,2
2,2,2,2,2,2,2,2,2,2,5,2,2,2,2,2,2,2,2,2,2
4,4,4,4,5,4,4,4,4,4,6,4,4,4,4,4,4,4,4,6,4
4,3,5,5,1,1,5,6,3,4,6,6,4,6,6,4,6,4,4,4,4
2,2,2,2,5,3,2,2,2,2,5,3,2,2,2,2,2,2,2,2,2
2,2,3,2,2,2,2,2,2,2,5,2,2,2,2,2,2,2,2,2,2
1,4,4,4,5,4,4,4,4,4,4,4,4,4,4,4,4,4,4,6,4
4,3,5,4,5,5,4,6,3,4,6,6,4,4,3,4,6,4,4,6,6
2,2,3,2,2,2,2,2,2,2,5,3,2,2,2,2,2,2,2,2,2
4,4,4,4,5,4,4,4,4,4,4,4,4,4,4,4,4,4,4,4,4
4,4,4,4,5,4,4,4,4,4,4,4,4,4,4,4,4,4,4,4,4
2,2,2,2,2,2,2,2,2,2,2,2,2,2,2,2,2,2,2,2,2
2,2,3,2,2,3,2,2,3,2,5,3,2,2,2,2,2,2,2,2,2
2,2,2,2,2,2,2,2,2,2,5,2,2,2,2,2,2,2,2,2,2
2,2,2,2,2,2,2,2,2,2,2,2,2,2,2,2,2,2,2,2,2
4,4,5,4,5,5,4,4,3,4,6,6,4,4,3,4,6,4,4,6,6
4,4,3,4,5,4,4,4,4,4,4,4,4,4,4,4,4,4,4,6,4
2,2,2,2,2,2,2,2,2,2,5,3,2,2,2,2,2,2,2,2,2
2,2,2,2,2,2,2,2,2,2,2,2,2,2,2,2,2,2,2,2,2
4,4,4,4,5,4,4,4,4,4,4,4,4,4,4,4,4,4,4,4,4
4,4,5,5,4,6,1,6,1,4,6,6,4,6,6,4,6,4,4,6,6
2,2,2,2,2,2,2,2,2,2,5,2,2,2,2,2,2,2,2,2,2
2,2,3,2,2,2,2,2,2,2,5,2,2,2,2,2,2,2,2,2,2
4,4,4,4,5,4,4,4,4,4,4,4,4,4,4,4,4,4,4,6,4
1,2,5,5,1,4,1,6,3,4,6,6,6,6,1,1,6,1,4,6,6
2,2,2,2,2,2,2,2,2,2,2,2,2,2,2,2,2,2,2,2,2
2,2,2,2,2,2,2,2,2,2,2,2,2,2,2,2,2,2,2,2,2
4,4,4,4,5,4,4,4,4,4,4,4,4,4,4,4,4,4,4,4,4
4,4,5,4,5,4,4,6,6,4,6,6,4,4,3,4,6,4,4,6,4
2,2,2,2,2,2,2,2,2,2,2,2,2,2,2,2,2,2,2,2,2
2,2,3,2,2,3,2,2,2,2,5,3,2,2,2,2,2,2,2,2,2
4,4,5,4,5,4,4,6,4,4,6,4,4,4,4,4,4,4,4,6,4
1,2,5,5,1,4,1,6,3,4,6,6,1,6,1,1,6,1,1,6,6
2,2,2,2,2,2,2,2,2,2,2,2,2,2,2,2,2,2,2,2,2
2,2,2,2,2,2,2,2,2,2,5,2,2,2,2,2,2,2,2,2,2
4,4,5,4,5,6,4,3,3,4,6,6,4,4,3,4,6,4,4,6,6
2,2,2,2,2,2,2,2,2,2,2,2,2,2,2,2,2,2,2,2,2
2,2,2,2,2,2,2,2,2,2,2,2,2,2,2,2,2,2,2,2,2
1,4,5,4,4,4,4,4,4,4,6,4,4,4,4,4,6,4,4,6,4
4,4,3,4,5,4,4,6,4,4,6,4,4,4,4,4,4,4,4,6,4
2,2,2,2,2,2,2,2,2,2,2,2,2,2,2,2,2,2,2,2,2
4,4,5,4,4,4,4,4,3,4,6,6,4,4,3,4,6,4,4,6,4
1,2,3,1,4,3,1,6,3,1,6,3,1,2,2,1,2,2,1,6,2
2,2,2,2,2,2,2,2,2,2,5,2,2,2,2,2,2,2,2,2,2
4,4,4,4,5,4,4,4,4,4,4,4,4,4,4,4,4,4,4,4,4
4,2,3,5,3,3,1,6,1,4,6,3,5,6,5,1,6,1,4,6,6
2,2,2,2,2,1,2,2,2,2,2,2,2,2,2,2,2,2,2,2,2
2,2,2,2,2,2,2,2,2,2,5,2,2,2,2,2,2,2,2,2,2
4,4,4,4,4,4,4,4,4,4,6,4,4,4,4,4,4,4,4,6,4
1,3,5,5,1,6,5,6,1,4,6,6,4,6,6,1,6,1,4,6,6
2,2,2,2,5,3,2,2,2,2,5,3,2,2,2,2,2,2,2,2,2
2,2,3,2,2,2,2,2,2,2,5,2,2,2,2,2,2,2,2,2,2
4,4,4,4,4,4,4,4,4,4,6,4,4,4,4,4,4,4,4,6,4
1,4,5,4,2,6,4,4,1,4,6,6,4,4,3,4,6,4,4,6,6
2,2,3,2,2,2,2,2,2,2,5,3,2,2,2,2,2,2,2,2,2
1,4,4,4,5,5,4,4,4,4,4,4,4,4,4,4,4,4,4,4,4
4,4,3,4,5,4,4,4,4,4,4,4,4,4,4,4,4,4,4,4,4
2,2,2,2,2,2,2,2,2,2,2,2,2,2,2,2,2,2,2,2,2
2,2,3,2,2,3,2,2,3,2,5,3,2,2,2,2,2,2,2,2,2
4,4,4,4,5,4,4,4,4,4,4,4,4,4,4,4,4,4,4,4,4
4,4,5,4,5,1,4,6,3,4,6,3,4,4,3,4,6,4,4,6,4
2,2,2,2,2,2,2,2,2,2,5,2,2,2,2,2,2,2,2,2,2
2,2,2,2,2,2,2,2,2,2,2,2,2,2,2,2,2,2,2,2,2
4,4,5,4,4,6,4,4,3,4,6,6,4,4,3,4,6,4,4,6,6
1,4,3,4,5,4,4,4,4,4,4,4,4,4,4,4,4,4,4,6,4
2,2,2,2,2,2,2,2,2,2,5,3,2,2,2,2,2,2,2,2,2
2,2,2,2,2,2,2,2,2,2,2,2,2,2,2,2,2,2,2,2,2
4,4,4,4,4,4,4,4,4,4,4,4,4,4,4,4,4,4,4,4,4
4,4,5,4,2,6,4,6,6,4,6,6,4,6,6,4,6,4,4,6,6
2,2,2,2,2,2,2,2,2,2,5,2,2,2,2,2,2,2,2,2,2
2,2,3,2,2,2,2,2,2,2,5,2,2,2,2,2,2,2,2,2,2
4,4,4,4,4,4,4,4,4,4,4,4,4,4,4,4,4,4,4,6,4
1,2,5,5,1,4,1,6,3,4,6,6,1,6,1,1,6,1,1,6,6
2,2,2,2,2,2,2,2,2,2,2,2,2,2,2,2,2,2,2,2,2
2,2,2,2,2,2,2,2,2,2,2,2,2,2,2,2,2,2,2,2,2
4,4,4,4,4,4,4,4,4,4,4,4,4,4,4,4,4,4,4,4,4
4,4,5,4,4,4,4,6,6,4,6,6,4,4,3,4,6,4,4,6,4
2,2,2,2,2,2,2,2,2,2,2,2,2,2,2,2,2,2,2,2,2
2,2,3,2,2,3,2,2,2,2,5,3,2,2,2,2,2,2,2,2,2
4,4,5,4,4,4,4,6,4,4,6,4,4,4,4,4,6,4,4,6,4
4,2,5,5,1,4,1,6,3,4,6,6,4,6,1,4,6,1,4,6,6
2,2,2,2,2,2,2,2,2,2,2,2,2,2,2,2,2,2,2,2,2
2,2,2,2,2,2,2,2,2,2,5,2,2,2,2,2,2,2,2,2,2
4,4,5,4,4,4,4,6,6,4,6,6,4,4,3,4,6,4,4,6,4
4,4,5,4,5,6,4,6,3,4,6,6,4,6,3,4,6,4,4,6,6
2,2,2,2,2,2,2,2,2,2,2,2,2,2,2,2,2,2,2,2,2
2,2,2,2,2,2,2,2,2,2,2,2,2,2,2,2,2,2,2,2,2
4,4,5,4,4,4,4,6,4,4,6,4,4,4,4,4,4,4,4,6,4
4,4,1,4,5,4,4,6,4,4,6,4,4,4,4,4,4,4,4,6,4
2,2,2,2,2,2,2,2,2,2,2,2,2,2,2,2,2,2,2,2,2
4,4,5,4,4,4,4,4,3,4,6,6,4,4,3,4,6,4,4,6,4
1,2,2,1,4,5,1,6,2,1,6,3,1,2,2,1,2,2,1,6,2
2,2,2,2,2,2,2,2,2,2,5,2,2,2,2,2,2,2,2,2,2
4,4,4,4,4,4,4,4,4,4,4,4,4,4,4,4,4,4,4,4,4
1,2,3,5,1,3,1,6,3,2,6,3,1,6,5,1,6,1,1,6,6
2,2,2,2,2,2,2,2,2,2,2,2,2,2,2,2,2,2,2,2,2
2,2,2,2,2,2,2,2,2,2,5,2,2,2,2,2,2,2,2,2,2
4,4,4,4,4,4,4,4,4,4,6,4,4,4,4,4,4,4,4,6,4
1,3,5,5,4,6,1,6,1,4,6,6,4,6,6,4,6,1,4,4,6
2,2,2,2,2,3,2,2,2,2,5,3,2,2,2,2,2,2,2,2,2
2,2,3,2,2,2,2,2,2,2,5,2,2,2,2,2,2,2,2,2,2
4,4,4,4,4,4,4,4,4,4,6,4,4,4,4,4,4,4,4,6,4
4,4,5,4,5,6,4,6,3,4,6,6,4,4,3,4,6,4,4,6,6
2,2,3,2,2,2,2,2,2,2,5,3,2,2,2,2,2,2,2,2,2
4,4,5,4,4,5,4,4,4,4,4,4,4,4,4,4,4,4,4,4,4
4,4,3,4,5,4,4,4,4,4,4,4,4,4,4,4,4,4,4,4,4
2,2,2,2,2,2,2,2,2,2,2,2,2,2,2,2,2,2,2,2,2
2,2,3,2,2,3,2,2,3,2,5,3,2,2,2,2,2,2,2,2,2
4,4,4,4,4,4,4,4,4,4,4,4,4,4,4,4,4,4,4,4,4
4,4,5,4,4,1,4,6,3,4,6,3,4,4,3,4,6,4,4,6,4
2,2,2,2,2,2,2,2,2,2,5,2,2,2,2,2,2,2,2,2,2
2,2,2,2,2,2,2,2,2,2,2,2,2,2,2,2,2,2,2,2,2
4,4,5,4,4,5,4,4,3,4,6,6,4,4,3,4,6,4,4,6,6
4,4,3,4,5,4,4,4,4,4,4,4,4,4,4,4,4,4,4,6,4
2,2,2,2,5,2,2,2,2,2,5,3,2,2,2,2,2,2,2,2,2
2,2,2,2,2,2,2,2,2,2,2,2,2,2,2,2,2,2,2,2,2
4,4,4,4,4,4,4,4,4,4,4,4,4,4,4,4,4,4,4,4,4
4,4,5,4,1,6,4,6,6,4,6,6,4,6,6,4,6,4,4,6,6
2,2,2,2,2,2,2,2,2,2,5,2,2,2,2,2,2,2,2,2,2
2,2,3,2,2,2,2,2,2,2,5,2,2,2,2,2,2,2,2,2,2
4,4,4,4,4,4,4,4,4,4,4,4,4,4,4,4,4,4,4,6,4
1,2,5,5,1,4,1,6,3,4,6,6,5,6,1,1,6,1,1,6,6
2,2,2,2,2,2,2,2,2,2,2,2,2,2,2,2,2,2,2,2,2
2,2,2,2,2,2,2,2,2,2,2,2,2,2,2,2,2,2,2,2,2
4,4,4,4,4,4,4,4,4,4,4,4,4,4,4,4,4,4,4,4,4
4,4,5,4,5,1,4,6,6,4,6,6,4,4,3,4,6,4,4,6,4
2,2,2,2,2,2,2,2,2,2,2,2,2,2,2,2,2,2,2,2,2
2,2,3,2,2,3,2,2,2,2,5,3,2,2,2,2,2,2,2,2,2
4,4,5,4,4,4,4,6,4,4,6,4,4,4,4,4,6,4,4,6,4
1,2,5,5,1,4,1,6,3,4,6,6,6,6,1,1,6,1,1,6,6
2,2,2,2,2,2,2,2,2,2,2,2,2,2,2,2,2,2,2,2,2
2,2,2,2,2,2,2,2,2,2,5,2,2,2,2,2,2,2,2,2,2
4,4,5,4,4,4,4,6,6,4,6,6,4,4,3,4,6,4,4,6,6
4,4,5,4,5,6,4,6,3,4,6,6,4,4,3,4,6,4,4,6,6
2,2,2,2,2,2,2,2,2,2,2,2,2,2,2,2,2,2,2,2,2
2,2,2,2,2,2,2,2,2,2,2,2,2,2,2,2,2,2,2,2,2
4,4,4,4,5,4,4,6,4,4,6,4,4,4,4,4,4,4,4,6,4
4,4,1,4,5,4,4,6,4,4,4,4,4,4,4,4,4,4,4,6,4
2,2,2,2,2,2,2,2,2,2,2,2,2,2,2,2,2,2,2,2,2
4,4,5,4,5,4,4,4,3,4,6,6,4,4,3,4,6,4,4,6,4
4,2,2,5,3,5,5,6,2,2,6,3,1,6,2,1,2,2,4,6,2
2,2,2,2,2,2,2,2,2,2,5,2,2,2,2,2,2,2,2,2,2
4,4,4,4,5,4,4,4,4,4,4,4,4,4,4,4,4,4,4,4,4
1,2,3,5,1,3,5,6,3,4,6,3,5,6,5,1,6,2,1,6,6
2,2,2,2,2,2,2,2,2,2,2,2,2,2,2,2,2,2,2,2,2
2,2,2,2,2,2,2,2,2,2,5,2,2,2,2,2,2,2,2,2,2
4,4,4,4,4,4,4,4,4,4,6,4,4,4,4,4,4,4,4,6,4
4,3,5,5,1,6,1,6,3,4,6,6,4,6,6,4,6,1,4,4,6
2,2,2,2,2,3,2,2,2,2,5,3,2,2,2,2,2,2,2,2,2
2,2,3,2,2,2,2,2,2,2,5,2,2,2,2,2,2,2,2,2,2
4,4,4,4,5,4,4,4,4,4,4,4,4,4,4,4,4,4,4,6,4
4,4,5,4,5,6,4,6,3,4,6,6,4,4,3,4,6,4,4,6,6
2,2,3,2,2,2,2,2,2,2,5,3,2,2,2,2,2,2,2,2,2
4,4,4,4,5,5,4,4,4,4,4,4,4,4,4,4,4,4,4,4,4
4,3,3,4,5,4,4,4,4,4,4,4,4,4,4,4,4,4,4,4,4
2,2,2,2,2,2,2,2,2,2,2,2,2,2,2,2,2,2,2,2,2
2,2,2,2,2,3,2,2,3,2,5,3,2,2,2,2,2,2,2,2,2
4,4,4,4,5,4,4,4,4,4,4,4,4,4,4,4,4,4,4,4,4
1,4,5,4,5,1,4,4,3,4,6,3,4,4,3,4,6,4,4,6,4
2,2,2,2,2,2,2,2,2,2,5,2,2,2,2,2,2,2,2,2,2
2,2,2,2,2,2,2,2,2,2,2,2,2,2,2,2,2,2,2,2,2
4,4,5,4,5,5,4,4,3,4,6,6,4,4,3,4,6,4,4,6,6
4,3,3,4,5,4,4,4,4,4,4,4,4,4,4,4,4,4,4,6,4
2,2,2,2,2,2,2,2,2,2,5,3,2,2,2,2,2,2,2,2,2
2,2,2,2,2,2,2,2,2,2,2,2,2,2,2,2,2,2,2,2,2
4,4,4,4,5,4,4,4,4,4,4,4,4,4,4,4,4,4,4,4,4
4,3,5,4,1,6,4,6,1,4,6,6,4,6,6,4,6,4,4,6,6
2,2,2,2,2,2,2,2,2,2,5,2,2,2,2,2,2,2,2,2,2
2,2,3,2,2,2,2,2,2,2,5,2,2,2,2,2,2,2,2,2,2
4,4,4,4,5,4,4,4,4,4,4,4,4,4,4,4,4,4,4,6,4
1,2,5,5,1,4,1,6,3,4,6,6,6,6,1,1,6,1,1,6,6
2,2,2,2,2,2,2,2,2,2,2,2,2,2,2,2,2,2,2,2,2
2,2,2,2,2,2,2,2,2,2,2,2,2,2,2,2,2,2,2,2,2
4,4,4,4,5,4,4,4,4,4,4,4,4,4,4,4,4,4,4,4,4
4,4,5,4,5,1,4,6,3,4,6,3,4,4,3,4,4,4,4,6,4
2,2,2,2,2,2,2,2,2,2,2,2,2,2,2,2,2,2,2,2,2
2,2,3,2,2,3,2,2,2,2,5,3,2,2,2,2,2,2,2,2,2
4,4,5,4,5,4,4,6,4,4,6,3,4,4,4,4,4,4,4,6,4
4,2,5,5,1,4,5,6,3,4,6,6,4,6,1,4,6,1,4,6,6
2,2,2,2,2,2,2,2,2,2,2,2,2,2,2,2,2,2,2,2,2
2,2,2,2,2,2,2,2,2,2,5,2,2,2,2,2,2,2,2,2,2
4,4,5,4,5,4,4,6,6,4,6,6,4,4,3,4,6,4,4,6,6
1,3,5,4,5,6,4,6,3,4,6,6,4,4,3,4,4,4,4,6,6
2,2,2,2,2,2,2,2,2,2,2,2,2,2,2,2,2,2,2,2,2
2,2,2,2,2,2,2,2,2,2,2,2,2,2,2,2,2,2,2,2,2
4,4,4,4,4,4,4,4,4,4,6,4,4,4,4,4,4,4,4,6,4
4,3,5,4,5,4,4,6,4,4,4,4,4,4,4,4,4,4,4,6,4
2,2,2,2,2,2,2,2,2,2,2,2,2,2,2,2,2,2,2,2,2
4,4,5,4,5,4,4,4,3,4,6,6,4,4,4,4,6,4,4,6,4
1,2,2,1,1,4,1,6,3,2,6,3,1,6,2,1,2,2,1,6,6
2,2,2,2,2,2,2,2,2,2,5,2,2,2,2,2,2,2,2,2,2
4,4,4,4,5,4,4,4,4,4,4,4,4,4,4,4,4,4,4,4,4
1,2,3,5,1,3,1,6,3,4,6,3,1,6,5,1,6,1,1,6,6
2,2,2,2,2,2,2,2,2,2,2,2,2,2,2,2,2,2,2,2,2
2,2,2,2,2,2,2,2,2,2,5,2,2,2,2,2,2,2,2,2,2
4,4,4,4,5,4,4,4,4,4,6,4,4,4,4,4,4,4,4,6,4
4,3,5,5,4,6,1,4,1,4,6,6,4,4,6,4,6,1,4,4,4
2,2,2,2,5,2,2,2,2,2,5,3,2,2,2,2,2,2,2,2,2
2,2,3,2,2,2,2,2,2,2,5,2,2,2,2,2,2,2,2,2,2
4,4,4,4,5,4,4,4,4,4,4,4,4,4,4,4,4,4,4,6,4
4,4,5,4,5,6,4,6,3,4,6,6,4,4,3,4,6,4,4,6,6
2,2,3,2,2,2,2,2,2,2,5,3,2,2,2,2,2,2,2,2,2
4,4,4,4,5,4,4,4,4,4,4,4,4,4,4,4,4,4,4,4,4
4,3,3,4,5,4,4,4,4,4,4,4,4,4,4,4,4,4,4,4,4
2,2,2,2,2,2,2,2,2,2,2,2,2,2,2,2,2,2,2,2,2
2,2,2,2,2,3,2,2,3,2,5,3,2,2,2,2,2,2,2,2,2
4,4,4,4,5,4,4,4,4,4,4,4,4,4,4,4,4,4,4,4,4
4,4,5,4,5,1,4,6,3,4,6,3,4,4,3,4,4,4,4,6,4
2,2,2,2,2,2,2,2,2,2,5,2,2,2,2,2,2,2,2,2,2
2,2,2,2,2,2,2,2,2,2,2,2,2,2,2,2,2,2,2,2,2
4,4,5,4,5,6,4,4,3,4,6,6,4,4,3,4,6,4,4,6,4
4,3,3,4,5,4,4,6,3,4,4,4,4,4,4,4,4,4,4,6,4
2,2,2,2,2,2,2,2,2,2,5,3,2,2,2,2,2,2,2,2,2
2,2,2,2,2,2,2,2,2,2,2,2,2,2,2,2,2,2,2,2,2
4,4,4,4,5,4,4,4,4,4,4,4,4,4,4,4,4,4,4,4,4
4,3,5,4,1,6,4,6,1,4,6,6,4,6,6,4,6,4,4,6,6
2,2,2,2,2,2,2,2,2,2,5,2,2,2,2,2,2,2,2,2,2
4,4,4,4,4,4,4,4,4,4,4,4,4,4,4,4,4,4,4,6,4
1,2,5,5,1,4,1,6,1,4,6,6,5,6,1,1,6,1,4,6,6
2,2,2,2,2,2,2,2,2,2,2,2,2,2,2,2,2,2,2,2,2
2,2,2,2,2,2,2,2,2,2,2,2,2,2,2,2,2,2,2,2,2
4,4,4,4,4,4,4,4,4,4,4,4,4,4,4,4,4,4,4,4,4
4,4,5,4,4,1,4,6,3,4,6,6,4,4,3,4,6,4,4,6,4
2,2,2,2,2,2,2,2,2,2,2,2,2,2,2,2,2,2,2,2,2
2,2,3,2,2,3,2,2,2,2,5,3,2,2,2,2,2,2,2,2,2
4,4,5,4,4,4,4,4,4,4,6,4,4,4,4,4,6,4,4,6,4
4,2,5,5,1,6,1,6,3,4,6,6,4,6,1,4,6,1,4,6,6
2,2,2,2,2,2,2,2,2,2,2,2,2,2,2,2,2,2,2,2,2
2,2,2,2,2,2,2,2,2,2,5,2,2,2,2,2,2,2,2,2,2
4,4,5,4,4,1,4,6,4,4,6,6,4,4,4,4,6,4,4,6,4
4,4,5,4,5,6,4,6,3,4,6,6,4,4,3,4,1,4,4,6,6
2,2,2,2,2,2,2,2,2,2,2,2,2,2,2,2,2,2,2,2,2
2,2,2,2,2,2,2,2,2,2,2,2,2,2,2,2,2,2,2,2,2
4,4,4,4,4,4,4,6,4,4,6,4,4,4,4,4,4,4,4,6,4
4,4,5,4,5,4,4,4,4,4,4,4,4,4,4,4,4,4,4,6,4
2,2,2,2,2,2,2,2,2,2,2,2,2,2,2,2,2,2,2,2,2
4,4,5,4,4,4,4,6,3,4,6,6,4,4,3,4,6,4,4,6,4
1,2,2,1,1,4,1,6,3,2,6,3,1,6,2,1,2,2,1,6,6
2,2,2,2,2,2,2,2,2,2,5,2,2,2,2,2,2,2,2,2,2
4,4,4,4,4,4,4,4,4,4,4,4,4,4,4,4,4,4,4,4,4
1,2,3,1,1,3,1,6,3,2,6,3,1,6,5,1,6,1,1,6,6
2,2,2,2,2,2,2,2,2,2,2,2,2,2,2,2,2,2,2,2,2
2,2,2,2,2,2,2,2,2,2,5,2,2,2,2,2,2,2,2,2,2
4,4,4,4,4,4,4,4,4,4,6,4,4,4,4,4,4,4,4,6,4
4,3,5,4,1,6,4,3,1,4,6,6,4,6,6,4,6,1,4,4,4
2,2,2,2,2,3,2,2,2,2,5,3,2,2,2,2,2,2,2,2,2
2,2,3,2,2,2,2,2,2,2,5,2,2,2,2,2,2,2,2,2,2
4,4,4,4,4,4,4,4,4,4,4,4,4,4,4,4,4,4,4,6,4
4,4,5,4,5,6,4,6,3,4,6,6,4,4,3,4,6,4,4,6,6
2,2,3,2,2,2,2,2,2,2,5,3,2,2,2,2,2,2,2,2,2
4,4,4,4,4,5,4,4,4,4,4,4,4,4,4,4,4,4,4,4,4
4,4,3,4,5,4,4,4,4,4,4,4,4,4,4,4,4,4,4,4,4
2,2,2,2,2,2,2,2,2,2,2,2,2,2,2,2,2,2,2,2,2
2,2,2,2,2,3,2,2,3,2,5,3,2,2,2,2,2,2,2,2,2
4,4,4,4,4,4,4,4,4,4,4,4,4,4,4,4,4,4,4,4,4
4,4,5,4,4,1,4,6,4,4,6,3,4,4,3,4,6,4,4,6,4
2,2,2,2,2,2,2,2,2,2,5,2,2,2,2,2,2,2,2,2,2
2,2,2,2,2,2,2,2,2,2,2,2,2,2,2,2,2,2,2,2,2
4,4,5,4,4,4,4,6,3,4,6,6,4,4,3,4,6,4,4,6,6
1,4,3,4,4,4,4,6,4,4,4,4,4,4,4,4,4,4,4,6,4
2,2,2,2,2,2,2,2,2,2,5,3,2,2,2,2,2,2,2,2,2
2,2,2,2,2,2,2,2,2,2,2,2,2,2,2,2,2,2,2,2,2
4,4,4,4,4,4,4,4,4,4,4,4,4,4,4,4,4,4,4,4,4
1,4,5,4,1,6,4,6,1,4,6,6,4,6,6,4,6,4,4,6,6
2,2,2,2,2,2,2,2,2,2,5,2,2,2,2,2,2,2,2,2,2
2,2,3,2,2,2,2,2,2,2,5,2,2,2,2,2,2,2,2,2,2
4,4,4,4,4,4,4,4,4,4,4,4,4,4,4,4,4,4,4,6,4
2,2,2,2,2,2,2,2,2,2,2,2,2,2,2,2,2,2,2,2,2
2,2,2,2,2,2,2,2,2,2,2,2,2,2,2,2,2,2,2,2,2
2,2,2,2,2,2,2,2,2,2,2,2,2,2,2,2,2,2,2,2,2
2,2,3,2,2,3,2,2,2,2,5,3,2,2,2,2,2,2,2,2,2
2,2,2,2,2,2,2,2,2,2,2,2,2,2,2,2,2,2,2,2,2
2,2,2,2,2,2,2,2,2,2,5,2,2,2,2,2,2,2,2,2,2
2,2,2,2,2,2,2,2,2,2,2,2,2,2,2,2,2,2,2,2,2
2,2,2,2,2,2,2,2,2,2,2,2,2,2,2,2,2,2,2,2,2
2,2,2,2,2,2,2,2,2,2,2,2,2,2,2,2,2,2,2,2,2
2,2,2,5,2,3,2,2,2,2,5,3,2,2,2,2,2,2,2,2,2
5,4,5,5,1,5,5,5,5,5,6,6,5,5,5,5,5,5,5,6,5
4,4,5,4,4,6,4,6,3,4,6,6,4,6,3,4,6,4,4,6,5
4,4,5,4,4,4,4,6,3,4,6,6,4,6,5,4,6,4,4,6,5
5,4,5,5,1,5,5,6,5,5,6,6,5,5,5,5,6,5,5,6,5
4,4,5,5,6,4,5,6,1,4,6,6,4,6,5,4,6,5,4,6,5
5,6,5,5,6,5,5,6,5,5,6,6,5,5,5,5,6,5,5,6,5
5,6,5,5,6,5,5,6,5,5,6,6,5,6,5,5,6,5,5,6,5
1,4,5,4,6,4,4,6,1,4,6,6,4,6,5,4,6,4,4,6,5
5,4,5,5,4,5,5,6,5,5,6,6,5,5,5,5,6,5,5,6,5
5,4,5,5,6,5,5,6,5,5,6,6,5,6,5,5,6,5,5,6,5
5,4,5,5,6,5,5,6,5,5,6,6,5,6,5,5,6,5,5,6,5
3,3,3,3,4,3,3,3,3,3,3,3,3,3,3,3,3,3,3,3,3
3,3,3,3,4,3,3,3,3,3,3,3,3,3,3,3,3,3,3,3,3
5,3,3,3,4,3,5,3,3,3,3,3,3,3,3,3,3,3,3,3,3
4,4,5,5,4,6,6,5,3,6,6,6,6,6,6,6,6,1,6,6,6
5,4,5,5,3,5,5,6,5,5,6,6,5,6,5,5,5,5,5,6,5
1,4,5,5,4,6,1,6,3,4,6,6,6,4,6,6,6,4,6,6,6
5,4,5,5,3,5,5,6,5,5,6,6,5,6,5,5,5,5,5,6,5
4,4,5,5,4,6,4,6,3,4,6,6,6,4,6,6,6,4,6,6,6
5,4,5,5,3,5,5,6,5,5,6,6,5,6,5,5,5,5,5,5,5
5,4,5,5,3,5,5,6,5,5,6,6,5,6,5,5,5,5,5,5,5
5,4,5,5,3,5,5,6,5,5,6,6,5,6,5,5,5,5,5,6,5
5,4,5,5,3,5,5,6,5,5,6,6,5,6,5,5,5,5,5,5,5
5,4,5,5,3,5,5,6,5,5,6,6,5,6,5,5,5,5,5,6,5
5,4,5,5,3,5,5,6,5,5,6,6,5,6,5,5,5,5,5,5,5
5,4,5,5,3,5,5,6,5,5,6,6,5,6,5,5,5,5,5,6,5
5,4,5,5,3,5,5,6,5,5,6,6,5,6,5,5,5,5,5,5,5
5,4,5,5,3,5,5,6,5,5,6,6,5,6,5,5,5,5,5,6,5
5,4,5,5,3,5,5,6,5,5,6,6,5,6,5,5,5,5,5,5,5
5,4,5,5,3,5,5,6,5,5,6,6,5,6,5,5,5,5,5,5,5
5,4,5,5,3,5,5,6,5,5,6,6,5,6,5,5,5,5,5,6,5
5,4,5,5,3,5,5,6,5,5,6,6,5,6,5,5,5,5,5,5,5
5,4,5,5,3,5,5,6,5,5,6,6,5,6,5,5,5,5,5,6,5
5,4,5,5,3,5,5,6,5,5,6,6,5,6,5,5,5,5,5,6,5
5,4,5,5,3,5,5,6,5,5,6,6,5,6,5,5,5,5,5,6,5
5,4,5,5,3,5,5,6,5,5,6,6,5,6,5,5,5,5,5,5,5
5,4,5,5,3,5,5,6,5,5,6,6,5,6,5,5,5,5,5,5,5
5,4,5,5,3,5,5,6,5,5,6,6,5,6,5,5,5,5,5,5,5
5,4,5,5,3,5,5,6,5,5,6,6,5,6,5,5,5,5,5,5,5
5,4,5,5,3,5,5,6,5,5,6,6,5,6,5,5,5,5,5,5,5
5,4,5,5,3,5,5,6,5,5,6,6,5,6,5,5,5,5,5,5,5
5,4,5,5,3,5,5,6,5,5,6,6,5,6,5,5,5,5,5,6,5
5,4,5,5,3,5,5,6,5,5,6,6,5,6,5,5,5,5,5,5,5
5,4,5,5,3,5,5,6,5,5,6,6,5,6,5,5,5,5,5,5,5
5,4,5,5,3,5,5,6,5,5,6,6,5,6,5,5,5,5,5,5,5
5,4,5,5,3,5,5,6,5,5,6,6,5,6,5,5,5,5,5,5,5
5,4,5,5,3,5,5,6,5,5,6,6,5,6,5,5,5,5,5,6,5
5,4,5,5,3,5,5,6,5,5,6,6,5,6,5,5,5,5,5,5,5
5,4,5,5,3,5,5,6,5,5,6,6,5,6,5,5,5,5,5,5,5
5,4,5,5,3,5,5,6,5,5,6,6,5,6,5,5,5,5,5,6,5
5,4,5,5,3,5,5,6,5,5,6,6,5,6,5,5,5,5,5,6,5
5,4,5,5,3,5,5,6,5,5,6,6,5,6,5,5,5,5,5,6,5
5,4,5,5,6,5,5,6,5,5,6,6,5,6,5,5,5,5,5,6,5
5,4,5,5,3,5,5,6,5,5,6,6,5,6,5,5,5,5,5,6,5
5,4,5,5,3,5,5,6,5,5,6,6,5,6,5,5,5,5,5,6,5
5,4,5,5,3,5,5,6,5,5,6,6,5,6,5,5,5,5,5,5,5
5,4,5,5,3,5,5,6,5,5,6,6,5,6,5,5,5,5,5,5,5
5,4,5,5,3,5,5,6,5,5,6,6,5,6,5,5,5,5,5,5,5
5,4,5,5,3,5,5,6,5,5,6,6,5,6,5,5,5,5,5,5,5
5,4,5,5,3,5,5,6,5,5,6,6,5,6,5,5,5,5,5,5,5
5,4,5,5,3,5,5,6,5,5,6,6,5,6,5,5,5,5,5,6,5
5,4,5,5,3,5,5,6,5,5,6,6,5,6,5,5,5,5,5,6,5
5,4,5,5,3,5,5,6,5,5,6,6,5,6,5,5,5,5,5,6,5
5,4,5,5,3,5,5,6,5,5,6,6,5,6,5,5,5,5,5,6,5
5,4,5,5,3,5,5,6,5,5,6,6,5,6,5,5,5,5,5,6,5
5,4,5,5,3,5,5,6,5,5,6,6,5,6,5,5,5,5,5,6,5
5,4,5,5,3,5,5,6,5,5,6,6,5,6,5,5,5,5,5,6,5
5,4,5,5,3,5,5,6,5,5,6,6,5,6,5,5,5,5,5,5,5
5,4,5,5,3,5,5,6,5,5,6,6,5,6,5,5,5,5,5,5,5
5,4,5,5,3,5,5,6,5,5,6,6,5,6,5,5,5,5,5,5,5
5,4,5,5,3,5,5,6,5,5,6,6,5,6,5,5,5,5,5,5,5
5,4,5,5,3,5,5,6,5,5,6,6,5,6,5,5,5,5,5,6,5
5,4,5,5,3,5,5,6,5,5,6,6,5,6,5,5,5,5,5,6,5
5,4,5,5,3,5,5,6,5,5,6,6,5,6,5,5,5,5,5,5,5
5,4,5,5,3,5,5,6,5,5,6,6,5,6,5,5,5,5,5,6,5
5,4,5,5,3,5,5,6,5,5,6,6,5,6,5,5,5,5,5,6,5
5,4,5,5,3,5,5,6,5,5,6,6,5,6,5,5,5,5,5,6,5
5,4,5,5,3,5,5,6,5,5,6,6,5,6,5,5,5,5,5,5,5
5,4,5,5,6,5,5,6,5,5,6,6,5,6,5,5,5,5,5,6,5
5,4,5,5,3,5,5,6,5,5,6,6,5,6,5,5,5,5,5,6,5
5,4,5,5,3,5,5,6,5,5,6,6,5,6,5,5,5,5,5,5,5
5,4,5,5,6,5,5,6,5,5,6,6,5,6,5,5,5,5,5,5,5
5,4,5,5,3,5,5,6,5,5,6,6,5,6,5,5,5,5,5,5,5
5,4,5,5,3,5,5,6,5,5,6,6,5,6,5,5,5,5,5,6,5
5,4,5,5,6,5,5,6,5,5,6,6,5,6,5,5,5,5,5,6,5
5,4,5,5,3,5,5,6,5,5,6,6,5,6,5,5,5,5,5,6,5
5,4,5,5,6,5,5,6,5,5,6,6,5,6,5,5,5,5,5,6,6
5,4,5,5,3,5,5,6,5,5,6,6,5,6,5,5,5,5,5,6,6
5,4,5,5,6,5,5,6,5,5,6,6,5,6,6,5,5,5,5,6,6
5,4,5,5,6,5,5,6,5,5,6,6,5,6,5,5,6,5,5,6,5
5,4,5,5,6,5,5,6,5,5,6,6,5,6,5,5,6,5,5,6,5
5,4,5,5,6,6,5,6,5,5,6,6,5,6,5,5,6,5,5,6,5
5,4,5,5,6,6,5,6,3,5,6,6,5,6,5,5,6,5,5,6,5
5,4,5,5,6,6,5,6,3,5,6,6,5,6,5,5,6,5,5,6,5
5,4,5,5,6,6,5,6,3,5,6,6,5,6,5,5,6,5,5,6,5
5,4,5,5,6,5,5,6,5,5,6,6,5,6,5,5,6,5,5,6,5
5,4,5,5,6,5,5,6,5,5,6,6,5,6,5,5,6,5,5,5,5
5,4,5,5,6,5,5,6,5,5,6,6,5,6,5,5,6,5,5,5,5
5,4,5,5,6,5,5,6,5,5,6,6,5,6,5,5,6,5,5,6,5
5,4,5,5,6,5,5,6,5,5,6,6,5,6,5,5,6,5,5,6,5
5,4,5,5,6,5,5,6,5,5,6,6,5,6,5,5,6,5,5,6,5
5,4,5,5,6,5,5,6,5,5,6,6,5,6,5,5,6,5,5,6,5
5,4,5,5,6,5,5,6,5,5,6,6,5,6,5,5,6,5,5,6,5
5,4,5,5,6,5,5,6,5,5,6,6,5,6,5,5,6,5,5,6,5
5,4,5,5,6,5,5,6,5,5,6,6,5,6,5,5,6,5,5,6,5
5,4,5,5,6,5,5,6,5,5,6,6,5,6,5,5,6,5,5,6,5
5,4,5,5,6,5,5,6,5,5,6,6,5,6,5,5,6,5,5,6,5
5,4,5,5,6,5,5,6,5,5,6,6,5,6,5,5,6,5,5,6,5
5,4,5,5,6,5,5,6,5,5,6,6,5,6,5,5,6,5,5,6,5
5,4,5,5,6,5,5,6,5,5,6,6,5,6,5,5,5,5,5,6,5
5,4,5,5,6,5,5,6,5,5,6,6,5,6,5,5,6,5,5,6,5
5,4,5,5,6,5,5,6,5,5,6,6,5,6,5,5,5,5,5,6,5
5,4,5,5,6,5,5,6,5,5,6,6,5,6,5,5,5,5,5,6,5
5,4,5,5,6,5,5,6,5,5,6,6,5,6,5,5,6,5,5,6,5
5,4,5,5,6,5,5,6,5,5,6,6,5,6,5,5,5,5,5,6,5
5,4,5,5,6,5,5,6,5,5,6,6,5,6,5,5,5,5,5,6,5
5,4,5,5,6,5,5,6,5,5,6,6,5,6,5,5,6,5,5,6,5
5,4,5,5,6,5,5,6,5,5,6,6,5,6,5,5,6,5,5,6,6
5,4,5,5,6,5,5,6,5,5,6,6,5,6,5,5,6,5,5,6,6
5,4,5,5,5,5,5,6,5,5,6,6,5,6,5,5,6,5,5,6,5
5,4,5,5,6,5,5,6,5,5,6,6,5,6,5,5,6,5,5,6,5
5,4,5,5,6,5,5,6,5,5,6,6,5,6,5,5,6,5,5,6,5
5,4,5,5,6,5,5,6,5,5,6,6,5,6,5,5,6,5,5,6,5
5,4,5,5,6,5,5,6,5,5,6,6,5,6,5,5,6,5,5,6,5
5,4,5,5,2,5,5,6,5,5,6,6,5,6,5,5,6,5,5,6,5
5,4,5,5,4,5,5,6,5,5,6,6,5,4,3,5,6,5,5,6,5
1,2,5,2,4,4,4,6,3,1,4,1,4,4,3,2,6,4,4,6,6
3,3,3,3,4,3,3,3,3,3,3,3,3,3,3,3,3,3,3,3,3
3,3,3,3,4,3,3,3,3,3,3,3,3,3,3,3,3,3,3,3,3
3,3,3,3,4,3,3,3,3,3,3,3,3,3,3,3,3,3,3,3,3
3,3,3,3,4,3,3,3,3,3,3,3,3,3,3,3,3,3,3,3,3
3,3,3,3,4,3,3,3,3,3,3,3,3,3,3,3,3,3,3,3,3
3,3,3,3,4,3,3,3,3,3,3,3,3,3,3,3,3,3,3,3,3
3,3,3,3,3,5,3,3,3,3,3,6,3,3,3,3,3,3,3,3,3
3,3,3,3,4,3,3,3,3,3,3,3,3,3,3,3,3,3,3,3,3
3,3,3,3,4,3,3,3,3,3,3,3,3,3,3,3,3,3,3,3,3
3,3,3,3,4,3,3,3,3,3,3,3,3,3,3,3,3,3,3,3,3
3,3,3,3,4,3,3,3,3,3,3,3,3,3,3,3,3,3,3,3,3
3,3,3,3,4,3,3,3,3,3,3,3,3,3,3,3,3,3,3,3,3
3,3,3,3,4,3,3,3,3,3,3,3,3,3,3,3,3,3,3,3,3
3,3,3,3,4,3,3,3,3,3,3,3,3,3,3,3,3,3,3,3,3
1,3,1,4,1,1,4,1,3,4,6,3,4,4,3,4,4,4,4,4,4
1,3,5,4,1,1,4,6,3,4,6,3,4,4,3,4,4,4,4,4,4
1,3,5,4,1,1,4,6,3,4,6,3,4,4,3,4,6,4,4,6,4
1,3,5,1,1,1,5,4,3,6,6,3,5,4,3,4,6,4,4,6,4
3,3,3,3,4,3,3,3,3,3,3,3,3,3,3,3,3,3,3,3,3
3,3,3,3,4,3,3,3,3,3,3,3,3,3,3,3,3,3,3,3,3
5,4,5,5,6,3,5,5,5,5,6,6,5,6,5,5,6,5,5,5,5
5,4,5,5,6,3,5,5,3,5,6,6,5,6,5,5,6,5,5,5,5
5,4,5,5,5,3,5,5,3,5,6,6,5,5,5,5,5,5,5,5,5
5,4,5,5,5,3,5,5,3,5,6,6,5,5,5,5,5,5,5,5,5
5,5,5,5,5,3,5,5,3,5,6,6,5,5,5,5,6,5,5,5,5
5,4,5,5,6,3,5,5,3,5,6,6,5,6,5,5,6,5,5,5,5
1,1,6,5,5,4,1,4,6,6,4,6,6,4,3,6,1,1,6,4,4
1,4,5,4,2,4,4,4,3,4,6,6,4,6,3,4,6,4,4,6,5
5,4,5,5,6,5,5,6,5,5,6,6,5,6,5,5,6,5,5,6,6
5,4,5,5,5,5,5,6,5,5,6,6,5,5,5,5,6,5,5,6,6
5,4,5,5,5,5,5,6,5,5,6,6,5,6,5,5,6,5,5,6,6
1,2,5,5,5,1,1,4,4,1,4,4,1,4,3,1,4,1,1,4,4
1,2,1,4,5,1,4,4,3,4,4,3,4,4,3,4,4,4,4,4,4
1,4,5,5,1,4,1,6,3,4,6,6,6,4,3,4,6,4,1,6,5
5,4,5,5,5,5,5,6,5,5,6,6,5,4,5,5,6,5,5,6,6
5,4,5,5,5,5,5,6,5,5,6,6,5,5,5,5,6,5,5,6,6
5,4,5,5,6,5,5,6,5,5,6,6,5,5,5,5,6,5,5,6,6
5,4,5,5,5,5,5,6,5,5,6,6,5,5,5,5,6,5,5,6,6
5,4,5,5,4,5,5,6,5,5,6,6,5,6,5,5,6,5,5,6,6
1,1,1,1,5,4,1,4,1,4,4,3,1,4,3,1,1,1,1,4,4
5,1,2,5,6,6,5,1,5,5,1,1,5,1,1,5,1,1,5,1,1
5,4,5,5,1,3,5,5,5,5,5,1,5,5,5,5,1,1,5,1,1
5,4,5,5,1,6,5,5,5,5,5,1,5,5,5,5,1,1,5,1,1
1,4,5,1,4,6,1,1,1,4,6,6,6,6,6,6,6,1,6,6,6
5,6,5,5,5,5,5,6,5,5,6,6,5,6,5,5,6,5,5,1,5
5,6,5,5,5,5,5,6,5,5,6,6,5,4,5,5,6,5,5,6,5
5,6,5,5,5,5,5,6,5,5,6,6,5,6,5,5,6,5,5,6,5
5,6,5,5,1,5,5,6,5,5,6,6,5,6,5,5,6,5,5,6,5
5,6,5,5,5,5,5,6,5,5,6,6,5,4,5,5,6,5,5,6,6
5,6,5,5,5,5,5,6,5,5,6,6,5,4,5,5,6,5,5,6,6
4,2,1,4,5,4,4,4,3,4,4,3,4,4,3,4,4,4,4,4,4
5,4,5,5,3,5,5,6,3,5,6,3,5,6,5,5,5,5,5,5,5
4,3,1,4,5,1,4,4,3,4,4,3,4,4,3,4,4,4,4,3,4
5,4,5,5,4,5,5,6,5,5,4,6,5,6,5,5,6,5,5,6,5
4,3,1,5,5,1,1,4,3,4,4,3,4,4,3,4,6,4,4,3,4
5,4,5,5,4,5,5,6,5,5,6,6,5,4,5,5,6,5,5,6,6
1,3,1,5,5,1,1,4,3,4,4,3,4,4,3,4,6,4,4,4,4
5,4,5,5,4,5,5,6,5,5,6,6,5,4,5,5,6,5,5,6,5
4,3,1,5,5,1,5,4,3,4,4,3,4,4,3,4,6,4,4,4,4
5,4,5,5,4,5,5,6,5,5,6,6,5,4,3,5,6,5,5,6,6
4,3,1,4,5,1,4,6,3,4,5,3,4,4,3,4,6,4,4,3,4
5,4,5,5,4,5,5,6,5,5,6,6,5,6,3,5,6,5,5,6,6
1,3,1,4,5,1,4,4,3,4,4,3,4,4,3,4,6,4,4,3,4
5,4,5,5,4,5,5,6,5,5,4,6,5,4,5,5,6,5,5,6,6
4,4,5,4,5,1,4,6,3,4,5,3,4,4,3,4,6,4,4,6,4
5,4,5,5,4,5,5,6,5,5,6,6,5,4,5,5,6,5,5,6,5
5,4,5,5,4,5,5,6,5,5,6,6,5,4,5,5,6,5,5,6,6
5,4,5,5,4,5,5,6,5,5,6,6,5,6,5,5,6,5,5,6,5
4,3,1,4,5,1,4,4,3,4,5,3,4,4,3,4,6,4,4,6,4
5,4,5,5,4,5,5,6,5,5,4,4,5,4,5,5,6,5,5,6,5
1,4,1,4,5,1,4,4,3,4,5,3,4,4,3,4,6,4,4,6,4
5,4,5,5,4,5,5,6,5,5,6,6,5,4,5,5,6,5,5,6,6
4,4,5,4,4,1,4,6,3,4,5,3,4,4,3,4,6,4,4,6,4
5,4,5,5,4,5,5,6,5,5,6,6,5,4,5,5,6,5,5,6,6
1,2,3,6,1,4,1,6,3,4,6,3,6,2,3,1,6,1,1,6,6
5,4,5,5,4,5,5,6,5,5,6,6,5,6,5,5,6,5,5,6,6
1,4,1,4,5,1,4,4,3,4,5,3,4,4,3,4,6,4,4,6,4
5,4,5,5,4,5,5,6,5,5,6,6,5,6,5,5,6,5,5,6,5
4,4,5,4,5,5,4,4,3,4,5,3,4,4,3,4,6,4,4,6,4
5,4,5,5,4,5,5,6,5,5,6,6,5,6,5,5,6,5,5,6,5
4,3,1,5,5,1,1,4,3,4,5,3,6,4,3,4,6,4,6,4,4
5,4,5,5,4,4,5,6,1,6,4,6,5,4,3,5,6,5,5,6,4
4,3,1,4,5,1,4,4,3,4,4,3,4,4,3,4,6,4,4,3,4
5,4,5,5,4,5,5,6,5,5,6,6,5,6,5,5,6,5,5,6,6
1,3,1,4,5,1,4,4,3,4,4,3,4,4,3,4,6,4,4,3,4
5,4,5,5,4,5,5,6,5,5,6,6,5,6,5,5,6,5,5,6,5
4,3,1,4,5,1,4,4,3,4,5,3,4,4,3,4,6,4,4,3,4
5,4,5,5,4,5,5,6,5,5,4,6,5,6,5,5,6,5,5,6,6
6,4,5,6,2,5,6,6,5,6,6,6,5,6,5,6,6,6,6,6,6
3,3,3,3,4,3,3,3,3,3,3,3,3,3,3,3,3,3,3,3,3
1,2,1,6,1,4,6,1,3,6,4,3,6,1,1,6,6,1,6,4,6
3,3,3,3,4,3,3,3,3,3,3,3,3,3,3,3,3,3,3,3,3
1,1,3,5,1,5,1,1,5,6,5,6,6,1,5,6,6,6,6,6,6
5,3,3,3,4,1,6,3,3,3,3,3,3,3,3,3,3,3,3,3,3
1,1,5,5,1,5,1,1,5,6,5,6,6,4,5,6,6,6,6,6,6
3,3,3,3,4,3,3,3,3,3,3,3,3,3,3,3,3,3,3,3,3
1,2,3,5,1,4,5,1,3,6,5,3,5,4,1,6,6,1,6,6,6
3,3,3,3,4,3,3,3,3,3,3,3,3,3,3,3,3,3,3,3,3
6,2,5,6,1,6,1,1,6,6,4,6,6,4,1,6,6,1,6,6,6
3,3,3,3,4,3,3,3,3,3,3,3,3,3,3,3,3,3,3,3,3
1,1,5,5,2,4,1,1,5,4,5,6,6,4,5,6,6,6,6,6,6
3,3,3,3,4,3,3,3,3,3,3,3,3,3,3,3,3,3,3,3,3
1,1,5,5,1,6,5,1,3,6,5,6,5,4,5,6,6,6,6,6,6
3,3,3,3,4,3,3,3,2,3,3,3,3,3,3,3,3,3,3,3,3
1,2,3,5,1,4,1,1,3,6,5,3,6,4,1,6,6,6,6,6,6
3,3,3,3,4,3,4,3,2,3,3,3,3,3,3,3,3,3,3,3,3
1,4,5,4,2,4,6,4,6,6,5,6,6,4,5,2,6,6,6,6,6
3,3,3,3,4,3,3,3,3,3,4,6,3,4,3,2,6,6,4,6,6
1,1,1,4,2,4,4,1,6,4,5,6,6,4,5,6,6,6,4,6,6
4,3,5,4,2,4,4,1,5,4,5,6,4,4,1,4,6,6,4,6,6
3,4,3,3,4,3,4,4,3,3,4,5,3,4,3,2,6,6,3,6,6
1,2,3,5,1,4,6,1,6,6,4,6,6,4,1,6,6,6,6,6,6
3,4,5,3,2,3,3,4,2,3,6,6,3,4,3,5,6,6,3,6,6
1,4,5,4,2,4,4,6,3,1,5,6,4,4,5,2,6,6,6,6,6
3,3,3,3,4,3,3,3,2,3,3,3,3,3,3,3,3,3,3,3,3
2,1,6,2,5,4,2,1,6,6,1,1,2,1,5,2,1,1,1,1,4
3,3,5,3,4,3,4,3,2,3,5,5,3,5,3,2,5,6,3,5,5
3,3,3,3,4,3,3,3,2,3,3,3,3,3,3,3,3,3,3,3,3
4,4,5,4,2,4,4,4,6,6,5,6,4,4,5,4,6,6,6,6,6
6,2,3,6,1,4,6,1,6,6,4,3,6,4,1,6,6,6,6,6,6
4,4,5,4,2,4,4,4,6,4,5,6,4,4,5,4,6,6,4,6,6
1,1,1,2,1,4,4,1,1,4,2,3,4,1,1,4,1,1,4,1,1
2,2,3,2,2,2,2,2,2,2,6,3,2,2,2,2,2,2,2,2,2
1,1,1,1,1,4,1,1,1,1,2,3,1,1,1,1,1,1,4,1,1
4,2,5,4,3,3,4,2,5,4,6,6,4,2,2,4,5,5,4,5,5
1,1,1,1,1,4,1,1,1,1,2,4,1,1,1,1,1,1,4,1,1
2,2,2,2,3,2,2,2,2,2,6,3,2,2,2,2,2,2,2,5,2
1,2,1,1,2,4,1,2,1,1,2,3,1,1,1,1,1,1,1,1,1
2,2,2,2,3,2,2,2,2,2,6,3,2,2,2,2,2,2,2,2,2
1,1,1,1,1,4,1,1,1,1,2,3,1,1,1,1,1,1,1,1,1
4,2,5,4,3,2,4,2,5,4,6,6,4,2,2,4,2,2,4,5,5
1,2,1,1,2,4,1,2,1,1,2,2,1,1,1,1,1,1,1,1,1
2,2,2,2,3,2,2,2,2,2,6,3,2,2,2,2,2,2,2,5,5
1,2,1,1,2,4,1,1,1,1,2,3,1,1,1,1,1,1,1,1,1
2,2,2,2,3,2,2,2,2,2,6,3,2,2,2,2,2,2,2,5,5
1,2,1,1,2,4,1,1,1,1,2,3,1,1,1,1,1,1,1,1,1
2,2,2,2,3,2,2,2,2,2,6,3,2,2,2,2,2,2,2,5,5
1,2,1,1,2,4,1,1,1,1,2,3,1,1,1,1,1,1,1,1,1
2,2,2,2,3,2,2,2,2,2,6,3,2,2,2,2,2,2,2,2,2
1,2,1,1,2,4,1,1,1,1,2,3,1,1,1,1,1,1,1,1,1
4,2,5,4,3,2,4,2,5,4,6,6,4,2,2,4,2,5,4,5,5
1,2,1,1,2,4,1,1,1,1,2,3,1,1,1,1,1,1,1,1,1
2,2,1,2,3,2,2,2,5,2,6,3,2,2,2,2,2,2,2,5,5
1,2,1,1,2,4,1,1,1,1,2,3,1,1,1,1,1,1,1,1,1
2,2,2,2,3,2,2,2,2,2,6,3,2,2,2,2,2,2,2,2,2
1,2,1,1,2,4,1,2,1,1,2,3,1,1,1,1,1,1,1,1,1
2,2,2,2,3,2,2,2,2,2,6,3,2,2,2,2,2,2,2,2,2
1,2,1,1,2,4,1,1,1,1,2,3,1,1,1,1,1,1,1,1,1
4,2,5,4,2,2,4,2,5,4,6,6,4,2,2,4,2,5,4,5,5
1,2,1,1,2,4,1,1,1,1,2,3,1,1,1,1,1,1,1,1,1
2,2,2,2,3,2,2,2,2,2,6,3,2,2,2,2,2,2,2,2,2
1,1,1,1,1,4,1,1,1,1,2,3,1,1,1,1,1,1,1,1,1
2,2,2,2,3,2,2,2,2,2,6,3,2,2,2,2,2,2,2,2,2
1,2,1,1,2,1,1,2,1,1,2,2,1,1,1,1,1,1,1,1,1
2,2,1,2,3,2,2,2,5,2,6,3,2,2,2,2,2,2,2,5,2
1,2,1,1,2,4,1,1,1,1,2,3,1,1,1,1,1,1,1,1,1
4,2,1,4,2,2,4,5,5,4,6,6,4,2,2,4,2,2,4,5,5
1,2,1,1,2,4,1,1,1,1,2,3,1,1,1,1,1,1,1,1,1
2,2,2,2,3,2,2,2,2,2,6,3,2,2,2,2,2,2,2,2,2
1,2,1,1,2,4,1,1,1,1,2,3,1,1,1,1,1,1,1,1,1
2,2,2,2,3,2,2,2,2,2,6,3,2,2,2,2,2,2,2,2,2
1,2,1,1,2,4,1,2,1,1,2,3,1,1,1,1,1,1,1,1,1
2,2,2,2,3,2,2,2,2,2,6,3,2,2,2,2,2,2,2,2,2
1,2,1,1,2,4,1,1,1,1,2,3,1,1,1,1,1,1,1,1,1
2,2,2,2,2,2,2,2,2,2,6,3,2,2,2,2,2,2,2,2,2
1,2,1,1,2,4,1,1,1,1,2,3,1,1,1,1,1,1,1,1,1
2,2,2,2,3,2,2,2,2,2,6,3,2,2,2,2,2,2,2,2,2
1,2,1,1,2,4,1,1,1,1,2,3,1,1,1,1,1,1,1,1,1
2,2,2,2,6,2,2,2,2,2,6,3,2,2,2,2,2,2,2,2,2
1,2,1,1,2,4,1,2,1,1,2,3,1,1,1,1,1,1,1,1,1
2,2,2,2,3,2,2,2,2,2,6,3,2,2,2,2,2,2,2,2,2
1,2,1,1,2,4,1,2,1,1,2,2,1,1,1,1,1,1,1,1,1
2,2,2,2,3,2,2,2,2,2,6,3,2,2,2,2,2,2,2,2,5
1,2,1,1,2,4,1,2,1,1,2,3,1,1,1,1,1,1,1,1,1
2,2,2,2,3,2,2,2,2,2,6,3,2,2,2,2,2,2,2,2,5
1,2,1,1,2,4,1,1,1,1,2,3,1,1,1,1,1,1,1,1,1
2,2,2,2,3,2,2,2,2,2,6,3,2,2,2,2,2,2,2,2,2
1,2,1,1,2,4,1,1,1,1,2,3,1,1,1,1,1,1,1,1,1
2,2,2,2,6,1,2,2,2,2,6,3,2,2,2,2,2,2,2,2,2
1,2,1,1,2,4,1,1,1,1,2,3,1,1,1,1,1,1,1,1,1
2,2,2,2,3,2,2,2,2,2,6,3,2,2,2,2,2,2,2,2,2
6,3,2,6,6,4,6,5,5,6,6,3,6,2,1,6,5,5,6,5,5
1,3,5,1,5,5,1,4,5,6,4,3,1,4,3,1,4,4,1,3,4
5,4,5,5,3,5,5,6,5,5,6,6,5,6,5,5,5,5,5,6,5
4,4,5,4,5,5,4,4,5,4,4,4,4,4,3,4,4,4,4,4,4
5,4,5,5,3,5,5,6,5,5,6,6,5,6,5,5,5,5,5,6,5
4,3,1,5,5,1,1,4,1,4,4,3,4,4,3,4,4,4,4,3,4
4,4,5,4,6,5,4,6,5,4,6,6,4,6,5,4,5,5,4,6,5
1,3,1,5,5,1,1,4,6,4,4,3,4,4,3,4,4,4,4,4,4
1,4,5,5,6,5,6,6,5,1,6,6,2,6,5,4,5,5,4,5,5
1,4,1,5,5,1,1,4,6,4,4,3,6,4,3,4,4,4,4,4,4
5,4,5,5,6,5,5,6,6,5,6,6,5,6,5,5,6,5,5,6,6
1,3,1,5,5,1,1,4,6,4,4,3,4,4,3,4,4,4,4,4,4
5,4,5,5,6,5,5,6,5,5,6,6,5,6,5,5,6,5,5,6,6
1,3,1,1,5,1,1,4,6,4,4,3,6,4,3,4,4,4,4,4,4
6,4,5,6,4,4,6,6,5,6,6,6,6,6,1,6,6,5,6,6,6
1,4,5,4,5,5,4,4,5,4,4,4,4,4,3,4,4,4,4,6,4
1,3,5,4,5,5,1,4,5,4,4,3,1,4,3,1,4,4,4,3,4
6,4,6,6,4,4,6,6,6,6,6,6,6,6,1,6,6,5,6,6,6
5,4,5,5,3,5,5,6,5,5,6,6,5,6,5,5,6,5,5,6,6
1,3,5,1,5,1,1,4,1,4,4,3,6,4,3,1,4,4,1,3,4
5,4,5,4,6,5,4,5,5,3,6,6,6,5,5,5,5,5,5,5,5
1,3,1,1,5,1,1,4,1,4,4,3,4,4,3,1,4,4,1,3,4
5,4,5,5,3,5,5,6,5,5,6,6,5,6,6,5,6,5,5,6,6
1,4,5,1,2,5,4,4,5,4,4,4,4,4,3,4,6,4,4,6,4
5,4,5,5,3,5,5,6,5,5,6,6,5,6,5,5,6,5,5,6,6
4,3,5,4,5,2,4,2,5,4,4,4,4,4,3,4,4,4,4,3,4
4,4,5,5,6,5,4,6,5,4,6,6,4,6,5,4,5,5,4,5,5
5,4,5,5,3,5,5,6,5,5,6,6,5,6,5,5,6,5,5,6,6
6,4,5,5,2,5,6,4,5,4,4,4,6,4,3,6,6,4,6,6,4
5,4,5,5,3,5,5,6,5,5,6,6,5,6,5,5,6,5,5,6,6
1,4,5,4,6,5,4,6,5,1,4,5,4,6,3,2,6,5,4,6,5
5,1,5,2,5,5,5,5,6,6,2,1,5,1,5,2,1,1,1,1,1
1,3,3,5,5,1,1,4,3,6,4,3,5,4,3,1,4,4,4,3,4
4,4,5,4,6,5,4,6,5,4,6,6,4,6,5,4,5,5,4,5,5
4,3,1,5,5,1,1,4,1,4,4,3,4,4,3,4,4,4,4,3,4
4,4,5,4,6,5,4,5,5,1,6,6,4,6,5,2,5,5,6,5,5
1,3,1,5,5,1,1,4,3,4,4,3,4,4,3,1,4,4,6,3,4
5,4,5,5,6,5,5,6,6,5,6,6,5,6,5,5,6,5,5,6,6
1,2,1,5,5,1,1,4,3,4,4,3,4,4,3,6,4,4,4,3,4
5,4,5,5,6,5,4,6,5,4,6,6,5,6,5,4,5,5,4,5,5
1,3,3,1,5,1,1,4,3,1,4,3,1,4,3,1,4,4,1,3,4
6,4,6,6,4,4,6,6,5,6,6,6,6,3,1,6,6,5,6,6,3
5,4,5,5,3,5,5,5,5,5,6,6,5,6,5,5,6,5,5,6,6
1,3,5,1,5,1,1,4,3,4,4,3,4,4,3,4,4,4,4,3,4
1,3,1,1,5,1,1,4,3,1,4,3,1,4,3,1,4,4,1,3,4
5,4,5,5,3,5,5,6,5,5,6,6,5,6,5,5,5,5,5,6,6
1,3,1,1,5,1,1,4,3,4,4,3,1,4,3,1,4,4,1,3,4
5,4,5,6,6,5,5,6,5,4,6,6,5,6,5,6,5,5,1,6,5
1,2,1,1,5,1,1,4,3,1,4,3,1,4,3,1,4,1,1,3,4
6,4,3,6,4,4,6,6,5,6,6,3,6,6,1,6,6,5,6,6,5
1,2,1,1,5,1,1,4,3,1,4,3,1,4,3,1,4,1,1,3,4
6,4,3,6,4,4,6,6,5,6,6,3,6,6,1,6,6,5,6,6,5
5,6,5,5,3,5,5,6,5,5,6,6,5,6,5,5,6,5,5,6,5
6,2,2,5,1,4,6,1,5,2,6,2,5,1,1,2,2,1,2,6,6
6,1,1,1,1,4,1,1,1,1,5,3,1,1,1,1,1,1,1,1,1
1,1,1,1,1,4,1,1,6,1,4,3,1,1,1,1,1,1,1,1,1
1,1,1,1,1,4,1,1,6,1,4,3,1,1,1,1,1,1,1,1,1
1,1,1,1,1,4,1,1,6,1,4,3,1,1,1,1,1,1,1,1,1
1,1,1,1,1,4,1,1,6,1,4,3,1,1,1,1,1,1,1,1,1
1,1,1,1,1,4,1,1,6,1,4,3,1,1,1,1,1,1,1,1,1
1,2,1,1,1,1,1,1,1,1,4,3,1,1,1,1,1,1,1,1,1
1,2,1,1,1,4,1,1,1,1,4,3,1,1,1,1,1,1,1,1,1
1,1,1,1,1,4,1,1,6,1,2,3,1,1,1,1,1,1,1,1,1
1,2,1,1,1,4,1,1,1,1,2,3,1,1,1,1,1,1,1,1,1
1,1,1,1,1,4,1,1,1,1,2,3,1,1,1,1,1,1,1,1,1
1,1,1,1,1,1,1,1,1,1,2,3,1,1,1,1,1,1,1,1,1
1,1,1,1,1,1,1,1,6,1,2,3,1,1,1,1,1,1,1,1,1
1,1,1,1,1,4,1,1,6,1,2,3,1,1,1,1,1,1,1,1,1
1,1,1,1,1,1,1,1,1,1,2,3,1,1,1,1,1,1,1,1,1
1,1,1,1,1,1,1,1,1,1,2,3,1,1,1,1,1,1,1,1,1
1,1,1,1,1,4,1,1,1,1,2,3,1,1,1,1,1,1,1,1,1
6,2,1,4,1,1,1,1,1,1,2,3,1,1,1,1,1,1,1,1,1
1,1,1,1,1,4,1,1,1,1,2,3,1,1,1,1,1,1,1,1,1
1,1,1,1,1,1,1,1,1,1,2,3,1,1,1,1,1,1,1,1,1
1,1,1,1,1,4,1,1,1,1,2,3,1,1,1,1,1,1,1,1,1
1,1,1,1,1,4,1,1,1,1,2,3,1,1,1,1,1,1,1,1,1
1,1,1,1,1,4,1,1,1,1,2,3,1,1,1,1,1,1,1,1,1
1,1,1,1,1,4,1,1,1,1,2,3,1,1,1,1,1,1,1,1,1
1,1,1,1,1,1,1,1,1,1,2,3,1,1,1,1,1,1,1,1,1
1,1,1,1,1,4,1,1,6,1,2,3,1,1,1,1,1,1,1,1,1
1,1,1,1,1,1,1,1,1,1,2,3,1,1,1,1,1,1,1,1,1
1,1,1,1,1,1,1,1,1,1,2,3,1,1,1,1,1,1,1,1,1
1,1,1,1,1,1,1,1,1,1,2,3,1,1,1,1,1,1,1,1,1
1,1,1,1,1,4,1,1,1,1,2,3,1,1,1,1,1,1,1,1,1
1,1,1,1,1,1,1,1,1,1,2,3,1,1,1,1,1,1,1,1,1
1,1,1,1,1,4,1,1,6,1,2,3,1,1,1,1,1,1,1,1,1
1,1,1,1,1,1,1,1,1,1,2,3,1,1,1,1,1,1,1,1,1
1,1,1,1,1,4,1,1,1,1,2,3,1,1,1,1,1,1,1,1,1
1,1,1,1,1,1,1,1,1,1,2,3,1,1,1,1,1,1,1,1,1
1,1,1,1,1,4,1,1,1,1,2,3,1,1,1,1,1,1,1,1,1
1,1,1,1,1,1,1,1,1,1,2,3,1,1,1,1,1,1,1,1,1
1,1,1,1,1,1,1,1,1,1,2,3,1,1,1,1,1,1,1,1,1
1,1,1,1,1,1,1,1,1,1,2,3,1,1,1,1,1,1,1,1,1
1,1,1,1,1,1,1,1,1,1,2,3,1,1,1,1,1,1,1,1,1
1,1,1,1,1,1,1,1,6,1,2,3,1,1,1,1,1,1,1,1,1
1,1,1,1,1,4,1,1,6,1,2,3,1,1,1,1,1,1,1,1,1
1,1,1,1,1,4,1,1,6,1,2,3,1,1,1,1,1,1,1,1,1
1,1,1,1,1,4,1,1,6,1,2,3,1,1,1,1,1,1,1,1,1
1,1,1,1,1,4,1,1,1,1,2,3,1,1,1,1,1,1,1,1,1
1,1,1,1,1,1,1,1,1,1,2,3,1,1,1,1,1,1,1,1,1
1,1,1,1,1,4,1,1,1,1,2,3,1,1,1,1,1,1,1,1,1
1,1,1,1,1,4,1,1,1,1,2,3,1,1,1,1,1,1,1,1,1
1,1,1,1,1,1,1,1,1,1,2,3,1,1,1,1,1,1,1,1,1
1,1,1,1,1,1,1,1,1,1,2,3,1,1,1,1,1,1,1,1,1
1,1,1,1,1,4,1,1,1,1,2,3,1,1,1,1,1,1,1,1,1
1,1,1,1,1,1,1,1,1,1,2,3,1,1,1,1,1,1,1,1,1
1,1,1,1,1,1,1,1,1,1,2,3,1,1,1,1,1,1,1,1,1
1,1,1,1,1,1,1,1,1,1,2,3,1,1,1,1,1,1,1,1,1
1,1,1,1,1,4,1,1,1,1,2,3,1,1,1,1,1,1,1,1,1
1,1,1,1,1,1,1,1,6,1,2,3,1,1,1,1,1,1,1,1,1
1,1,1,1,1,1,1,1,1,1,2,3,1,1,1,1,1,1,1,1,1
1,1,1,1,1,1,1,1,1,1,2,3,1,1,1,1,1,1,1,1,1
1,1,1,1,1,4,1,1,1,1,2,3,1,1,1,1,1,1,1,1,1
1,1,1,1,1,4,1,1,1,1,2,3,1,1,1,1,1,1,1,1,1
1,1,1,1,1,1,1,1,1,1,2,3,1,1,1,1,1,1,1,1,1
2,2,3,2,3,4,2,2,2,2,6,6,2,2,2,2,2,2,2,2,2
2,2,2,2,3,2,2,2,2,2,6,3,2,2,2,2,2,2,2,2,5
2,2,2,2,3,2,2,2,2,2,6,3,2,2,2,2,2,2,2,2,2
2,2,2,2,3,2,2,2,2,2,6,3,2,2,2,2,2,2,2,2,5
2,2,2,2,3,2,2,2,2,2,6,3,2,2,2,2,2,2,2,2,2
2,2,2,2,3,2,2,2,2,2,6,3,2,2,2,2,2,2,2,2,2
2,2,2,2,3,2,2,2,2,2,6,3,2,2,2,2,2,2,2,2,2
2,2,2,2,3,2,2,2,2,2,6,3,2,2,2,2,2,2,2,2,2
2,2,2,2,3,2,2,2,2,2,6,3,2,2,2,2,2,2,2,2,2
2,2,2,2,3,2,2,2,2,2,6,3,2,2,2,2,2,2,2,2,2
2,2,2,2,3,2,2,2,2,2,6,3,2,2,2,2,2,2,2,2,2
2,2,2,2,3,2,2,2,2,2,6,3,2,2,2,2,2,2,2,2,2
2,2,2,2,3,2,2,2,2,2,6,3,2,2,2,2,2,2,2,2,2
2,2,2,2,3,2,2,2,2,2,6,3,2,2,2,2,2,2,2,2,2
2,2,2,2,3,2,2,2,2,2,6,3,2,2,2,2,2,2,2,2,2
2,2,2,2,3,2,2,2,2,2,6,3,2,2,2,2,2,2,2,2,2
2,2,2,2,3,2,2,2,2,2,6,3,2,2,2,2,2,2,2,2,2
2,2,2,2,3,2,2,2,2,2,6,3,2,2,2,2,2,2,2,2,2
2,2,2,2,3,2,2,2,2,2,6,3,2,2,2,2,2,2,1,2,2
2,2,2,2,3,2,2,2,2,2,6,3,2,2,2,2,2,2,2,2,2
2,2,2,2,3,2,2,2,2,2,6,3,2,2,2,2,2,2,2,2,2
2,2,2,2,3,2,2,2,2,2,6,3,2,2,2,2,2,2,2,2,2
2,2,2,2,3,2,2,2,2,2,6,3,2,2,2,2,2,2,2,2,5
2,2,2,2,3,4,2,2,2,2,6,3,2,2,2,2,2,2,2,2,2
2,2,2,2,3,2,2,2,2,2,6,3,2,2,2,2,2,2,2,2,2
2,2,2,2,3,2,2,2,2,2,6,3,2,2,2,2,2,2,2,2,2
2,2,2,2,3,2,2,2,2,2,6,3,2,2,2,2,2,2,2,2,2
2,2,2,2,3,2,2,2,2,2,6,3,2,2,2,2,2,2,2,2,2
2,2,2,2,3,2,2,2,2,2,6,3,2,2,2,2,2,2,2,2,2
2,2,2,2,3,2,2,2,2,2,6,3,2,2,2,2,2,2,2,2,2
2,2,2,2,3,2,2,2,2,2,6,3,2,2,2,2,2,2,2,2,2
2,2,2,2,3,2,2,2,2,2,6,3,2,2,2,2,2,2,2,2,2
2,2,2,2,3,2,2,2,2,2,6,3,2,2,2,2,2,2,2,2,2
2,2,2,2,3,2,2,2,2,2,6,3,2,2,2,2,2,2,2,2,2
2,2,2,2,3,2,2,2,2,2,6,3,2,2,2,2,2,2,2,2,2
2,2,2,2,3,2,2,2,2,2,6,3,2,2,2,2,2,2,2,2,2
2,2,2,2,3,2,2,2,2,2,6,3,2,2,2,2,2,2,2,2,2
2,2,2,2,3,2,2,2,2,2,6,3,2,2,2,2,2,2,2,2,2
2,2,2,2,3,2,2,2,2,2,6,3,2,2,2,2,2,2,2,2,2
2,2,2,2,3,2,2,2,2,2,6,3,2,2,2,2,2,2,2,2,2
2,2,2,2,3,2,2,2,2,2,6,3,2,2,2,2,2,2,2,2,2
2,2,2,2,3,2,2,2,2,2,6,3,2,2,2,2,2,2,2,2,2
2,2,2,2,3,2,2,2,2,2,6,3,2,2,2,2,2,2,2,2,2
2,2,2,2,3,2,2,2,2,2,6,3,2,2,2,2,2,2,2,2,2
2,2,2,2,3,2,2,2,2,2,6,3,2,2,2,2,2,2,2,2,2
2,2,2,2,3,2,2,2,2,2,6,3,2,2,2,2,2,2,2,2,2
2,2,2,2,3,2,2,2,2,2,6,3,2,2,2,2,2,2,2,2,2
2,2,2,2,3,2,2,2,2,2,6,3,2,2,2,2,2,2,2,2,2
2,2,2,2,3,2,2,2,2,2,6,3,2,2,2,2,2,2,2,2,2
2,2,2,2,3,2,2,2,2,2,6,3,2,2,2,2,2,2,2,2,2
2,2,2,2,3,2,2,2,2,2,6,3,2,2,2,2,2,2,2,2,2
2,2,2,2,6,2,2,2,2,2,5,3,2,2,2,2,2,2,1,2,2
2,2,2,2,3,2,2,2,2,2,6,3,2,2,2,2,2,2,2,2,2
2,2,2,2,3,2,2,2,2,2,6,3,2,2,2,2,2,2,2,2,2
5,2,2,5,2,2,5,2,2,5,5,3,5,2,2,5,2,2,3,2,5
3,3,3,3,4,3,3,3,3,3,3,3,3,3,3,3,3,3,3,3,3
3,3,3,3,4,3,3,3,3,3,3,3,3,3,3,3,3,3,3,3,3
3,3,3,3,4,3,3,3,3,3,3,3,3,3,3,3,3,3,3,3,3
3,3,3,3,4,3,3,3,3,3,3,3,3,3,3,3,3,3,3,3,3
3,3,3,3,4,3,3,3,3,3,3,3,3,3,3,3,3,3,3,3,3
3,3,3,3,4,3,3,3,3,3,3,3,3,3,3,3,3,3,3,3,3
3,3,3,3,4,3,3,3,3,3,3,3,3,3,3,3,3,3,3,3,3
3,3,3,3,4,3,3,3,3,3,3,3,3,3,3,3,3,3,3,3,3
3,3,3,3,4,3,3,3,3,3,3,3,3,3,3,3,3,3,3,3,3
3,3,3,3,4,3,3,3,3,3,3,3,3,3,3,3,3,3,3,3,3
3,3,3,3,4,3,3,3,3,3,3,3,3,3,3,3,3,3,3,3,3
3,3,3,3,4,3,3,3,3,3,3,3,3,3,3,3,3,3,3,3,3
3,3,3,3,4,3,3,3,3,3,3,3,3,3,3,3,3,3,3,3,3
3,3,3,3,4,3,3,3,3,3,3,3,3,3,3,3,3,3,3,3,3
3,3,3,3,4,3,3,3,3,3,3,3,3,3,3,3,3,3,3,3,3
3,3,3,3,4,3,3,3,3,3,3,3,3,3,3,3,3,3,3,3,3
3,3,3,3,4,3,3,3,3,3,3,3,3,3,3,3,3,3,3,3,3
3,3,3,3,4,3,3,3,3,3,3,3,3,3,3,3,3,3,3,3,3
3,3,3,3,4,3,3,3,3,3,3,3,3,3,3,3,3,3,3,3,3
3,3,3,3,4,3,3,3,3,3,3,3,3,3,3,3,3,3,3,3,3
3,3,3,3,4,3,3,3,3,3,3,3,3,3,3,3,3,3,3,3,3
3,3,3,3,4,3,3,3,3,3,3,3,3,3,3,3,3,3,3,3,3
3,3,3,3,4,3,3,3,3,3,3,3,3,3,3,3,3,3,3,3,3
3,3,3,3,3,3,3,3,3,3,3,3,3,3,3,3,3,3,3,3,3
3,3,3,3,4,3,3,3,3,3,3,3,3,3,3,3,3,3,3,3,3
3,3,3,3,4,3,3,3,3,3,3,3,3,3,3,3,3,3,3,3,3
3,3,3,3,4,3,3,3,3,3,3,3,3,3,3,3,3,3,3,3,3
3,3,3,3,4,3,3,3,3,3,3,3,3,3,3,3,3,3,3,3,3
3,3,3,3,4,3,3,3,3,3,3,3,3,3,3,3,3,3,3,3,3
3,3,3,3,4,3,3,3,3,3,3,3,3,3,3,3,3,3,3,3,3
3,3,3,3,4,3,3,3,3,3,3,3,3,3,3,3,3,3,3,3,3
3,3,3,3,4,3,3,3,3,3,3,3,3,3,3,3,3,3,3,3,3
3,3,3,3,4,3,3,3,3,3,3,3,3,3,3,3,3,3,3,3,3
3,3,3,3,4,3,3,3,3,3,3,3,3,3,3,3,3,3,3,3,3
3,3,3,3,4,3,3,3,3,3,3,3,3,3,3,3,3,3,3,3,3
3,3,3,3,4,3,3,3,3,3,3,3,3,3,3,3,3,3,3,3,3
3,3,3,3,4,3,3,3,3,3,3,3,3,3,3,3,3,3,3,3,3
3,3,3,3,4,3,3,3,3,3,3,3,3,3,3,3,3,3,3,3,3
3,3,3,3,4,3,3,3,3,3,3,3,3,3,3,3,3,3,3,3,3
3,3,3,3,4,3,3,3,3,3,3,3,3,3,3,3,3,3,3,3,3
3,3,3,3,4,3,3,3,3,3,3,3,3,3,3,3,3,3,3,3,3
3,3,3,3,4,3,3,3,3,3,3,3,3,3,3,3,3,3,3,3,3
3,3,3,3,4,3,3,3,3,3,3,3,3,3,3,3,3,3,3,3,3
3,3,3,3,4,3,3,3,3,3,3,3,3,3,3,3,3,3,3,3,3
3,3,3,3,4,3,3,3,3,3,3,3,3,3,3,3,3,3,3,3,3
3,3,3,3,4,3,3,3,3,3,3,3,3,3,3,3,3,3,3,3,3
3,3,3,3,4,3,3,3,3,3,3,3,3,3,3,3,3,3,3,3,3
3,3,3,3,4,3,3,3,3,3,3,3,3,3,3,3,3,3,3,3,3
3,3,3,3,4,3,3,3,3,3,3,3,3,3,3,3,3,3,3,3,3
3,3,3,3,4,3,3,3,3,3,3,3,3,3,3,3,3,3,3,3,3
3,3,3,3,4,3,3,3,3,3,3,3,3,3,3,3,3,3,3,3,3
3,3,3,3,4,3,3,3,3,3,3,3,3,3,3,3,3,3,3,3,3
5,3,3,3,3,3,5,3,3,3,3,3,3,3,3,3,3,3,3,3,3
3,3,3,3,4,3,3,3,3,3,3,3,3,3,3,3,3,3,3,3,3
3,3,3,3,4,3,3,3,3,3,3,3,3,3,3,3,3,3,3,3,3
3,3,3,3,4,3,3,3,3,3,3,3,3,3,3,3,3,3,3,3,3
3,3,3,3,4,3,3,3,3,3,3,3,3,3,3,3,3,3,3,3,3
3,3,3,3,4,3,3,3,3,3,3,3,3,3,3,3,3,3,3,3,3
3,3,3,3,4,3,3,3,3,3,3,3,3,3,3,3,3,3,3,3,3
3,3,3,3,4,3,3,3,3,3,3,3,3,3,3,3,3,3,3,3,3
3,3,3,3,4,3,3,3,3,3,3,3,3,3,3,3,3,3,3,3,3
3,3,3,3,4,3,3,3,3,3,3,3,3,3,3,3,3,3,3,3,3
3,3,3,3,3,3,3,3,3,3,3,3,3,3,3,3,3,3,3,3,3
3,3,3,3,4,3,3,3,3,3,3,3,3,3,3,3,3,3,3,3,3
3,3,3,3,4,3,3,3,3,3,3,3,3,3,3,3,3,3,3,3,3
3,3,3,3,4,3,3,3,3,3,3,3,3,3,3,3,3,3,3,3,3
3,3,3,3,4,3,3,3,3,3,3,3,3,3,3,3,3,3,3,3,3
3,3,3,3,4,3,3,3,3,3,3,3,3,3,3,3,3,3,3,3,3
3,3,3,3,4,3,3,3,3,3,3,3,3,3,3,3,3,3,3,3,3
3,3,3,3,4,3,3,3,3,3,3,3,3,3,3,3,3,3,3,3,3
3,3,3,3,4,3,3,3,3,3,3,3,3,3,3,3,3,3,3,3,3
3,3,3,3,4,3,3,3,3,3,3,3,3,3,3,3,3,3,3,3,3
3,3,3,3,4,3,3,3,3,3,3,3,3,3,3,3,3,3,3,3,3
3,3,2,3,4,3,3,3,3,3,3,3,3,3,3,3,3,3,3,3,3
3,3,2,3,4,3,3,3,3,3,3,3,3,3,3,3,3,3,3,3,3
3,3,2,3,4,3,3,3,3,3,3,3,3,3,3,3,3,3,3,3,3
3,3,2,3,4,3,3,3,3,3,3,3,3,3,3,3,3,3,3,3,3
3,3,2,3,4,3,3,3,3,3,3,3,3,3,3,3,3,3,3,3,3
3,3,2,3,4,3,3,3,3,3,3,3,3,3,3,3,3,3,3,3,3
3,3,2,3,4,3,3,3,3,3,3,3,3,3,3,3,3,3,3,3,3
3,3,2,3,4,3,3,3,3,3,3,3,3,3,3,3,3,3,3,3,3
3,3,2,3,4,3,3,3,3,3,3,3,3,3,3,3,3,3,3,3,3
3,3,2,3,4,3,3,3,3,3,3,3,3,3,3,3,3,3,3,3,3
3,3,2,3,4,3,3,3,3,3,3,3,3,3,3,3,3,3,3,3,3
3,3,2,3,4,3,3,3,3,3,3,3,3,3,3,3,3,3,3,3,3
3,3,2,3,4,3,3,3,3,3,3,3,3,3,3,3,3,3,3,3,3
3,3,2,3,4,3,3,3,3,3,3,3,3,3,3,3,3,3,3,3,3
3,3,2,3,4,3,3,3,3,3,3,3,3,3,3,3,3,3,3,3,3
5,3,3,3,4,3,3,3,3,3,3,3,3,3,3,3,3,3,3,3,3
3,3,3,3,4,3,3,3,3,3,3,3,3,3,3,3,3,3,3,3,3
3,3,3,3,4,3,3,3,3,3,3,3,3,3,3,3,3,3,3,3,3
3,3,3,3,4,3,3,3,3,3,3,3,3,3,3,3,3,3,3,3,3
3,3,3,3,4,3,3,3,3,3,3,3,3,3,3,3,3,3,3,3,3
3,3,3,3,4,3,3,3,3,3,3,3,3,3,3,3,3,3,3,3,3
3,3,3,3,4,3,3,3,3,3,3,3,3,3,3,3,3,3,3,3,3
3,3,3,3,4,3,3,3,3,3,3,3,3,3,3,3,3,3,3,3,3
3,3,3,3,4,3,3,3,3,3,3,3,3,3,3,3,3,3,3,3,3
3,3,3,3,4,3,3,3,3,3,3,3,3,3,3,3,3,3,3,3,3
3,3,3,3,4,3,3,3,3,3,3,3,3,3,3,3,3,3,3,3,3
3,3,3,3,4,3,3,3,3,3,3,3,3,3,3,3,3,3,3,3,3
1,4,5,5,1,5,1,5,5,2,6,3,1,6,5,2,5,5,1,5,5
6,4,5,6,1,5,1,5,5,2,6,3,6,6,5,2,5,5,6,5,5
1,4,5,6,6,5,1,6,5,2,6,6,6,6,5,2,5,5,1,5,5
1,4,5,6,6,5,1,6,5,2,6,6,1,6,5,2,5,5,1,6,5
1,4,5,5,6,5,1,6,5,2,6,6,6,6,5,2,5,5,1,6,5
6,4,5,6,6,5,6,6,5,2,6,6,6,6,5,1,5,5,6,6,5
1,4,5,1,6,5,1,6,5,2,6,6,1,6,5,1,6,5,1,6,5
1,4,5,6,6,5,1,6,5,2,6,6,6,6,5,1,6,5,1,6,5
1,4,5,5,6,5,1,6,5,2,6,6,6,6,5,1,6,5,1,6,5
1,4,5,5,6,5,1,6,5,4,6,6,6,6,5,6,6,5,6,6,5
1,4,1,1,6,5,1,6,5,2,6,6,1,6,5,2,6,5,1,6,5
1,4,1,1,6,5,1,1,5,2,6,6,1,6,5,1,6,5,1,6,5
1,4,1,6,6,6,1,6,5,2,6,6,6,6,5,2,6,5,1,6,5
1,4,1,6,6,4,1,6,5,2,6,6,6,6,5,1,6,5,1,6,5
1,4,1,5,6,4,1,1,5,2,6,6,1,6,5,1,6,5,1,6,5
1,4,1,5,6,4,1,1,5,2,6,6,1,6,5,1,6,5,1,6,5
1,4,1,6,6,4,1,1,5,2,6,6,1,6,5,1,6,5,1,6,5
1,4,1,5,6,4,1,6,1,2,6,6,6,6,5,2,6,5,1,6,5
1,4,1,6,6,4,1,1,1,2,6,6,1,6,5,1,6,5,1,6,5
6,4,1,1,6,4,1,1,1,2,6,6,1,6,5,1,6,5,1,6,5
1,4,1,1,6,4,1,1,1,2,6,6,1,6,5,1,6,5,1,6,5
1,4,1,1,6,4,1,1,1,2,6,6,1,6,5,1,6,5,1,6,5
1,4,1,1,6,4,1,6,1,2,6,6,1,6,5,1,6,5,1,6,5
6,4,5,1,6,4,1,6,1,2,6,6,1,6,5,1,6,5,1,6,5
1,4,1,1,6,4,1,6,1,2,6,6,1,6,5,1,6,5,1,6,5
1,4,1,1,6,4,1,6,1,2,6,6,1,6,5,1,6,6,1,6,5
6,4,1,1,6,4,1,6,1,2,6,6,1,6,5,1,6,5,1,6,5
6,4,5,1,6,4,1,6,1,2,6,6,1,6,5,1,6,5,1,6,5
6,4,5,1,6,4,1,6,1,2,6,6,1,6,5,1,6,5,1,6,5
1,4,5,1,6,4,1,6,1,2,6,6,1,6,5,1,6,6,1,5,5
6,4,5,6,6,4,1,6,1,2,6,6,1,6,5,1,6,5,1,5,5
1,4,5,1,6,4,1,6,1,2,6,6,6,6,5,1,6,5,1,5,5
6,4,5,1,6,4,1,6,1,2,6,6,1,6,5,1,6,4,1,5,5
1,4,5,1,6,4,1,6,1,2,6,6,1,6,5,1,6,5,1,5,5
6,4,5,1,6,4,1,6,1,2,6,6,1,6,5,1,6,6,1,5,5
1,4,5,1,6,4,1,6,1,2,6,6,1,6,5,1,6,6,1,5,5
1,4,5,1,6,4,1,6,1,2,6,6,6,6,5,1,6,6,1,5,5
6,4,5,1,6,4,1,6,1,2,6,6,6,6,1,1,6,6,1,5,5
1,4,5,1,6,4,1,1,1,2,6,6,1,6,5,1,6,6,1,5,5
1,4,5,1,6,4,1,6,1,2,6,6,1,6,5,1,6,6,1,5,5
1,4,5,1,6,4,1,6,1,1,6,6,6,6,1,1,6,6,1,5,5
1,4,5,1,6,4,1,1,1,2,6,6,1,6,1,1,6,6,1,5,5
1,4,5,1,6,4,1,1,1,2,6,6,1,6,1,1,6,6,1,5,5
1,4,5,1,6,4,1,1,1,2,6,6,1,6,1,1,6,6,1,5,5
1,4,5,1,6,4,1,1,1,2,6,6,1,6,1,1,6,4,1,5,5
1,4,5,1,6,4,1,6,1,2,6,6,1,6,1,1,6,6,1,5,5
6,4,5,1,6,4,1,1,1,2,6,6,1,6,1,2,6,1,1,5,5
6,4,5,1,6,4,1,1,1,2,6,6,1,6,1,1,6,1,1,5,5
1,4,5,1,6,4,1,1,1,2,6,6,1,6,1,1,6,1,1,5,5
6,4,5,1,6,4,1,1,1,2,6,6,1,6,1,1,6,1,1,5,5
5,4,5,5,1,5,5,6,5,5,6,6,5,5,5,5,6,5,5,6,5
5,4,5,5,1,5,5,6,5,5,6,6,5,5,5,5,6,5,5,6,5
5,4,5,5,1,5,5,6,5,5,6,6,5,5,5,5,6,5,5,6,5
5,4,5,5,1,5,5,6,5,5,6,6,5,5,5,5,6,5,5,6,5
5,4,5,5,1,5,5,6,5,5,6,6,5,5,5,5,6,5,5,6,5
5,4,5,5,1,5,5,6,5,5,6,6,5,5,5,5,6,5,5,6,5
5,4,5,5,1,5,5,6,5,5,6,6,5,5,5,5,6,5,5,6,5
5,4,5,5,1,5,5,6,5,5,5,6,5,5,5,5,6,5,5,6,5
5,4,5,5,1,5,5,6,5,5,6,6,5,5,5,5,6,5,5,6,5
5,4,5,5,1,5,5,6,5,5,5,6,5,6,5,5,6,5,5,6,5
5,4,5,5,1,5,5,6,5,5,6,6,5,5,5,5,6,5,5,6,5
5,4,5,5,1,5,5,6,5,5,6,6,5,5,5,5,6,5,5,6,5
5,4,5,5,1,5,5,6,5,5,6,6,5,5,5,5,6,5,5,6,5
5,4,5,5,1,5,5,6,5,5,6,6,5,5,5,5,6,5,5,6,5
5,4,5,5,1,5,5,6,5,5,6,6,5,5,5,5,6,5,5,6,5
5,4,5,5,1,5,5,6,5,5,6,6,5,5,5,5,6,5,5,6,5
5,4,5,5,1,5,5,6,5,5,6,6,5,5,5,5,6,5,5,6,5
5,4,5,5,1,5,5,6,5,5,6,6,5,5,5,5,6,5,5,6,5
5,4,5,5,1,5,5,6,5,5,6,6,5,5,5,5,6,5,5,6,5
5,4,5,5,1,5,5,6,5,5,6,6,5,5,5,5,6,5,5,6,5
5,4,5,5,1,5,5,6,5,5,6,6,5,5,5,5,6,5,5,6,5
5,4,5,5,1,5,5,6,5,5,6,6,5,5,5,5,6,5,5,6,5
5,4,5,5,1,4,5,6,5,5,6,6,5,5,5,5,6,5,5,6,5
5,4,5,5,1,5,5,6,5,5,6,6,5,5,5,5,6,5,5,6,5
5,4,5,5,1,5,5,6,5,5,6,6,5,5,5,5,6,5,5,6,5
5,4,5,5,1,5,5,6,5,5,6,6,5,5,5,5,6,5,5,6,5
5,4,5,5,4,5,5,6,5,5,6,6,5,5,5,5,6,5,5,6,5
5,4,5,5,4,5,5,6,5,5,6,6,5,5,5,5,6,5,5,6,5
5,4,5,5,4,5,5,6,5,5,6,6,5,5,5,5,6,5,5,6,5
5,4,5,5,4,5,5,6,5,5,6,6,5,5,5,5,6,5,5,6,5
5,4,5,5,1,4,5,6,5,6,6,6,5,5,5,5,6,5,5,6,5
5,4,5,5,4,5,5,6,5,5,6,6,5,5,5,5,6,5,5,6,5
5,4,5,5,4,5,5,6,5,5,6,6,5,5,5,5,6,5,5,6,5
5,4,5,5,4,5,5,6,5,5,6,6,5,5,5,5,6,5,5,6,5
5,4,5,5,1,5,5,6,5,5,6,6,5,5,5,5,6,5,5,6,5
5,4,5,5,5,5,5,6,5,5,6,6,5,5,5,5,6,5,5,6,5
5,4,5,5,1,5,5,6,5,5,5,6,5,6,5,5,6,5,5,6,5
5,4,5,5,1,5,5,6,5,5,6,6,5,5,5,5,6,5,5,6,5
5,4,5,5,5,5,5,6,5,5,6,6,5,5,5,5,5,5,5,6,5
5,4,5,5,4,5,5,6,5,5,6,6,5,5,5,5,6,5,5,6,5
5,4,5,5,5,5,5,6,5,5,6,6,5,5,5,5,6,5,5,6,5
5,4,5,5,1,5,5,6,5,5,6,6,5,5,5,5,6,5,5,6,5
5,4,5,5,5,5,5,6,5,5,6,6,5,5,5,5,6,5,5,6,5
5,4,5,5,4,5,5,6,5,5,6,6,5,5,5,5,6,5,5,6,5
5,4,5,5,4,5,5,6,5,5,6,6,5,5,5,5,6,5,5,6,5
5,4,5,5,1,5,5,6,5,5,6,6,5,5,5,5,6,5,5,6,5
5,4,5,5,4,5,5,6,5,5,6,6,5,5,5,5,6,5,5,6,5
5,4,5,5,4,5,5,6,5,5,6,6,5,5,5,5,6,5,5,6,5
5,4,5,5,1,5,5,6,5,5,6,6,5,6,5,5,6,5,5,6,5
5,4,5,5,4,5,5,6,5,5,6,6,5,5,5,5,6,5,5,6,5
2,1,1,1,1,4,2,1,6,6,4,3,2,1,1,6,1,1,6,1,1
2,1,1,1,1,4,2,1,6,6,4,3,2,1,1,6,1,1,6,1,1
2,1,1,1,1,4,2,1,6,2,4,3,1,1,1,6,1,1,6,1,1
6,1,1,1,1,4,1,1,6,6,4,3,1,1,1,1,1,1,6,1,1
6,1,1,1,1,4,6,1,6,2,4,3,1,1,1,6,1,1,6,1,1
6,1,1,1,1,4,6,1,6,4,4,3,1,1,1,6,1,1,6,1,1
2,1,1,1,1,4,2,1,1,2,4,3,2,1,1,6,1,1,6,1,1
6,3,1,1,1,4,1,1,1,1,4,3,6,1,1,1,1,1,6,4,4
6,2,1,1,1,4,1,1,1,6,4,3,6,1,1,6,1,1,6,4,4
6,3,1,1,1,4,1,1,1,6,4,3,6,1,3,6,1,1,6,4,4
6,3,1,1,1,4,6,1,1,6,4,3,6,1,1,6,1,1,6,4,4
2,3,1,6,1,4,2,1,1,6,4,3,2,1,1,6,1,1,6,4,4
2,2,1,1,1,4,2,1,1,2,4,3,2,1,1,6,1,1,6,4,4
6,3,1,1,1,4,1,1,1,2,4,3,6,1,1,6,1,1,6,4,4
6,3,1,1,1,4,6,1,1,6,4,3,2,1,3,6,1,1,6,4,4
2,3,1,1,1,4,2,1,1,2,4,3,2,1,1,6,1,1,6,4,4
2,3,1,1,1,4,2,1,1,2,4,3,2,1,1,6,1,1,6,4,4
2,3,1,1,1,4,2,1,1,2,4,3,2,4,1,6,1,1,6,4,4
2,3,1,1,1,4,2,1,1,6,4,3,2,1,3,6,1,1,6,4,4
2,3,1,1,1,4,2,1,1,2,4,3,2,1,1,6,1,1,6,4,4
6,3,1,6,1,4,6,1,1,6,4,3,2,4,1,6,1,1,6,4,4
6,3,1,1,1,4,6,1,1,2,4,3,6,1,1,6,1,1,6,4,4
2,3,1,1,1,4,2,1,1,2,4,3,2,1,1,6,1,1,6,4,4
2,3,1,1,1,4,2,1,1,6,4,3,2,1,3,6,1,1,6,4,4
2,3,1,1,1,4,2,1,3,2,4,3,2,1,1,1,1,1,6,4,4
2,3,1,6,1,4,2,1,3,2,4,3,2,1,1,6,1,1,6,4,4
2,3,1,1,1,4,2,1,3,2,4,3,2,1,1,6,1,1,6,4,4
2,3,1,1,1,4,2,1,3,2,4,3,2,1,1,6,1,1,6,4,4
2,3,1,1,1,4,2,1,3,2,4,3,2,4,1,6,1,1,6,4,4
1,3,1,1,1,4,5,1,3,6,4,3,6,1,3,6,1,1,6,4,4
6,3,1,1,1,4,1,1,3,2,4,3,1,1,1,1,1,1,6,4,4
2,3,1,1,1,4,2,1,3,2,4,3,2,1,3,6,1,1,6,4,4
2,3,1,1,1,4,2,1,3,2,4,3,2,1,1,6,1,1,6,4,4
2,3,1,1,1,4,2,1,3,2,4,3,2,1,1,2,1,1,6,4,4
2,3,1,6,1,4,2,1,3,2,4,3,2,1,3,6,1,1,6,4,4
2,3,1,1,1,4,2,1,3,2,4,3,2,1,1,6,1,1,6,4,4
2,3,1,1,1,4,2,1,3,2,4,3,2,1,3,6,1,1,6,4,4
2,3,1,1,1,4,2,1,3,2,4,3,2,1,3,2,1,1,6,4,4
2,3,1,6,1,4,2,1,3,2,4,3,2,1,1,6,1,1,6,4,4
2,3,1,1,1,4,2,1,3,2,4,3,2,1,3,1,1,1,1,4,4
6,3,1,6,1,4,2,1,3,2,4,3,2,1,1,6,1,1,6,4,4
2,3,1,1,1,4,2,1,3,2,4,3,2,1,1,1,1,1,6,4,4
2,3,1,1,1,4,2,1,3,2,4,3,2,1,1,6,1,1,6,4,4
2,3,1,1,1,4,2,1,3,2,4,3,2,1,3,6,1,1,6,4,4
2,3,1,1,1,4,2,1,3,2,4,3,2,1,1,6,1,1,1,4,4
2,3,1,1,1,4,2,1,3,2,4,3,2,1,3,6,1,1,6,4,4
2,3,1,1,1,4,2,1,3,2,4,3,2,1,1,6,1,1,6,4,4
2,3,1,1,1,4,2,1,3,2,4,3,2,1,1,6,1,1,6,4,4
2,3,1,6,1,4,2,1,3,6,4,3,2,1,1,6,1,1,6,4,4
2,3,1,1,1,4,2,1,3,4,4,3,2,1,1,6,1,1,6,4,4
2,3,1,5,1,4,2,1,3,2,4,3,2,1,1,2,1,1,6,4,4
2,3,1,5,1,4,2,1,3,2,4,3,2,1,3,6,1,1,6,4,4
2,3,1,5,1,4,2,1,3,6,4,3,2,1,1,6,1,1,6,4,4
2,3,1,5,1,4,2,1,3,2,4,3,2,1,3,6,1,1,6,4,4
2,3,1,1,1,4,2,1,3,2,4,3,2,1,3,2,1,1,6,4,4
2,3,1,6,1,4,2,1,3,6,4,3,2,1,1,6,1,1,6,4,4
2,3,1,6,1,4,2,1,3,6,4,3,2,1,3,6,1,1,6,4,4
2,3,1,5,1,4,2,1,3,2,4,3,2,1,1,2,1,1,6,4,4
2,3,1,1,1,4,2,1,3,2,4,3,2,1,1,2,1,1,6,4,4
2,3,1,6,1,4,2,1,3,2,4,3,2,1,1,6,1,1,6,4,4
2,3,1,5,1,4,2,1,3,6,4,3,2,1,3,6,1,1,6,4,4
2,3,1,5,1,4,2,1,3,2,4,3,2,1,1,6,1,1,6,4,4
2,3,1,5,1,4,2,1,3,2,4,3,2,1,1,6,1,1,6,4,4
2,3,1,5,1,4,2,1,3,2,4,3,2,1,3,2,1,1,6,4,4
2,3,1,1,1,4,2,1,3,2,4,3,2,1,3,2,1,1,6,4,4
2,3,1,1,1,4,2,1,3,2,4,3,2,1,3,6,1,1,6,4,4
2,3,1,5,1,4,2,1,3,2,4,3,2,1,1,6,1,1,6,4,4
2,3,1,6,1,4,2,1,3,2,4,3,2,1,3,2,1,1,6,4,4
2,3,1,5,1,4,2,1,3,2,4,3,2,1,1,6,1,1,6,4,4
2,3,1,6,1,4,2,1,3,2,4,3,2,1,3,6,1,1,6,4,4
2,3,1,1,1,4,2,1,3,2,4,3,2,1,3,2,1,1,6,4,4
2,3,1,5,1,4,2,1,3,2,4,3,2,1,3,2,1,1,6,4,4
2,3,1,5,1,4,2,1,3,6,4,3,2,1,1,6,1,1,6,4,4
2,3,1,1,1,4,2,1,3,2,4,3,2,1,3,2,1,1,2,4,4
2,3,1,6,1,4,2,1,3,2,4,3,2,1,1,2,1,1,6,4,4
2,3,1,1,1,4,2,1,3,2,4,3,2,1,3,2,1,1,2,4,4
2,3,1,1,1,4,2,1,3,2,4,3,2,1,3,1,1,1,6,4,4
2,3,1,1,1,4,2,1,3,2,4,3,2,1,1,2,1,1,2,4,4
2,3,1,5,1,4,2,1,3,6,4,3,2,1,3,6,1,1,6,4,4
2,3,1,1,1,4,2,1,3,2,4,3,2,1,1,2,1,1,2,4,4
2,3,1,1,1,4,2,1,3,2,4,3,2,1,3,2,1,1,2,4,4
2,3,1,1,1,4,2,1,3,2,4,3,2,1,3,2,1,1,2,4,4
2,3,1,1,1,4,2,1,3,2,4,3,2,1,3,2,1,1,2,4,4
2,3,1,1,1,4,2,1,3,2,4,3,2,1,3,2,1,1,2,4,4
2,3,1,1,1,4,2,1,3,2,4,3,2,4,1,2,1,1,2,4,4
2,3,1,1,1,4,2,1,3,2,4,3,2,1,3,2,1,1,2,4,4
2,3,1,6,1,4,2,1,3,2,4,3,2,1,1,2,1,1,2,4,4
2,3,1,1,1,4,2,1,3,2,4,3,2,1,3,2,1,1,2,4,4
2,3,1,1,1,4,2,1,3,2,4,3,2,1,3,2,1,1,6,4,4
2,3,1,1,1,4,2,1,3,2,4,3,2,1,3,6,1,1,6,4,4
2,3,1,1,1,4,2,1,3,2,4,3,2,1,3,6,1,1,6,4,4
2,3,1,1,1,4,2,1,3,2,4,3,2,1,3,6,1,1,6,4,4
2,3,1,1,1,4,2,1,3,2,4,3,2,1,1,2,1,1,2,4,4
2,3,1,5,1,4,2,1,3,5,4,3,2,1,3,2,1,1,6,4,4
2,3,1,5,1,4,2,1,3,2,4,3,2,4,3,2,1,1,2,4,4
2,3,1,1,1,4,2,1,3,2,4,3,2,4,3,6,1,1,6,4,4
2,3,1,1,1,4,2,1,3,2,4,3,2,1,3,2,1,1,2,4,4
2,3,1,1,1,4,2,1,3,2,4,3,2,1,3,2,1,1,6,4,4
2,3,1,6,1,4,2,1,3,2,4,3,2,4,3,6,1,1,6,4,4
2,3,1,5,1,4,2,1,3,2,4,3,2,1,1,2,1,1,2,4,4
1,1,1,1,6,1,1,6,6,2,6,3,1,6,1,1,6,6,1,6,6
2,2,2,2,2,1,2,2,2,2,5,3,2,2,2,2,2,2,2,2,2
1,6,4,1,1,1,1,6,1,1,4,4,1,1,4,1,1,1,1,4,4
2,2,2,2,6,2,2,2,2,2,6,3,2,2,2,2,2,2,2,2,2
6,6,6,1,6,4,1,6,4,1,4,6,1,6,4,1,6,6,1,4,1
2,2,3,2,1,1,2,2,2,2,5,3,2,2,2,2,2,2,2,2,2
6,6,1,1,6,1,6,6,6,1,6,6,6,1,1,1,6,6,1,6,6
2,2,2,2,1,1,2,2,2,2,6,3,2,2,2,2,2,2,1,2,5
6,6,6,1,6,6,1,1,6,4,6,6,6,1,4,6,6,6,6,6,6
6,3,3,6,3,3,3,3,3,3,3,3,3,3,3,3,3,3,3,3,3
6,6,1,1,1,4,6,1,4,6,6,6,6,1,4,6,6,1,6,6,4
6,3,3,6,3,1,3,3,3,3,3,3,6,3,3,3,3,3,3,3,3
6,1,6,6,6,4,6,1,6,6,6,6,6,1,4,6,6,6,6,6,6
1,2,3,6,2,3,1,3,3,3,3,1,1,3,3,1,3,3,1,3,3
1,1,1,6,1,4,1,1,1,4,6,6,6,1,1,1,6,6,6,6,6
3,2,3,6,1,1,3,1,3,3,3,3,6,3,3,3,3,3,3,3,3
1,1,5,6,6,6,1,1,6,4,6,6,6,1,1,6,6,6,6,6,6
6,3,3,6,3,3,1,3,3,3,3,3,1,3,3,1,3,3,1,3,3
6,1,4,1,1,4,1,1,4,6,4,4,6,1,4,1,6,1,1,6,6
6,3,3,6,3,1,3,3,3,3,3,3,3,3,3,3,3,3,3,3,3
1,2,1,1,4,1,1,6,6,1,5,3,1,2,2,1,6,2,1,6,2
6,2,2,6,6,1,6,2,2,2,6,3,6,2,2,2,2,2,1,2,2
6,1,4,1,1,4,1,1,1,1,4,4,1,1,4,1,6,1,1,6,4
6,3,3,1,3,4,3,3,3,2,3,3,1,3,3,1,3,3,1,3,3
1,1,1,1,1,4,1,1,1,2,6,6,6,1,1,1,6,6,1,6,6
6,2,3,6,1,1,3,1,3,3,3,3,6,3,3,3,3,3,3,3,3
6,6,5,6,6,6,6,1,4,6,6,6,6,1,1,6,6,6,6,6,6
1,3,3,6,3,2,1,3,3,2,3,3,1,3,3,1,3,3,1,3,3
6,6,4,1,1,4,1,1,4,6,4,4,1,1,4,1,6,1,1,6,4
6,3,3,6,3,1,3,3,3,3,3,3,3,3,3,3,3,3,3,3,3
1,2,1,1,4,1,1,6,3,2,5,3,1,2,2,1,6,2,1,6,2
1,2,2,5,6,1,1,2,2,2,6,3,1,2,2,1,2,2,1,2,2
6,6,4,1,1,4,6,1,4,6,4,4,6,1,4,6,6,1,6,4,4
6,3,3,1,3,4,3,3,3,3,3,3,3,3,3,1,3,3,1,3,3
6,6,6,6,1,4,5,1,6,6,4,6,6,1,4,6,6,6,6,6,4
1,2,3,6,2,3,1,3,3,3,3,2,1,3,3,1,3,3,1,3,3
1,2,1,1,4,1,1,6,3,1,5,3,1,2,2,1,2,2,1,2,2
1,2,2,5,6,1,1,2,2,2,6,3,1,2,2,1,2,2,1,2,2
1,1,5,1,1,1,1,1,6,4,6,6,1,1,1,1,6,6,1,6,6
6,2,2,6,1,3,3,1,3,3,3,3,6,3,3,3,3,3,3,3,3
6,6,5,6,6,6,6,1,4,6,6,6,6,1,4,6,6,6,6,6,6
1,2,3,6,2,3,1,3,3,2,3,3,1,3,3,1,3,3,1,3,3
6,6,4,6,1,4,6,1,4,6,4,4,6,1,4,6,6,1,6,6,4
6,3,3,1,3,1,3,3,3,3,3,3,3,3,3,1,3,3,1,3,3
6,6,4,1,1,5,1,1,4,1,4,4,1,1,4,1,6,1,1,6,4
6,3,3,1,3,4,1,3,3,3,3,3,1,3,3,1,3,3,1,3,3
1,1,1,1,1,4,1,1,6,4,4,6,5,1,4,1,6,6,1,6,6
1,2,3,6,2,3,1,3,3,2,3,2,1,3,3,1,3,3,1,3,3
6,1,4,1,1,4,6,1,4,6,4,4,6,1,4,6,6,6,6,6,6
6,3,3,6,3,1,3,3,3,3,3,3,3,3,3,3,3,3,3,3,3
1,2,1,1,4,1,1,2,6,1,5,3,1,2,5,1,6,2,1,6,6
6,2,2,6,6,1,1,2,2,2,6,3,1,2,2,1,2,2,1,2,2
1,6,4,1,1,5,1,1,1,1,4,4,1,1,1,1,6,1,1,6,4
6,3,3,1,3,4,3,3,3,2,3,3,1,3,3,1,3,3,1,3,3
6,1,1,6,1,4,6,1,6,6,4,6,6,1,4,6,6,6,6,6,6
1,2,3,1,2,3,1,3,3,2,3,1,1,3,2,1,3,3,1,3,3
6,1,6,6,1,4,6,1,6,6,6,6,6,1,1,6,6,6,6,6,6
3,2,3,3,1,1,3,1,3,3,3,3,3,1,3,3,3,3,3,3,3
1,1,5,6,1,6,5,1,4,4,4,6,6,1,1,6,6,6,6,6,6
1,2,3,6,2,2,1,3,3,2,3,2,1,3,3,1,3,3,1,3,3
6,1,6,6,1,1,6,1,6,6,4,6,6,1,6,6,6,6,6,6,6
3,2,3,6,1,1,3,1,3,3,3,3,6,1,3,3,3,3,1,3,3
6,1,5,6,1,6,6,1,4,6,4,6,6,1,1,6,6,6,6,6,6
6,2,3,6,2,2,1,3,3,2,3,2,1,3,3,1,3,3,1,3,3
1,1,4,1,1,4,1,1,1,1,4,4,6,1,4,1,6,6,1,6,6
6,3,3,1,3,1,3,3,3,3,3,3,3,3,3,1,3,3,1,3,3
1,2,1,4,4,1,1,2,3,1,5,3,1,2,5,1,6,6,1,6,6
1,2,2,6,6,1,1,2,2,2,6,3,1,2,2,1,2,2,1,2,2
6,6,4,1,1,5,1,1,1,1,4,4,1,1,1,1,6,1,1,6,4
6,3,3,1,3,4,1,3,3,2,3,3,1,3,3,1,3,3,1,3,3
6,6,6,1,1,1,6,1,6,6,4,6,6,1,4,1,6,6,1,6,6
1,2,3,6,2,3,1,3,3,3,3,1,1,3,2,1,3,3,1,3,3
4,1,6,5,1,1,5,1,6,4,4,6,4,1,4,4,6,6,4,6,6
1,2,3,1,2,3,1,2,3,2,3,1,1,3,2,1,3,3,1,3,3
1,1,6,6,1,4,1,1,6,2,5,6,6,1,6,1,6,6,6,6,6
6,2,2,6,1,3,3,1,2,3,3,3,6,3,3,3,3,3,3,3,3
1,6,1,1,6,6,1,1,4,4,6,6,6,1,1,1,6,6,1,6,6
1,2,3,6,2,2,1,3,3,2,3,3,1,3,3,1,3,3,1,3,3
6,6,4,1,1,4,1,1,4,6,4,6,6,1,4,6,6,1,6,6,4
6,3,3,1,3,1,3,3,3,3,3,3,3,3,3,1,3,3,1,3,3
1,2,1,1,4,1,1,1,3,1,5,3,1,2,2,1,6,2,1,6,2
6,2,2,6,6,1,1,2,2,2,6,3,1,2,2,1,2,2,1,2,2
6,6,4,1,1,1,1,1,1,1,4,4,1,1,4,1,6,1,1,4,4
6,3,3,1,3,4,3,3,3,2,3,3,1,3,3,1,3,3,1,3,3
6,6,4,1,1,4,1,1,1,1,4,4,1,1,4,1,6,1,1,4,4
6,3,3,1,3,2,1,3,3,2,3,3,1,3,3,1,3,3,1,3,3
6,6,6,6,1,1,6,1,6,6,4,6,6,1,1,6,6,6,6,6,4
1,2,3,6,2,3,1,3,3,2,3,2,1,3,2,1,3,3,1,3,3
1,2,3,1,4,1,1,6,3,1,5,3,1,2,2,1,2,2,1,2,2
6,2,2,6,6,1,6,2,2,2,6,3,6,2,2,2,2,2,6,2,2
1,1,1,1,1,1,1,1,6,4,6,6,6,1,1,1,6,6,1,6,6
6,2,2,6,1,3,3,1,3,3,3,3,6,3,3,2,3,3,3,3,3
6,6,6,6,1,1,6,1,6,6,6,6,6,1,1,6,6,6,6,6,6
6,2,3,1,2,2,3,3,3,2,3,3,1,3,2,1,3,3,1,3,3
6,6,4,1,1,4,1,1,4,1,4,6,1,1,4,1,6,1,1,6,4
6,3,3,6,3,1,3,3,3,2,3,3,3,3,3,2,3,3,1,3,3
1,2,1,1,4,1,1,6,1,2,5,3,1,2,2,1,6,2,1,6,2
6,2,2,6,6,1,6,2,2,2,6,3,6,2,2,2,2,2,6,2,2
6,6,4,1,1,4,1,1,1,1,4,4,1,1,4,1,6,1,1,4,4
6,3,3,1,3,4,3,3,3,2,3,3,3,3,3,1,3,3,2,3,3
6,6,6,1,1,1,6,1,6,6,4,6,6,1,4,6,6,6,6,6,4
1,2,3,1,2,3,1,2,3,2,3,2,1,3,2,1,3,3,1,3,3
1,1,1,1,1,4,1,1,6,1,6,6,1,1,1,1,6,6,1,6,6
6,2,2,6,1,3,3,1,3,3,3,3,6,3,3,3,3,3,6,3,3
6,6,6,1,1,6,1,1,6,1,6,6,6,1,4,1,6,6,6,6,6
6,2,3,1,2,2,3,3,3,2,3,3,1,3,2,1,3,3,1,3,3
6,6,4,1,1,4,1,1,4,1,4,6,1,1,4,1,6,1,1,6,4
1,3,3,5,3,1,3,3,3,2,3,3,3,3,3,2,3,3,2,3,3
1,1,1,6,1,1,1,1,6,4,6,6,6,1,1,1,6,6,1,6,6
6,2,2,6,1,3,3,1,3,3,3,3,6,3,3,3,3,3,2,3,3
6,1,6,6,1,1,6,1,6,6,6,6,6,1,4,6,6,6,6,6,6
1,2,3,1,2,3,1,3,3,2,3,3,1,3,2,1,3,3,1,3,3
6,6,4,1,1,4,1,1,4,1,4,6,1,1,4,1,6,1,1,6,4
6,3,3,1,3,2,3,3,3,2,3,3,3,3,3,2,3,3,1,3,3
1,2,3,1,4,1,1,6,1,1,5,3,1,2,2,1,2,2,1,2,2
6,2,2,6,6,1,6,2,2,2,6,3,6,2,2,2,2,2,6,2,2
6,6,4,1,1,1,1,1,1,1,4,4,6,1,4,1,6,1,1,4,4
6,2,3,1,2,4,3,3,3,2,3,3,1,3,3,1,3,3,2,3,3
1,6,6,6,1,4,1,1,6,6,4,6,6,1,4,6,6,6,6,6,4
1,2,3,1,2,3,1,2,3,2,3,2,1,3,2,1,3,3,1,3,3
1,5,2,1,2,1,1,1,2,2,5,3,1,5,5,1,2,2,1,2,2
5,6,5,5,6,5,5,6,5,6,6,6,5,6,5,5,6,6,5,5,5
6,6,5,1,1,4,1,6,1,1,5,6,1,6,5,1,6,6,1,6,6
5,5,5,5,5,5,5,5,5,5,1,5,5,5,5,2,5,1,5,5,5
6,6,5,6,6,5,6,6,5,6,5,6,6,6,5,6,6,6,6,6,6
2,5,5,2,5,5,2,5,5,5,1,1,2,5,5,2,5,1,2,5,5
6,1,5,6,1,1,6,6,6,6,6,3,6,6,5,6,6,6,6,6,6
5,6,5,3,1,5,2,6,5,5,5,6,2,6,5,2,6,5,5,6,5
6,6,5,6,6,5,6,6,1,6,6,6,6,6,6,6,6,6,6,6,6
2,6,5,2,1,3,2,1,5,2,5,1,2,1,5,2,1,1,2,1,1
6,6,5,6,1,6,6,6,6,6,6,6,6,1,1,6,6,6,6,6,6
2,6,5,2,1,5,2,1,4,2,5,4,2,1,4,2,1,4,2,6,6
6,6,5,6,4,6,6,6,6,6,6,6,6,1,6,6,6,6,6,6,6
2,2,4,2,1,3,2,1,1,2,2,1,2,2,1,2,2,2,2,1,1
6,4,5,6,1,6,6,6,6,6,6,3,6,6,1,6,6,6,6,6,6
2,4,5,5,1,5,2,1,5,2,4,6,2,1,6,2,1,1,2,6,6
6,6,6,6,4,6,6,6,6,6,6,6,6,1,6,6,6,6,6,6,6
2,6,4,2,1,1,2,1,5,2,1,1,2,5,5,2,1,1,2,1,1
6,6,5,6,1,6,6,6,6,6,6,6,6,1,6,6,6,6,6,6,6
2,6,4,2,1,5,2,1,5,2,5,4,2,1,5,2,1,5,2,5,5
1,1,2,1,4,1,1,1,2,2,5,3,1,2,2,1,2,2,1,2,2
4,4,5,5,6,4,4,6,5,2,6,3,4,6,5,2,2,2,2,5,5
6,6,5,6,1,4,6,6,6,6,5,6,6,1,5,6,6,6,6,6,6
2,6,4,2,4,3,2,1,5,2,5,1,2,5,5,2,1,5,2,5,5
6,1,5,6,1,1,6,6,6,6,6,3,6,6,5,6,6,6,6,6,6
2,6,5,5,1,5,2,6,5,2,5,6,2,6,5,2,6,6,2,6,6
6,6,5,6,6,5,6,6,1,6,6,6,6,6,5,6,6,6,6,6,6
2,6,4,2,1,3,2,1,1,2,2,1,2,1,1,2,1,1,2,1,1
6,6,5,6,1,6,6,6,6,6,4,6,6,1,6,6,6,6,6,6,6
2,6,5,2,1,5,2,1,1,2,4,4,2,1,5,2,1,1,2,6,6
1,5,2,1,4,1,1,6,2,2,5,3,1,5,2,1,2,2,1,2,2
4,4,3,1,6,3,1,6,5,2,6,3,1,1,5,2,2,2,1,5,5
6,6,5,6,1,6,6,6,6,6,4,6,6,1,1,6,6,6,6,6,6
2,6,4,2,1,5,2,1,5,2,4,4,2,1,4,2,1,1,2,4,4
6,6,5,6,4,6,6,6,6,6,6,6,6,1,6,6,6,6,6,6,6
2,2,4,2,1,3,2,1,1,2,2,1,2,2,1,2,2,2,2,1,1
6,5,2,1,4,1,1,6,2,2,5,3,1,5,2,1,2,2,1,2,2
4,2,2,1,6,5,1,6,5,2,6,3,1,2,2,2,2,2,2,2,2
6,4,5,6,1,6,6,6,6,6,6,3,6,6,1,6,6,6,6,6,6
2,4,5,2,1,5,2,1,5,2,4,6,2,1,6,2,1,1,2,6,6
6,6,6,6,4,1,6,6,6,6,6,6,6,6,6,6,6,6,6,6,6
2,2,4,2,1,5,2,1,1,2,2,1,2,1,1,2,1,2,2,4,4
6,6,5,6,1,6,6,6,6,6,4,6,6,1,6,6,6,6,6,6,6
2,1,5,2,1,4,2,1,1,2,4,4,2,1,1,2,1,1,2,6,6
6,6,5,6,1,6,6,6,6,6,4,6,6,1,6,6,6,6,6,6,6
2,1,4,2,1,5,2,1,1,2,4,4,2,1,4,2,1,1,2,4,4
6,6,5,6,4,6,6,6,6,6,6,6,6,1,6,6,6,6,6,6,6
2,2,4,2,1,3,2,1,1,2,2,1,2,2,1,2,2,2,2,1,1
6,6,5,6,4,6,6,6,6,6,4,6,6,1,6,6,6,6,6,6,6
2,1,5,2,1,4,2,1,1,2,4,4,2,1,1,2,1,1,2,6,6
6,5,2,1,4,1,1,6,2,2,5,3,1,5,2,1,2,2,1,2,2
6,2,2,1,6,1,4,6,2,2,6,3,2,2,2,2,2,2,2,2,2
6,6,5,6,4,4,6,6,6,6,4,6,6,1,6,6,6,6,6,1,6
2,1,4,2,1,4,2,1,1,2,4,4,2,1,1,2,1,1,2,4,4
6,6,5,6,4,6,6,6,6,6,6,6,6,1,6,6,6,6,6,6,6
2,2,4,2,1,3,2,1,1,2,2,1,2,2,1,2,2,2,2,1,2
6,4,5,6,1,6,6,6,6,6,6,3,6,6,1,6,6,6,6,6,6
2,2,3,5,1,1,2,1,5,2,5,6,2,1,3,2,1,1,2,2,2
6,6,5,6,4,5,6,6,6,6,6,6,6,1,6,6,6,6,6,6,6
2,2,4,2,1,4,2,1,1,2,2,1,2,2,1,2,2,2,2,4,4
6,4,5,6,1,6,6,6,6,6,6,3,6,6,1,6,6,6,6,6,6
2,4,3,2,1,5,2,1,5,2,5,6,2,1,3,2,1,1,2,2,2
6,6,6,6,4,1,6,6,6,6,6,6,6,1,6,6,6,6,6,6,6
2,2,4,2,1,5,2,1,1,2,2,1,2,2,1,2,2,2,2,4,4
6,6,5,6,1,6,6,6,6,6,4,6,6,1,6,6,6,6,6,6,6
2,2,6,2,2,4,2,1,1,2,4,4,2,2,1,2,1,1,2,6,2
6,5,2,1,4,1,1,6,2,2,5,3,1,5,2,1,2,2,1,2,2
4,2,2,1,6,5,1,2,2,2,6,3,1,2,2,2,2,2,1,2,2
6,6,6,6,4,4,6,6,6,6,4,6,6,1,6,6,6,6,6,6,6
2,2,4,2,1,4,2,1,1,2,4,4,2,2,1,2,1,2,2,4,4
6,6,5,6,4,6,6,6,6,6,4,6,6,1,6,6,6,6,6,6,6
2,2,4,2,1,1,2,1,1,2,2,1,2,2,1,2,2,2,2,2,2
6,6,5,6,4,6,6,6,6,6,4,6,6,6,6,6,6,6,6,6,6
2,2,4,2,1,3,2,2,1,2,2,1,2,2,1,2,2,2,2,2,2
6,1,6,6,4,6,6,6,6,6,5,3,6,6,6,6,6,6,6,6,6
2,2,5,2,2,5,2,2,5,2,4,3,2,2,3,2,1,1,2,2,2
6,6,5,6,4,6,6,6,6,6,4,6,6,6,6,6,6,6,6,6,6
2,2,4,2,1,4,2,1,1,2,2,1,2,2,1,2,2,2,2,2,2
6,6,6,6,4,6,6,6,6,6,4,6,6,1,6,6,6,6,6,6,6
2,2,5,2,2,4,2,1,1,2,4,4,2,2,3,2,1,1,2,6,6
1,1,2,1,4,1,1,6,2,2,5,3,1,2,2,1,2,2,1,2,2
4,2,2,1,6,3,1,2,2,2,5,3,1,2,2,2,2,2,2,2,2
6,6,6,6,4,4,6,6,6,6,4,6,6,1,6,6,6,6,6,6,6
2,2,4,2,1,5,2,1,1,2,4,4,2,2,4,2,1,2,2,4,4
6,6,6,6,4,4,6,6,6,6,4,6,6,1,6,6,6,6,6,6,6
2,2,4,2,1,5,2,1,1,2,4,4,2,2,1,2,1,2,2,4,4
6,6,5,6,4,6,6,6,6,6,4,6,6,6,6,6,6,6,6,6,6
2,2,4,2,1,1,2,2,1,2,2,1,2,2,1,2,2,2,2,1,2
6,2,2,1,4,1,1,2,2,1,5,3,1,2,2,1,2,2,1,2,2
6,2,2,1,6,3,1,2,2,2,5,3,1,2,2,2,2,2,1,2,2
6,1,5,6,4,5,6,6,6,6,5,3,6,6,6,6,6,6,6,6,6
2,2,5,2,2,5,2,2,5,2,4,6,2,2,6,2,1,1,2,6,6
6,6,5,6,4,6,6,6,6,6,4,6,6,6,6,6,6,6,6,6,6
2,2,4,2,1,4,2,1,1,2,2,1,2,2,1,2,2,2,2,2,2
6,6,6,6,4,6,6,6,6,6,4,6,6,1,6,6,6,6,6,6,6
2,2,5,2,2,4,2,1,1,2,4,3,2,2,3,2,1,1,2,2,2
1,1,2,1,4,1,1,6,2,1,5,3,1,2,2,1,2,2,1,2,2
5,2,2,5,6,3,1,2,2,2,5,3,2,2,2,2,2,2,2,2,2
6,6,6,6,4,4,6,6,6,6,4,6,6,1,6,6,6,6,6,6,6
2,2,4,2,1,4,2,1,1,2,4,4,2,2,1,2,1,2,2,4,4
6,6,5,6,4,6,6,6,6,6,4,6,6,1,6,6,6,6,6,6,6
2,2,4,2,1,1,2,2,5,2,2,1,2,2,1,2,2,2,2,2,2
6,1,6,6,4,6,6,6,6,6,5,3,6,6,6,6,6,6,6,6,6
2,2,5,2,2,5,2,2,5,2,4,6,2,2,3,2,1,1,2,2,6
6,6,5,6,4,6,6,6,6,6,4,6,6,6,6,6,6,6,6,6,6
2,2,4,2,1,5,2,1,1,2,2,1,2,2,1,2,2,2,2,4,4
6,6,6,6,4,6,6,6,6,6,4,6,6,1,6,6,6,6,6,6,6
2,2,5,2,2,4,2,1,1,2,4,3,2,2,3,2,2,1,2,2,2
6,6,5,6,1,1,6,6,6,6,6,3,6,6,1,6,6,6,6,6,6
2,2,3,4,2,1,2,2,5,2,5,3,2,2,2,2,2,2,2,2,2
6,6,1,6,4,1,6,6,6,6,6,6,6,1,6,6,6,6,6,1,6
2,2,4,2,1,4,2,1,1,2,2,4,2,2,1,2,2,2,2,2,2
6,6,6,6,1,6,6,1,6,6,4,6,6,1,6,6,6,6,6,1,1
2,2,5,2,2,4,2,1,1,2,4,3,2,2,3,2,1,1,2,2,2
6,5,2,1,4,1,1,6,2,2,5,3,6,2,2,2,2,2,1,2,2
4,2,2,1,6,1,1,2,2,2,6,3,1,2,2,2,2,2,1,2,2
6,6,6,1,1,4,6,1,6,6,4,6,6,1,1,6,1,6,6,1,1
2,2,4,2,1,3,2,1,1,2,4,4,2,2,1,2,1,2,2,2,2
6,6,5,6,4,5,6,6,6,6,6,6,6,1,6,6,6,6,6,1,6
2,2,4,2,1,4,2,2,1,2,2,1,2,2,1,2,2,2,2,2,2
1,2,2,1,4,1,1,2,2,2,5,3,1,2,2,1,2,2,1,2,2
1,2,2,5,3,1,1,2,2,2,6,3,2,6,2,2,2,2,1,2,2
6,6,1,1,1,4,1,1,4,6,4,6,6,1,4,6,1,1,6,4,4
1,2,3,1,2,2,1,3,2,2,3,3,1,3,2,1,3,3,2,3,3
6,6,4,6,1,1,6,1,6,6,4,6,6,1,1,6,6,1,6,6,6
1,2,3,1,2,2,1,2,2,1,3,2,1,2,2,1,3,3,1,3,3
6,1,1,1,1,6,6,6,1,1,6,3,6,6,1,1,6,1,6,6,6
6,2,2,6,1,2,6,1,2,2,3,3,6,2,2,2,3,3,6,3,3
6,6,5,1,1,1,6,1,6,6,6,6,6,1,1,6,6,6,6,6,6
1,2,3,1,2,2,1,2,2,2,3,2,1,2,2,1,3,3,1,3,3
6,6,6,1,1,4,6,1,4,6,4,6,6,1,1,6,1,1,6,4,4
1,3,3,1,3,2,1,3,2,2,3,3,1,3,3,2,3,3,2,3,3
6,6,6,1,1,6,6,6,6,6,4,6,6,1,1,6,6,1,6,6,6
1,2,2,1,2,2,1,2,2,1,1,2,1,2,2,1,3,3,1,3,3
6,1,1,1,1,6,1,6,6,1,6,3,6,6,1,1,6,6,6,6,6
4,2,2,5,1,2,1,1,2,2,3,3,1,3,2,2,3,3,1,2,3
6,6,6,1,1,1,6,6,4,1,6,6,6,1,1,6,6,6,6,6,6
1,2,3,1,2,2,1,2,2,2,3,2,1,2,2,1,3,3,1,3,3
6,6,6,1,1,4,6,1,4,6,4,6,6,1,1,6,1,1,6,4,4
1,3,3,1,3,2,1,3,2,2,3,3,1,3,3,2,3,3,2,3,3
1,2,2,1,4,1,1,2,2,1,5,3,1,2,2,1,2,2,1,2,2
1,2,2,5,6,2,1,2,2,2,6,3,1,2,2,2,2,2,1,2,2
6,6,4,1,1,1,1,1,1,6,4,6,6,1,1,6,1,1,6,1,1
1,2,3,1,2,2,1,3,2,2,3,3,1,2,2,1,3,3,1,3,3
6,1,1,1,1,6,1,1,6,1,6,3,6,1,1,1,6,6,1,6,6
4,2,2,5,1,2,1,1,2,2,3,3,6,3,2,2,3,3,1,2,2
6,6,4,6,1,1,6,6,6,6,6,6,6,1,1,6,6,6,6,6,6
1,2,3,1,2,2,1,2,2,1,3,2,1,2,2,1,3,3,1,3,3
6,6,6,1,1,4,1,1,4,6,4,6,6,1,1,6,1,1,6,4,4
1,3,3,1,3,2,1,3,2,2,3,3,1,3,3,2,3,3,2,3,3
6,2,2,1,4,1,1,2,2,1,5,3,6,2,2,1,2,2,1,2,2
1,2,2,5,3,1,1,2,2,2,6,3,1,2,2,1,2,2,1,2,2
6,6,4,1,1,1,1,6,1,6,4,6,6,1,1,6,1,1,6,1,1
1,2,3,1,2,2,1,3,2,2,3,3,1,2,2,2,3,3,1,3,3
6,6,6,1,1,4,6,6,6,6,4,6,6,1,4,6,6,6,6,6,1
1,2,2,6,2,2,1,2,2,1,1,2,1,2,2,2,3,3,1,3,3
1,2,2,1,4,1,1,2,2,2,5,3,1,2,2,1,2,2,1,2,2
1,2,2,5,6,1,1,2,2,2,6,3,1,2,2,2,2,2,1,2,2
6,1,1,6,1,1,6,1,6,6,6,6,6,1,1,6,6,6,6,6,6
4,2,2,5,1,2,1,1,2,2,3,3,1,2,2,2,2,3,1,2,2
6,6,4,1,1,1,1,6,6,1,6,6,6,1,1,1,6,6,6,6,6
1,2,3,2,2,2,4,2,2,1,3,2,4,2,2,2,3,3,1,3,3
6,6,6,1,1,4,1,6,4,6,4,6,6,1,1,6,1,1,6,4,4
1,3,3,4,3,2,1,3,2,2,3,3,1,3,3,1,3,3,4,3,3
6,1,1,1,1,1,1,1,1,6,4,6,6,1,1,6,6,1,6,6,1
1,2,3,1,2,4,1,3,2,2,3,2,1,2,2,1,3,3,2,3,3
6,6,6,1,1,4,6,6,6,1,4,6,6,1,6,1,6,6,6,6,6
1,2,2,1,2,3,1,2,2,1,1,2,1,2,2,2,3,3,1,3,3
6,6,4,1,1,1,6,1,1,6,4,6,6,1,1,6,6,6,6,6,6
4,3,3,4,3,1,4,3,2,2,3,3,4,3,3,4,3,3,4,3,3
1,2,3,1,6,1,1,6,3,2,5,3,1,2,2,1,6,2,1,6,2
4,2,2,4,6,6,1,2,2,4,5,3,1,2,2,4,2,2,4,2,2
6,1,4,6,1,5,6,1,1,6,4,4,6,1,1,6,6,6,6,6,1
1,2,3,1,2,4,1,2,2,2,3,2,1,2,2,1,3,3,1,3,3
6,6,6,1,4,4,6,6,1,6,4,6,6,1,6,6,6,6,6,6,6
1,2,2,1,2,3,1,2,2,1,1,1,1,2,2,2,3,3,1,3,3
6,4,1,6,4,6,6,6,6,6,4,6,6,6,1,6,6,6,6,6,6
4,2,2,5,2,2,1,1,2,2,3,3,6,1,2,2,2,3,1,2,3
6,6,6,6,4,6,6,6,6,6,4,6,6,1,6,6,6,6,6,6,6
1,2,3,1,2,3,1,2,2,1,3,2,1,2,2,2,3,3,1,3,3
6,1,1,1,4,6,6,6,6,6,4,6,6,6,1,6,6,6,6,6,6
1,2,2,5,2,2,1,1,2,4,3,3,1,1,2,1,2,3,4,2,3
6,6,6,1,4,6,1,1,6,1,4,6,6,1,1,6,6,6,6,6,6
4,2,3,2,2,3,4,2,2,1,1,2,4,2,2,2,3,3,1,3,3
6,6,4,1,1,4,6,1,1,6,4,6,6,1,1,6,6,6,6,6,6
1,3,3,1,3,1,1,3,2,2,3,3,1,3,3,1,3,3,1,3,3
1,2,3,1,6,1,1,6,3,2,5,3,1,1,2,1,6,2,1,6,2
6,2,2,6,6,6,1,2,2,2,5,3,6,2,2,2,2,2,2,2,2
6,1,4,1,1,1,6,1,1,6,4,4,6,1,1,6,6,6,6,6,1
1,2,3,1,2,4,1,2,2,2,3,2,1,2,2,1,3,3,2,3,3
6,6,6,1,4,4,6,1,1,6,4,6,6,1,4,6,6,6,6,6,6
1,2,2,6,2,3,1,2,2,1,1,1,1,2,2,2,3,3,1,3,3
6,6,6,1,1,4,6,1,6,1,4,6,6,1,4,1,6,6,6,6,6
1,2,2,1,2,3,1,2,2,1,1,2,1,2,2,2,3,3,1,3,3
6,4,1,1,4,1,6,6,1,2,4,3,6,6,1,1,6,6,6,6,6
4,2,2,4,2,2,4,1,2,4,3,3,4,1,2,4,2,3,4,2,3
6,6,6,1,4,6,6,6,6,6,4,6,6,1,1,6,6,6,6,6,6
1,2,3,2,2,3,4,2,2,1,1,2,4,2,2,2,3,3,1,3,3
6,6,1,1,1,4,6,1,4,6,4,6,6,1,4,6,6,6,6,4,6
1,3,2,4,3,2,4,3,2,4,3,3,4,3,3,4,3,3,4,3,3
1,2,3,4,6,1,4,6,3,4,5,3,4,2,2,1,2,2,1,2,2
4,2,2,5,6,1,1,2,2,2,5,3,1,2,2,2,2,2,1,2,2
6,1,4,1,1,1,1,1,1,6,4,4,6,1,1,6,1,6,6,1,1
1,2,3,1,2,4,1,2,2,2,3,2,4,2,2,1,3,3,1,3,3
6,1,4,1,1,1,6,1,1,6,4,4,6,1,1,6,6,6,6,6,1
1,2,3,1,2,4,1,3,2,2,3,2,1,2,2,1,3,3,1,3,3
6,6,6,1,1,4,6,6,6,6,4,6,6,1,1,6,6,6,6,6,6
1,2,2,2,2,3,1,2,2,1,1,2,1,2,2,2,3,3,1,3,3
6,2,3,1,6,1,1,6,3,1,5,3,1,2,2,1,2,2,1,2,2
1,2,2,1,2,6,1,2,2,2,5,3,1,2,2,2,2,2,1,2,2
6,1,6,6,4,1,6,6,6,6,4,6,6,6,1,6,6,6,6,6,6
4,2,2,5,2,1,1,1,2,2,3,3,1,2,2,1,1,3,1,2,3
6,6,6,1,4,6,6,6,6,4,4,6,6,1,6,6,6,6,6,6,6
1,2,3,2,2,3,4,2,2,1,1,2,4,2,2,2,3,3,1,3,3
6,6,1,1,1,4,6,6,4,6,4,6,6,1,1,6,6,6,6,4,1
1,3,2,4,3,2,4,3,2,2,3,3,4,3,3,1,3,3,4,3,3
1,2,3,1,4,1,1,2,6,2,5,3,6,2,2,1,2,2,1,2,2
1,2,2,1,6,1,1,2,2,2,6,3,1,2,2,1,2,2,1,2,2
6,6,4,1,1,1,1,1,1,1,4,4,1,1,1,1,1,1,1,1,1
4,2,3,2,2,2,4,2,2,4,3,2,4,2,2,2,3,3,1,3,3
6,6,6,6,1,4,6,6,6,6,4,6,6,1,1,6,6,6,6,6,6
1,2,2,2,2,3,1,2,2,1,1,2,1,2,2,2,3,3,1,3,3
6,1,1,6,4,1,6,6,6,6,6,6,6,6,1,6,6,6,6,6,6
4,2,2,4,1,2,1,1,2,2,3,3,1,3,2,2,2,3,4,3,3
6,6,6,6,4,6,6,6,6,6,4,6,6,1,1,6,6,6,6,6,6
1,2,3,2,2,3,1,2,2,1,1,2,1,2,2,2,3,3,1,3,3
6,6,1,1,1,4,1,6,4,6,4,6,6,1,1,6,6,6,6,4,1
1,3,2,4,3,2,1,3,2,2,3,3,4,3,3,1,3,3,4,3,3
6,1,1,6,4,1,6,6,6,1,6,6,6,6,1,6,6,6,6,6,6
4,2,2,5,1,2,1,1,2,2,3,3,2,3,2,2,2,3,1,3,3
6,6,6,1,1,6,1,6,6,1,4,6,6,1,1,1,6,6,1,6,6
1,2,3,2,2,2,1,2,2,1,1,2,4,2,2,2,3,3,1,3,3
6,6,6,1,1,1,1,6,1,1,4,6,1,1,1,6,6,6,6,4,1
1,3,2,4,3,2,4,3,2,2,3,3,4,3,3,2,3,3,4,3,3
1,2,3,1,4,1,1,6,3,2,5,3,1,6,2,1,2,2,1,2,2
4,2,2,1,6,1,1,2,2,2,6,3,1,2,2,2,2,2,1,2,2
6,6,4,1,1,1,1,1,1,1,4,4,1,1,1,1,1,1,1,1,1
4,2,3,2,2,2,4,2,2,4,3,2,4,2,2,2,3,3,1,3,3
6,6,6,1,1,4,1,6,6,6,4,6,6,1,1,6,6,6,6,6,6
1,2,2,2,2,3,4,2,2,1,1,2,4,2,2,2,3,3,1,3,3
1,2,3,1,4,1,1,2,3,2,5,3,1,2,2,1,2,2,1,2,2
4,2,2,1,6,1,5,2,2,2,6,3,1,2,2,1,2,2,1,2,2
6,6,4,1,1,1,1,1,1,1,4,4,1,1,1,1,1,1,1,1,1
4,2,3,2,2,2,4,2,2,2,3,2,4,2,2,2,3,3,1,3,3
6,6,6,1,1,4,6,6,6,6,4,6,6,1,1,6,6,6,6,6,6
1,2,2,6,2,3,1,2,2,1,1,1,6,2,2,2,3,2,1,3,3
6,1,1,6,4,6,6,6,6,4,6,6,6,6,1,1,6,6,6,6,6
1,2,2,4,1,2,4,1,2,2,3,3,4,1,2,2,2,2,4,2,3
6,6,6,1,4,6,1,6,6,6,4,6,6,1,1,6,6,6,6,6,6
1,2,3,2,2,2,1,2,2,1,1,2,4,2,2,2,3,3,1,3,3
6,1,6,1,1,4,1,6,1,1,4,6,1,1,1,6,6,6,1,4,1
1,3,2,4,3,2,1,3,2,2,3,3,4,3,3,1,3,3,4,3,3
6,6,6,1,1,4,6,6,6,6,4,6,6,1,1,6,6,6,6,6,6
1,2,2,2,2,3,1,2,2,1,1,2,4,2,2,2,3,3,1,3,3
6,1,1,6,1,6,6,6,6,1,6,6,6,6,1,6,6,6,6,6,6
4,2,2,5,1,2,1,1,2,2,3,3,1,1,2,2,2,2,1,3,3
6,6,6,1,1,6,6,6,6,6,4,6,6,1,1,6,6,6,6,6,6
1,2,3,2,2,2,4,2,2,1,1,2,4,2,2,2,3,3,1,3,3
6,6,1,1,1,4,1,6,4,1,4,6,6,1,1,6,6,1,6,4,1
4,3,2,4,3,2,4,3,2,4,3,3,4,3,3,4,3,3,4,3,3
6,2,3,1,4,1,1,6,3,1,5,3,1,6,2,1,2,2,1,2,2
1,2,2,5,6,1,1,2,2,2,6,3,1,2,2,2,2,2,1,2,2
6,6,4,1,1,1,1,1,1,1,4,4,6,1,1,6,1,1,6,1,1
4,2,3,2,2,2,4,2,2,4,2,2,4,2,2,2,3,3,1,3,3
6,1,1,1,1,1,6,1,6,2,6,6,6,1,1,1,6,6,6,6,6
1,2,2,4,1,2,4,1,2,4,3,3,4,2,2,4,2,3,4,3,3
6,6,6,1,1,4,6,6,6,6,6,6,6,1,1,6,6,6,6,6,1
1,2,3,2,2,2,4,2,2,1,1,2,4,2,2,2,3,3,1,3,3
6,6,6,1,1,4,6,6,4,6,4,6,6,1,1,6,1,1,6,4,1
4,3,2,4,3,2,4,3,2,4,3,3,4,3,3,4,3,3,4,3,3
6,1,3,1,4,1,1,6,3,1,5,3,1,6,2,1,2,2,1,2,2
1,2,2,5,1,1,1,2,2,2,6,3,1,2,2,1,2,2,1,2,2
6,6,4,1,1,1,1,1,1,1,4,6,1,1,1,1,1,1,1,1,1
4,2,3,2,2,2,4,2,2,4,2,3,4,2,2,2,3,3,1,3,3
6,6,6,1,1,4,1,6,6,1,4,6,6,1,1,1,1,1,1,1,1
1,2,2,2,2,2,4,2,2,1,1,2,4,2,2,2,3,3,1,3,3
1,5,3,1,4,1,1,6,3,1,6,3,1,6,2,1,2,2,1,2,2
4,2,2,5,6,1,1,2,2,2,6,3,1,2,2,2,2,2,1,2,2
6,1,1,6,1,1,6,1,6,6,6,6,6,1,1,6,6,6,6,6,6
1,2,2,4,1,2,1,1,2,2,3,3,1,2,2,2,2,3,4,3,3
6,6,6,1,1,4,1,6,6,1,6,6,6,1,1,6,6,6,6,6,1
1,2,3,2,2,2,4,2,2,1,1,2,4,2,2,2,3,3,1,3,3
6,6,6,1,1,4,6,6,4,6,4,6,6,1,1,6,1,1,6,4,1
4,3,2,4,3,2,4,3,2,4,3,3,4,3,3,4,3,3,4,3,3
6,6,4,1,1,1,1,1,1,1,4,6,6,1,1,1,1,1,1,1,1
1,2,3,2,2,2,1,2,2,2,3,3,4,2,2,2,3,3,1,3,3
6,6,6,1,1,4,1,6,6,1,4,6,6,1,1,6,1,1,6,1,1
1,2,2,2,2,2,1,2,2,1,1,2,1,2,2,2,3,3,1,3,3
6,6,6,1,1,4,1,6,4,1,4,6,6,1,1,6,1,1,6,4,1
4,3,2,4,3,2,4,3,2,2,3,3,4,3,3,4,3,3,4,3,3
1,2,3,1,4,1,1,2,3,1,5,3,1,6,2,1,2,2,1,2,2
4,2,2,5,6,1,1,2,2,2,6,3,1,2,2,1,2,2,1,2,2
6,6,4,1,1,1,1,1,1,6,4,6,6,1,1,6,1,1,6,1,1
4,2,3,2,2,2,4,2,2,4,3,3,4,2,2,2,3,3,1,3,3
6,6,6,1,1,4,6,6,6,6,4,6,6,1,1,6,6,6,6,1,1
1,2,2,2,2,2,4,2,2,1,1,2,4,2,2,2,3,3,1,3,3
6,1,1,1,1,6,1,1,6,2,6,3,6,1,1,1,6,6,6,6,6
1,2,2,1,1,2,1,1,2,2,3,3,2,2,2,2,2,3,1,3,3
6,6,6,1,1,4,6,6,6,6,6,6,6,1,1,6,6,6,6,6,6
1,2,3,2,2,2,4,2,2,1,1,2,4,2,2,2,3,3,1,3,3
6,1,1,1,1,6,6,6,6,1,6,6,6,6,1,1,6,6,6,6,6
1,2,2,4,1,2,1,1,2,2,3,3,1,2,2,2,2,3,4,3,3
6,6,6,1,1,4,6,6,6,6,6,6,6,1,1,6,6,6,6,6,6
1,2,3,1,2,2,1,2,2,1,1,2,1,2,2,2,3,3,1,3,3
6,6,6,1,1,1,1,1,4,1,4,6,6,1,1,1,6,1,6,4,4
1,3,3,4,3,2,1,3,2,2,3,3,1,3,3,1,3,3,2,3,3
1,2,3,1,6,1,1,2,3,1,5,3,1,6,2,1,2,2,1,2,2
1,2,2,6,6,1,1,2,2,2,6,3,1,2,2,2,2,2,1,2,2
6,6,4,1,1,1,1,1,1,1,4,6,6,1,1,1,1,1,1,1,1
1,2,3,1,2,2,1,3,2,2,3,3,1,2,2,1,3,3,2,3,3
6,6,6,1,1,4,1,1,6,1,4,6,6,1,1,6,6,6,6,6,6
1,2,3,1,2,2,1,2,2,1,1,2,1,2,2,2,3,3,1,3,3
6,6,6,1,1,4,1,1,6,6,4,6,6,1,1,6,6,6,6,6,6
1,2,3,1,2,2,1,2,2,1,1,2,1,2,2,1,3,3,1,3,3
6,1,1,1,1,6,1,6,6,2,6,3,1,6,1,1,6,6,1,6,6
4,2,2,5,1,2,1,1,2,2,3,3,1,3,2,2,3,3,1,3,3
6,6,4,1,4,4,1,1,6,1,6,6,6,1,1,1,6,6,1,6,6
1,2,3,2,2,2,1,2,2,2,3,2,1,2,2,2,3,3,1,3,3
6,6,6,1,1,4,1,6,4,1,4,6,1,1,1,1,1,1,1,4,4
1,3,2,1,3,2,1,3,2,2,3,3,1,3,3,1,3,3,2,3,3
6,2,3,1,4,1,1,2,3,1,5,3,1,2,2,1,2,2,1,2,2
4,2,2,4,6,1,4,2,2,2,6,3,4,2,2,4,2,2,1,2,2
6,6,4,1,1,1,1,1,1,1,4,6,1,1,1,1,1,1,1,4,1
1,2,3,1,2,2,1,3,2,2,3,3,1,3,2,1,3,3,2,3,3
6,6,1,1,1,4,1,1,4,1,4,6,1,1,1,2,1,1,1,4,4
1,2,3,1,2,4,1,3,2,2,3,3,1,2,2,1,3,3,2,3,3
6,6,6,1,1,4,1,1,6,1,4,6,1,1,1,1,6,1,1,6,6
1,2,2,1,2,2,1,2,2,1,1,2,1,2,2,1,3,3,1,3,3
6,2,3,1,4,1,1,2,6,1,5,3,1,2,2,1,2,2,1,2,2
1,2,2,6,3,1,1,2,2,2,6,3,1,2,2,2,2,2,1,2,2
6,1,1,6,1,4,1,6,6,2,6,6,6,6,1,1,6,6,6,6,6
4,2,2,5,1,2,1,1,2,2,3,3,1,3,2,2,3,3,1,3,3
6,6,6,1,1,1,6,1,6,6,6,6,6,1,1,6,6,6,6,6,6
1,2,3,1,2,2,1,2,2,2,3,2,1,2,2,1,3,3,1,3,3
6,6,6,1,1,1,1,1,4,6,4,6,6,1,1,1,1,1,6,4,4
1,3,3,1,3,2,1,3,2,2,3,3,1,3,3,1,3,3,1,3,3
1,2,3,1,4,1,1,2,6,1,5,3,1,2,2,1,2,2,1,2,2
1,2,2,5,6,1,1,2,2,2,6,3,1,2,2,2,2,2,1,2,2
6,6,4,1,1,4,1,1,4,1,4,6,1,1,1,1,1,1,6,4,4
1,2,3,1,2,2,1,3,2,2,3,3,1,3,2,1,3,3,1,3,3
6,6,6,1,1,4,1,1,6,1,4,6,6,1,1,1,6,1,6,6,6
1,2,3,1,2,2,1,2,2,1,3,2,1,2,2,1,3,3,1,3,3
6,1,1,1,1,4,1,6,6,1,6,3,1,6,1,1,6,6,1,6,6
6,2,2,6,1,3,6,1,2,2,3,3,6,1,2,2,3,3,6,3,3
6,1,6,1,4,1,1,4,6,1,6,6,6,1,1,1,6,6,6,6,6
1,2,3,1,2,2,1,2,2,2,3,2,1,2,2,1,3,3,1,3,3
6,6,6,1,1,1,1,1,4,1,4,6,1,1,1,1,6,1,6,4,4
1,3,3,1,3,2,1,3,2,2,3,3,1,3,3,1,3,3,1,3,3
6,1,1,1,1,4,1,6,6,1,6,3,1,6,1,1,6,6,1,6,6
1,2,2,6,1,3,1,1,2,2,3,3,1,3,2,2,3,3,1,3,3
6,1,6,1,4,1,6,1,6,6,4,6,6,1,1,6,6,6,6,6,6
1,2,3,1,2,2,1,2,2,2,3,2,1,2,2,1,3,3,1,3,3
6,6,6,1,1,1,1,1,4,6,4,6,6,1,1,6,1,1,6,4,4
1,3,3,6,3,2,1,3,2,2,3,3,1,3,3,1,3,3,1,3,3
6,2,2,1,4,1,1,2,1,1,5,3,1,2,2,1,2,2,1,2,2
1,2,2,1,6,1,1,2,2,2,6,3,1,2,2,1,2,2,1,2,2
6,6,4,1,1,4,1,1,4,1,4,6,1,1,4,1,1,1,6,4,4
1,2,3,1,2,2,1,3,2,2,3,3,1,3,2,1,3,3,2,3,3
6,6,6,1,1,4,1,1,6,6,4,6,6,1,1,6,6,1,6,6,6
1,2,3,1,2,2,1,2,2,1,3,2,1,2,2,1,3,3,1,3,3
1,2,2,1,4,1,1,2,2,1,5,3,1,2,2,1,2,2,1,2,2
1,2,2,5,6,1,1,2,2,2,6,3,1,2,2,2,2,2,1,2,2
6,6,4,1,1,1,6,6,4,6,4,6,6,1,4,6,1,1,6,4,4
4,2,3,1,2,2,4,2,2,4,3,3,4,2,2,1,3,3,4,3,3
6,6,4,1,4,4,6,1,4,6,4,6,6,1,1,6,1,1,6,4,4
2,2,3,2,2,2,2,2,2,2,2,2,2,2,2,2,2,2,2,2,2
6,4,5,6,4,1,1,6,6,6,6,3,6,6,1,6,6,6,6,6,6
2,2,2,2,2,1,2,2,2,2,5,3,2,2,2,2,2,2,2,2,2
6,4,4,6,4,4,6,6,6,6,4,6,6,6,1,6,1,1,6,4,1
2,2,3,2,2,2,2,2,2,2,2,2,2,2,2,2,2,2,2,2,2
6,6,6,1,4,5,2,6,4,6,4,6,6,4,4,6,4,1,6,4,4
2,2,3,2,2,2,2,2,2,2,5,3,2,2,2,2,2,2,2,2,2
6,6,4,6,4,4,6,6,4,6,4,6,6,1,1,6,1,1,6,4,4
2,2,3,2,3,2,2,2,2,2,2,2,2,2,2,2,2,2,2,2,2
6,4,3,6,4,5,1,6,6,1,6,3,6,6,1,1,6,6,6,6,6
2,2,2,2,2,1,2,2,2,2,5,3,2,2,2,2,2,2,2,2,2
6,4,6,6,4,4,6,6,6,6,4,6,6,4,1,6,1,6,6,1,6
2,2,3,2,3,2,2,2,2,2,2,2,2,2,2,2,2,2,2,2,2
6,6,6,1,4,5,6,6,4,6,4,6,6,4,1,6,4,1,6,4,4
2,3,3,2,3,2,2,3,2,2,3,3,2,3,2,2,2,2,2,2,2
6,2,2,1,4,1,1,2,2,1,5,3,1,2,2,1,2,2,1,2,2
2,2,2,2,2,1,2,2,2,2,6,3,2,2,2,2,2,2,2,2,2
6,6,6,1,4,5,2,6,4,6,4,6,6,4,4,6,4,1,6,4,4
2,2,3,2,2,2,2,2,2,2,4,2,2,2,2,2,2,2,2,2,2
6,4,3,6,4,4,6,6,6,6,6,3,6,6,1,6,6,6,6,6,6
2,2,2,2,2,2,2,2,2,2,5,3,2,2,2,2,2,2,2,2,2
6,4,6,6,4,1,6,6,6,6,6,6,6,6,1,6,1,6,6,1,1
2,2,3,2,2,4,2,2,2,2,2,2,2,2,2,2,2,2,2,2,2
6,6,6,6,4,5,6,6,4,6,4,6,6,4,1,6,1,1,6,1,1
2,2,3,2,2,2,2,2,2,2,5,3,2,2,2,2,2,2,2,2,2
6,2,2,1,4,1,1,2,2,1,5,3,1,2,2,1,2,2,1,2,2
2,2,2,2,2,1,2,2,2,2,6,3,2,2,2,2,2,2,1,2,2
6,6,6,6,4,4,6,6,4,6,4,6,6,4,1,6,1,1,6,4,4
2,2,3,2,2,1,2,2,2,2,4,3,2,2,2,2,2,2,2,2,2
6,6,4,6,4,4,6,6,6,6,4,6,6,1,1,6,1,6,6,1,1
2,2,3,2,2,4,2,2,2,2,2,2,2,2,2,2,2,2,2,2,2
6,2,2,1,4,1,1,2,2,2,5,3,1,2,2,1,2,2,1,2,2
2,2,2,2,2,1,2,2,2,2,6,3,2,2,2,2,2,2,2,2,2
6,4,3,6,4,5,6,6,6,6,6,3,6,6,1,6,6,6,6,6,6
2,2,2,2,2,2,2,2,2,2,6,3,2,2,2,2,2,2,2,2,2
6,6,6,6,4,1,6,6,6,6,6,6,6,6,1,6,1,6,6,1,1
2,2,3,2,2,4,2,2,2,2,2,2,2,2,2,2,2,2,2,2,2
6,6,4,6,4,4,6,6,4,6,4,6,6,1,1,6,1,1,6,1,1
2,2,3,2,2,2,2,2,2,2,5,3,2,2,2,2,2,2,2,2,2
6,6,6,1,4,4,6,6,4,6,4,6,6,4,1,6,1,1,6,4,4
2,2,3,2,2,1,2,2,2,2,4,3,2,2,2,2,2,2,2,2,2
6,6,6,6,4,4,6,6,6,6,4,6,6,1,6,6,1,6,6,1,1
2,2,3,2,2,4,2,2,2,2,2,2,2,2,2,2,2,2,2,2,2
6,6,4,6,4,4,6,6,4,6,4,6,6,1,1,6,1,1,6,1,1
2,2,3,2,2,2,2,2,2,2,5,3,2,2,2,2,2,2,2,2,2
6,2,2,1,4,1,1,2,2,2,5,3,1,2,2,1,2,2,1,2,2
2,2,2,2,2,1,2,2,2,2,6,3,2,2,2,2,2,2,1,2,2
6,6,6,1,4,4,6,6,4,6,4,6,6,4,1,6,1,1,6,1,1
2,2,3,2,1,1,2,2,2,2,4,3,2,2,2,2,2,2,2,2,2
6,6,4,6,4,4,6,6,6,6,4,6,6,1,6,6,1,6,6,1,1
2,2,3,2,2,4,2,2,2,2,2,2,2,2,2,2,2,2,2,2,2
6,4,3,6,4,1,6,6,6,6,6,3,6,6,1,6,6,6,6,6,6
2,2,2,2,2,2,2,2,2,2,5,3,2,2,2,2,2,2,2,2,2
6,6,6,6,4,1,6,6,6,6,4,6,6,1,1,6,1,6,6,1,1
2,2,3,2,2,4,2,2,2,2,2,2,2,2,2,2,2,2,2,2,2
6,4,5,6,4,1,6,6,6,6,6,3,6,6,1,6,6,6,6,6,6
2,2,2,2,2,2,2,2,2,2,5,3,2,2,2,2,2,2,2,2,2
6,6,6,6,4,6,6,6,6,6,4,6,6,1,6,6,6,6,6,6,6
2,2,3,2,2,4,2,2,2,2,2,2,2,2,2,2,2,2,2,2,2
6,6,6,6,4,4,6,6,6,6,4,6,6,1,1,6,1,6,6,1,1
2,2,3,2,2,1,2,2,2,2,4,3,2,2,2,2,2,2,2,2,2
1,2,2,1,4,1,1,2,2,2,5,3,6,2,2,1,2,2,1,2,2
4,2,2,1,6,1,1,2,2,2,6,3,1,2,2,2,2,2,2,2,2
6,6,6,6,4,4,6,6,6,6,4,6,6,1,1,6,1,6,6,4,1
2,2,3,2,2,1,2,2,2,2,2,2,2,2,2,2,2,2,2,2,2
6,6,6,6,4,6,6,6,6,6,4,6,6,6,6,6,6,6,6,6,6
2,2,3,2,2,4,2,2,2,2,2,2,2,2,2,2,2,2,2,2,2
6,6,6,6,4,6,6,6,6,6,4,6,6,1,6,6,6,6,6,6,6
2,2,3,2,2,4,2,2,2,2,2,2,2,2,2,2,2,2,2,2,2
6,4,5,6,4,1,6,6,6,6,6,3,6,6,1,6,6,6,6,6,6
2,2,3,2,2,1,2,2,2,2,5,3,2,2,2,2,2,2,2,2,2
6,1,6,6,4,6,6,6,6,6,4,6,6,6,6,6,6,6,6,6,6
2,2,3,2,2,4,2,2,2,2,2,2,2,2,2,2,2,2,2,2,2
6,6,6,6,4,4,6,6,6,6,4,6,6,1,6,6,6,6,6,6,6
2,2,3,2,2,1,2,2,2,2,4,3,2,2,2,2,2,2,2,2,2
1,2,2,1,4,2,1,2,2,4,5,3,1,2,2,1,2,2,1,2,2
2,2,2,2,6,1,2,2,2,2,5,3,2,2,2,2,2,2,1,2,2
6,6,6,6,4,4,6,6,6,6,4,6,6,6,1,6,1,6,6,4,6
2,2,3,2,2,1,2,2,2,2,2,3,2,2,2,2,2,2,2,2,2
6,6,6,6,4,4,6,6,6,6,4,6,6,1,1,6,1,6,6,4,6
2,2,3,2,2,1,2,2,2,2,2,4,2,2,2,2,2,2,2,2,2
6,6,6,6,4,6,6,6,6,6,4,6,6,1,6,6,1,6,6,6,6
2,2,3,2,2,4,2,2,2,2,2,2,2,2,2,2,2,2,2,2,2
1,2,2,1,4,1,1,2,2,2,5,3,1,2,2,1,2,2,1,2,2
4,2,2,1,6,1,1,2,2,2,6,3,1,2,2,2,2,2,1,2,2
6,4,3,6,4,1,6,6,6,6,6,3,6,6,1,6,6,6,6,6,6
2,2,2,2,2,2,2,2,2,2,5,3,2,2,2,2,2,2,2,2,2
6,6,6,6,4,1,6,6,6,6,4,6,6,1,1,6,1,6,6,1,1
2,2,3,2,2,4,2,2,2,2,2,2,2,2,2,2,2,2,2,2,2
6,6,6,6,4,4,6,6,6,6,4,6,6,1,1,6,1,6,6,1,1
2,2,3,2,2,1,2,2,2,2,4,3,2,2,2,2,2,2,2,2,2
6,2,2,1,4,1,1,2,2,2,5,3,1,2,2,1,2,2,1,2,2
2,2,2,2,6,1,2,2,2,2,6,3,2,2,2,2,2,2,1,2,2
6,6,6,6,4,4,6,6,6,6,4,6,6,4,1,6,1,6,6,1,1
2,2,3,2,2,1,2,2,2,2,2,4,2,2,2,2,2,2,2,2,2
6,6,6,6,4,6,6,6,6,6,4,6,6,6,6,6,6,6,6,6,6
2,2,3,2,2,4,2,2,2,2,2,2,2,2,2,2,2,2,2,2,2
6,4,3,6,4,1,6,6,6,6,4,3,6,6,1,6,6,6,6,6,6
2,2,3,2,2,1,2,2,2,2,5,3,2,2,2,2,2,2,2,2,2
6,6,6,6,4,1,6,6,6,6,4,6,6,6,6,6,6,6,6,6,6
2,2,3,2,2,4,2,2,2,2,2,2,2,2,2,2,2,2,2,2,2
6,6,6,6,4,4,6,6,6,6,4,6,6,1,1,6,1,6,6,1,1
2,2,3,2,2,2,2,2,2,2,4,3,2,2,2,2,2,2,2,2,2
6,4,3,6,4,1,6,6,6,6,6,3,6,6,1,6,6,6,6,6,6
2,2,3,2,2,1,2,2,2,2,5,3,2,2,2,2,2,2,2,2,2
6,6,6,6,4,6,6,6,6,6,4,6,6,1,6,6,6,6,6,6,6
2,2,3,2,2,4,2,2,2,2,2,2,2,2,2,2,2,2,2,2,2
6,6,6,6,4,4,6,6,6,6,4,6,6,6,6,6,6,6,6,1,6
2,2,3,2,2,1,2,2,2,2,4,3,2,2,2,2,2,2,2,2,2
1,2,2,1,4,1,1,2,2,2,5,3,1,2,2,1,2,2,1,2,2
4,2,2,1,6,1,1,2,2,2,6,3,1,2,2,2,2,2,1,2,2
6,6,6,1,4,4,6,6,6,6,4,6,6,4,1,6,1,1,6,1,1
2,2,3,2,2,1,2,2,2,2,4,3,2,2,2,2,2,2,2,2,2
6,6,6,6,4,4,6,6,6,6,4,6,6,1,6,6,1,6,6,1,1
2,2,3,2,2,4,2,2,2,2,2,2,2,2,2,2,2,2,2,2,2
1,1,2,1,4,1,1,6,2,2,5,3,6,2,2,1,2,2,1,2,2
4,2,2,4,6,1,1,2,2,2,6,3,1,2,2,2,2,2,1,2,2
6,6,6,1,4,4,6,6,6,6,4,6,6,1,1,6,1,1,6,1,1
2,2,3,2,2,1,2,2,2,2,4,3,2,2,2,2,2,2,2,2,2
6,6,4,6,4,6,6,6,6,6,4,6,6,1,6,6,1,6,6,1,1
2,2,3,2,2,4,2,2,2,2,2,2,2,2,2,2,2,2,2,2,2
6,4,3,6,4,1,6,6,6,6,6,3,6,6,1,6,6,6,6,6,6
2,2,2,2,2,2,2,2,2,2,5,3,2,2,2,2,2,2,2,2,2
6,6,6,6,4,1,6,6,6,6,4,6,6,1,6,6,1,6,6,1,1
2,2,3,2,2,4,2,2,2,2,2,2,2,2,2,2,2,2,2,2,2
6,6,6,6,4,4,6,6,6,6,4,6,6,1,1,6,1,6,6,1,1
2,2,3,2,2,2,2,1,2,2,4,3,2,2,2,2,2,2,2,2,2
6,6,6,6,4,4,6,6,6,6,4,6,6,1,1,6,1,6,6,1,1
2,2,2,2,2,4,2,2,2,2,2,2,2,2,2,2,2,2,2,2,2
6,4,3,6,4,5,6,6,6,6,6,3,6,6,1,6,6,6,6,6,6
2,2,3,2,2,2,2,2,2,2,5,3,2,2,2,2,2,2,2,2,2
6,6,6,6,4,1,6,6,6,6,4,6,6,1,6,6,1,6,6,1,1
2,2,3,2,2,4,2,2,2,2,2,2,2,2,2,2,2,2,2,2,2
6,6,6,1,4,4,6,6,4,6,4,6,6,1,1,6,1,1,6,1,1
2,2,3,2,2,2,2,1,2,2,4,3,2,2,2,2,2,2,2,2,2
1,2,2,1,4,1,1,2,2,2,5,3,1,2,2,1,2,2,1,2,2
1,2,2,1,6,1,1,2,2,2,6,3,1,2,2,2,2,2,1,2,2
6,6,6,1,4,5,6,6,4,6,4,6,6,1,1,6,1,1,6,1,1
2,2,3,2,2,1,2,2,2,2,4,3,2,2,2,2,2,2,2,2,2
6,4,3,6,4,5,6,6,6,6,6,3,6,6,1,6,6,6,6,6,6
2,2,3,2,2,2,2,2,2,2,5,3,2,2,2,2,2,2,2,2,2
6,6,6,6,4,4,6,1,6,6,4,6,6,1,1,6,1,6,6,1,1
2,2,3,2,2,4,2,2,2,2,2,2,2,2,2,2,2,2,2,2,2
6,6,4,6,4,4,6,6,4,6,4,6,6,1,1,6,1,1,6,1,1
2,2,3,2,2,2,2,2,2,2,4,3,2,2,2,2,2,2,2,2,2
1,2,2,1,4,1,1,2,2,2,5,3,6,2,2,1,2,2,1,2,2
2,2,2,4,6,1,2,2,2,2,6,3,2,2,2,2,2,2,2,2,2
6,6,6,6,4,4,6,6,6,6,4,6,6,4,1,6,1,1,6,1,1
2,2,3,2,2,1,2,2,2,2,2,3,2,2,2,2,2,2,2,2,2
6,6,4,6,4,4,6,6,6,6,4,6,6,1,1,6,1,6,6,1,1
2,2,2,2,2,4,2,2,2,2,2,2,2,2,2,2,2,2,2,2,2
1,2,2,1,4,1,1,2,2,2,5,3,1,2,2,1,2,2,1,2,2
4,2,2,1,6,1,1,2,2,2,6,3,1,2,2,2,2,2,1,2,2
6,4,3,6,4,1,6,6,6,6,6,3,6,6,1,6,6,6,6,6,6
2,2,2,2,2,2,2,2,2,2,5,3,2,2,2,2,2,2,2,2,2
6,6,6,6,4,1,6,6,6,6,4,6,6,1,1,6,1,6,6,1,1
2,2,3,2,2,4,2,2,2,2,2,2,2,2,2,2,2,2,2,2,2
6,6,6,6,4,5,6,6,4,6,4,6,6,1,1,6,1,1,6,1,1
2,2,3,2,2,2,2,2,2,2,4,3,2,2,2,2,2,2,2,2,2
6,6,6,6,1,4,6,6,6,6,4,6,6,1,1,6,1,1,6,1,1
2,2,3,2,2,1,2,2,2,2,4,3,2,2,2,2,2,2,2,2,2
6,6,6,6,4,4,6,6,6,6,4,6,6,1,1,6,1,6,6,1,1
2,2,3,2,2,4,2,2,2,2,2,2,2,2,2,2,2,2,2,2,2
6,6,6,6,1,4,6,6,4,6,4,6,6,1,1,6,1,6,6,1,1
2,2,3,2,2,2,2,1,2,2,4,3,2,2,2,2,2,2,2,2,2
1,2,2,1,4,1,1,2,2,2,5,3,1,2,2,1,2,2,1,2,2
4,2,2,1,6,1,1,2,2,2,6,3,1,2,2,2,2,2,1,2,2
6,6,6,6,4,4,6,6,6,6,4,6,6,1,1,6,1,1,6,1,1
2,2,3,2,2,1,2,2,2,2,4,3,2,2,2,2,2,2,2,2,2
6,6,6,6,4,4,6,6,6,6,4,6,6,1,1,6,1,6,6,1,1
2,2,3,2,2,4,2,2,2,2,2,2,2,2,2,2,2,2,2,2,2
6,4,3,6,4,1,6,6,6,6,6,3,6,6,1,6,6,6,6,6,6
2,2,2,2,2,2,2,2,2,2,5,3,2,2,2,2,2,2,2,2,2
6,6,6,6,4,1,6,6,6,6,4,6,6,1,1,6,1,6,6,1,1
2,2,3,2,2,4,2,2,2,2,2,2,2,2,2,2,2,2,2,2,2
6,4,5,6,4,1,6,6,6,6,6,3,6,6,1,6,6,6,6,6,6
2,2,3,2,2,1,2,2,2,2,5,3,2,2,2,2,2,2,2,2,2
6,6,6,6,4,5,6,6,6,6,4,6,6,1,6,6,6,6,6,6,6
2,2,3,2,2,4,2,2,2,2,2,2,2,2,2,2,2,2,2,2,2
6,6,6,6,4,4,6,6,4,6,4,6,6,1,1,6,1,6,6,1,1
2,2,3,2,2,2,2,2,2,2,4,3,2,2,2,2,2,2,2,2,2
1,1,2,1,4,1,1,6,2,2,5,3,1,2,2,1,2,2,1,2,2
1,2,2,4,6,1,1,2,2,2,5,3,1,2,2,1,2,2,1,2,2
6,6,6,6,4,4,6,6,6,6,4,6,6,1,1,6,1,6,6,4,1
2,2,3,2,2,1,2,2,2,2,2,3,2,2,2,2,2,2,2,2,2
6,6,6,6,4,4,6,6,6,6,4,6,6,1,1,6,1,6,6,1,1
2,2,2,2,2,4,2,2,2,2,2,2,2,2,2,2,2,2,2,2,2
6,6,4,6,4,4,6,6,6,6,4,6,6,1,1,6,1,6,6,1,1
2,2,3,2,2,4,2,2,2,2,2,2,2,2,2,2,2,2,2,2,2
6,4,5,6,4,1,6,6,6,6,6,3,6,6,1,6,6,6,6,6,6
2,2,2,2,2,2,2,2,2,2,5,3,2,2,2,2,2,2,2,2,2
6,6,6,6,4,4,6,6,6,6,4,6,6,1,1,6,1,6,6,1,1
2,2,3,2,2,4,2,2,2,2,2,2,2,2,2,2,2,2,2,2,2
6,1,6,6,4,4,6,6,6,6,4,6,6,1,1,6,6,6,6,1,6
2,2,3,2,2,1,2,2,2,2,4,3,2,2,2,2,2,2,2,2,2
1,2,2,1,4,1,1,2,2,2,5,3,1,2,2,1,2,2,1,2,2
2,2,2,2,6,1,2,2,2,2,6,3,2,2,2,2,2,2,2,2,2
6,6,6,6,4,4,6,6,6,6,4,6,6,1,1,6,1,1,6,1,1
2,2,3,2,2,1,2,2,1,2,2,3,2,2,2,2,2,2,2,2,2
6,6,6,6,1,4,6,6,6,6,4,6,6,1,1,6,1,1,6,1,1
2,2,3,2,2,1,2,2,2,2,2,3,2,2,2,2,2,2,2,2,2
6,6,6,6,4,6,6,6,6,6,4,6,6,1,6,6,1,6,6,1,1
2,2,3,2,2,4,2,2,2,2,2,2,2,2,2,2,2,2,2,2,2
1,1,2,1,4,1,1,6,2,2,5,3,1,2,2,1,2,2,1,2,2
4,2,2,5,2,1,1,2,2,2,5,3,1,2,2,2,2,2,2,2,2
6,4,5,6,4,1,5,6,6,6,6,3,6,6,1,6,6,6,6,6,6
2,2,2,2,2,2,2,2,2,2,5,3,2,2,2,2,2,2,2,2,2
6,6,6,6,4,1,6,6,6,6,4,6,6,1,1,6,1,6,6,1,1
2,2,3,2,2,4,2,2,2,2,2,2,2,2,2,2,2,2,2,2,2
6,6,6,6,4,4,6,6,6,6,4,6,6,1,1,6,1,6,6,1,1
2,2,3,2,2,2,2,1,2,2,4,3,2,2,2,2,2,2,2,2,2
1,1,2,1,4,1,1,6,2,2,5,3,1,2,2,1,2,2,1,2,2
1,2,2,5,6,1,1,2,2,2,6,3,1,2,2,2,2,2,1,2,2
6,6,6,1,4,4,6,6,6,6,4,6,6,1,1,6,1,1,6,1,1
2,2,3,2,2,1,2,2,2,2,2,3,2,2,2,2,2,2,2,2,2
6,6,4,6,4,4,6,6,6,6,4,6,6,1,1,6,1,6,6,1,1
2,2,3,2,2,4,2,2,2,2,2,2,2,2,2,2,2,2,2,2,2
6,4,5,6,4,1,6,6,6,6,6,3,6,6,1,6,6,6,6,6,6
2,2,2,2,2,2,2,2,2,2,5,3,2,2,2,2,2,2,2,2,2
6,6,6,6,4,1,6,6,6,6,4,6,6,1,1,6,1,6,6,1,1
2,2,3,2,2,4,2,2,2,2,2,2,2,2,2,2,2,2,2,2,2
6,6,4,6,4,4,6,6,4,6,4,6,6,1,1,6,1,1,6,1,1
2,2,3,2,2,2,2,1,2,2,4,3,2,2,2,2,2,2,2,2,2
6,4,3,6,4,1,6,6,6,6,6,3,6,6,1,6,6,6,6,6,6
2,2,2,2,2,2,2,2,2,2,5,3,2,2,2,2,2,2,2,2,2
6,6,6,6,4,4,6,6,6,6,4,6,6,1,1,6,1,6,6,1,1
2,2,3,2,2,4,2,2,2,2,2,2,2,2,2,2,2,2,2,2,2
6,6,6,6,4,4,6,6,6,6,4,6,6,1,1,6,1,6,6,1,1
2,2,3,2,2,1,2,1,2,2,4,3,2,2,2,2,2,2,2,2,2
1,2,2,1,4,1,1,2,2,2,5,3,6,2,2,1,2,2,1,2,2
2,2,2,2,6,1,2,2,2,2,6,3,2,2,2,2,2,2,2,2,2
6,6,6,6,4,5,6,6,6,6,4,6,6,1,1,6,1,1,6,1,1
2,2,3,2,2,1,2,2,2,2,4,3,2,2,2,2,2,2,2,2,2
6,6,6,6,4,4,6,6,6,6,4,6,6,1,1,6,1,6,6,1,1
2,2,3,2,2,4,2,2,2,2,2,2,2,2,2,2,2,2,2,2,2
6,2,2,1,4,1,1,2,2,1,5,3,1,2,2,1,2,2,1,2,2
4,2,2,4,6,1,1,2,2,2,6,3,1,2,2,2,2,2,1,2,2
6,6,4,6,4,1,6,6,4,6,4,6,6,4,1,6,1,1,6,4,4
2,2,3,1,2,1,2,2,2,2,4,2,2,2,2,2,2,2,2,2,2
6,6,4,6,4,4,6,6,4,6,4,6,6,1,1,6,1,1,6,1,1
2,2,3,1,2,4,2,2,2,2,2,2,2,2,2,2,2,2,2,2,2
6,4,5,6,4,1,6,6,6,6,6,3,6,6,1,6,1,1,6,6,6
2,2,2,2,2,2,2,2,2,2,5,3,2,2,2,2,2,2,2,2,2
6,4,6,6,4,4,6,6,6,6,4,6,6,6,1,6,1,1,6,1,6
2,2,3,2,2,4,2,2,2,2,2,2,2,2,2,2,2,2,2,2,2
6,6,6,1,4,5,6,6,4,6,4,6,6,4,4,6,1,1,6,4,4
2,2,3,2,2,2,2,2,2,2,4,3,2,2,2,2,2,2,2,2,2
6,6,4,6,4,4,6,1,4,6,4,6,6,1,1,6,1,1,6,4,4
2,2,2,2,2,4,2,2,2,2,2,2,2,2,2,2,2,2,2,2,2
6,1,3,1,4,5,6,6,6,6,6,3,6,6,1,6,1,1,6,6,6
2,2,3,2,2,2,2,2,2,2,5,3,2,2,2,2,2,2,2,2,2
6,4,6,6,4,1,6,6,6,6,4,6,6,6,1,6,1,1,6,1,6
2,2,3,2,2,4,2,2,2,2,2,2,2,2,2,2,2,2,2,2,2
6,6,4,6,4,4,6,6,4,6,4,6,6,4,4,6,1,1,6,4,1
2,2,3,2,2,1,2,2,2,2,4,3,2,2,2,2,2,2,2,2,2
6,2,2,1,4,1,1,2,2,1,5,3,1,2,2,1,2,2,1,2,2
2,2,2,2,6,1,2,2,2,2,6,3,2,2,2,2,2,2,2,2,2
6,6,4,1,4,4,6,6,4,6,4,6,6,4,4,6,1,1,6,4,4
2,2,3,2,2,1,2,2,2,2,4,4,2,2,2,2,2,2,2,2,2
6,4,3,6,4,1,6,6,6,6,6,3,6,6,1,6,6,6,6,6,6
2,2,3,2,2,2,2,2,2,2,5,3,2,2,2,2,2,2,2,2,2
6,4,5,6,4,1,6,6,6,6,4,6,6,6,1,6,1,1,6,1,1
2,2,3,2,2,4,2,2,2,2,2,2,2,2,2,2,2,2,2,2,2
6,6,6,6,4,4,6,6,4,6,4,6,6,4,1,6,1,1,6,1,1
2,2,3,2,2,1,2,2,2,2,4,3,2,2,2,2,2,2,2,2,2
6,2,2,1,4,1,1,2,2,2,5,3,1,2,2,1,2,2,1,2,2
4,2,2,1,6,1,1,2,2,2,6,3,1,2,2,2,2,2,1,2,2
6,6,6,1,4,4,6,6,4,6,4,6,6,4,4,6,1,1,6,4,4
2,2,3,2,2,1,2,2,2,2,4,2,2,2,2,2,2,2,2,2,2
6,1,6,6,4,4,6,1,6,6,4,6,6,1,1,6,1,1,6,4,1
2,2,3,2,2,4,2,2,2,2,2,2,2,2,2,2,2,2,2,2,2
6,2,2,1,4,1,1,2,2,2,5,3,1,2,2,1,2,2,1,2,2
4,2,2,1,6,1,1,2,2,2,6,3,1,2,2,2,2,2,1,2,2
6,4,3,6,4,1,6,6,6,6,6,3,6,6,1,6,1,6,6,6,6
2,2,3,2,2,2,2,2,2,2,5,3,2,2,2,2,2,2,2,2,2
6,1,5,6,4,1,6,6,6,6,4,6,6,1,1,6,1,1,6,1,1
2,2,3,2,2,4,2,2,2,2,2,2,2,2,2,2,2,2,2,2,2
6,6,6,6,4,4,6,6,6,6,4,6,6,1,1,6,1,1,6,1,1
2,2,3,2,2,1,2,2,2,2,4,3,2,2,2,2,2,2,2,2,2
6,6,6,6,1,4,6,6,4,6,4,6,6,1,4,6,1,1,6,4,4
2,2,3,2,2,1,2,2,2,2,4,4,2,2,2,2,2,2,2,2,2
6,1,6,6,4,1,6,1,6,6,4,6,6,1,1,6,1,1,6,1,1
2,2,3,2,2,4,2,2,2,2,2,2,2,2,2,2,2,2,2,2,2
6,6,6,6,4,4,6,6,4,6,4,6,6,4,1,6,1,1,6,1,1
2,2,3,2,2,1,2,1,2,2,4,3,2,2,2,2,2,2,2,2,2
1,2,2,1,4,1,1,2,2,2,5,3,1,2,2,1,2,2,1,2,2
2,2,2,2,6,1,2,2,2,2,6,3,2,2,2,2,2,2,2,2,2
6,6,6,6,4,4,6,6,4,6,4,6,6,4,1,6,1,1,6,4,4
2,2,3,2,2,1,2,2,2,2,4,4,2,2,3,2,2,2,2,2,2
6,6,6,6,4,1,6,1,6,6,4,6,6,1,1,6,1,6,6,4,6
2,2,3,2,2,4,2,2,2,2,2,2,2,2,2,2,2,2,2,2,2
6,4,3,6,4,5,6,6,6,6,6,3,6,6,1,6,6,6,6,6,6
2,2,3,2,2,2,2,2,2,2,5,3,2,2,2,2,2,2,2,2,2
6,1,5,6,4,1,6,6,6,6,4,6,6,1,1,6,1,6,6,1,1
2,2,3,2,2,4,2,2,2,2,2,2,2,2,2,2,2,2,2,2,2
6,4,3,6,4,5,6,6,6,6,6,3,6,6,1,6,6,6,6,6,6
2,2,3,2,2,2,2,2,2,2,5,3,2,2,2,2,2,2,2,2,2
6,1,5,6,4,1,6,6,6,6,4,6,6,1,1,6,1,1,6,1,1
2,2,3,2,2,4,2,2,2,2,2,2,2,2,2,2,2,2,2,2,2
6,6,6,6,4,4,6,6,6,6,4,6,6,1,1,6,1,1,6,1,1
2,2,3,2,2,1,2,2,2,2,4,3,2,2,2,2,2,2,2,2,2
1,2,2,1,4,1,1,2,2,2,5,3,1,2,2,1,2,2,1,2,2
4,2,2,1,6,1,1,2,2,2,6,3,1,2,2,2,2,2,1,2,2
6,6,6,1,4,5,6,6,4,6,4,6,6,4,4,6,1,1,6,4,4
2,2,3,2,2,4,2,2,2,2,4,4,2,2,2,2,2,2,2,2,2
6,1,6,6,4,4,6,6,6,6,4,6,6,1,1,6,1,1,6,4,1
2,2,3,2,2,4,2,2,2,2,2,2,2,2,2,2,2,2,2,2,2
6,1,6,6,4,5,6,1,6,6,4,6,6,1,1,6,1,6,6,4,6
2,2,2,2,2,4,2,2,2,2,2,2,2,2,2,2,2,2,2,2,2
6,4,3,6,4,5,6,6,6,6,6,3,6,6,1,6,6,6,6,6,6
2,2,3,2,2,2,2,2,2,2,5,3,2,2,2,2,2,2,2,2,2
6,1,5,6,4,1,6,6,6,6,4,6,6,1,1,6,1,6,6,1,1
2,2,3,2,2,4,2,2,2,2,2,2,2,2,2,2,2,2,2,2,2
6,6,6,6,4,4,6,6,4,6,4,6,6,1,1,6,1,1,6,1,1
2,2,3,2,2,1,2,1,2,2,4,3,2,2,2,2,2,2,2,2,2
6,2,2,1,4,1,1,2,2,1,5,3,6,2,2,1,2,2,1,2,2
2,2,2,4,6,1,2,2,2,2,6,3,2,2,2,2,2,2,2,2,2
6,6,6,6,4,4,6,6,4,6,4,6,6,4,1,6,1,1,6,4,4
2,2,3,2,2,4,2,2,3,2,4,4,2,2,2,2,2,2,2,2,2
6,6,4,6,1,4,6,6,4,6,4,6,6,1,1,6,1,1,6,4,4
2,2,3,2,2,4,2,2,3,2,4,4,2,2,2,2,2,2,2,2,2
6,6,6,6,4,4,6,6,6,6,4,6,6,1,1,6,1,6,6,1,1
2,2,3,2,2,4,2,2,2,2,2,2,2,2,2,2,2,2,2,2,2
1,2,2,1,4,1,1,2,2,2,5,3,6,2,2,1,2,2,1,2,2
4,2,2,1,6,1,1,2,2,2,6,3,1,2,2,2,2,2,1,2,2
6,4,3,6,4,1,6,6,6,6,6,3,6,6,1,6,6,6,6,6,6
2,2,3,2,2,2,2,2,2,2,5,3,2,2,2,2,2,2,2,2,2
6,4,5,6,4,1,6,6,6,6,4,6,6,6,1,6,1,6,6,1,6
2,2,3,2,2,4,2,2,2,2,2,2,2,2,2,2,2,2,2,2,2
6,6,6,6,4,4,6,6,6,6,4,6,6,1,1,6,1,6,6,1,6
2,2,3,2,2,1,2,1,2,2,5,3,2,2,2,2,2,2,2,2,2
6,2,2,1,4,1,1,2,2,2,5,3,1,2,2,1,2,2,1,2,2
4,2,2,4,6,1,1,2,2,2,6,3,2,2,2,2,2,2,1,2,2
6,6,6,6,4,4,6,6,4,6,4,6,6,4,1,6,1,1,6,4,4
2,2,3,2,2,4,2,2,3,2,4,4,2,2,2,2,2,2,2,2,2
6,6,6,6,4,4,6,6,6,6,4,6,6,1,1,6,1,6,6,1,6
2,2,3,2,2,4,2,2,2,2,2,2,2,2,2,2,2,2,2,2,2
6,4,3,6,4,1,6,6,6,6,6,3,6,6,1,6,6,6,6,6,6
2,2,3,2,2,2,2,2,2,2,5,3,2,2,2,2,2,2,2,2,2
6,1,5,6,4,1,6,1,6,6,4,6,6,1,1,6,1,6,6,1,6
2,2,3,2,2,4,2,2,2,2,2,2,2,2,2,2,2,2,2,2,2
6,6,4,6,4,4,6,6,6,6,4,6,6,1,1,6,1,1,6,1,1
2,2,3,2,2,1,2,2,2,2,4,3,2,2,2,2,2,2,2,2,2
6,4,3,6,4,1,6,6,6,6,6,3,6,6,1,6,6,6,6,6,6
2,2,3,2,2,2,2,2,2,2,5,3,2,2,2,2,2,2,2,2,2
6,1,6,6,4,1,6,6,6,6,4,6,6,1,1,6,1,6,6,1,6
2,2,3,2,2,4,2,2,2,2,2,2,2,2,2,2,2,2,2,2,2
6,6,6,6,4,4,6,6,6,6,4,6,6,1,4,6,1,1,6,1,1
2,2,3,2,2,1,2,1,2,2,4,3,2,2,2,2,2,2,2,2,2
6,2,2,1,4,1,1,2,2,2,5,3,6,2,2,1,2,2,1,2,2
4,2,2,1,6,1,1,2,2,2,6,3,1,2,2,2,2,2,1,2,2
6,6,4,6,4,4,6,6,4,6,4,6,6,4,1,6,1,1,6,4,4
2,2,3,2,2,4,2,2,3,2,4,4,2,2,3,2,2,2,2,2,2
6,6,6,6,4,4,6,6,6,6,4,6,6,1,6,6,1,6,6,6,6
2,2,2,2,2,4,2,2,2,2,2,2,2,2,2,2,2,2,2,2,2
1,2,2,1,4,1,1,1,2,1,5,3,1,1,2,1,1,1,1,6,6
4,2,2,1,6,1,1,2,2,2,6,3,1,2,2,2,2,2,1,2,2
1,1,4,1,1,1,1,1,1,1,1,4,1,1,1,1,1,1,1,1,1
1,2,3,4,2,1,1,2,1,2,2,2,1,2,2,1,2,2,2,2,2
1,6,4,1,1,1,1,1,1,1,4,4,1,1,1,1,1,1,1,1,1
2,2,3,1,2,4,2,2,2,2,2,2,2,2,2,2,2,2,2,2,2
1,1,4,1,1,1,1,1,4,1,4,6,1,1,1,1,1,1,1,4,1
2,2,2,2,2,2,2,2,2,2,5,3,2,2,2,2,2,2,2,2,2
1,1,4,2,1,1,1,1,1,1,4,4,1,1,1,1,1,1,1,1,1
2,2,3,2,2,2,2,2,2,2,2,2,2,2,2,2,2,2,2,2,2
1,6,4,1,1,1,1,1,1,1,1,4,1,1,1,1,1,1,1,1,1
2,2,3,2,2,2,2,2,2,2,4,3,2,2,2,2,2,2,2,2,2
1,1,4,2,1,1,1,1,1,1,4,4,1,1,1,1,1,1,1,1,1
2,2,3,1,2,4,2,2,2,2,2,2,2,2,2,2,2,2,2,2,2
1,1,4,1,1,1,1,1,4,1,4,6,1,1,1,1,1,1,1,4,1
2,2,2,2,2,2,2,2,2,2,5,3,2,2,2,2,2,2,2,2,2
1,1,4,2,1,1,1,1,1,1,4,4,1,1,1,1,1,1,1,1,1
2,2,3,2,2,4,2,2,2,2,2,2,2,2,2,2,2,2,2,2,2
1,6,1,1,1,1,1,1,1,1,1,4,1,1,1,1,1,1,1,1,1
2,2,3,2,2,1,2,2,2,2,4,3,2,2,2,2,2,2,2,2,2
1,1,2,1,2,1,1,1,2,1,2,3,1,1,2,1,1,1,1,6,6
1,2,2,1,6,1,1,2,2,2,6,3,1,2,2,2,2,2,2,2,2
1,6,1,1,1,1,1,1,1,1,1,4,1,1,1,1,1,1,1,1,1
2,2,3,2,2,1,2,2,2,2,2,2,2,2,2,2,2,2,2,2,2
1,1,1,1,1,1,1,1,1,1,4,6,1,1,1,1,1,1,1,4,4
2,2,2,2,2,2,2,2,2,2,4,3,2,2,2,2,2,2,2,2,2
1,6,4,2,1,4,1,1,1,1,4,4,1,1,1,1,1,1,1,1,1
2,2,3,2,2,4,2,2,2,2,2,2,2,2,2,2,2,2,2,2,2
1,6,4,1,1,1,1,1,1,1,4,4,1,1,1,1,1,1,1,1,1
2,2,3,2,2,2,2,2,2,2,4,3,2,2,2,2,2,2,2,2,2
1,1,1,1,2,1,1,1,2,1,2,3,1,1,2,1,1,1,1,6,6
4,2,2,1,6,1,1,2,2,2,6,3,1,2,2,2,2,2,1,2,2
1,6,4,1,1,1,1,1,1,1,1,4,1,1,1,1,1,1,1,1,1
2,2,3,2,2,1,2,2,2,2,2,2,2,2,2,2,2,2,2,2,2
1,1,4,1,1,1,1,1,1,1,4,4,1,1,1,1,1,1,1,1,1
2,2,3,2,2,4,2,2,2,2,2,2,2,2,2,2,2,2,2,2,2
1,1,2,1,2,1,1,1,1,1,2,3,1,1,2,1,1,1,1,1,1
4,2,2,1,2,1,1,2,2,2,6,3,1,2,2,2,2,2,1,2,2
1,1,4,1,1,1,1,1,1,1,4,6,1,1,1,1,1,1,1,1,1
2,2,2,2,2,2,2,2,2,2,5,3,2,2,2,2,2,2,2,2,2
1,6,4,2,1,4,1,1,1,1,4,4,1,1,1,1,1,1,1,1,1
2,2,3,2,2,4,2,2,2,2,2,2,2,2,2,2,2,2,2,2,2
1,1,4,1,1,1,1,1,1,1,4,4,1,1,1,1,1,1,1,1,1
2,2,3,2,2,2,2,2,2,2,4,3,2,2,2,2,2,2,2,2,2
1,6,1,1,1,1,1,1,1,1,1,4,1,1,1,1,1,1,1,4,1
2,2,3,2,2,1,2,2,2,2,2,2,2,2,2,2,2,2,2,2,2
1,1,4,1,1,1,1,1,1,1,4,4,1,1,1,1,1,1,1,4,4
2,2,3,2,2,4,2,2,2,2,2,2,2,2,2,2,2,2,2,2,2
1,6,4,1,1,1,1,1,1,1,4,4,1,1,1,1,1,1,1,4,1
2,2,3,2,2,2,2,2,2,2,4,3,2,2,2,2,2,2,2,2,2
1,1,1,1,2,1,1,1,2,1,2,3,1,1,2,1,1,1,1,1,1
2,2,2,2,6,1,2,2,2,2,6,3,2,2,2,2,2,2,1,2,2
1,6,4,1,1,1,1,1,1,1,1,4,1,1,1,1,1,1,1,1,1
2,2,3,2,2,1,2,2,2,2,2,2,2,2,2,2,2,2,2,2,2
1,1,4,1,1,1,1,1,1,1,4,4,1,1,1,1,1,1,1,4,4
2,2,2,2,2,4,2,2,2,2,2,2,2,2,2,2,2,2,2,2,2
1,1,4,2,1,1,1,1,1,1,4,3,1,1,1,1,1,1,1,1,1
2,2,2,2,2,2,2,2,2,2,5,3,2,2,2,2,2,2,2,2,2
1,1,4,1,1,4,1,1,1,1,4,4,1,1,1,1,1,1,1,1,1
2,2,3,2,2,4,2,2,2,2,2,2,2,2,2,2,2,2,2,2,2
1,1,4,2,1,1,1,1,1,1,4,3,1,1,1,1,1,1,1,1,1
2,2,2,2,2,2,2,2,2,2,5,3,2,2,2,2,2,2,2,2,2
1,1,4,2,1,4,1,1,1,1,4,4,1,1,1,1,1,1,1,1,1
2,2,3,2,2,4,2,2,2,2,2,2,2,2,2,2,2,2,2,2,2
1,1,4,1,1,1,1,1,1,1,4,4,1,1,1,1,1,1,1,4,1
2,2,3,2,2,2,2,2,2,2,4,3,2,2,2,2,2,2,2,2,2
1,1,1,1,2,1,1,1,1,1,2,3,1,1,2,1,1,1,1,1,1
4,2,2,4,6,1,1,2,2,2,6,3,1,2,2,2,2,2,1,2,2
1,1,1,1,1,1,1,1,1,1,1,1,1,1,1,2,1,1,1,4,1
2,2,3,2,2,1,2,2,2,2,2,3,2,2,2,2,2,2,2,2,2
1,1,4,2,1,1,1,1,1,1,4,4,1,1,1,1,1,1,1,4,4
2,2,2,2,2,4,2,2,2,2,2,2,2,2,2,2,2,2,2,2,2
1,1,4,2,1,1,1,1,1,1,4,4,1,1,1,1,1,1,1,4,4
2,2,2,2,2,4,2,2,2,2,2,2,2,2,2,2,2,2,2,2,2
1,1,4,1,1,1,1,1,1,1,4,3,1,1,1,1,1,1,1,1,1
2,2,2,2,2,2,2,2,2,2,5,3,2,2,2,2,2,2,2,2,2
1,1,4,2,1,4,1,1,1,1,4,4,1,1,4,1,1,1,1,1,1
2,2,3,2,2,4,2,2,2,2,2,2,2,2,2,2,2,2,2,2,2
1,1,4,1,1,1,1,1,1,1,4,4,1,1,1,1,1,1,1,4,1
2,2,3,2,2,2,2,2,2,2,4,3,2,2,2,2,2,2,2,2,2
1,1,1,1,2,1,1,1,1,1,2,3,1,1,1,1,1,1,1,1,1
2,2,2,2,6,1,2,2,2,2,6,3,2,2,2,2,2,2,2,2,2
1,1,1,1,1,1,1,1,1,1,1,1,1,1,1,1,1,1,1,4,4
2,2,3,2,2,1,2,2,2,2,2,2,2,2,2,2,2,2,2,2,2
1,1,1,1,1,1,1,1,1,1,1,4,1,1,1,2,1,1,1,4,4
2,2,3,2,2,1,2,2,2,2,2,2,2,2,2,2,2,2,2,2,2
1,1,1,2,1,1,1,1,1,1,4,4,1,1,1,1,1,1,1,4,4
2,2,2,2,2,4,2,2,2,2,2,2,2,2,2,2,2,2,2,2,2
1,1,1,1,2,1,1,1,1,1,2,3,1,1,2,1,1,1,1,1,1
2,2,2,2,6,1,2,2,2,2,6,3,2,2,2,2,2,2,2,2,2
1,1,4,1,1,1,1,1,1,1,4,3,1,1,1,1,1,1,1,1,1
2,2,3,2,2,2,2,2,2,2,5,3,2,2,2,2,2,2,2,2,2
1,6,4,1,1,4,1,1,1,1,4,4,1,1,4,1,1,1,1,1,1
2,2,3,2,2,4,2,2,2,2,2,2,2,2,2,2,2,2,2,2,2
1,1,4,2,1,1,1,1,1,1,4,4,1,1,1,1,1,1,1,4,4
2,2,3,2,2,2,2,2,2,2,4,3,2,2,2,2,2,2,2,2,2
1,1,1,1,2,1,1,1,1,1,2,3,1,1,2,1,1,1,1,1,1
4,2,2,1,6,1,1,2,2,2,6,3,1,2,2,2,2,2,1,2,2
1,1,4,1,1,1,1,1,1,1,1,1,1,1,1,1,1,1,1,4,1
2,2,3,2,2,1,2,2,2,2,2,2,2,2,2,2,2,2,2,2,2
1,1,4,1,1,1,1,1,1,1,4,4,1,1,1,1,1,1,1,4,4
2,2,2,2,2,4,2,2,2,2,2,2,2,2,2,2,2,2,2,2,2
1,1,4,2,1,1,1,1,1,1,4,3,1,1,1,1,1,1,1,1,1
2,2,3,2,2,2,2,2,2,2,5,3,2,2,2,2,2,2,2,2,2
1,6,4,1,1,4,1,1,1,1,4,4,1,1,1,1,1,1,1,1,1
2,2,3,2,2,4,2,2,2,2,2,2,2,2,2,2,2,2,2,2,2
1,1,1,1,1,1,1,1,1,1,4,4,1,1,1,1,1,1,1,4,4
2,2,3,2,2,2,2,2,2,2,4,3,2,2,2,2,2,2,2,2,2
1,1,4,1,1,1,1,1,1,1,4,3,1,1,1,1,1,1,1,1,1
2,2,2,2,2,2,2,2,2,2,5,3,2,2,2,2,2,2,2,2,2
1,6,4,1,1,1,1,1,1,1,4,4,1,1,1,1,1,1,1,1,1
2,2,3,2,2,4,2,2,2,2,2,2,2,2,2,2,2,2,2,2,2
1,1,1,1,1,1,1,1,1,1,4,4,1,1,1,1,1,1,1,4,4
2,2,3,2,2,2,2,2,2,2,4,3,2,2,2,2,2,2,2,2,2
1,1,2,1,2,1,1,1,2,1,2,3,1,1,2,1,1,1,1,1,1
1,2,2,1,6,1,1,2,2,2,6,3,1,2,2,2,2,2,1,2,2
1,1,1,1,1,1,1,1,1,1,1,1,1,1,1,1,1,1,1,4,1
2,2,3,2,2,4,2,2,2,2,2,2,2,2,2,2,2,2,2,2,2
1,1,4,2,1,1,1,1,1,1,4,4,1,1,1,1,1,1,1,4,4
2,2,3,2,2,4,2,2,2,2,2,2,2,2,2,2,2,2,2,2,2
1,1,2,1,2,1,1,1,2,1,2,3,1,1,2,1,1,1,1,1,1
4,2,2,1,6,1,1,2,2,2,6,3,1,2,2,2,2,2,1,2,2
1,1,1,1,1,1,1,1,1,1,1,1,1,1,1,1,1,1,1,4,1
2,2,3,2,2,4,2,2,2,2,2,2,2,2,2,2,2,2,2,2,2
1,1,4,1,1,1,1,1,1,1,4,4,1,1,1,1,1,1,1,4,4
2,2,3,2,2,4,2,2,2,2,2,2,2,2,2,2,2,2,2,2,2
1,1,4,2,1,1,1,1,1,1,4,3,1,1,1,1,1,1,1,1,1
2,2,2,2,2,2,2,2,2,2,5,3,2,2,2,2,2,2,2,2,2
1,6,4,2,1,4,1,1,1,1,4,4,1,1,1,1,1,1,1,1,1
2,2,3,2,2,4,2,2,2,2,2,2,2,2,2,2,2,2,2,2,2
1,1,1,2,1,1,1,1,1,1,4,4,1,1,1,1,1,1,1,4,4
2,2,3,2,2,2,2,2,2,2,4,3,2,2,2,2,2,2,2,2,2
1,1,4,2,1,1,1,1,1,1,4,4,1,1,1,1,1,1,1,4,4
2,2,3,2,2,4,2,2,2,2,2,2,2,2,2,2,2,2,2,2,2
1,1,4,1,1,1,1,1,1,1,4,3,1,1,1,1,1,1,1,1,1
2,2,2,2,2,2,2,2,2,2,5,3,2,2,2,2,2,2,2,2,2
1,6,4,2,1,4,1,1,1,1,4,4,1,1,4,1,1,1,1,1,1
2,2,3,2,2,4,2,2,2,2,2,2,2,2,2,2,2,2,2,2,2
1,1,1,1,1,1,1,1,1,1,4,4,1,1,1,1,1,1,1,4,1
2,2,3,2,2,2,2,2,2,2,4,3,2,2,2,2,2,2,2,2,2
1,1,2,1,2,1,1,1,1,1,2,3,1,1,2,1,1,1,1,1,1
4,2,2,1,6,1,1,2,2,2,6,3,1,2,2,2,2,2,1,2,2
1,1,1,1,1,1,1,1,1,1,1,1,1,1,1,1,1,1,1,4,4
2,2,3,2,2,4,2,2,2,2,2,2,2,2,2,2,2,2,2,2,2
1,2,4,2,1,1,1,1,1,1,4,3,1,1,1,1,1,1,1,1,1
2,2,2,2,2,2,2,2,2,2,5,3,2,2,2,2,2,2,2,2,2
1,6,1,1,1,4,1,1,1,1,4,4,1,1,1,1,1,1,1,1,1
2,2,3,2,2,4,2,2,2,2,2,2,2,2,2,2,2,2,2,2,2
1,1,1,1,1,1,1,1,1,1,4,4,1,1,1,1,1,1,1,4,4
2,2,3,2,2,2,2,2,2,2,4,3,2,2,2,2,2,2,2,2,2
1,1,2,1,2,1,1,1,1,1,2,3,1,1,2,1,1,1,1,1,1
4,2,2,1,6,1,1,2,2,2,6,3,1,2,2,2,2,2,2,2,2
1,1,1,1,1,1,1,1,1,1,1,1,1,1,1,1,1,1,1,4,1
2,2,3,2,2,4,2,2,2,2,2,2,2,2,2,2,2,2,2,2,2
1,1,1,2,1,1,1,1,1,1,4,4,1,1,1,1,1,1,1,4,1
2,2,3,2,2,4,2,2,2,2,2,2,2,2,2,2,2,2,2,2,2
1,1,2,1,2,1,1,1,2,1,2,3,1,1,2,1,1,1,1,1,1
4,2,2,1,6,1,1,2,2,2,6,3,1,2,2,2,2,2,1,2,2
1,1,4,1,1,1,1,1,1,1,4,3,1,1,1,1,1,1,1,1,1
2,2,2,2,2,2,2,2,2,2,5,3,2,2,2,2,2,2,2,2,2
1,6,4,1,1,4,1,1,1,1,4,4,1,1,4,1,1,1,1,1,1
2,2,3,2,2,4,2,2,2,2,2,2,2,2,2,2,2,2,2,2,2
1,1,1,1,1,1,1,1,1,1,4,4,1,1,1,1,1,1,1,4,4
2,2,3,2,2,2,2,2,2,2,4,3,2,2,2,2,2,2,2,2,2
1,1,1,1,1,4,1,1,1,1,4,1,1,1,1,1,1,1,1,4,1
2,2,3,2,2,4,2,2,2,2,2,2,2,2,2,2,2,2,2,2,2
1,1,4,2,1,1,1,1,1,1,4,4,1,1,1,1,1,1,1,4,4
2,2,3,2,2,4,2,2,2,2,2,2,2,2,2,2,2,2,2,2,2
1,1,1,1,1,1,1,1,1,1,4,4,1,1,1,1,1,1,1,4,4
2,2,3,2,2,2,2,2,2,2,5,3,2,2,2,2,2,2,2,2,2
1,1,2,1,2,1,1,1,1,1,2,3,1,1,2,1,1,1,1,1,1
4,2,2,1,6,1,1,2,2,2,6,3,1,2,2,2,2,2,2,2,2
1,1,1,1,1,1,1,1,1,1,1,1,1,1,1,1,1,1,1,4,1
2,2,3,2,2,4,2,2,2,2,2,2,2,2,2,2,2,2,2,2,2
1,1,4,2,1,1,1,1,1,1,4,4,1,1,1,1,1,1,1,4,4
2,2,3,2,2,4,2,2,2,2,2,2,2,2,2,2,2,2,2,2,2
1,1,4,1,1,1,1,1,1,1,4,3,1,1,1,1,1,1,1,1,1
2,2,2,2,2,2,2,2,2,2,5,3,2,2,2,2,2,2,2,2,2
1,1,4,2,1,4,1,1,1,1,4,4,1,1,1,1,1,1,1,1,1
2,2,3,2,2,4,2,2,2,2,2,2,2,2,2,2,2,2,2,2,2
1,1,4,1,1,1,1,1,1,1,4,3,1,1,1,1,1,1,1,1,1
2,2,2,2,2,2,2,2,2,2,5,3,2,2,2,2,2,2,2,2,2
1,1,1,2,1,1,1,1,1,1,4,4,1,1,1,1,1,1,1,1,1
2,2,3,2,2,4,2,2,2,2,2,2,2,2,2,2,2,2,2,2,2
1,1,1,1,1,1,1,1,1,1,4,4,1,1,1,1,1,1,1,4,1
2,2,3,2,2,2,2,2,2,2,4,3,2,2,2,2,2,2,2,2,2
1,1,1,1,2,1,1,1,1,1,2,3,1,1,2,1,1,1,1,1,1
1,2,2,1,2,1,1,2,2,2,6,3,1,2,2,2,2,2,1,2,2
1,1,1,1,1,1,1,1,1,1,1,1,1,1,1,1,1,1,1,4,1
2,2,3,2,2,4,2,2,2,2,2,2,2,2,2,2,2,2,2,2,2
1,1,4,2,1,1,1,1,1,1,4,4,1,1,1,1,1,1,1,4,1
2,2,2,2,2,4,2,2,2,2,2,2,2,2,2,2,2,2,2,2,2
1,1,4,2,1,1,1,1,1,1,4,4,1,1,1,1,1,1,1,4,1
2,2,2,2,2,4,2,2,2,2,2,2,2,2,2,2,2,2,2,2,2
1,1,4,1,1,1,1,1,1,1,4,3,1,1,1,1,1,1,1,1,1
2,2,2,2,2,2,2,2,2,2,5,3,2,2,2,2,2,2,2,2,2
1,1,4,2,1,1,1,1,1,1,4,4,1,1,1,1,1,1,1,1,1
2,2,3,2,2,4,2,2,2,2,2,2,2,2,2,2,2,2,2,2,2
1,1,1,2,1,1,1,1,1,1,4,4,1,1,1,1,1,1,1,4,1
2,2,3,2,2,2,2,2,2,2,4,3,2,2,2,2,2,2,2,2,2
1,1,2,1,2,1,1,1,1,1,2,3,1,1,2,1,1,1,1,1,1
4,2,2,1,6,1,1,2,2,2,6,3,1,2,2,2,2,2,2,2,2
1,1,1,1,4,1,1,1,1,1,1,1,1,1,1,1,1,1,1,4,1
2,2,3,2,2,4,2,2,2,2,2,2,2,2,2,2,2,2,2,2,2
1,1,1,1,1,1,1,1,1,1,1,1,1,1,1,1,1,1,1,4,1
2,2,3,2,2,4,2,2,2,2,2,2,2,2,2,2,2,2,2,2,2
1,1,4,2,1,1,1,1,1,1,4,4,1,1,1,1,1,1,1,4,1
2,2,3,2,2,4,2,2,2,2,2,2,2,2,2,2,2,2,2,2,2
1,1,2,1,2,1,1,1,1,1,2,3,1,1,2,1,1,1,1,1,1
1,2,2,1,6,1,1,2,2,2,6,3,1,2,2,2,2,2,1,2,2
1,1,4,1,1,1,1,1,1,1,4,3,1,1,1,1,1,1,1,1,1
2,2,2,2,2,2,2,2,2,2,5,3,2,2,2,2,2,2,2,2,2
1,1,4,1,1,1,1,1,1,1,4,4,1,1,1,1,1,1,1,1,1
2,2,3,2,2,4,2,2,2,2,2,2,2,2,2,2,2,2,2,2,2
1,1,1,2,1,1,1,1,1,1,4,4,1,1,1,1,1,1,1,4,1
2,2,3,2,2,2,2,2,2,2,4,3,2,2,2,2,2,2,2,2,2
1,1,1,1,2,1,1,1,1,1,2,3,1,1,2,1,1,1,1,1,1
4,2,2,1,6,1,1,2,2,2,6,3,1,2,2,2,2,2,1,2,2
1,1,1,1,1,1,1,1,1,1,1,1,1,1,1,2,1,1,1,4,1
2,2,3,2,2,4,2,2,2,2,2,2,2,2,2,2,2,2,2,2,2
1,1,4,2,1,1,1,1,1,1,4,4,1,1,1,1,1,1,1,4,4
2,2,2,2,2,4,2,2,2,2,2,2,2,2,2,2,2,2,2,2,2
1,1,4,1,1,1,1,1,1,1,4,3,1,1,1,1,1,1,1,1,1
2,2,2,2,2,2,2,2,2,2,5,3,2,2,2,2,2,2,2,2,2
1,6,4,1,1,1,1,1,1,1,4,4,1,1,1,1,1,1,1,1,1
2,2,3,2,2,4,2,2,2,2,2,2,2,2,2,2,2,2,2,2,2
1,1,1,1,1,1,1,1,1,1,4,4,1,1,1,1,1,1,1,4,1
2,2,3,2,2,2,2,2,2,2,4,3,2,2,2,2,2,2,2,2,2
6,1,4,1,1,1,1,1,1,1,4,3,1,1,1,1,1,1,1,1,1
2,2,2,2,2,2,2,2,2,2,5,3,2,2,2,2,2,2,2,2,2
1,1,4,2,1,4,1,1,1,1,4,4,1,1,1,1,1,1,1,1,1
2,2,3,2,2,4,2,2,2,2,2,2,2,2,2,2,2,2,2,2,2
1,1,4,2,1,1,1,1,1,1,4,4,1,1,1,1,1,1,1,4,4
2,2,3,2,2,2,2,2,2,2,4,3,2,2,2,2,2,2,2,2,2
1,1,2,1,2,1,1,1,1,1,2,3,1,1,2,1,1,1,1,1,1
4,2,2,1,2,1,1,2,2,2,6,3,1,2,2,2,2,2,1,2,2
1,1,1,1,1,1,1,1,1,1,1,1,1,1,1,1,1,1,1,4,1
2,2,3,2,2,4,2,2,2,2,2,2,2,2,2,2,2,2,2,2,2
1,1,4,1,1,1,1,1,1,1,4,4,1,1,1,1,1,1,1,4,4
2,2,3,2,2,4,2,2,2,2,2,2,2,2,2,2,2,2,2,2,2
1,2,2,1,2,1,1,1,2,1,5,3,1,1,2,1,2,2,1,6,6
4,4,2,1,6,5,4,6,5,2,6,3,4,1,1,2,2,2,2,5,5
1,6,1,1,1,1,1,1,1,1,4,4,1,1,1,1,1,1,1,4,4
2,1,4,2,1,4,2,1,1,2,4,4,2,1,1,2,1,1,2,4,4
1,6,1,1,1,1,1,1,1,1,4,4,1,1,1,1,1,1,1,4,4
2,2,4,2,1,3,2,1,1,2,2,1,2,2,1,2,2,2,2,2,2
1,1,1,1,1,1,1,1,1,1,4,6,1,1,1,1,1,1,1,4,4
2,4,5,2,1,5,2,1,5,2,4,6,2,2,3,2,1,1,2,2,2
1,6,1,1,1,4,1,1,1,1,4,4,1,1,1,1,1,1,1,4,4
2,2,4,2,1,4,2,1,1,2,2,1,2,2,1,2,2,2,2,2,2
1,6,4,1,1,1,1,1,1,1,4,4,1,1,1,1,1,1,1,4,4
2,2,4,2,2,4,2,4,1,2,4,4,2,2,3,2,1,1,2,2,2
1,6,1,1,1,1,1,1,1,1,4,4,1,1,4,1,1,1,1,4,4
2,1,4,2,1,3,2,1,1,2,2,1,2,2,1,2,2,2,2,2,2
1,1,1,1,1,1,1,1,1,1,4,6,1,1,1,1,1,1,1,4,4
2,4,3,2,1,1,2,1,5,2,4,6,2,2,1,2,1,1,2,2,2
1,6,1,2,1,1,1,1,1,1,4,4,1,1,1,1,1,1,1,4,4
2,2,4,2,1,4,2,1,1,2,2,1,2,2,1,2,2,2,2,4,2
1,6,4,2,1,1,1,1,1,1,4,4,1,1,1,1,1,1,1,4,4
2,4,4,2,1,4,2,4,4,2,4,4,2,4,4,2,1,4,2,4,4
1,2,2,1,2,1,1,1,2,1,5,3,1,1,2,1,2,2,1,6,6
2,5,2,2,6,5,2,1,2,2,6,3,2,1,2,2,2,2,2,5,5
1,6,4,2,1,1,1,1,1,1,4,4,1,1,1,1,1,1,1,4,4
2,6,4,2,1,5,2,1,5,2,2,4,2,1,1,2,1,4,2,4,4
1,1,1,1,1,1,1,1,1,1,4,6,1,1,1,1,1,1,1,4,4
2,4,5,6,1,5,2,4,5,2,4,6,2,2,1,2,1,1,2,2,2
1,6,1,1,1,1,1,1,1,1,4,4,1,1,1,1,1,1,1,1,1
2,1,4,2,1,3,2,1,1,2,2,1,2,1,1,2,2,2,2,4,4
1,6,4,2,1,1,1,1,1,1,4,4,1,1,1,1,1,1,1,4,4
2,2,4,2,2,4,2,4,1,2,4,4,2,2,1,2,1,1,2,2,2
1,2,2,1,2,1,1,1,2,1,2,3,1,1,2,1,1,1,1,6,6
2,2,2,2,6,2,2,1,2,2,6,3,2,2,2,2,2,2,2,2,2
1,6,4,1,1,4,1,1,1,1,4,4,1,1,1,1,1,1,1,4,4
2,2,4,2,1,4,2,1,1,2,4,4,2,2,1,2,1,2,2,2,2
1,6,4,1,1,1,1,1,1,1,4,4,1,1,4,1,1,1,1,4,4
2,2,4,2,2,4,2,2,1,2,2,1,2,2,2,2,2,2,2,2,2
1,1,2,1,2,1,1,1,2,1,2,3,1,1,2,1,1,1,1,1,1
1,2,2,1,2,1,1,2,2,2,6,3,1,2,2,2,2,2,1,2,2
1,1,1,1,1,1,1,1,1,1,4,3,1,1,1,1,1,1,1,1,1
2,2,3,2,2,1,2,2,5,2,4,3,2,2,3,2,2,1,2,2,2
1,6,1,2,1,4,1,1,1,1,4,4,1,1,4,1,1,1,1,1,1
2,2,4,2,1,4,2,1,1,2,2,1,2,2,1,2,2,2,2,2,2
1,6,4,1,1,1,1,1,1,1,4,4,1,1,1,1,1,1,1,4,4
2,2,3,2,2,1,2,2,1,2,4,3,2,2,3,2,2,2,2,2,2
1,6,4,1,1,4,1,1,1,1,4,4,1,1,1,1,1,1,1,4,4
2,2,4,2,1,4,2,1,3,2,4,4,2,2,3,2,2,2,2,2,2
1,6,4,2,1,1,1,1,1,1,4,4,1,1,1,1,1,1,1,4,4
2,2,4,2,2,4,2,2,1,2,2,1,2,2,2,2,2,2,2,2,2
1,6,4,1,1,1,1,1,1,1,4,4,1,1,1,1,1,1,1,4,4
2,2,3,2,2,1,2,2,1,2,4,3,2,2,3,2,2,2,2,2,2
1,1,2,1,2,1,1,1,2,1,2,3,1,1,2,1,1,1,1,1,1
1,2,2,1,6,1,1,2,2,2,6,3,1,2,2,2,2,2,1,2,2
1,6,4,2,1,1,1,1,1,1,1,4,1,1,1,1,1,1,1,4,4
2,2,4,2,2,4,2,1,3,2,4,4,2,2,3,2,2,2,2,2,2
1,6,4,2,1,1,1,1,1,1,4,4,1,1,1,1,1,1,1,4,4
2,2,4,2,2,4,2,2,2,2,2,1,2,2,2,2,2,2,2,2,2
1,1,1,2,1,1,1,1,1,1,4,3,1,1,1,1,1,1,1,1,1
2,2,3,2,2,1,2,2,3,2,5,3,2,2,3,2,2,2,2,2,2
1,6,4,2,1,1,1,1,1,1,4,4,1,1,1,1,1,1,1,1,1
2,2,2,2,2,4,2,2,1,2,2,4,2,2,1,2,2,2,2,2,2
1,1,1,1,1,1,1,1,1,1,4,3,1,1,1,1,1,1,1,1,1
2,2,3,2,2,1,2,2,3,2,5,3,2,2,3,2,2,2,2,2,2
1,6,4,2,1,4,1,1,1,1,4,4,1,1,1,1,1,1,1,1,1
2,2,4,2,2,4,2,2,1,2,2,4,2,2,2,2,2,2,2,2,2
1,6,4,1,1,1,1,1,1,1,4,4,1,1,1,1,1,1,1,4,4
2,2,3,2,2,1,2,2,1,2,4,3,2,2,3,2,2,2,2,2,2
1,1,2,1,2,1,1,1,2,1,2,3,1,1,2,1,1,1,1,1,1
2,2,2,2,6,1,2,2,2,2,6,3,2,2,2,2,2,2,2,2,2
1,6,4,1,1,1,1,1,1,1,1,4,1,1,1,1,1,1,1,4,4
2,2,3,2,1,4,2,1,1,2,4,4,2,2,3,2,2,2,2,2,2
1,6,4,2,1,1,1,1,1,1,4,4,1,1,1,1,1,1,1,4,4
2,2,3,2,2,4,2,2,2,2,2,1,2,2,2,2,2,2,2,2,2
1,6,4,2,1,1,1,1,1,1,4,4,1,1,1,1,1,1,1,4,4
2,2,3,2,2,4,2,2,2,2,2,1,2,2,2,2,2,2,2,2,2
1,2,1,2,1,1,1,1,1,1,4,3,1,1,1,1,1,1,1,1,1
2,2,3,2,2,1,2,2,2,2,5,3,2,2,2,2,2,2,2,2,2
1,6,4,2,1,1,1,1,1,1,4,4,1,1,1,1,1,1,1,1,1
2,2,3,2,2,4,2,2,2,2,2,4,2,2,3,2,2,2,2,2,2
1,6,4,2,1,1,1,1,1,1,4,4,1,1,1,1,1,1,1,4,4
2,2,3,2,2,1,2,2,1,2,4,3,2,2,3,2,2,2,2,2,2
1,1,2,1,2,1,1,1,1,1,2,3,1,1,2,1,1,1,1,1,1
1,2,2,1,2,1,1,2,2,2,6,3,1,2,2,2,2,2,1,2,2
1,6,4,2,1,1,1,1,1,1,1,1,1,1,1,1,1,1,1,4,4
2,2,3,2,1,4,2,1,1,2,4,4,2,2,3,2,2,2,2,2,2
1,6,4,1,1,1,1,1,1,1,1,4,1,1,1,1,1,1,1,4,4
2,2,3,2,2,4,2,1,1,2,4,4,2,2,3,2,2,2,2,2,2
1,6,4,2,1,1,1,1,1,1,4,4,1,1,1,1,1,1,1,4,4
2,2,3,2,2,4,2,2,2,2,2,1,2,2,2,2,2,2,2,2,2
1,1,2,1,2,1,1,1,2,1,2,3,1,1,2,1,1,1,1,1,1
1,2,2,1,2,1,1,2,2,2,6,3,1,2,2,2,2,2,1,2,2
1,1,4,1,1,1,1,1,4,1,4,3,1,1,1,1,1,1,1,1,1
2,2,3,2,2,1,2,2,2,2,5,3,2,2,2,2,2,2,2,2,2
1,6,4,1,1,1,1,1,1,1,4,4,1,1,1,1,1,1,1,1,1
2,2,3,2,2,4,2,2,1,2,2,4,2,2,3,2,2,2,2,2,2
1,6,4,2,1,1,1,1,1,1,4,4,1,1,1,1,1,1,1,4,4
2,2,3,2,2,1,2,2,1,2,4,3,2,2,2,2,2,2,2,2,2
1,1,2,1,2,1,1,1,2,1,2,3,1,1,2,1,1,1,1,1,1
4,2,2,1,2,1,1,2,2,2,6,3,1,2,2,2,2,2,1,2,2
1,6,1,2,1,1,1,1,1,1,1,1,1,1,1,1,1,1,1,4,4
2,2,3,2,2,4,2,1,1,2,2,4,2,2,3,2,2,2,2,2,2
1,6,4,2,1,1,1,1,1,1,4,4,1,1,1,1,1,1,1,4,4
2,2,3,2,2,4,2,2,2,2,2,1,2,2,2,2,2,2,2,2,2
1,1,1,1,1,1,1,1,1,1,4,3,1,1,1,1,1,1,1,1,1
2,2,3,2,2,1,2,2,3,2,5,3,2,2,2,2,2,2,2,2,2
1,6,4,1,1,1,1,1,1,1,4,4,1,1,1,1,1,1,1,1,1
2,2,3,2,2,4,2,2,1,2,2,4,2,2,3,2,2,2,2,2,2
1,6,4,2,1,1,1,1,1,1,4,4,1,1,1,1,1,1,1,4,4
2,2,3,2,2,1,2,2,1,2,4,3,2,2,2,2,2,2,2,2,2
1,1,1,1,1,1,1,1,1,1,4,3,1,1,1,1,1,1,1,1,1
2,2,3,2,2,1,2,2,3,2,5,3,2,2,2,2,2,2,2,2,2
1,6,4,1,1,1,1,1,1,1,4,4,1,1,1,1,1,1,1,1,1
2,2,3,2,2,4,2,2,1,2,2,4,2,2,3,2,2,2,2,2,2
1,6,4,2,1,1,1,1,1,1,4,4,1,1,1,1,1,1,1,4,4
2,2,3,2,2,1,2,2,1,2,4,3,2,2,2,2,2,2,2,2,2
1,1,2,1,2,1,1,1,2,1,2,3,1,1,2,1,1,1,1,1,1
1,2,2,5,6,1,1,2,2,2,6,3,1,2,2,2,2,2,2,2,2
1,6,1,1,1,1,1,1,1,1,1,1,1,1,1,1,1,1,1,4,4
2,2,3,2,2,4,2,2,1,2,2,4,2,2,3,2,2,2,2,2,2
1,6,4,1,1,1,1,1,1,1,4,4,1,1,1,1,1,1,1,4,4
2,2,3,2,2,4,2,2,2,2,2,1,2,2,2,2,2,2,2,2,2
1,1,1,1,2,1,1,1,1,1,2,3,1,1,2,1,1,1,1,1,1
1,2,2,1,2,1,1,2,2,2,6,3,1,2,2,2,2,2,2,2,2
1,6,1,2,1,1,1,1,1,1,1,1,1,1,1,1,1,1,1,4,4
2,2,3,2,2,4,2,2,1,2,2,4,2,2,3,2,2,2,2,2,2
1,6,4,2,1,1,1,1,1,1,4,4,1,1,1,1,1,1,1,4,4
2,2,3,2,2,4,2,2,2,2,2,2,2,2,2,2,2,2,2,2,2
1,1,1,1,1,1,1,1,1,1,4,3,1,1,1,1,1,1,1,1,1
2,2,2,2,2,2,2,2,2,2,5,3,2,2,2,2,2,2,2,2,2
1,6,4,1,1,1,1,1,1,1,4,4,1,1,1,1,1,1,1,1,1
2,2,3,2,2,4,2,2,1,2,2,4,2,2,3,2,2,2,2,2,2
1,6,1,2,1,1,1,1,1,1,4,4,1,1,1,1,1,1,1,4,4
2,2,3,2,2,1,2,2,1,2,4,3,2,2,2,2,2,2,2,2,2
1,6,4,2,1,1,1,1,1,1,4,4,1,1,1,1,1,1,1,4,4
2,2,3,2,2,4,2,2,2,2,2,1,2,2,2,2,2,2,2,2,2
1,1,1,1,1,1,1,1,1,1,4,3,1,1,1,1,1,1,1,1,1
2,2,2,2,2,2,2,2,3,2,5,3,2,2,2,2,2,2,2,2,2
1,6,4,1,1,1,1,1,1,1,4,4,1,1,1,1,1,1,1,1,1
2,2,3,2,2,4,2,2,1,2,2,4,2,2,3,2,2,2,2,2,2
1,6,4,2,1,1,1,1,1,1,4,4,1,1,1,1,1,1,1,4,4
2,2,3,2,2,1,2,2,1,2,4,3,2,2,2,2,2,2,2,2,2
1,1,2,1,2,1,1,1,2,1,2,3,1,1,2,1,1,1,1,1,1
1,2,2,5,2,1,1,2,2,2,6,3,1,2,2,2,2,2,1,2,2
1,6,1,1,1,1,1,1,1,1,1,1,1,1,1,1,1,1,1,4,4
2,2,3,2,2,4,2,2,1,2,2,4,2,2,3,2,2,2,2,2,2
1,1,1,1,1,1,1,1,1,1,4,3,1,1,1,1,1,1,1,1,1
2,2,2,2,2,2,2,2,2,2,5,3,2,2,2,2,2,2,2,2,2
1,6,4,1,1,1,1,1,1,1,4,4,1,1,1,1,1,1,1,1,1
2,2,3,2,2,4,2,2,2,2,2,4,2,2,2,2,2,2,2,2,2
1,6,4,2,1,1,1,1,1,1,4,4,1,1,1,1,1,1,1,4,4
2,2,3,2,2,1,2,2,2,2,4,3,2,2,2,2,2,2,2,2,2
1,1,2,1,2,1,1,1,2,1,2,3,1,1,2,1,1,1,1,6,1
1,2,2,1,2,1,1,2,2,2,6,3,1,2,2,2,2,2,1,2,2
1,6,1,1,1,1,1,1,1,1,1,1,1,1,1,1,1,1,1,4,4
2,2,3,2,2,4,2,2,1,2,2,4,2,2,3,2,2,2,2,2,2
1,6,4,1,1,1,1,1,1,1,4,4,1,1,1,1,1,1,1,4,4
2,2,3,2,2,4,2,2,2,2,2,2,2,2,2,2,2,2,2,2,2
1,1,2,1,2,1,1,1,2,1,2,3,1,1,2,1,1,1,1,1,1
1,2,2,1,2,1,1,2,2,2,6,3,1,2,2,1,2,2,1,2,2
1,1,4,1,1,1,1,1,4,1,4,3,1,1,1,1,1,1,1,1,1
2,2,3,2,2,2,2,2,2,2,5,3,2,2,2,2,2,2,2,2,2
1,6,4,1,1,4,1,1,1,1,4,4,1,1,1,1,1,1,1,1,1
2,2,3,2,2,4,2,2,1,2,2,4,2,2,3,2,2,2,2,2,2
1,6,1,1,1,1,1,1,1,1,4,4,1,1,1,1,1,1,1,4,4
2,2,3,2,2,1,2,2,1,2,4,3,2,2,2,2,2,2,2,2,2
1,6,4,2,1,1,1,1,1,1,1,4,1,1,1,1,1,1,1,4,4
2,2,3,2,2,1,2,2,1,2,4,4,2,2,3,2,2,2,2,2,2
1,6,4,2,1,1,1,1,1,1,4,4,1,1,4,1,1,1,1,4,4
2,2,3,2,2,4,2,2,2,2,2,1,2,2,2,2,2,2,2,2,2
1,6,1,1,1,1,1,1,1,1,4,4,1,1,1,1,1,1,1,4,4
2,2,3,2,2,1,2,2,2,2,4,3,2,2,2,2,2,2,2,2,2
1,1,2,1,2,1,1,1,1,1,2,3,1,1,2,1,1,1,1,1,1
1,2,2,1,2,1,1,2,2,2,6,3,1,2,2,2,2,2,1,2,2
1,6,4,1,1,1,1,1,1,1,1,1,1,1,1,1,1,1,1,4,4
2,2,3,2,2,4,2,2,1,2,2,4,2,2,3,2,2,2,2,2,2
1,6,4,2,1,1,1,1,1,1,4,4,1,1,1,1,1,1,1,4,4
2,2,3,2,2,4,2,2,2,2,2,2,2,2,2,2,2,2,2,2,2
1,1,1,1,1,1,1,1,1,1,4,3,1,1,1,1,1,1,1,1,1
2,2,2,2,2,2,2,2,2,2,5,3,2,2,2,2,2,2,2,2,2
1,6,4,1,1,1,1,1,1,1,4,4,1,1,1,1,1,1,1,1,1
2,2,3,2,2,4,2,2,1,2,2,4,2,2,3,2,2,2,2,2,2
1,1,1,1,1,1,1,1,1,1,4,3,1,1,1,1,1,1,1,1,1
2,2,2,2,2,2,2,2,2,2,5,3,2,2,2,2,2,2,2,2,2
1,6,4,1,1,1,1,1,1,1,4,4,1,1,1,1,1,1,1,1,1
2,2,3,2,2,4,2,2,1,2,2,4,2,2,3,2,2,2,2,2,2
1,6,4,1,1,1,1,1,1,1,4,4,1,1,1,1,1,1,1,4,4
2,2,3,2,2,1,2,2,2,2,4,3,2,2,2,2,2,2,2,2,2
1,1,2,1,2,1,1,1,2,1,2,3,1,1,2,1,1,1,1,6,1
1,2,2,6,2,1,1,2,2,2,6,3,1,2,2,2,2,2,1,2,2
1,6,4,1,1,1,1,1,1,1,1,1,1,1,1,1,1,1,1,4,4
2,2,3,2,2,4,2,2,1,2,2,4,2,2,3,2,2,2,2,2,2
1,6,4,2,1,1,1,1,1,1,4,4,1,1,1,1,1,1,1,4,4
2,2,3,2,2,4,2,2,2,2,2,2,2,2,2,2,2,2,2,2,2
1,6,4,2,1,1,1,1,1,1,4,4,1,1,1,1,1,1,1,4,4
2,2,3,2,2,4,2,2,2,2,2,2,2,2,2,2,2,2,2,2,2
1,1,4,1,1,1,1,1,1,1,4,3,1,1,1,1,1,1,1,1,1
2,2,2,2,2,2,2,2,2,2,5,3,2,2,2,2,2,2,2,2,2
1,6,4,1,1,1,1,1,1,1,4,4,1,1,1,1,1,1,1,1,1
2,2,3,2,2,4,2,2,1,2,2,2,2,2,3,2,2,2,2,2,2
1,6,4,2,1,1,1,1,1,1,4,4,1,1,1,1,1,1,1,4,4
2,2,3,2,2,1,2,2,2,2,4,3,2,2,2,2,2,2,2,2,2
1,2,2,1,2,1,1,1,2,1,5,3,1,1,2,1,1,1,1,6,6
1,2,2,1,2,1,1,2,2,2,6,3,1,2,2,2,2,2,2,2,2
1,6,1,2,1,1,1,1,1,1,1,1,1,1,1,1,1,1,1,4,4
2,2,3,2,2,4,2,2,1,2,2,4,2,2,3,2,2,2,2,2,2
1,6,4,1,1,1,1,1,1,1,1,4,1,1,1,1,1,1,1,4,4
2,2,3,2,2,1,2,2,1,2,2,4,2,2,2,2,2,2,2,2,2
1,6,4,1,1,1,1,1,1,1,4,4,1,1,1,1,1,1,1,4,4
2,2,3,2,2,4,2,2,2,2,2,2,2,2,2,2,2,2,2,2,2
1,2,2,1,2,1,1,1,2,1,5,3,1,1,2,1,1,1,1,6,6
1,2,2,1,6,1,1,2,2,2,6,3,1,2,2,2,2,2,1,2,2
1,1,4,1,1,1,1,1,1,1,4,6,1,1,1,1,1,1,1,1,1
2,2,3,2,2,2,2,2,2,2,5,3,2,2,2,2,2,2,2,2,2
1,6,4,1,1,1,1,1,1,1,4,4,1,1,1,1,1,1,1,1,1
2,2,3,2,2,4,2,2,2,2,2,2,2,2,2,2,2,2,2,2,2
1,6,4,1,1,1,1,1,1,1,4,4,1,1,1,1,1,1,1,4,4
2,2,3,2,2,1,2,2,2,2,4,3,2,2,2,2,2,2,2,2,2
1,1,2,1,2,1,1,1,2,1,2,3,1,1,2,1,1,1,1,6,6
4,2,2,1,2,1,1,2,2,2,5,3,1,2,2,2,2,2,1,2,2
1,6,4,2,1,1,1,1,1,1,1,1,1,1,1,1,1,1,1,4,4
2,2,3,2,2,4,2,2,1,2,2,4,2,2,3,2,2,2,2,2,2
1,6,4,1,1,1,1,1,1,1,4,4,1,1,1,1,1,1,1,4,4
2,2,3,2,2,4,2,2,2,2,2,2,2,2,2,2,2,2,2,2,2
1,1,4,1,1,1,1,1,1,1,4,3,1,1,1,1,1,1,1,1,1
2,2,3,2,2,2,2,2,2,2,5,3,2,2,2,2,2,2,2,2,2
1,6,4,1,1,1,1,1,1,1,4,4,1,1,1,1,1,1,1,1,1
2,2,3,2,2,4,2,2,1,2,2,2,2,2,3,2,2,2,2,2,2
1,6,1,2,1,1,1,1,1,1,4,4,1,1,1,1,1,1,1,4,4
2,2,3,2,2,1,2,2,2,2,4,3,2,2,2,2,2,2,2,2,2
1,1,4,1,1,1,1,1,4,1,4,3,1,1,1,1,1,1,1,1,1
2,2,2,2,2,2,2,2,2,2,5,3,2,2,2,2,2,2,2,2,2
1,6,4,1,1,1,1,1,1,1,4,4,1,1,1,1,1,1,1,1,1
2,2,3,2,2,4,2,2,2,2,2,2,2,2,2,2,2,2,2,2,2
1,6,4,2,1,1,1,1,1,1,4,4,1,1,1,1,1,1,1,4,4
2,2,3,2,2,1,2,2,2,2,4,3,2,2,2,2,2,2,2,2,2
1,1,2,1,2,1,1,1,2,1,2,3,1,1,2,1,1,1,1,1,1
1,2,2,1,2,1,1,2,2,2,6,3,1,2,2,2,2,2,1,2,2
1,6,1,1,1,1,1,1,1,1,1,1,1,1,1,1,1,1,1,4,4
2,2,3,2,2,4,2,2,1,2,2,4,2,2,3,2,2,2,2,2,2
1,6,4,2,1,1,1,1,1,1,4,4,1,1,1,1,1,1,1,4,4
2,2,3,2,2,4,2,2,2,2,2,2,2,2,2,2,2,2,2,2,2
1,1,5,1,2,5,1,1,6,1,5,3,1,1,5,1,6,6,1,6,6
1,1,1,1,1,4,1,1,6,1,1,5,1,1,1,1,6,6,1,1,1
1,1,5,1,4,5,5,1,5,6,5,5,1,4,5,2,5,1,1,5,5
5,5,5,5,5,3,5,5,5,5,1,5,5,5,5,5,5,5,5,5,5
1,5,5,1,6,1,1,5,5,1,5,5,1,5,5,1,6,1,1,5,5
5,5,1,5,5,5,5,5,5,5,1,1,5,5,5,2,1,1,5,5,5
1,1,5,1,3,4,1,5,5,1,5,6,1,5,5,1,6,6,1,6,5
6,1,5,2,1,5,2,5,5,6,5,5,5,5,5,2,5,6,1,5,5
1,1,5,1,5,1,1,5,5,1,5,6,1,5,5,1,6,6,1,6,5
5,5,1,5,5,5,5,5,5,5,1,5,5,5,5,2,5,5,5,5,5
1,1,5,2,6,5,2,1,5,1,5,4,1,6,5,2,5,1,1,5,5
5,5,5,5,5,5,5,5,5,5,5,5,5,5,5,2,5,5,5,5,5
1,6,5,1,6,1,1,6,5,1,5,5,1,6,5,1,6,1,1,5,5
5,5,2,5,5,5,5,5,5,5,1,1,5,5,5,2,5,5,5,5,5
1,1,5,1,5,5,1,5,5,1,5,6,1,5,5,1,6,6,1,6,5
6,1,5,1,1,5,1,5,5,6,5,4,1,5,5,2,6,6,1,5,5
1,1,5,1,5,1,1,6,5,6,5,6,1,5,5,1,6,6,1,6,5
5,5,1,5,5,5,5,5,5,5,1,5,5,5,5,2,5,5,5,5,5
1,1,5,1,6,5,1,1,5,1,5,4,1,6,5,2,5,1,1,5,5
5,5,5,5,5,5,5,5,5,5,5,5,5,5,5,5,5,5,5,5,5
1,1,1,1,2,5,1,1,5,1,5,3,1,1,5,1,6,6,1,6,6
1,1,1,2,1,4,2,1,6,1,1,5,1,1,1,1,6,6,1,1,1
1,1,5,1,1,5,2,1,5,1,5,4,1,5,5,2,5,1,1,5,5
5,5,5,5,5,5,5,5,5,5,1,5,5,5,5,2,5,5,5,5,5
1,1,5,1,3,4,1,5,5,1,5,6,1,5,5,1,6,6,1,5,5
5,1,5,5,1,3,5,5,5,6,1,5,5,5,5,5,5,5,5,5,5
1,1,5,1,5,1,1,5,5,1,5,5,1,5,5,1,6,6,1,5,5
5,5,1,5,5,5,5,5,5,5,1,5,5,5,5,2,1,1,5,5,5
6,6,5,4,5,5,1,5,1,6,5,5,5,5,5,1,5,5,1,5,5
5,5,5,5,5,5,5,5,5,5,1,5,5,5,5,2,5,5,5,5,5
1,5,1,1,2,5,1,5,5,1,5,5,1,5,5,1,6,6,1,6,6
1,1,5,2,1,4,2,1,1,1,1,5,1,1,6,1,6,6,1,1,1
2,6,5,2,5,5,2,5,5,1,5,5,2,5,5,2,5,1,1,5,5
5,5,5,5,5,5,5,5,5,5,1,5,5,5,5,2,5,1,5,5,5
2,6,5,2,5,1,2,5,5,1,5,5,2,5,5,2,5,5,1,5,5
5,5,5,5,5,5,5,5,5,5,1,5,5,5,5,2,1,1,5,5,5
1,1,1,1,2,5,1,5,5,1,5,3,1,5,5,1,6,6,1,6,6
1,1,5,1,1,4,1,1,1,1,1,5,1,1,6,1,6,6,1,1,1
1,1,5,1,5,4,1,5,5,1,5,6,1,5,5,1,6,6,1,5,5
5,5,5,5,1,5,5,5,5,5,5,5,5,5,5,5,5,5,5,5,5
1,6,5,1,5,1,1,5,5,1,5,5,1,5,5,1,6,6,1,5,5
5,5,1,5,5,5,5,5,5,5,1,5,5,5,5,2,1,1,5,5,5
1,6,5,1,1,5,1,1,5,1,5,5,1,5,5,1,5,5,1,5,5
5,5,5,5,5,5,5,5,5,5,1,5,5,5,5,5,5,5,5,5,5
1,6,5,1,5,5,1,6,5,1,5,5,1,5,5,2,5,5,1,5,5
5,5,5,5,5,5,5,5,5,5,1,5,5,5,5,2,5,1,5,5,5
1,6,5,1,6,5,1,5,5,1,5,5,1,6,5,2,5,5,1,5,5
5,5,5,5,5,5,5,5,5,5,1,1,5,5,5,2,1,1,5,5,5
2,6,5,2,1,5,2,1,5,1,5,5,2,6,5,2,5,5,1,5,5
5,5,5,5,5,5,5,5,5,5,1,5,5,5,5,5,5,5,5,5,5
1,1,1,1,2,5,1,1,5,1,5,3,1,1,5,1,6,6,1,6,6
1,1,5,1,1,4,1,1,1,1,1,5,1,1,5,1,6,6,1,1,1
1,6,5,1,1,5,1,6,5,6,5,5,1,5,5,2,5,1,1,5,5
5,5,5,5,5,5,5,5,5,5,1,5,5,5,5,2,5,1,5,5,5
1,6,5,1,6,1,1,1,1,1,5,5,1,6,5,1,6,5,1,5,5
5,5,5,5,5,5,5,5,5,5,1,1,5,5,5,2,1,1,5,5,5
1,1,5,1,5,4,1,5,5,1,5,6,1,5,5,1,6,6,1,5,5
5,5,5,3,5,5,5,5,5,5,5,5,5,5,5,5,5,5,5,5,5
1,6,5,1,6,1,1,6,5,1,5,6,1,6,5,1,6,6,1,6,5
5,5,5,5,5,5,5,5,5,5,1,5,5,5,5,2,5,1,5,5,5
1,1,5,1,5,6,1,5,5,1,5,6,1,5,5,1,6,6,1,5,5
5,5,5,3,5,5,5,5,5,5,5,5,5,5,5,5,5,5,5,5,5
1,6,5,1,6,1,1,6,5,1,5,5,1,6,5,1,6,6,1,6,5
5,5,5,5,5,5,5,5,5,5,1,5,5,5,5,2,1,1,5,5,5
1,6,5,1,1,5,1,1,5,1,5,4,1,6,5,1,5,1,1,5,5
5,5,5,5,5,5,5,5,5,5,5,5,5,5,5,5,5,5,5,5,5
1,1,1,1,2,5,1,5,5,1,5,3,1,1,5,1,6,6,1,6,6
1,1,5,1,1,4,1,1,5,1,5,6,1,1,4,1,6,6,1,5,5
1,6,5,2,1,5,2,1,5,1,5,5,1,5,5,2,5,1,1,5,5
5,5,5,5,5,3,5,5,5,5,1,5,5,5,5,2,5,1,5,5,5
1,6,5,1,6,5,1,1,1,1,5,4,1,6,5,1,6,1,1,5,5
5,5,5,5,5,5,5,5,5,5,1,5,5,5,5,2,1,1,5,5,5
1,6,5,1,6,1,1,1,5,1,5,5,1,6,5,1,6,1,1,5,5
5,5,5,5,5,5,5,5,5,5,1,1,5,5,5,2,1,1,5,5,5
1,1,5,1,5,6,1,6,1,1,5,6,1,5,5,1,6,6,1,5,5
5,5,5,4,5,5,5,5,5,5,5,5,5,5,5,5,5,5,5,5,5
1,6,1,1,6,1,1,6,1,1,5,6,1,6,5,1,6,6,1,6,6
5,5,5,5,5,5,5,5,5,5,1,1,5,5,5,2,5,5,5,5,5
1,6,5,1,4,5,1,1,5,1,5,4,1,6,5,1,6,1,1,5,5
5,5,5,5,5,5,5,5,5,5,5,5,5,5,5,5,5,5,5,5,5
1,1,5,1,2,5,1,1,6,1,5,3,1,1,5,1,6,6,1,6,6
1,1,5,1,1,4,1,1,5,1,5,6,1,1,5,1,6,6,1,5,5
1,6,5,1,4,5,1,1,5,1,5,5,1,5,5,1,5,1,1,5,5
5,5,5,5,5,5,5,5,5,5,1,5,5,5,5,2,5,5,5,5,5
1,6,5,1,4,5,1,1,5,1,5,4,1,5,5,1,5,1,1,5,5
5,5,5,5,5,3,5,5,5,5,1,5,5,5,5,2,5,5,5,5,5
1,6,5,1,6,1,1,6,5,1,5,4,1,6,5,1,6,1,1,5,5
5,5,5,5,5,5,5,5,5,5,1,1,5,5,5,2,5,1,5,5,5
1,1,1,1,2,5,1,1,6,1,5,3,1,1,5,1,6,6,1,6,6
1,1,5,1,1,5,1,1,5,1,5,6,1,1,5,1,6,6,1,6,6
1,1,5,1,5,6,1,6,1,1,5,6,1,6,5,1,6,6,1,6,6
5,5,5,5,5,5,5,5,5,5,5,5,5,5,5,5,6,5,5,5,5
1,6,1,1,6,1,1,6,1,1,5,6,1,6,5,1,6,1,1,6,6
5,5,5,5,5,5,5,5,5,5,1,1,5,5,5,2,5,5,5,5,5
1,6,5,1,4,5,1,1,5,1,5,4,1,1,5,1,6,1,1,5,5
5,5,5,5,5,5,5,5,5,5,5,5,5,5,5,5,5,5,5,5,5
1,1,1,1,2,5,1,1,6,1,5,3,1,1,5,1,6,6,1,6,6
1,1,5,1,1,5,1,5,5,1,5,6,1,1,5,1,6,6,1,6,6
1,6,5,1,4,5,1,1,5,1,5,4,1,5,5,1,5,1,1,5,5
5,5,5,5,5,3,5,5,5,5,1,5,5,5,5,2,5,5,5,5,5
1,6,5,1,6,5,1,6,5,1,5,4,1,6,5,1,6,1,1,5,5
5,5,5,5,5,5,5,5,5,6,1,1,5,5,5,2,5,1,5,5,5
1,1,5,1,5,6,1,6,1,1,5,6,1,6,5,1,6,6,1,6,6
5,5,5,5,5,5,5,5,5,5,5,5,5,5,5,5,5,5,5,5,5
1,6,1,1,6,1,1,6,1,1,5,6,1,6,5,1,6,1,1,6,6
5,5,5,5,5,5,5,5,5,5,1,1,5,5,5,2,5,5,5,5,5
1,6,5,1,4,5,1,1,5,1,5,4,1,5,5,1,5,1,1,5,5
5,5,5,5,5,5,5,5,5,5,5,5,5,5,5,5,5,5,5,5,5
6,1,5,1,5,6,1,6,1,1,5,6,1,6,5,1,6,6,1,6,6
5,6,5,5,6,5,5,6,5,5,5,5,5,6,5,5,5,5,5,5,5
1,6,1,1,6,1,1,6,1,1,5,6,1,6,5,1,6,1,1,6,6
5,5,5,5,5,5,5,5,5,5,1,1,5,5,5,2,5,1,5,5,5
1,6,5,1,4,5,1,6,5,1,5,4,1,1,5,1,6,1,1,5,5
5,5,5,5,5,5,5,5,5,5,5,5,5,5,5,5,5,5,5,5,5
1,1,1,1,2,5,1,1,6,1,5,3,1,1,5,1,6,6,1,6,6
1,5,5,1,3,6,1,5,6,1,5,6,1,5,5,1,6,6,1,6,6
1,6,5,1,4,5,1,1,5,1,5,4,1,5,5,1,5,1,1,5,5
5,5,5,5,5,3,5,5,5,5,1,5,5,5,5,2,5,1,5,5,5
1,6,5,1,6,5,1,6,5,1,5,4,1,6,5,1,6,1,1,5,5
5,5,5,5,5,5,5,5,5,5,1,1,5,5,5,2,1,1,5,5,5
6,5,2,1,4,1,1,6,2,2,5,3,1,5,2,1,2,2,1,2,2
2,2,2,2,2,2,2,2,2,2,6,3,2,2,2,2,2,2,1,2,2
6,6,6,6,4,6,6,6,6,6,4,6,6,1,6,6,6,6,6,1,6
2,2,5,2,1,4,2,1,1,2,5,4,2,2,3,2,2,2,2,2,2
6,6,5,6,4,5,6,6,6,6,6,6,6,1,6,6,6,6,6,6,6
2,2,1,2,2,4,2,2,1,2,2,4,2,2,2,2,2,2,2,2,2
6,4,5,6,1,6,6,6,6,6,6,3,6,6,1,6,6,6,6,6,6
2,2,3,2,2,1,2,2,3,2,6,3,2,2,2,2,2,2,2,2,2
6,6,5,6,4,5,6,6,6,6,6,6,6,6,6,6,6,6,6,6,6
2,2,5,2,1,4,2,1,1,2,2,4,2,2,3,2,2,2,2,2,2
6,6,6,6,4,6,6,6,6,6,4,6,6,1,6,6,6,6,6,1,6
2,2,3,2,2,1,2,2,5,2,5,3,2,2,2,2,2,2,2,2,2
6,6,6,6,4,5,6,6,6,6,4,6,6,1,6,6,6,6,6,6,6
2,2,1,2,2,4,2,2,1,2,2,4,2,2,2,2,2,2,2,2,2
6,6,5,6,1,6,6,6,6,6,6,3,6,6,6,6,6,6,6,6,6
2,2,3,2,6,1,2,2,3,2,6,3,2,2,2,2,2,2,2,2,2
6,6,1,6,4,1,6,6,6,6,6,6,6,6,6,6,6,6,6,6,6
2,2,5,2,1,2,2,1,1,2,2,4,2,2,3,2,2,2,2,2,2
6,6,6,6,4,6,6,6,6,6,4,6,6,1,6,6,6,6,6,6,6
2,2,3,2,2,4,2,2,5,2,5,3,2,2,3,2,2,2,2,2,2
6,5,2,1,4,1,1,6,2,2,5,3,1,2,2,1,2,2,1,2,2
2,2,2,2,2,1,2,2,2,2,6,3,2,2,2,2,2,2,2,2,2
6,6,6,6,4,6,6,6,6,6,4,6,6,1,6,6,6,6,6,1,6
2,2,5,2,1,3,2,1,1,2,5,4,2,2,3,2,2,2,2,2,2
6,4,5,6,1,6,6,6,6,6,6,3,6,6,1,6,6,6,6,6,6
2,2,3,2,6,1,2,2,3,2,6,3,2,2,1,2,2,2,2,2,2
6,6,5,6,4,5,6,6,6,6,6,6,6,1,6,6,6,6,6,6,6
2,2,3,2,1,2,2,1,1,2,2,4,2,2,3,2,2,2,2,2,2
6,6,6,6,4,6,6,6,6,6,4,6,6,1,6,6,6,6,6,1,6
2,2,3,2,2,1,2,2,5,2,5,3,2,2,2,2,2,2,2,2,2
6,5,2,1,4,1,1,6,2,2,5,3,1,5,2,1,2,2,1,2,2
2,2,2,2,2,2,2,2,2,2,5,3,2,2,2,2,2,2,2,2,2
6,6,6,6,4,6,6,6,6,6,4,6,6,1,6,6,6,6,6,1,6
2,2,3,2,1,4,2,1,1,2,4,3,2,2,3,2,2,2,2,2,2
6,6,6,6,4,5,6,6,6,6,6,6,6,1,6,6,6,6,6,6,6
2,2,1,2,2,4,2,2,1,2,2,4,2,2,3,2,2,2,2,2,2
6,5,2,1,4,1,1,6,2,2,5,3,1,5,2,1,2,2,1,2,2
2,2,2,2,2,1,2,2,2,2,6,3,2,2,2,2,2,2,2,2,2
6,6,5,6,1,1,6,6,6,6,6,3,6,6,6,6,6,6,6,6,6
2,2,3,2,6,1,2,2,3,2,6,3,2,2,2,2,2,2,2,2,2
6,6,1,6,4,1,6,6,6,6,6,6,6,1,6,6,6,6,6,6,6
2,2,3,2,1,1,2,1,1,2,2,4,2,2,3,2,2,2,2,2,2
6,6,6,6,4,6,6,6,6,6,4,6,6,1,6,6,6,6,6,1,1
2,2,3,2,2,1,2,2,5,2,5,3,2,2,2,2,2,2,2,2,2
6,6,6,6,1,6,6,1,6,6,4,6,6,1,6,6,6,6,6,1,1
2,2,3,2,1,1,2,1,1,2,4,3,2,2,3,2,2,2,2,2,2
6,6,6,6,4,1,6,6,6,6,6,6,6,1,6,6,6,6,6,6,6
2,2,1,2,2,4,2,2,1,2,2,4,2,2,3,2,2,2,2,2,2
6,6,6,6,4,6,6,6,6,6,4,6,6,1,6,6,6,6,6,1,1
2,2,3,2,2,1,2,2,2,2,5,3,2,2,2,2,2,2,2,2,2
6,5,2,1,5,1,1,6,2,2,5,3,1,5,2,1,2,2,1,2,2
2,2,2,2,2,1,2,2,2,2,6,3,2,2,2,2,2,2,2,2,2
6,6,6,6,4,6,6,1,6,6,4,6,6,1,6,6,1,6,6,1,1
2,2,3,2,1,1,2,1,1,2,4,3,2,2,3,2,2,2,2,2,2
6,6,6,6,1,5,6,6,6,6,6,6,6,1,6,6,6,6,6,1,1
2,2,5,2,2,4,2,2,1,2,2,4,2,2,3,2,2,2,2,2,2
6,6,5,6,1,1,6,6,6,6,6,3,6,6,6,6,6,6,6,6,6
2,2,5,2,2,1,2,2,2,2,5,3,2,2,2,2,2,2,2,2,2
6,6,1,6,4,5,6,6,6,6,6,6,6,1,6,6,6,6,6,1,6
2,2,3,2,1,1,2,1,1,2,2,4,2,2,3,2,2,2,2,2,2
6,6,5,6,1,1,6,6,6,6,6,3,6,6,6,6,6,6,6,6,6
2,2,5,2,2,1,2,2,2,2,5,3,2,2,2,2,2,2,2,2,2
6,6,1,6,4,1,6,6,6,6,6,6,6,1,6,6,6,6,6,1,6
2,2,3,2,1,1,2,2,1,2,2,4,2,2,3,2,2,2,2,2,2
6,6,6,6,1,6,6,1,6,6,4,6,6,1,6,6,1,6,6,1,1
2,2,3,2,2,1,2,2,1,2,4,3,2,2,2,2,2,2,2,2,2
1,5,2,1,5,1,1,6,2,2,5,3,1,5,2,1,2,2,1,2,2
1,2,2,4,6,1,1,2,2,2,6,3,1,2,2,2,2,2,1,2,2
6,6,6,6,4,6,6,1,6,6,4,6,6,1,6,6,1,6,6,1,1
2,2,3,2,1,1,2,1,1,2,2,3,2,2,3,2,2,2,2,2,2
6,6,6,6,1,6,6,6,6,6,4,6,6,1,6,6,6,6,6,1,1
2,2,5,2,1,4,2,2,1,2,2,4,2,2,3,2,2,2,2,2,2
6,6,6,6,4,6,6,6,6,6,4,6,6,1,6,6,6,6,6,1,6
2,2,5,2,2,4,2,2,1,2,2,4,2,2,3,2,2,2,2,2,2
6,6,6,6,4,1,6,6,6,6,6,3,6,6,6,6,6,6,6,6,6
2,2,5,4,2,1,2,2,2,2,5,3,2,2,2,2,2,2,2,2,2
6,6,5,6,4,5,6,6,6,6,6,6,6,6,6,6,6,6,6,6,6
2,2,5,1,1,3,2,2,1,2,2,4,2,2,3,2,2,2,2,2,2
6,6,6,6,4,6,6,1,6,6,4,6,6,1,6,6,6,6,6,1,1
2,2,3,2,2,1,2,1,1,2,4,3,2,2,2,2,2,2,2,2,2
1,5,2,1,4,5,1,6,2,2,5,3,1,5,2,1,2,2,1,2,2
1,2,2,1,6,3,1,2,2,2,5,3,1,2,2,2,2,2,1,2,2
6,6,6,6,4,6,6,1,6,6,4,6,6,1,6,6,1,6,6,1,1
2,2,3,1,1,4,2,1,1,2,2,3,2,2,3,2,2,2,2,2,2
6,6,6,6,1,6,6,1,6,6,4,6,6,1,6,6,1,6,6,1,1
2,2,3,2,1,4,2,1,1,2,2,3,2,2,3,2,2,2,2,2,2
6,6,6,6,4,6,6,6,6,6,4,6,6,1,6,6,6,6,6,1,6
2,2,1,2,1,4,2,2,1,2,2,4,2,2,3,2,2,2,2,2,2
6,5,2,1,5,1,1,6,5,2,5,3,1,5,2,2,2,2,1,2,2
1,2,2,1,6,5,1,2,2,2,5,3,1,2,2,1,2,2,1,2,2
6,6,5,6,6,1,6,6,6,6,6,3,6,6,6,6,6,6,6,6,6
2,2,5,2,2,1,2,2,5,2,5,3,2,2,2,2,2,2,2,2,2
6,6,5,6,4,5,6,6,6,6,6,6,6,6,6,6,6,6,6,6,6
2,2,3,2,1,1,2,2,1,2,2,4,2,2,3,2,2,2,2,2,2
6,6,6,6,1,6,6,1,6,6,4,6,6,1,6,6,6,6,6,1,1
2,2,3,2,2,1,2,2,1,2,4,3,2,2,2,2,2,2,2,2,2
1,5,2,1,5,1,1,6,2,2,5,3,1,5,2,1,2,2,1,2,2
4,2,2,4,6,1,1,2,2,2,6,3,1,2,2,1,2,2,1,2,2
6,6,6,6,4,4,6,1,6,6,4,6,6,1,6,6,1,6,6,1,1
2,2,3,1,1,1,2,1,1,2,2,3,2,2,3,2,2,2,2,2,2
6,6,6,6,4,6,6,6,6,6,4,6,6,1,6,6,6,6,6,1,1
2,2,5,2,1,2,2,2,1,2,2,4,2,2,3,2,2,2,2,2,2
6,6,5,6,1,1,6,6,6,6,6,3,6,6,6,6,6,6,6,6,6
2,2,5,4,2,1,4,2,2,2,5,3,2,2,2,2,2,2,2,2,2
6,6,1,6,4,5,6,6,6,6,6,6,6,1,6,6,6,6,6,1,6
2,2,5,1,1,3,2,2,1,2,2,4,2,2,3,2,2,2,2,2,2
6,6,6,6,4,6,6,1,6,6,4,6,6,1,6,6,1,6,6,1,1
2,2,3,2,2,1,2,1,1,2,4,3,2,2,2,2,2,2,2,2,2
6,6,5,6,1,1,6,6,6,6,6,3,6,6,6,6,6,6,6,6,6
2,2,3,2,2,2,2,2,2,2,5,3,2,2,2,2,2,2,2,2,2
6,6,1,6,4,5,6,6,6,6,6,6,6,1,6,6,6,6,6,1,6
2,2,3,2,1,1,2,2,1,2,2,4,2,2,3,2,2,2,2,2,2
6,6,6,6,1,6,6,1,6,6,4,6,6,1,6,6,1,6,6,1,1
2,2,3,2,2,1,2,1,1,2,4,3,2,2,2,2,2,2,2,2,2
1,5,2,1,5,1,1,6,2,2,5,3,1,5,2,1,2,2,1,2,2
2,2,2,2,6,1,2,2,2,2,6,3,2,2,2,2,2,2,2,2,2
6,6,6,6,1,4,6,1,6,6,4,6,6,1,6,6,1,6,6,1,1
2,2,3,2,1,1,2,1,1,2,2,3,2,2,3,2,2,2,2,2,2
6,6,6,6,4,6,6,1,6,6,4,6,6,1,6,6,6,6,6,1,1
2,2,1,2,1,4,2,2,1,2,2,4,2,2,3,2,2,2,2,2,2
1,1,1,1,1,1,1,1,1,1,2,3,1,1,1,1,1,1,1,1,1
6,2,2,1,1,1,1,6,3,2,5,3,1,6,2,1,6,6,1,6,6
2,1,4,2,1,5,2,1,1,6,1,4,2,1,1,2,1,1,1,5,5
5,3,4,2,4,5,5,1,5,2,1,1,5,4,5,2,4,1,2,5,1
1,1,5,1,1,1,1,6,1,6,5,4,1,1,5,1,6,1,1,6,1
5,5,5,5,5,5,5,5,5,5,1,1,5,5,5,2,1,1,5,5,5
1,1,1,1,6,5,1,6,5,1,5,6,1,1,5,1,6,6,1,6,6
5,1,5,5,5,5,5,5,5,5,5,5,5,6,5,5,6,5,5,5,5
1,6,5,1,1,1,1,6,5,6,5,6,1,6,5,2,6,6,1,6,6
5,5,5,5,5,5,5,5,5,5,1,5,5,5,5,2,5,1,5,5,5
1,6,5,1,4,5,1,1,5,1,5,4,1,6,5,2,6,1,1,5,5
5,5,5,5,4,5,5,3,5,5,5,5,5,5,5,5,5,5,5,5,5
1,6,5,2,4,1,1,1,5,1,5,4,1,6,5,2,6,1,1,5,5
5,5,1,5,5,5,5,5,5,5,1,1,5,5,5,2,1,1,5,5,5
1,6,1,1,6,6,1,6,1,1,5,6,1,1,5,1,6,6,1,6,6
5,5,5,5,5,5,5,5,5,5,5,5,5,5,5,5,5,5,5,5,5
1,6,5,1,1,1,1,6,5,1,5,6,1,6,5,1,6,6,1,6,6
5,5,5,5,5,5,5,5,5,5,1,5,5,5,5,2,5,1,5,5,5
2,6,5,2,4,5,2,1,5,1,5,4,2,4,5,2,5,1,2,5,5
5,6,5,5,4,5,5,1,5,5,5,5,5,5,5,5,5,5,5,5,5
1,5,1,1,5,5,1,6,6,1,5,3,1,5,5,1,6,6,1,6,6
1,1,5,1,6,5,1,5,5,1,5,6,1,1,5,1,6,6,1,6,6
2,6,5,2,4,5,2,1,5,1,5,4,2,4,5,2,5,1,1,5,5
5,3,5,5,4,5,5,1,5,5,1,5,5,4,5,5,5,5,5,5,5
1,6,1,1,6,6,1,6,1,1,5,6,1,1,5,1,6,6,1,6,6
5,6,5,5,6,5,5,6,5,5,5,5,5,6,5,5,6,6,5,5,5
1,6,5,1,1,1,1,1,5,6,5,6,1,6,5,1,6,6,1,6,6
5,5,5,5,5,3,5,5,5,5,1,5,5,5,5,2,5,1,5,5,5
2,6,5,2,4,5,2,1,5,1,5,4,2,4,5,2,6,1,1,5,5
5,5,5,5,4,5,5,5,5,5,5,5,5,5,5,5,5,5,5,5,5
1,5,5,1,5,5,1,6,6,1,5,3,1,5,5,1,6,6,1,6,6
1,1,1,1,1,5,1,5,5,1,5,6,1,1,5,1,6,6,1,6,6
2,6,5,2,4,5,2,1,5,1,5,5,2,5,5,2,5,1,1,5,5
5,5,5,5,5,5,5,5,5,5,1,5,5,5,5,2,5,1,5,5,5
1,6,5,1,4,1,1,1,5,1,5,4,1,6,5,1,6,1,1,6,5
5,5,1,5,5,5,5,5,5,5,1,1,5,5,5,2,1,1,5,5,5
1,5,5,1,5,5,1,6,6,1,5,3,1,5,5,1,6,6,1,6,6
1,1,5,1,6,5,1,5,1,1,5,6,5,1,5,1,6,6,1,6,6
1,6,5,1,6,6,1,6,1,1,5,6,1,6,5,1,6,6,1,6,6
5,6,5,5,6,5,5,5,5,5,5,5,5,5,5,5,5,5,5,5,5
1,6,5,1,1,1,1,1,5,1,5,6,1,6,5,1,6,6,1,6,6
5,5,5,5,5,5,5,5,5,5,1,5,5,5,5,2,1,1,5,5,5
1,6,5,1,4,5,1,1,5,1,5,4,1,5,5,1,5,1,1,5,5
5,5,4,5,5,5,5,5,5,5,1,5,5,5,5,2,5,5,5,5,5
1,6,5,1,4,5,1,1,5,1,5,4,1,5,5,2,5,1,1,5,5
5,5,5,5,5,3,5,5,5,5,1,5,5,5,5,2,5,1,5,5,5
1,6,5,1,4,1,1,1,5,1,5,4,1,1,5,1,6,1,1,5,5
5,5,1,5,5,5,5,5,5,5,1,1,5,5,5,2,1,1,5,5,5
1,6,5,1,4,5,1,1,5,1,5,4,1,1,5,2,5,1,1,5,5
5,5,4,5,5,5,5,5,5,5,1,5,5,5,5,5,5,5,5,5,5
1,5,1,1,5,5,1,6,6,1,5,3,1,5,5,1,6,6,1,6,6
6,6,5,5,6,4,6,6,1,6,5,6,5,6,5,5,6,6,5,6,6
2,6,5,2,4,5,2,1,5,1,5,4,2,5,5,2,5,1,1,5,5
5,5,5,5,4,3,5,5,5,5,1,5,5,5,5,2,5,1,5,5,5
1,6,5,1,4,1,1,1,5,1,5,4,1,1,5,1,6,1,1,5,5
5,5,1,5,5,5,5,5,5,5,1,1,5,5,5,2,1,1,5,5,5
6,6,5,1,6,6,1,6,1,1,5,6,1,6,5,1,6,6,1,6,6
5,6,5,5,4,5,5,1,5,5,5,5,5,5,5,5,5,5,5,5,5
1,6,5,1,1,1,1,1,5,1,5,6,1,1,5,1,6,6,1,6,6
5,5,5,5,5,5,5,5,5,5,1,5,5,5,5,2,1,1,5,5,5
1,6,5,1,6,6,1,6,1,1,5,6,1,6,5,1,6,6,1,6,6
5,6,5,5,4,5,5,1,5,5,5,5,5,5,5,5,5,5,5,5,5
1,6,5,1,1,1,1,1,1,1,5,6,1,6,5,1,6,6,1,6,6
5,5,5,5,5,5,5,5,5,5,1,1,5,5,5,2,1,1,5,5,5
1,6,5,1,4,5,1,1,5,1,5,4,1,5,5,2,5,1,1,5,5
5,5,4,5,5,5,5,5,5,5,1,5,5,5,5,5,5,5,5,5,5
1,5,5,1,5,5,1,6,5,1,5,3,1,5,5,1,6,6,1,6,6
6,6,5,1,6,4,5,6,5,6,5,6,5,6,5,6,6,6,1,6,5
2,6,5,2,1,5,2,1,1,1,5,4,2,5,5,2,5,1,1,5,5
5,5,5,5,5,5,5,5,5,5,1,5,5,5,5,2,5,1,5,5,5
1,6,5,1,4,1,1,6,5,1,5,4,1,6,5,1,6,1,1,6,4
5,5,1,5,5,5,5,5,5,5,1,1,5,5,5,2,1,1,5,5,5
1,6,5,1,4,1,1,6,5,1,5,4,1,6,5,1,6,1,1,6,5
5,5,1,5,5,5,5,5,5,5,1,1,5,5,5,2,1,1,5,5,5
6,6,1,1,6,6,1,6,1,1,5,6,1,6,5,1,6,6,1,6,6
5,6,5,5,4,5,5,6,5,5,5,5,5,6,5,5,6,5,5,5,5
6,6,1,1,1,1,1,6,1,1,5,6,1,6,5,1,6,1,1,6,6
5,5,5,5,5,5,5,5,5,5,1,5,5,5,5,2,5,1,5,5,5
1,6,5,1,4,5,1,1,5,1,5,4,1,1,5,1,6,1,1,5,5
5,6,4,5,4,5,5,1,5,5,1,5,5,5,5,5,5,5,5,5,5
1,5,1,1,5,5,1,6,6,1,5,3,1,1,5,1,6,6,1,6,6
6,6,5,6,6,5,6,6,5,6,5,6,6,6,5,6,6,6,5,5,5
1,6,5,1,4,5,1,1,1,1,5,4,1,5,5,2,5,1,1,5,5
5,5,5,5,5,5,5,5,5,5,1,5,5,5,5,2,5,1,5,5,5
1,6,5,1,4,5,1,1,5,1,5,4,1,5,5,1,5,1,1,5,5
5,5,5,5,4,3,5,5,5,5,1,5,5,5,5,2,5,5,5,5,5
1,6,5,1,4,1,1,1,5,1,5,4,1,1,5,1,6,1,1,5,5
5,5,1,5,5,5,5,5,5,5,1,1,5,5,5,2,1,1,5,5,5
1,5,1,1,5,5,1,5,6,2,5,3,1,5,5,1,6,6,1,6,6
6,6,5,6,6,5,6,6,5,6,6,6,5,6,5,6,6,6,6,5,5
6,6,5,1,6,6,1,6,1,1,5,6,1,6,1,1,6,6,1,6,6
5,6,5,5,4,5,5,1,5,5,5,5,5,5,5,5,5,5,5,5,5
1,6,5,1,1,1,1,6,5,1,5,6,1,6,5,1,6,6,1,6,6
5,5,2,5,5,3,5,5,5,6,1,5,5,5,5,2,1,1,5,5,5
1,6,5,1,4,5,1,1,5,1,5,4,1,1,5,1,6,1,1,5,5
5,6,4,5,4,5,5,1,5,5,1,5,5,5,5,5,5,5,5,5,5
1,5,5,1,5,5,1,6,6,1,5,3,1,5,5,1,6,6,1,6,6
5,6,5,5,6,4,5,6,5,6,5,6,5,6,5,5,6,6,5,5,5
1,6,5,1,1,5,1,1,5,1,5,4,1,1,5,1,5,1,1,5,5
5,5,5,5,5,5,5,5,5,5,1,5,5,5,5,2,5,1,5,5,5
1,6,5,1,4,1,1,1,5,1,5,4,1,1,5,1,6,1,1,5,5
5,5,5,5,5,5,5,5,5,5,1,1,5,5,5,2,1,1,5,5,5
6,6,5,1,6,6,1,6,1,1,5,6,1,6,1,1,6,6,1,6,6
5,6,5,5,4,5,5,1,5,5,5,5,5,5,5,5,5,5,5,5,5
1,6,5,1,1,1,1,6,1,1,5,6,1,1,5,1,6,6,1,6,6
5,5,5,5,5,5,5,5,5,5,1,1,5,5,5,2,1,1,5,5,5
1,6,5,1,4,5,1,1,5,1,5,4,1,1,5,1,6,1,1,5,5
5,6,4,5,4,5,5,1,5,5,1,5,5,5,5,5,5,5,5,5,5
6,6,5,1,6,6,1,6,1,1,5,6,1,6,5,1,6,6,1,6,6
5,6,5,5,4,5,5,1,5,5,5,5,5,1,5,5,5,5,5,5,5
1,6,5,1,1,1,1,6,5,1,5,6,1,6,5,1,6,6,1,6,6
2,5,5,2,5,5,2,5,5,5,1,5,2,5,5,2,1,1,5,5,5
1,6,5,1,4,5,1,1,5,1,5,4,1,1,5,1,6,1,1,5,5
5,6,4,5,4,5,5,5,5,5,1,5,5,5,5,5,5,5,5,5,5
1,1,1,1,5,5,1,5,6,1,5,3,1,5,5,1,6,6,1,6,6
6,6,5,6,6,5,6,6,5,6,6,6,5,6,5,6,6,6,5,5,5
2,6,5,2,1,5,2,1,5,1,5,4,2,1,5,2,5,1,2,5,5
5,5,5,5,5,5,5,5,5,5,1,5,5,5,5,2,5,1,5,5,5
1,6,5,1,4,1,1,1,5,1,5,4,1,1,5,1,6,1,1,6,5
5,5,5,5,5,5,5,5,5,5,1,5,5,5,5,2,1,1,5,5,5
1,5,5,1,5,5,1,5,6,1,5,3,1,5,5,1,6,6,1,6,6
5,6,5,5,6,5,5,6,5,6,6,6,5,6,5,5,6,6,5,6,5
1,1,5,1,1,5,1,1,1,1,5,4,1,1,5,1,5,1,1,1,1
5,6,5,5,4,5,5,5,5,5,1,5,5,4,5,2,5,1,5,5,5
1,6,5,1,4,1,1,6,5,1,5,4,1,1,5,1,6,1,1,5,1
5,5,5,2,5,5,5,5,5,3,1,1,5,5,5,2,1,1,5,5,5
6,6,5,1,6,6,1,6,1,1,5,6,1,6,1,1,6,6,1,6,6
5,6,5,5,4,5,5,1,5,5,5,5,5,1,5,5,5,5,5,5,5
6,6,5,1,1,1,1,6,5,1,5,6,1,6,5,1,6,6,1,6,6
5,5,5,5,5,5,5,5,5,5,1,5,5,5,5,2,1,1,5,5,5
1,6,5,1,4,5,1,1,5,1,5,4,1,1,5,1,6,1,1,5,5
5,6,4,5,4,5,5,5,5,5,1,5,5,5,5,5,5,5,5,5,5
6,6,5,1,4,1,1,6,5,1,5,4,1,1,5,1,6,1,1,6,1
5,5,5,5,5,5,5,5,5,5,1,1,5,5,5,2,1,1,5,5,5
6,6,1,1,6,6,1,6,1,1,5,6,1,6,1,1,6,6,1,6,6
5,6,5,5,4,5,5,6,5,5,5,5,5,1,5,5,6,5,5,5,5
1,6,5,1,1,4,1,6,1,1,5,6,1,1,5,1,6,1,1,6,6
2,6,5,2,4,5,2,2,5,5,1,1,2,4,5,2,1,1,5,5,5
1,6,5,1,4,5,1,1,5,1,5,4,1,1,5,1,6,1,1,1,1
5,6,5,2,4,5,5,1,5,5,1,5,5,4,5,5,5,5,5,5,5
1,1,1,1,5,5,1,6,6,1,5,3,1,5,1,1,6,6,1,6,6
5,6,5,5,6,5,5,6,5,6,6,6,5,6,5,5,6,6,5,6,5
1,6,5,1,1,5,1,1,1,1,5,4,1,1,1,1,1,1,1,1,1
5,6,5,2,4,5,5,4,5,5,1,1,5,4,5,2,5,1,5,5,5
6,6,1,1,6,6,1,6,1,1,5,6,1,6,1,1,6,6,1,6,6
5,6,5,5,4,5,5,1,5,5,5,5,5,1,5,5,6,5,5,5,5
6,6,1,1,1,4,1,6,1,1,5,6,1,1,5,1,6,1,1,6,1
5,6,5,5,4,5,5,2,5,1,1,1,5,4,5,2,1,1,5,5,5
1,6,5,1,1,5,1,1,5,1,5,4,1,1,5,1,6,1,1,1,1
5,6,5,5,4,5,5,1,5,5,1,5,5,5,5,5,5,5,5,5,5
1,1,1,1,5,1,1,6,6,1,5,3,1,5,1,1,6,6,1,6,6
5,6,5,5,6,5,5,6,5,6,6,6,5,6,5,5,6,6,5,6,5
1,6,5,1,1,5,1,1,5,1,5,4,1,1,5,1,1,1,1,1,1
2,6,5,2,4,5,2,5,5,5,1,1,2,4,5,2,5,1,5,5,5
1,6,5,1,4,1,1,6,5,1,5,4,1,1,5,1,6,1,1,6,1
2,6,5,2,4,5,2,2,5,5,1,1,2,4,5,2,1,1,5,5,5
1,1,1,1,5,1,1,5,6,1,5,3,1,5,1,1,6,6,1,6,6
5,6,5,5,6,5,5,6,5,6,6,6,5,6,5,5,6,6,5,5,5
6,6,1,1,6,6,1,6,1,1,5,6,1,6,1,1,6,6,1,6,6
5,6,5,5,4,5,5,6,5,5,5,5,5,1,5,5,6,5,5,5,5
6,6,5,1,1,4,1,6,1,1,5,6,1,1,5,1,6,1,1,6,1
2,6,5,2,4,5,2,2,5,6,1,1,2,4,5,2,1,1,5,5,5
1,6,5,1,4,5,1,1,5,1,5,4,1,1,5,1,6,1,1,1,1
5,6,5,5,4,5,5,1,5,5,1,5,5,4,5,5,5,5,5,5,5
1,6,5,1,1,5,1,1,5,1,5,4,1,1,5,1,1,1,1,1,1
5,6,5,2,4,5,5,5,5,5,1,1,5,4,5,2,5,1,5,5,5
1,6,5,1,4,1,1,6,1,1,5,4,1,1,5,1,6,1,1,6,1
5,6,5,2,4,5,5,2,5,5,1,1,5,4,5,2,1,1,5,5,5
1,6,5,1,1,5,1,1,5,1,5,4,1,1,5,1,6,1,1,1,1
5,6,5,2,4,5,5,4,5,5,1,5,5,5,5,5,5,5,5,5,5
6,5,1,1,5,1,1,6,6,1,5,3,1,5,1,1,6,6,1,6,6
6,6,5,5,6,5,5,6,5,6,6,6,5,6,5,5,5,6,5,5,5
1,6,5,1,1,5,1,1,5,1,1,4,1,1,5,1,1,1,1,1,1
5,6,5,2,4,5,5,4,5,5,1,1,2,4,5,2,5,1,5,5,5
1,6,5,1,4,1,1,6,1,1,5,4,1,1,5,1,6,1,1,1,1
5,6,5,2,4,5,2,2,5,5,1,1,2,4,5,2,1,1,5,5,5
6,6,1,1,6,6,1,6,1,1,5,6,1,6,1,1,6,6,1,6,6
5,6,5,5,4,5,5,1,5,5,5,5,5,1,5,5,5,5,5,5,5
1,6,5,1,1,4,1,6,1,1,5,6,1,1,5,1,6,6,1,6,6
5,6,5,5,4,5,5,2,5,5,1,1,5,4,5,2,1,1,5,5,5
6,6,1,1,6,6,1,6,1,1,5,6,1,6,1,1,6,6,1,6,6
5,6,5,5,4,5,5,1,5,5,5,5,5,1,5,5,5,5,5,5,5
6,6,5,1,1,1,1,6,1,1,5,6,1,1,5,1,6,6,1,6,6
5,6,5,5,4,5,5,2,5,5,1,1,5,4,5,2,1,1,5,5,5
1,6,5,1,1,5,1,1,1,1,5,4,1,1,5,1,6,1,1,5,5
2,6,4,2,4,5,2,1,5,5,1,5,2,5,5,5,5,5,5,5,5
1,5,5,1,5,5,1,5,6,1,5,3,1,5,5,1,6,6,1,6,6
5,6,5,5,6,5,5,6,5,6,6,6,5,6,5,5,6,6,5,5,5
1,1,5,1,1,5,1,1,5,1,1,4,1,1,5,1,5,1,1,1,5
5,6,5,5,4,5,5,5,5,5,1,1,5,4,5,2,5,1,5,5,5
1,6,5,1,4,1,1,6,5,1,5,4,1,1,5,1,6,1,1,6,1
5,5,5,5,5,5,5,5,5,5,1,1,5,5,5,2,1,1,5,5,5
1,6,5,1,4,1,1,6,5,1,5,4,1,1,5,1,6,1,1,6,1
2,6,5,2,4,5,2,2,5,6,1,1,2,4,5,2,1,1,5,5,5
6,6,1,1,6,6,1,6,1,1,5,6,1,6,1,1,6,6,1,6,6
5,6,5,5,4,5,5,6,5,5,5,5,5,1,5,5,6,5,5,5,5
6,6,5,1,1,4,1,6,1,1,5,6,1,1,5,1,6,1,1,6,6
2,5,5,2,4,5,2,2,5,5,1,1,2,5,5,2,1,1,2,5,5
1,6,5,1,1,5,1,1,5,1,5,4,1,1,5,1,6,1,1,1,1
5,6,5,5,4,5,5,1,5,5,1,5,5,4,5,2,5,5,5,5,5
1,5,1,1,5,1,1,6,6,1,5,3,1,5,5,1,6,6,1,6,6
6,6,5,5,6,5,6,6,5,6,6,6,5,6,5,5,6,6,5,5,5
1,1,5,1,1,5,1,1,1,1,1,4,1,1,5,2,5,1,1,1,5
2,6,5,2,4,5,2,5,5,1,1,1,2,4,5,2,5,1,2,5,5
1,1,5,1,1,5,1,1,1,1,5,4,1,1,5,1,5,1,1,5,5
5,6,5,5,4,5,5,5,5,5,1,1,5,4,5,2,5,1,5,5,5
1,6,5,1,4,1,1,6,5,1,5,4,1,1,5,1,6,1,1,6,1
2,5,1,2,4,5,2,2,5,5,1,1,2,5,5,2,1,1,2,5,5
1,5,1,1,5,1,1,6,6,1,5,3,1,5,5,1,6,6,1,6,6
6,6,5,5,6,5,5,6,5,6,6,6,5,6,5,6,6,6,6,6,6
1,6,1,1,6,6,1,6,1,1,5,6,1,6,1,1,6,6,1,6,6
5,6,5,5,4,5,5,6,5,5,5,5,5,1,5,5,6,5,5,5,5
1,6,5,1,1,4,1,6,1,1,5,6,1,1,1,1,6,6,1,6,6
5,5,5,5,5,5,5,5,5,5,1,1,5,5,5,2,1,1,5,5,5
1,6,5,1,4,5,1,1,5,1,5,4,1,1,5,1,6,1,1,5,1
5,6,5,2,4,5,5,1,5,5,1,5,2,4,5,2,5,5,5,5,5
1,5,1,1,5,5,1,6,6,1,5,3,1,5,5,1,6,6,1,6,6
6,6,5,5,6,5,6,6,5,6,6,6,5,6,5,6,6,6,6,6,6
1,1,5,1,1,5,1,1,1,1,1,4,1,1,5,1,5,1,1,1,1
5,6,5,5,4,3,5,5,5,5,1,1,5,4,5,2,5,1,5,5,5
1,6,5,1,4,1,1,6,5,1,5,4,1,1,5,1,6,1,1,6,1
5,5,5,5,5,5,5,5,5,5,1,1,5,5,5,2,1,1,5,5,5
1,6,1,1,6,6,1,6,1,1,5,6,1,6,5,1,6,6,1,6,6
5,6,5,5,4,5,5,1,5,5,5,5,5,5,5,5,6,5,5,5,5
1,6,5,1,1,1,1,6,5,1,5,6,1,6,5,1,6,6,1,6,6
2,5,5,2,5,5,2,5,5,5,1,5,2,5,5,2,1,1,5,5,5
1,6,5,1,4,5,1,1,5,1,5,4,1,1,5,1,6,1,1,5,5
2,6,4,2,4,5,2,1,5,5,1,5,2,5,5,2,5,5,5,5,5
1,6,1,1,6,6,1,6,1,1,5,6,1,6,5,1,6,6,1,6,6
5,6,5,3,4,5,5,1,5,5,5,5,5,5,5,5,6,5,5,5,5
1,6,5,1,1,4,1,6,1,1,5,6,1,1,5,1,6,1,1,6,6
5,5,5,5,5,5,5,5,5,5,1,1,5,5,5,2,1,1,5,5,5
1,6,5,1,1,5,1,1,5,1,5,4,1,1,5,1,6,1,1,5,1
2,6,4,2,4,5,2,1,5,5,1,5,2,4,5,2,5,5,5,5,5
1,5,5,1,5,5,1,5,5,1,5,3,1,5,5,1,6,6,1,6,6
6,6,5,1,6,5,6,6,5,6,6,6,6,6,5,6,6,6,6,5,6
1,6,5,1,1,5,1,1,5,1,1,4,1,1,5,1,5,1,1,1,1
5,6,5,2,4,3,5,5,5,5,1,1,5,4,5,2,5,1,5,5,5
1,6,5,1,4,1,1,6,5,1,5,4,1,1,5,1,6,1,1,6,1
5,5,5,5,5,5,5,5,5,5,1,1,5,5,5,2,1,1,5,5,5
1,2,1,1,2,1,1,1,6,1,5,3,1,1,2,1,6,1,1,6,6
6,6,5,1,6,6,6,5,1,6,5,6,5,6,5,1,6,6,1,6,6
1,4,5,2,1,5,2,6,5,1,5,4,1,4,5,2,4,1,1,4,4
5,6,5,5,4,5,5,1,5,5,1,5,5,4,5,2,5,5,5,5,5
1,6,1,1,1,1,1,6,1,1,5,4,1,6,1,1,6,1,1,6,4
5,5,1,5,5,5,5,5,5,5,1,1,5,5,5,2,5,1,5,5,5
1,6,5,1,1,6,1,1,1,1,5,6,1,6,5,1,6,1,1,6,6
5,6,5,5,6,5,5,6,5,5,5,4,5,6,5,5,6,5,5,5,5
1,6,1,1,1,1,1,6,1,1,5,6,1,6,1,1,6,1,1,6,4
5,5,5,5,4,5,5,5,5,5,1,1,5,5,5,2,5,5,5,5,5
1,4,5,1,1,5,1,1,5,1,5,4,1,4,5,1,6,1,1,4,4
5,6,4,5,4,5,5,1,5,5,5,5,5,5,5,5,5,5,5,5,5
1,6,1,1,1,4,1,6,1,1,5,4,1,6,5,1,6,1,1,6,4
5,5,1,5,5,5,5,5,5,5,1,1,5,5,5,2,5,1,5,5,5
1,6,5,1,1,6,1,1,1,1,5,6,1,1,5,1,6,1,1,6,6
5,6,5,5,6,5,5,6,5,5,5,5,5,6,5,5,6,5,5,5,5
1,6,1,1,1,1,1,6,1,1,5,6,1,6,1,1,6,1,1,6,4
5,5,5,5,5,5,5,5,5,5,1,1,5,5,5,2,5,5,5,5,5
1,4,5,1,1,5,1,1,5,1,5,4,1,4,5,1,1,1,1,4,4
5,6,4,5,4,5,5,1,5,5,5,5,5,5,5,5,5,5,5,5,5
1,2,1,1,2,1,1,1,6,1,5,3,1,1,2,1,6,1,1,6,6
6,6,5,4,6,6,5,5,1,6,5,6,4,6,5,2,6,6,1,6,6
1,4,5,2,1,5,1,6,5,1,5,4,1,4,5,2,4,1,1,4,4
5,6,5,5,4,5,5,5,5,5,5,5,5,5,5,2,5,5,5,5,5
1,6,1,1,1,4,1,1,1,1,5,6,1,1,1,1,6,1,1,6,6
5,6,5,3,6,5,5,6,5,5,5,4,5,6,5,5,6,5,5,5,5
1,6,1,1,1,1,1,6,1,1,5,6,1,1,1,1,6,1,1,6,4
5,5,5,5,4,5,5,5,5,5,1,1,5,5,5,2,5,5,5,5,5
1,4,5,1,1,5,1,1,5,1,5,4,1,4,5,1,1,1,1,4,4
5,6,4,5,4,5,5,1,5,5,5,5,5,5,5,5,5,5,5,5,5
1,2,1,1,2,1,1,1,6,1,5,3,1,1,2,1,6,1,1,6,6
1,6,5,1,6,6,1,5,1,6,5,6,1,6,5,2,6,6,1,6,6
2,4,5,2,1,5,2,6,5,1,5,4,2,4,5,2,4,1,1,4,4
5,3,5,5,4,5,5,1,5,5,5,5,5,4,5,2,5,5,5,5,5
1,6,1,1,1,1,1,6,1,1,5,4,1,6,1,1,6,1,1,6,4
5,5,5,5,5,5,5,5,5,1,1,1,5,5,5,2,5,1,5,5,5
1,2,1,1,2,1,1,1,4,1,5,3,1,1,2,1,6,1,1,6,6
6,6,5,4,6,6,4,5,1,6,5,6,4,6,5,1,6,6,6,6,6
1,1,1,1,1,4,1,1,1,1,5,6,1,1,1,1,6,1,1,6,4
5,6,5,5,6,5,5,6,5,5,5,4,5,1,5,5,6,5,5,5,5
1,6,1,1,1,1,1,6,1,1,5,6,1,6,1,1,6,1,1,6,4
5,3,5,5,4,5,5,5,5,5,1,1,5,4,5,2,5,5,5,5,5
1,4,5,1,1,5,1,1,5,1,5,4,1,4,5,1,1,1,1,4,4
5,6,4,5,4,5,5,1,5,5,5,5,5,5,5,5,5,5,5,5,5
1,4,5,1,1,5,1,1,5,1,5,4,1,4,5,2,4,1,1,4,4
5,3,5,5,4,5,5,1,5,5,1,5,5,5,5,2,5,5,5,5,5
1,6,1,1,1,1,1,6,1,1,5,4,1,6,5,1,6,1,1,6,4
5,5,5,5,5,5,5,5,5,5,1,1,5,5,5,2,5,1,5,5,5
1,4,1,1,1,5,1,1,1,1,5,4,1,4,5,1,1,1,1,4,4
5,6,4,5,4,5,5,1,5,5,5,5,5,5,5,5,5,5,5,5,5
1,2,1,1,2,1,1,1,6,1,5,3,1,1,2,1,6,1,1,6,6
6,5,5,1,6,6,4,5,1,6,6,6,4,6,5,2,6,6,6,6,6
1,4,5,1,1,5,1,6,5,1,5,4,1,4,5,2,4,1,1,4,4
5,3,5,5,4,5,5,5,5,5,1,5,5,4,5,2,5,5,5,5,5
1,6,1,1,1,1,1,6,1,1,5,4,1,6,1,1,6,1,1,6,4
5,5,1,5,4,5,5,5,5,5,1,1,5,5,5,2,5,1,5,5,5
1,1,1,1,1,4,1,1,1,1,5,6,1,1,1,1,6,1,1,6,4
5,6,5,5,6,5,5,6,5,5,5,4,5,6,5,5,6,5,5,5,5
1,6,1,1,1,1,1,6,1,1,5,6,1,1,1,1,6,1,1,6,4
5,5,5,5,4,5,5,5,5,5,1,1,5,5,5,2,5,5,5,5,5
1,1,5,1,6,6,1,6,1,1,5,6,1,6,1,1,6,1,1,6,6
5,6,5,5,6,5,5,1,5,5,5,5,5,5,5,5,5,5,5,5,5
1,6,1,1,1,1,1,6,1,1,5,6,1,6,1,1,6,1,1,6,6
5,5,5,5,5,5,5,5,5,5,1,1,5,5,5,2,5,5,5,5,5
1,6,5,1,4,5,1,1,1,1,5,4,1,4,5,1,6,1,1,5,4
5,6,4,5,5,5,5,5,5,5,5,5,5,5,5,5,5,5,5,5,5
1,2,1,1,4,1,1,1,6,1,5,3,1,2,5,1,6,6,1,6,6
6,6,5,5,6,6,6,6,5,6,5,6,5,6,5,5,6,6,5,6,6
2,6,5,2,4,5,2,1,5,1,5,4,2,4,5,2,5,1,1,5,5
5,5,5,5,5,5,5,5,5,5,1,5,5,5,5,2,5,1,5,5,5
1,6,1,1,1,1,1,1,1,1,5,4,1,6,5,1,6,1,1,6,4
5,5,5,5,5,5,5,5,5,1,1,1,5,5,5,2,1,1,5,5,5
1,6,5,1,1,1,1,1,5,1,5,4,1,6,5,1,6,1,1,6,4
5,5,5,5,5,5,5,5,5,5,1,1,5,5,5,2,1,1,5,5,5
1,6,5,1,1,6,1,1,1,1,5,6,1,1,1,1,6,1,1,6,6
5,6,5,5,4,5,5,6,5,5,5,5,5,6,5,5,6,5,5,5,5
1,6,1,1,1,1,1,6,1,1,5,6,1,6,1,1,6,1,1,6,4
5,5,5,5,5,5,5,5,5,5,1,1,5,5,5,2,5,1,5,5,5
1,6,5,1,4,5,1,6,5,1,5,4,1,4,5,1,6,1,1,4,4
5,6,4,5,4,5,5,1,5,5,5,5,5,5,5,5,5,5,5,5,5
1,2,1,1,2,1,1,1,6,1,5,3,1,1,2,1,6,1,1,6,6
6,6,5,5,6,5,5,6,1,6,6,6,5,6,5,6,6,6,5,5,5
1,6,5,1,4,5,1,1,5,1,5,4,1,4,5,2,1,1,1,5,5
5,6,5,5,4,5,5,5,5,5,1,5,5,5,5,2,5,5,5,5,5
1,4,5,1,4,5,1,1,5,1,5,4,1,4,5,1,4,1,1,5,4
5,5,5,5,4,5,5,5,5,5,1,5,5,5,5,2,5,5,5,5,5
1,6,1,1,1,4,1,6,1,1,5,4,1,6,1,1,6,1,1,6,4
5,5,5,5,5,5,5,5,5,5,1,1,5,5,5,2,1,1,5,5,5
1,2,1,1,2,1,1,1,4,1,5,3,1,1,2,1,6,1,1,6,6
5,6,5,5,6,5,5,6,5,6,6,6,5,6,5,5,6,6,5,6,5
1,6,1,1,1,1,1,1,1,1,5,6,1,1,1,1,6,1,1,6,6
5,6,5,5,4,5,5,6,5,5,5,5,5,1,5,5,5,5,5,5,5
1,6,1,1,1,1,1,6,1,1,5,6,1,1,1,1,6,1,1,6,4
5,5,5,5,5,5,5,5,5,5,1,1,5,5,5,2,5,1,5,5,5
1,6,5,1,4,5,1,1,5,1,5,4,1,4,5,1,1,1,1,4,4
5,6,4,5,4,5,5,1,5,5,5,5,5,5,5,5,5,5,5,5,5
1,2,1,1,2,1,1,1,6,1,5,3,1,1,2,1,6,1,1,6,6
6,6,5,5,6,5,5,6,1,6,6,6,5,6,5,5,6,6,5,6,5
1,6,5,2,4,5,1,1,5,1,5,4,1,4,5,2,1,1,1,5,5
5,6,5,5,4,5,5,5,5,5,1,5,5,5,5,2,5,5,5,5,5
1,6,5,1,1,1,1,6,1,1,5,4,1,6,5,1,6,1,1,6,4
5,5,5,5,5,5,5,5,5,5,1,1,5,5,5,2,1,1,5,5,5
6,6,1,1,1,6,1,1,1,1,5,6,1,1,1,1,6,1,1,6,6
5,6,5,5,4,5,5,6,5,5,5,5,5,1,5,5,5,5,5,5,5
1,6,1,1,1,1,1,1,1,1,5,6,1,6,1,1,6,1,1,6,4
5,5,5,5,5,5,5,5,5,5,1,1,5,5,5,2,5,1,5,5,5
1,6,5,1,4,5,1,1,5,1,5,4,1,4,5,1,1,1,1,4,4
5,6,4,5,4,4,5,1,5,5,5,5,5,5,5,5,5,5,5,5,5
1,6,1,1,6,1,1,6,1,1,5,6,1,1,1,1,6,1,1,6,6
5,6,5,5,4,5,5,1,5,5,5,5,5,1,5,5,5,5,5,5,5
1,6,1,1,1,1,1,1,1,1,5,6,1,6,1,1,6,1,1,6,4
5,5,5,5,5,5,5,5,5,5,1,1,5,5,5,2,5,1,5,5,5
1,6,5,1,4,5,1,6,1,1,5,4,1,4,5,1,1,1,1,4,4
5,6,4,5,4,5,5,1,5,5,5,5,5,5,5,5,5,5,5,5,5
1,2,1,1,4,5,1,1,5,1,5,3,1,1,2,1,6,1,1,6,6
5,6,5,5,6,5,5,6,1,5,6,6,5,6,5,5,6,6,5,5,5
1,6,5,1,1,5,1,1,5,1,5,4,1,4,5,2,4,1,1,5,4
5,6,5,5,4,5,5,1,5,5,1,5,5,5,5,2,5,5,5,5,5
1,6,1,1,1,1,1,1,1,1,5,4,1,6,5,1,6,1,1,6,4
5,5,5,5,5,5,5,5,5,5,1,1,5,5,5,2,1,1,5,5,5
1,2,1,1,2,1,1,1,6,1,5,3,1,1,2,1,6,1,1,6,6
5,6,5,5,6,5,5,6,5,6,6,6,5,6,5,5,6,6,5,5,5
1,6,5,1,1,5,1,6,5,1,5,4,1,4,5,1,4,1,1,4,4
5,6,5,5,4,5,5,5,5,5,1,5,5,4,5,2,5,5,5,5,5
1,6,1,1,1,4,1,6,1,1,5,4,1,6,1,1,6,1,1,6,4
5,5,5,2,5,5,5,5,5,5,1,1,5,5,5,2,1,1,5,5,5
6,6,1,1,1,4,1,1,1,1,5,6,1,1,1,1,6,1,1,6,6
5,6,5,5,4,5,5,1,5,5,5,5,5,1,5,5,6,5,5,5,5
1,6,1,1,1,1,1,1,1,1,5,6,1,6,1,1,6,1,1,6,4
5,5,5,5,4,5,5,5,5,5,1,1,5,5,5,2,5,1,5,5,5
1,6,5,1,4,5,1,6,5,1,5,4,1,6,5,1,6,1,1,4,4
5,6,4,5,4,5,5,1,5,5,5,5,5,5,5,5,5,5,5,5,5
1,6,5,1,1,1,1,6,5,1,5,4,1,6,5,1,6,1,1,6,4
5,5,5,5,5,5,5,5,5,5,1,1,5,5,5,2,1,1,5,5,5
6,6,1,1,1,6,1,1,1,1,5,6,1,1,1,1,6,1,1,6,6
5,6,5,3,4,5,5,1,5,5,5,5,5,1,5,5,6,5,5,5,5
1,6,1,1,1,1,1,6,1,1,5,6,1,6,1,1,6,1,1,6,6
5,5,5,2,5,5,5,5,5,5,1,1,5,5,5,2,5,1,5,5,5
1,6,5,1,4,5,1,1,5,1,5,4,1,4,5,1,6,1,1,5,4
5,6,4,5,4,5,5,1,5,5,5,5,5,5,5,5,5,5,5,5,5
1,2,1,1,4,1,1,1,6,1,5,3,1,2,5,1,6,6,1,6,6
5,6,5,5,6,5,5,6,5,6,6,6,5,6,5,5,6,5,5,5,5
1,6,5,1,4,5,1,1,1,1,5,4,1,5,5,1,1,1,1,5,4
5,6,5,5,4,5,5,1,5,5,1,1,5,4,5,2,5,5,5,5,5
1,6,1,1,6,6,1,6,1,1,5,6,1,6,1,1,6,1,1,6,6
5,6,5,5,4,5,5,6,5,5,5,5,5,5,5,5,5,5,5,5,5
1,6,1,1,1,1,1,6,1,1,5,6,1,6,5,1,6,1,1,6,6
5,6,5,5,4,5,5,5,5,5,1,1,5,4,5,2,5,1,5,5,5
1,6,5,1,4,5,1,6,5,1,5,4,1,6,5,1,1,1,1,4,4
5,6,4,5,4,5,5,1,5,5,1,5,5,5,5,5,5,5,5,5,5
1,2,1,1,4,1,1,6,6,1,5,3,1,2,2,1,6,6,1,6,6
5,6,5,5,6,5,5,6,5,5,6,6,5,6,5,5,5,5,5,5,5
1,6,5,1,1,5,1,1,5,1,5,4,1,5,5,1,1,1,1,5,5
5,6,5,5,4,5,5,1,5,5,1,5,5,4,5,2,5,1,5,5,5
1,6,1,1,1,4,1,6,1,1,5,4,1,6,1,1,6,1,1,6,4
5,5,5,5,5,5,5,5,5,5,1,1,5,5,5,2,1,1,5,5,5
1,2,1,1,4,1,1,1,6,1,5,3,1,2,5,1,6,6,1,6,6
5,6,5,3,6,5,5,6,5,5,6,6,5,6,5,5,6,5,5,5,5
1,6,1,1,6,1,1,6,1,1,5,6,1,6,1,1,6,1,1,6,6
5,6,5,5,4,5,5,1,5,5,5,5,5,1,5,5,5,5,5,5,5
1,6,1,1,1,1,1,1,1,1,5,6,1,6,1,1,6,1,1,6,6
5,5,5,5,5,5,5,5,5,5,1,1,5,5,5,2,5,1,5,5,5
1,6,5,1,4,5,1,1,5,1,5,4,1,1,5,1,6,1,1,5,5
5,6,4,5,4,5,5,1,5,5,1,5,5,4,5,5,5,5,5,5,5
1,6,5,1,4,5,1,1,5,1,5,4,1,5,5,2,5,1,1,5,5
5,6,5,5,4,5,5,1,5,5,1,1,5,4,5,2,5,5,5,5,5
1,6,1,1,1,4,1,6,1,1,5,4,1,6,1,1,6,1,1,6,4
5,5,5,2,5,5,5,5,5,5,1,1,5,5,5,2,1,1,5,5,5
1,6,1,1,1,4,1,6,1,1,5,4,1,1,5,1,1,1,1,4,4
5,6,4,2,4,5,5,1,5,5,5,5,5,5,5,5,5,5,5,5,5
1,2,1,1,2,1,1,1,6,1,5,3,1,1,2,1,6,1,1,6,6
5,6,5,5,6,5,5,6,5,5,6,3,5,6,5,5,5,5,5,5,5
1,6,5,1,1,5,1,6,1,1,5,4,1,4,5,1,1,1,1,4,4
5,6,5,2,4,5,5,1,5,5,1,1,5,5,5,2,5,5,5,5,5
1,6,1,1,1,4,1,1,1,1,5,4,1,6,1,1,6,1,1,6,4
2,6,5,2,4,5,2,2,5,5,1,1,2,5,5,2,1,1,2,5,5
6,6,1,1,1,6,1,1,1,1,5,6,1,1,1,1,6,1,1,6,6
5,6,5,5,4,5,5,1,5,5,5,5,5,1,5,5,5,5,5,5,5
1,6,1,1,1,1,1,1,1,1,5,6,1,1,1,1,6,1,1,6,4
5,6,5,2,4,5,5,5,5,5,1,1,5,5,5,2,5,1,5,5,5
6,6,5,1,6,6,1,6,1,1,5,6,1,1,1,1,6,1,1,6,6
5,6,5,5,4,5,5,1,5,5,5,5,5,1,5,5,6,5,5,5,5
1,6,1,1,1,1,1,1,1,1,5,6,1,1,1,1,6,1,1,6,4
5,6,5,5,4,5,5,5,5,5,1,1,5,5,5,2,5,1,5,5,5
1,6,5,1,1,5,1,6,5,1,5,4,1,6,5,1,1,1,1,4,4
5,6,4,5,4,5,5,1,5,5,5,5,5,5,5,5,5,5,5,5,5
1,2,1,1,4,1,1,1,3,1,5,3,1,1,2,1,6,1,1,6,6
5,6,5,5,6,5,5,6,5,5,6,3,5,6,5,5,5,5,5,5,5
1,6,5,1,1,5,1,6,5,1,5,4,1,4,5,1,1,1,1,4,4
5,6,5,5,4,5,5,1,5,5,1,1,5,4,5,2,5,5,5,5,5
1,6,1,1,1,4,1,6,1,1,5,4,1,6,1,1,6,1,1,6,4
2,6,5,2,4,5,2,2,5,5,1,1,2,5,5,2,1,1,2,5,5
1,6,1,1,1,4,1,1,1,1,5,4,1,6,1,1,6,1,1,6,4
5,6,5,2,4,5,5,2,5,5,1,1,5,5,5,2,1,1,5,5,5
6,6,1,1,1,4,1,1,1,1,5,6,1,1,1,1,6,1,1,6,6
5,6,5,5,4,5,5,1,5,5,5,5,5,1,5,5,6,5,5,5,5
1,6,1,1,1,1,1,1,1,1,5,6,1,1,1,1,6,1,1,6,4
5,6,5,5,4,5,5,5,5,5,1,1,5,4,5,2,5,1,5,5,5
1,6,5,1,1,5,1,6,5,1,5,4,1,6,5,1,1,1,1,4,4
5,6,4,5,4,5,5,1,5,5,1,5,5,4,5,5,5,5,5,5,5
1,2,1,1,2,1,1,1,6,1,5,3,1,1,2,1,6,1,1,6,6
5,6,5,5,6,5,5,6,5,5,6,3,5,6,5,5,5,5,5,5,5
1,6,5,1,1,5,1,6,5,1,5,4,1,4,5,1,1,1,1,4,4
5,6,5,5,4,5,5,1,5,5,1,1,5,4,5,2,5,1,5,5,5
1,6,5,1,1,5,1,6,5,1,5,4,1,4,5,1,4,1,1,4,4
5,6,5,2,4,5,5,1,5,5,1,1,5,4,5,2,5,1,5,5,5
1,6,1,1,1,4,1,6,1,1,5,4,1,6,1,1,6,1,1,6,4
5,6,5,5,4,5,5,2,5,5,1,1,5,5,5,2,1,1,5,5,5
1,2,1,1,4,1,1,1,2,1,5,3,1,1,2,1,6,1,1,6,6
5,6,5,5,6,5,5,6,5,5,6,3,5,6,5,5,5,5,5,5,5
6,1,1,1,1,4,1,1,1,1,5,6,1,1,1,1,6,1,1,6,4
5,6,5,5,4,5,5,1,5,5,5,5,5,1,5,5,6,5,5,5,5
1,6,1,1,1,1,1,1,1,1,5,6,1,1,1,1,6,1,1,6,4
5,6,5,5,4,5,5,5,5,5,1,1,5,5,5,2,5,1,5,5,5
1,6,1,1,1,5,1,6,1,1,5,4,1,1,5,1,1,1,1,4,4
5,6,4,2,4,5,5,1,5,5,5,5,5,5,5,5,5,5,5,5,5
1,2,2,1,4,1,1,1,2,1,5,3,1,1,2,1,6,2,1,6,6
5,6,5,3,6,5,5,6,5,5,6,3,5,6,5,5,5,5,5,5,5
1,6,5,1,1,5,1,1,1,1,5,4,1,1,1,1,1,1,1,4,4
5,6,5,5,4,5,5,1,5,5,1,1,5,4,5,2,5,5,5,5,5
1,6,1,1,1,4,1,1,1,1,5,4,1,6,1,1,6,1,1,6,4
5,6,5,5,4,5,5,2,5,5,1,1,5,5,5,2,1,1,5,5,5
1,1,1,1,1,6,1,1,1,1,5,6,1,1,1,1,6,1,1,6,6
5,6,5,5,4,5,5,1,5,5,5,5,5,1,5,5,6,5,5,5,5
1,6,1,1,1,1,1,1,1,1,5,6,1,1,1,1,6,1,1,6,4
5,6,5,2,4,5,5,5,5,5,1,1,2,5,5,2,5,1,5,5,5
1,6,1,1,1,4,1,6,1,1,5,4,1,1,1,1,1,1,1,4,4
5,6,4,5,4,5,5,1,5,5,5,5,5,5,5,5,5,5,5,5,5
1,6,1,1,1,4,1,1,1,1,5,6,1,1,1,1,6,1,1,6,4
5,6,5,5,4,5,5,1,5,5,5,5,5,1,5,5,5,5,5,5,5
1,6,1,1,1,1,1,1,1,1,5,6,1,1,1,1,6,1,1,6,4
5,6,5,5,4,5,5,5,5,5,1,1,5,5,5,2,5,1,5,5,5
1,6,1,1,1,4,1,6,1,1,5,4,1,1,5,1,1,1,1,4,4
5,6,4,2,4,5,5,1,5,5,5,5,5,5,5,5,5,5,5,5,5
1,2,2,1,4,1,1,1,4,1,5,3,1,1,2,1,6,1,1,6,6
5,6,5,5,6,5,5,6,5,5,6,3,5,6,5,5,5,5,5,5,5
1,6,5,1,1,5,1,1,1,1,5,4,1,4,5,1,4,1,1,4,4
5,6,5,5,4,5,5,1,5,5,1,1,5,4,5,2,5,5,5,5,5
1,6,1,1,1,4,1,1,1,1,5,4,1,6,1,1,6,1,1,6,4
5,6,5,2,4,5,5,2,5,5,1,1,5,5,5,2,1,1,5,5,5
1,5,2,1,2,3,1,6,2,2,5,3,1,5,2,1,2,2,1,2,2
5,6,5,5,6,5,5,6,5,5,6,3,5,6,5,5,5,5,5,5,5
1,4,5,1,4,4,1,1,6,2,5,6,1,4,1,1,1,4,1,6,4
5,6,5,5,3,5,5,1,5,5,1,1,5,5,5,2,5,5,5,5,5
1,4,5,1,4,1,1,6,1,2,6,6,1,6,1,1,6,1,5,6,6
5,5,5,5,4,5,5,5,5,5,1,1,5,5,5,2,1,1,5,5,5
1,4,5,1,1,1,1,6,3,2,6,3,1,6,1,1,5,2,1,6,6
5,6,5,5,1,5,5,1,5,5,4,5,5,1,5,5,6,5,5,5,5
1,4,1,1,1,4,1,6,1,2,6,6,1,6,1,1,6,1,1,6,6
5,6,5,5,4,5,5,5,5,5,1,1,5,5,5,2,5,1,5,5,5
1,4,5,4,4,4,1,6,1,4,5,6,1,6,1,1,6,4,1,6,6
5,6,4,5,4,5,5,1,5,5,5,5,5,5,5,5,5,5,5,5,5
1,4,5,1,4,4,1,6,1,2,6,6,1,6,1,1,6,1,1,6,6
5,5,5,5,4,5,5,5,5,5,1,1,5,5,5,2,1,1,5,5,5
1,4,5,6,1,1,1,6,1,2,6,3,6,6,1,1,2,1,1,6,6
5,6,5,5,4,5,5,1,5,5,5,5,5,1,5,5,6,5,5,5,5
1,4,5,1,1,6,1,6,5,2,6,6,1,6,1,1,6,1,1,6,6
5,6,5,5,4,5,5,5,5,5,1,1,5,4,5,2,5,1,5,5,5
1,4,5,1,4,4,1,6,1,1,5,6,1,6,1,1,6,1,1,6,6
5,6,4,5,4,5,5,1,5,5,1,5,5,4,5,5,5,5,5,5,5
1,5,2,1,2,3,1,1,2,2,5,3,1,2,2,1,2,2,1,2,2
5,6,5,5,6,5,5,6,5,5,6,6,5,6,5,5,5,5,5,5,5
1,4,5,1,1,3,1,6,1,2,4,4,1,4,1,1,6,4,1,6,4
5,6,5,5,4,5,5,1,5,5,1,5,5,4,5,2,5,1,5,5,5
1,4,5,1,6,5,1,6,5,2,6,3,1,6,5,1,6,6,1,6,6
5,6,5,5,4,5,5,1,5,5,5,5,5,1,5,5,5,5,5,5,5
1,4,5,1,4,6,1,3,5,2,5,6,1,6,1,1,6,6,1,6,6
5,6,5,5,4,5,5,5,5,5,1,1,5,5,5,2,5,1,5,5,5
1,1,5,1,1,4,1,6,1,1,5,6,1,5,5,1,6,1,1,6,6
5,6,4,5,4,5,5,1,5,5,1,5,5,4,5,5,5,5,5,5,5
1,1,2,1,6,3,1,1,2,2,5,3,1,6,2,1,2,2,1,2,2
5,6,5,5,1,5,5,6,5,5,6,6,5,5,5,5,5,5,5,5,5
1,4,5,1,1,1,1,6,5,2,4,4,1,4,5,1,6,4,1,6,6
5,6,5,5,4,5,5,1,5,5,1,1,5,5,5,2,5,1,5,5,5
1,4,5,1,4,4,1,6,1,2,5,6,1,5,5,1,6,1,1,6,6
5,5,5,5,5,5,5,5,5,5,1,1,5,5,5,2,1,1,5,5,5
1,1,2,1,6,3,1,1,2,2,5,3,1,1,2,1,2,2,1,2,2
5,6,5,5,1,4,5,6,5,5,6,6,5,5,5,5,5,5,5,5,5
1,4,5,5,1,5,1,5,5,4,6,3,1,5,5,1,6,6,1,6,6
5,6,5,5,4,5,5,1,5,5,4,5,5,5,5,5,5,5,5,5,5
1,6,5,1,4,6,1,6,1,2,5,6,1,5,1,1,6,6,1,6,6
5,6,5,5,4,5,5,1,5,5,1,1,5,4,5,2,5,1,5,5,5
1,1,5,1,1,4,1,6,1,1,5,6,1,6,5,1,6,1,5,6,6
5,6,4,5,4,5,5,1,5,5,1,5,5,4,5,5,5,5,5,5,5
1,1,5,1,1,1,1,1,5,1,4,4,1,4,5,1,6,1,1,6,5
5,6,5,5,4,5,5,1,5,5,1,1,5,4,5,2,5,1,5,5,5
1,4,5,1,4,4,1,6,1,1,5,6,1,5,5,1,6,6,5,6,6
5,5,5,5,5,5,5,5,5,5,1,1,5,5,5,2,1,1,5,5,5
1,4,5,1,1,4,1,6,1,1,5,6,1,5,5,1,6,1,1,6,6
5,6,4,5,4,5,5,1,5,5,1,5,5,4,5,5,5,5,5,5,5
6,5,2,1,2,3,1,1,2,2,5,3,1,5,2,1,2,2,1,2,2
5,6,5,5,1,4,5,6,5,5,6,6,5,5,5,5,5,5,5,5,5
1,4,5,1,1,1,1,1,5,2,4,4,1,4,5,1,6,1,1,6,6
5,6,5,5,4,5,5,1,5,5,1,1,5,4,5,2,5,1,5,5,5
1,1,5,1,1,4,1,1,1,2,5,6,1,6,5,1,6,1,1,6,6
5,5,5,5,4,5,5,5,5,5,1,1,5,5,5,2,1,1,5,5,5
1,4,5,1,6,5,1,5,5,2,5,3,1,5,5,1,5,6,1,6,6
5,6,5,5,4,5,5,1,5,5,4,5,5,5,5,5,5,5,5,5,5
1,4,5,1,4,6,1,6,5,2,5,6,1,5,1,1,6,1,1,6,6
5,5,5,5,5,5,5,5,5,5,1,1,5,5,5,2,5,1,5,5,5
1,4,5,1,6,5,1,6,5,2,6,3,1,5,5,1,5,6,1,6,6
5,6,5,5,4,5,5,1,5,5,5,5,5,5,5,5,5,5,5,5,5
1,4,5,1,4,6,1,6,5,1,5,6,1,5,1,1,6,6,1,6,6
5,5,5,5,5,5,5,5,5,5,1,1,5,5,5,2,1,1,5,5,5
1,4,5,1,1,1,5,6,5,2,4,6,1,5,5,1,6,1,1,6,5
5,6,4,5,4,5,5,1,5,5,1,5,5,4,5,5,5,5,5,5,5
1,1,2,1,2,3,1,1,2,2,5,3,1,2,2,1,2,2,1,2,2
5,6,5,5,1,4,5,6,5,5,6,6,5,5,5,5,5,5,5,5,5
1,4,5,1,1,1,1,4,5,1,4,4,1,4,5,1,6,1,1,6,6
5,6,5,5,4,5,5,5,5,5,1,1,5,4,5,5,5,1,5,5,5
1,4,5,4,4,4,1,6,1,2,5,6,1,5,5,1,6,1,1,6,6
5,5,5,5,5,5,5,5,5,5,1,1,5,5,5,2,1,1,5,5,5
1,4,5,1,4,4,1,6,1,1,5,6,1,5,5,1,6,6,1,6,6
5,5,5,5,5,5,5,5,5,5,1,1,5,5,5,2,1,1,5,5,5
1,1,5,1,1,5,1,6,5,2,6,3,1,5,5,1,5,6,1,6,6
5,6,5,5,4,5,5,1,5,5,5,5,5,5,5,5,5,5,5,5,5
1,4,5,1,4,6,1,6,5,1,5,6,1,5,5,1,6,6,1,6,6
5,6,5,5,4,5,5,5,5,5,1,1,5,4,5,2,1,1,5,5,5
1,1,5,1,1,4,1,6,1,1,5,6,1,6,5,1,6,1,5,6,5
5,6,4,5,4,5,5,1,5,5,1,5,5,4,5,5,5,5,5,5,5
1,5,2,1,2,3,1,1,2,2,5,3,1,2,2,1,2,2,1,2,2
5,6,5,5,1,4,5,6,5,5,6,6,5,5,5,5,5,5,5,5,5
1,4,5,1,1,4,1,6,6,1,5,4,1,4,1,1,6,4,1,6,4
5,6,5,5,4,5,5,1,5,5,1,1,5,4,5,2,5,5,5,5,5
1,4,5,1,1,4,1,6,6,1,5,6,1,4,1,1,6,4,1,6,4
5,6,5,5,4,5,5,5,5,5,1,1,5,4,5,5,5,5,5,5,5
1,4,5,4,4,4,1,6,1,4,6,6,1,6,5,1,6,1,1,6,6
5,5,5,5,5,5,5,5,5,5,1,1,5,5,5,2,1,1,5,5,5
1,5,2,1,2,3,1,1,2,2,5,3,1,5,2,1,2,2,1,2,2
5,6,5,5,6,5,5,6,5,5,6,3,5,6,5,5,5,5,5,5,5
1,4,5,5,1,1,1,6,1,2,6,3,1,6,1,1,6,1,1,6,6
5,6,5,5,1,5,5,1,5,5,4,5,5,1,5,5,6,5,5,5,5
1,4,1,1,6,1,1,6,5,2,6,6,1,6,1,1,6,1,1,6,6
5,6,5,5,4,5,5,5,5,5,1,1,5,5,5,2,5,1,5,5,5
1,4,5,1,4,4,1,6,1,2,5,6,1,4,1,1,6,1,1,6,6
5,6,4,5,4,5,5,1,5,5,5,5,5,5,5,5,5,5,5,5,5
1,5,2,1,2,3,1,6,2,2,5,3,1,5,2,1,2,2,1,2,2
5,6,5,5,6,5,5,6,5,5,6,3,5,6,5,5,5,5,5,5,5
1,4,5,1,1,4,1,4,1,1,5,4,1,4,1,1,6,4,1,6,4
5,6,5,5,4,5,5,5,5,5,1,1,5,4,5,2,5,5,5,5,5
1,4,5,1,4,4,1,6,1,2,5,6,1,6,5,1,6,1,1,6,6
5,6,5,5,4,5,5,5,5,5,1,1,5,5,5,2,1,1,5,5,5
1,4,5,1,1,1,1,6,5,2,6,3,1,6,1,1,5,1,1,6,6
5,6,5,5,4,5,5,1,5,5,4,5,5,1,5,5,6,5,5,5,5
1,4,1,1,6,1,1,6,5,2,6,6,1,6,1,1,6,1,1,6,6
5,6,5,5,4,5,5,5,5,5,1,1,5,5,5,2,5,1,5,5,5
4,4,5,4,4,4,1,6,1,2,5,6,1,4,1,1,6,4,1,6,6
5,6,4,5,4,5,5,1,5,5,4,5,5,5,5,5,5,5,5,5,5
1,4,5,1,1,1,1,6,1,2,6,3,1,6,5,1,5,1,1,6,6
5,6,5,5,4,5,5,1,5,5,4,5,5,1,5,5,6,5,5,5,5
1,4,6,1,6,4,1,6,5,1,6,6,1,6,1,1,6,1,1,6,6
5,6,5,5,4,5,5,5,5,5,1,1,5,5,5,2,5,1,5,5,5
1,4,5,1,4,4,1,6,1,1,5,6,1,4,1,1,6,1,1,6,6
5,6,4,2,4,5,5,1,5,5,4,5,5,5,5,5,5,5,5,5,5
1,5,2,1,2,3,1,6,2,2,5,3,1,5,2,1,2,2,1,2,2
5,6,5,5,6,5,5,6,5,5,6,3,5,6,5,5,5,5,5,5,5
1,4,5,1,1,4,1,1,1,1,5,4,1,4,1,1,1,4,1,6,4
5,6,5,2,4,5,5,1,5,5,1,1,5,4,5,2,5,5,5,5,5
6,4,5,1,4,4,1,6,1,1,5,6,1,6,5,1,6,1,1,6,6
5,6,5,5,4,5,5,2,5,5,1,1,5,5,5,2,1,1,5,5,5
1,2,2,1,4,1,1,2,2,2,5,3,1,2,2,1,2,2,1,2,2
4,4,5,4,1,6,4,6,5,4,6,3,4,6,5,4,2,2,4,5,5
6,6,4,1,4,1,6,6,1,6,4,4,6,4,1,6,4,1,6,4,4
3,3,5,4,4,1,3,1,3,3,1,5,4,4,3,2,5,1,3,5,5
6,6,6,6,1,4,6,4,4,6,4,6,6,4,1,6,1,1,6,6,6
3,3,5,3,4,5,3,4,1,3,1,1,3,4,1,2,1,1,3,5,1
6,1,5,6,4,1,1,6,6,6,6,6,6,1,1,1,6,6,6,6,6
4,3,5,4,4,1,4,3,5,3,5,5,4,4,3,3,6,1,4,6,5
6,1,6,6,4,6,6,6,6,6,4,6,6,1,6,6,6,6,6,6,6
3,3,5,3,4,1,3,1,5,3,1,1,3,4,1,2,1,1,3,1,1
6,1,6,1,4,4,2,6,4,6,4,6,6,4,4,6,4,1,6,4,4
4,3,5,4,4,1,4,1,5,3,1,5,4,4,3,2,5,1,3,5,5
6,6,6,6,4,4,6,6,4,6,4,6,6,4,1,6,6,1,6,6,6
3,3,5,3,4,1,3,4,1,3,1,1,3,4,1,2,1,1,3,5,1
6,1,5,6,4,1,1,1,6,2,6,6,6,1,1,2,6,6,2,6,6
4,3,5,4,4,1,4,3,3,3,5,5,4,4,3,3,6,1,4,6,5
6,1,6,6,4,5,6,4,6,6,4,6,6,1,1,6,6,1,6,6,6
3,3,5,3,4,1,3,1,5,3,1,1,3,4,1,2,1,1,3,1,5
6,1,6,6,4,4,6,6,4,6,4,6,6,4,4,6,6,1,6,4,4
4,3,5,4,4,1,4,1,5,3,1,5,4,4,3,2,5,1,3,5,5
1,2,2,1,4,3,1,2,2,2,5,3,1,2,2,1,2,2,1,2,2
4,4,5,4,1,6,4,1,2,2,6,3,4,5,5,4,2,2,4,5,5
6,1,1,6,4,1,6,6,4,6,4,4,6,4,4,6,6,1,6,6,6
3,3,5,4,4,1,3,1,3,3,1,5,4,4,3,2,5,1,3,5,5
6,4,5,6,4,1,6,6,6,6,6,6,6,6,1,6,6,6,6,6,6
4,3,5,4,4,1,4,3,5,3,5,5,4,4,3,3,6,1,4,6,5
6,6,6,6,4,6,6,6,6,6,4,6,6,1,1,6,6,6,6,6,6
3,3,5,3,4,1,3,1,5,3,1,1,3,4,1,2,1,1,3,1,1
6,4,6,6,4,4,2,6,4,6,4,6,6,4,4,6,6,1,6,6,4
4,3,5,4,4,1,4,1,5,3,1,5,4,4,3,2,5,1,3,5,5
1,2,2,1,4,3,1,2,2,2,5,3,1,2,2,1,2,2,1,2,2
4,4,5,4,1,6,4,5,5,4,6,3,4,5,5,4,2,2,4,5,5
6,1,6,1,4,4,2,6,4,6,4,6,6,4,4,2,6,1,1,6,6
3,3,5,4,4,1,4,1,3,3,1,5,4,4,3,2,5,1,3,5,5
6,1,6,6,4,4,6,6,6,6,4,6,6,1,1,6,6,6,6,6,6
3,3,5,3,4,5,3,4,1,3,1,1,3,4,1,2,1,1,3,5,1
1,2,2,1,4,3,1,2,2,2,5,3,6,2,2,2,2,2,2,2,2
4,4,5,4,1,6,4,6,5,2,6,3,4,5,5,2,2,2,4,5,5
6,4,5,6,4,1,6,6,6,6,6,6,6,6,1,6,6,6,6,6,6
4,3,5,4,4,1,4,3,5,3,5,5,4,4,3,3,6,1,4,6,1
6,6,6,6,4,6,6,6,6,6,4,6,6,4,1,6,6,6,6,6,6
3,3,5,3,4,1,3,1,5,3,1,1,3,4,1,2,1,1,3,1,5
6,4,6,6,4,4,6,6,4,6,4,6,6,4,4,6,6,1,6,4,4
4,3,5,4,4,1,4,1,5,3,1,5,4,4,3,2,5,1,3,5,5
6,4,6,1,4,4,2,6,4,6,4,6,6,4,4,6,6,1,6,6,4
4,3,5,4,4,1,4,1,3,3,1,5,4,4,3,2,5,1,3,5,5
6,4,6,6,4,4,6,6,6,6,4,6,6,4,4,6,6,1,6,6,6
3,3,5,3,4,1,3,4,1,3,1,1,3,4,1,2,1,1,3,5,1
6,4,6,6,4,4,2,6,4,6,4,6,6,4,4,6,6,1,6,6,6
4,3,5,4,4,1,4,1,5,3,1,5,4,4,3,2,5,1,3,5,5
1,2,2,1,4,3,1,2,2,2,5,3,1,2,2,1,2,2,1,2,2
1,4,5,4,1,6,1,6,5,2,6,3,4,5,5,2,2,2,4,5,5
6,1,6,6,4,4,6,6,4,6,4,6,6,4,4,6,6,1,6,6,6
3,3,5,4,4,1,4,1,3,3,1,5,4,4,2,2,5,1,3,5,5
6,4,6,6,4,4,6,6,6,6,4,6,6,4,4,6,6,1,6,6,6
3,3,5,3,4,5,3,4,1,3,1,1,3,4,1,2,1,1,3,5,1
6,4,5,6,4,6,6,6,6,2,6,3,6,6,1,2,6,6,6,6,6
4,3,5,4,4,1,4,3,5,3,5,5,4,4,3,3,6,1,4,6,5
6,6,6,6,4,5,6,1,6,6,4,6,6,1,1,6,6,6,6,6,6
3,3,5,3,4,1,3,1,5,3,1,1,3,4,1,2,1,1,3,1,5
6,1,5,6,4,1,1,6,6,2,6,3,6,6,1,2,6,6,6,6,6
2,3,5,4,4,1,4,1,5,3,5,5,3,4,3,3,5,5,4,5,5
6,1,6,6,4,4,1,1,6,6,4,6,6,1,1,6,6,6,6,6,6
3,3,5,3,4,1,3,1,5,3,1,1,3,4,1,2,1,1,3,1,5
6,4,6,6,4,4,2,6,4,6,4,6,6,4,4,6,6,1,6,4,4
4,3,5,4,4,1,4,1,5,3,1,5,4,4,3,2,5,1,3,5,5
6,2,2,1,4,3,1,2,2,2,5,3,1,2,2,1,2,2,1,2,2
4,4,5,4,1,6,4,6,2,4,6,3,4,5,5,4,2,2,4,5,5
6,4,6,6,4,4,2,6,4,6,4,6,6,4,4,6,6,1,6,6,4
3,3,5,4,4,1,3,1,3,3,1,5,3,4,3,2,5,1,3,5,5
6,4,6,6,4,4,6,6,6,6,4,6,6,4,4,6,6,1,6,6,6
3,3,5,3,4,5,3,4,1,3,1,1,3,4,1,2,1,1,3,5,1
6,4,6,6,4,4,6,6,6,6,4,6,6,4,1,6,6,1,6,6,6
3,3,5,3,4,5,3,4,1,3,1,1,3,4,1,2,1,1,3,5,1
6,1,5,6,4,1,6,6,6,6,6,3,6,6,1,2,6,6,6,6,6
4,3,5,4,4,1,4,3,3,3,5,5,4,4,3,3,6,1,4,6,5
6,6,6,6,4,6,6,1,6,6,4,6,6,1,1,6,6,6,6,6,6
3,3,5,3,4,1,3,1,5,3,1,1,3,4,1,2,1,1,3,1,1
6,4,6,6,4,4,6,6,4,6,4,6,6,4,4,6,6,1,6,6,6
4,3,5,4,4,1,4,1,5,3,1,5,4,4,3,2,5,1,3,5,5
1,2,2,1,4,3,1,2,2,2,5,3,1,2,2,1,2,2,1,2,2
4,4,5,4,1,6,4,6,5,4,6,3,4,6,5,4,2,2,4,5,5
6,4,6,6,4,4,2,6,4,6,4,6,6,4,4,6,6,1,6,6,6
3,3,5,4,4,1,4,1,3,3,1,5,4,4,1,2,5,1,3,5,5
6,1,6,6,4,4,2,6,4,6,4,6,6,4,4,6,6,1,6,6,6
3,3,5,4,4,1,4,1,3,3,1,5,3,4,3,2,5,1,3,5,5
6,4,6,6,4,4,6,6,6,6,4,6,6,4,4,6,6,1,6,6,6
3,3,5,3,4,1,3,4,1,3,1,1,3,4,1,2,1,1,3,5,1
1,2,2,1,4,3,1,2,2,2,5,3,1,2,2,1,2,2,1,2,2
4,4,5,4,1,6,4,6,2,2,6,3,4,6,5,4,2,2,4,5,5
6,4,5,6,4,1,5,6,6,2,6,6,1,6,1,1,6,6,6,6,6
4,3,5,4,4,1,4,3,5,3,5,5,4,4,3,3,6,1,4,6,1
6,6,6,6,4,4,6,4,6,6,4,6,6,4,1,6,6,6,6,6,6
3,3,5,4,4,1,3,1,5,3,1,1,3,4,1,2,1,1,3,1,1
6,4,6,6,4,4,6,6,4,6,4,6,6,4,4,6,6,1,6,4,4
4,3,5,4,4,1,4,1,5,3,1,5,4,4,3,2,5,1,3,5,5
1,2,2,1,4,3,1,2,2,2,5,3,1,2,2,1,2,2,2,2,2
4,4,5,4,1,6,4,6,2,4,6,3,4,6,5,4,2,2,4,5,5
6,4,6,6,4,1,2,6,4,6,4,6,6,4,4,6,4,1,6,4,6
4,3,5,4,4,1,4,1,3,3,1,5,4,4,1,2,5,1,3,5,5
6,4,6,6,4,4,6,6,6,6,4,6,6,4,4,6,6,1,6,6,6
3,3,5,3,4,5,3,4,1,3,1,1,3,4,1,2,1,1,3,5,1
6,4,5,1,1,6,1,6,6,2,6,3,1,6,1,1,6,6,1,6,6
4,3,5,4,4,1,4,3,5,3,5,5,4,4,3,3,6,1,4,6,6
6,1,6,6,4,5,6,4,6,6,4,6,6,4,1,6,6,6,6,6,6
3,3,5,3,4,1,3,1,5,3,1,1,3,4,1,2,1,1,3,1,5
6,4,6,6,4,4,5,6,4,6,4,6,6,4,4,6,6,1,6,4,4
4,3,5,4,4,1,4,1,5,3,1,5,4,4,3,2,5,1,3,5,5
6,4,5,1,1,1,1,6,6,6,6,3,1,6,1,1,6,6,6,6,6
4,3,5,4,4,1,4,3,5,3,5,5,4,4,3,3,6,1,4,6,6
6,4,6,6,4,6,6,6,6,6,4,6,6,4,1,6,6,6,6,6,6
3,3,5,3,4,1,3,1,5,3,1,1,3,4,1,2,1,1,3,1,1
6,4,6,6,4,4,6,6,4,6,4,6,6,4,4,6,6,1,6,6,4
4,3,5,4,4,1,4,1,5,3,1,5,4,4,3,2,5,1,4,5,5
1,2,2,1,4,3,1,2,2,2,5,3,1,2,2,1,2,2,1,2,2
4,4,5,4,1,6,4,6,2,2,6,3,4,6,5,4,2,2,4,5,5
6,1,6,6,4,3,2,6,4,6,4,6,6,4,4,6,4,1,6,6,4
4,3,5,4,4,1,3,1,3,3,1,5,4,4,2,2,5,1,3,5,5
6,4,6,6,4,4,6,6,6,6,4,6,6,4,4,6,6,1,6,6,6
3,3,5,3,4,5,3,4,1,3,1,1,3,4,1,2,1,1,3,5,5
1,2,2,1,4,1,1,2,2,2,5,3,1,2,2,1,2,2,1,2,2
4,2,2,5,1,1,1,2,2,2,6,3,1,2,2,1,2,2,1,2,2
6,6,6,6,1,4,2,6,6,6,4,6,6,1,1,6,1,1,6,4,4
1,2,3,1,2,2,4,3,2,2,3,3,4,2,2,1,3,3,1,3,3
6,1,6,1,1,4,6,1,6,6,4,6,6,1,4,6,1,1,6,4,6
1,2,2,1,2,2,1,2,2,2,1,2,1,2,2,2,3,3,1,3,3
6,1,3,1,5,5,6,6,6,2,6,3,6,1,1,1,1,6,6,6,6
4,3,2,5,3,2,1,3,2,2,3,3,6,3,2,1,3,3,1,3,3
6,1,6,1,4,4,1,1,6,1,4,6,6,1,1,1,1,1,6,1,1
1,2,3,2,2,2,4,2,2,1,3,2,4,2,2,2,3,3,1,3,3
6,1,6,1,1,4,6,6,6,6,4,6,6,1,1,6,1,6,6,6,6
4,3,3,4,3,2,4,3,2,4,3,3,4,3,3,4,3,3,4,3,3
6,1,6,6,1,4,6,1,6,6,4,6,6,1,1,6,1,1,6,4,4
1,2,2,2,2,2,4,2,2,1,1,2,4,2,2,2,3,3,1,3,3
6,1,3,6,5,5,6,6,6,6,6,3,6,1,1,6,1,1,6,6,6
4,2,2,4,1,2,4,1,2,2,3,3,4,2,2,2,3,3,4,3,3
6,1,6,1,4,4,6,1,6,6,4,6,6,1,1,6,1,6,6,1,1
1,2,3,2,2,2,4,2,2,1,1,2,4,2,2,2,3,3,1,3,3
6,1,4,6,1,4,6,1,4,6,4,6,6,1,1,6,1,1,6,1,1
1,3,3,4,3,2,4,3,2,2,3,3,4,3,3,1,3,3,4,3,3
1,2,2,1,4,1,1,2,2,2,5,3,1,2,2,1,2,2,1,2,2
1,2,2,5,1,1,1,2,2,2,6,3,1,2,2,2,2,2,1,2,2
6,6,4,1,1,4,2,1,6,6,4,6,6,1,1,6,1,1,6,4,4
1,2,3,1,2,2,1,3,2,2,3,3,1,2,2,1,3,3,1,3,3
6,1,3,6,4,5,6,6,6,4,6,3,6,1,1,6,1,6,6,6,6
4,3,2,4,4,2,1,3,2,2,3,3,1,3,2,1,3,3,4,3,3
6,1,6,6,4,4,6,1,6,6,4,6,6,1,1,6,1,6,6,1,1
1,2,3,2,2,2,4,2,2,1,3,2,4,2,2,2,3,3,1,3,3
6,1,4,1,1,4,6,1,4,6,4,6,6,1,1,6,1,1,6,1,1
4,3,3,4,3,2,4,3,2,2,3,3,4,3,3,4,3,3,4,3,3
1,2,2,1,4,1,1,2,2,1,5,3,1,2,2,1,2,2,1,2,2
1,2,2,5,1,1,1,2,2,2,6,3,1,2,2,1,2,2,1,2,2
6,6,4,6,1,4,6,1,6,6,4,6,6,1,1,6,1,1,6,4,4
4,2,3,1,2,2,4,2,2,2,3,3,4,2,2,1,3,3,1,3,3
6,1,6,6,1,4,6,1,6,6,4,6,6,1,1,6,1,1,6,4,1
1,2,2,2,2,2,1,2,2,1,1,2,1,2,2,2,3,3,1,3,3
1,2,2,1,4,1,1,2,2,2,5,3,1,2,2,1,2,2,1,2,2
4,2,2,5,1,1,1,2,2,2,6,3,1,2,2,1,2,2,1,2,2
6,4,3,6,4,5,6,6,6,6,6,3,6,6,1,6,1,6,6,6,6
1,3,2,4,4,2,4,3,2,4,3,3,4,3,2,4,3,3,4,3,3
6,1,6,6,4,4,6,1,6,6,4,6,6,1,1,6,1,1,6,1,1
1,2,3,1,2,2,1,2,2,1,3,2,1,2,2,1,3,3,1,3,3
6,1,4,1,1,4,6,1,4,6,4,6,6,1,1,6,1,1,6,1,1
1,3,3,4,3,2,4,3,2,2,3,3,4,3,3,1,3,3,4,3,3
6,1,4,1,1,4,6,1,4,6,4,6,6,1,4,6,1,1,6,4,4
4,2,3,2,2,2,4,3,2,2,3,3,4,2,2,2,3,3,1,3,3
6,1,6,6,1,4,6,1,6,6,4,6,6,1,1,6,1,1,6,4,1
1,2,2,4,2,2,4,2,2,1,1,1,4,2,2,1,3,3,1,3,3
6,1,6,6,1,4,6,1,4,6,4,6,6,1,1,6,1,1,6,4,1
1,3,3,4,3,2,4,3,2,4,3,3,4,3,3,1,3,3,4,3,3
1,2,2,1,4,1,1,2,2,2,5,3,1,2,2,1,2,2,1,2,2
1,2,2,6,1,1,1,2,2,2,6,3,1,2,2,2,2,2,1,2,2
6,1,4,1,1,4,6,1,4,6,4,6,6,1,1,6,1,1,6,1,1
1,2,3,1,2,2,1,2,2,1,3,3,1,2,2,1,3,3,1,3,3
6,1,6,6,1,4,6,1,6,6,4,6,6,1,1,6,1,1,6,4,1
1,2,2,2,2,2,4,2,2,1,1,2,4,2,2,2,3,3,1,3,3
6,4,3,1,4,5,6,6,6,6,6,3,6,6,1,6,1,6,6,6,6
1,3,2,4,4,2,4,3,2,4,3,3,4,3,2,4,3,3,4,3,3
6,1,6,6,4,4,6,1,6,6,4,6,6,1,1,6,1,6,6,1,1
1,2,3,2,2,2,1,2,2,1,1,2,1,2,2,2,3,3,1,3,3
6,4,3,6,4,5,6,6,6,6,6,3,6,6,1,6,1,6,6,6,6
1,3,2,4,4,2,4,3,2,2,3,3,4,3,2,4,3,3,4,3,3
6,1,6,6,4,4,6,1,6,6,4,6,6,1,1,6,1,6,6,1,1
1,2,3,2,2,2,4,2,2,1,1,2,4,2,2,2,3,3,1,3,3
6,1,4,1,1,4,6,1,4,6,4,6,6,1,1,6,1,1,6,1,1
1,3,3,4,3,2,1,3,2,2,3,3,1,3,3,1,3,3,4,3,3
1,2,2,1,4,1,1,2,2,2,5,3,1,2,2,1,2,2,1,2,2
4,2,2,5,1,1,1,2,2,2,6,3,1,2,2,1,2,2,1,2,5
6,6,4,6,4,4,6,1,4,6,4,6,6,1,1,6,1,1,6,1,1
4,2,3,2,2,2,4,2,2,4,3,3,4,2,2,2,3,3,1,3,3
6,1,6,6,1,4,6,1,6,6,4,6,6,1,1,6,1,1,6,4,1
1,2,2,2,2,2,1,2,2,1,1,2,1,2,2,2,3,3,1,3,3
6,1,6,6,1,4,6,1,6,6,4,6,6,1,1,6,1,1,6,4,1
1,2,2,6,2,2,1,2,2,1,1,2,1,2,2,2,3,3,1,3,3
6,4,3,6,4,5,6,6,6,6,6,3,6,6,1,6,1,6,6,6,6
1,3,2,4,3,2,4,3,2,4,3,3,4,3,2,4,3,3,4,3,3
6,1,6,1,4,4,6,1,6,6,4,6,6,1,1,6,1,1,6,1,1
1,2,3,2,2,2,4,2,2,1,1,2,4,2,2,2,3,3,1,3,3
6,1,4,6,1,4,6,1,4,6,4,6,6,1,1,6,1,1,6,1,1
4,3,3,1,3,2,4,3,2,4,3,3,4,3,3,4,3,3,4,3,3
1,2,2,1,4,1,1,2,2,2,5,3,1,2,2,1,2,2,1,2,2
1,2,2,5,1,1,1,2,2,2,6,3,6,2,2,2,2,2,1,2,2
6,6,4,1,1,4,6,6,6,6,4,6,6,1,1,6,1,1,6,1,1
4,2,3,2,2,2,4,2,2,4,3,3,4,2,2,2,3,3,4,3,3
6,6,4,6,1,4,6,1,4,6,4,6,6,1,1,6,1,1,6,1,1
1,2,3,2,2,2,4,3,2,2,3,3,4,2,2,2,3,3,1,3,3
6,1,6,6,1,4,6,1,6,6,4,6,6,1,1,6,1,6,6,1,1
1,2,2,2,2,2,1,2,2,1,1,2,4,2,2,2,3,3,1,3,3
1,2,2,1,4,1,1,2,2,2,5,3,1,2,2,1,2,2,1,2,2
1,2,2,5,6,1,1,2,2,2,6,3,1,2,2,2,2,2,1,2,2
6,4,3,6,4,5,6,6,6,6,6,3,6,6,1,6,1,6,6,6,6
1,2,2,4,1,2,4,1,2,4,3,3,4,2,2,4,3,3,4,3,3
6,1,6,6,4,4,6,1,6,6,4,6,6,1,1,6,1,6,6,1,1
1,2,3,2,2,2,4,2,2,1,1,2,4,2,2,2,3,3,1,3,3
6,1,4,6,1,4,6,1,4,6,4,6,6,1,1,6,1,1,6,1,1
4,3,3,4,3,2,4,3,2,4,3,3,4,3,3,4,3,3,4,3,3
1,2,2,1,4,1,1,2,2,2,5,3,1,2,2,1,2,2,1,2,2
1,2,2,5,1,1,1,2,2,2,6,3,1,2,2,2,2,2,1,2,2
6,6,6,1,1,4,6,6,6,6,4,6,6,1,1,6,1,1,6,1,1
4,2,3,2,2,2,4,2,2,4,3,3,4,2,2,2,3,3,1,3,3
6,1,6,6,1,4,6,1,6,6,4,6,6,1,1,6,1,6,6,1,1
1,2,2,2,2,2,1,2,2,1,1,2,1,2,2,2,3,3,1,3,3
6,1,3,6,4,5,6,6,6,6,6,3,6,1,1,6,1,6,6,6,6
1,2,2,4,1,2,1,1,2,4,3,3,1,2,2,1,3,3,4,3,3
6,1,6,6,4,4,6,1,6,6,4,6,6,1,1,6,1,6,6,1,1
1,2,3,2,2,2,1,2,2,1,1,2,4,2,2,2,3,3,1,3,3
6,1,4,6,1,4,6,1,4,6,4,6,6,1,1,6,1,1,6,1,1
4,3,3,4,3,2,4,3,2,4,3,3,4,3,3,4,3,3,4,3,3
6,1,3,6,4,5,1,6,6,2,6,3,6,6,1,1,1,6,6,6,6
1,2,2,4,1,2,1,1,2,4,3,3,1,2,2,4,3,3,4,3,3
6,1,6,6,4,4,6,1,6,6,4,6,6,1,1,6,1,6,6,1,1
1,2,3,2,2,2,1,2,2,1,1,2,4,2,2,2,3,3,1,3,3
6,1,4,6,1,4,6,1,4,6,4,6,6,1,1,6,1,1,6,1,1
1,3,3,4,3,2,4,3,2,2,3,3,4,3,3,1,3,3,4,3,3
1,2,2,1,4,1,1,2,2,2,5,3,1,2,2,1,2,2,1,2,2
1,2,2,5,1,1,1,2,2,2,6,3,1,2,2,2,2,2,1,2,2
6,6,4,1,1,5,6,6,6,6,4,6,6,1,1,6,1,1,6,1,1
1,2,3,2,2,2,1,2,2,1,3,3,1,2,2,2,3,3,1,3,3
6,1,6,6,1,4,6,1,6,6,4,6,6,1,1,6,1,6,6,1,1
1,2,2,2,2,2,1,2,2,1,1,2,1,2,2,2,3,3,1,3,3
1,2,1,1,2,1,1,1,2,1,5,3,1,1,2,1,6,6,1,6,6
6,1,1,4,6,1,5,5,6,6,5,6,5,1,1,1,6,6,1,6,6
6,6,3,1,1,1,1,1,3,6,4,4,1,1,1,6,1,1,1,4,4
2,1,2,2,1,2,2,1,2,3,1,5,2,1,2,2,1,1,5,1,4
1,6,1,1,6,4,1,1,3,6,4,6,1,1,1,6,1,1,1,4,4
2,1,2,2,1,3,2,1,2,3,1,1,2,1,2,2,1,1,2,1,2
1,1,1,1,6,4,1,1,1,1,5,6,1,1,1,1,6,6,1,6,6
5,6,1,5,6,2,5,1,2,5,4,4,5,1,3,2,1,6,5,1,6
1,6,1,1,6,4,1,1,1,1,5,6,1,1,1,1,1,1,1,4,4
2,1,2,2,6,2,2,1,2,3,1,1,2,1,2,2,1,1,2,1,2
6,6,1,1,6,4,1,1,1,6,4,4,6,1,1,6,1,1,1,4,1
5,6,3,2,4,3,5,4,2,3,4,5,5,1,2,2,1,1,5,1,4
6,6,1,1,6,4,2,1,1,6,5,6,6,1,1,6,1,1,1,4,4
2,1,2,2,1,3,2,4,2,3,1,1,2,4,2,2,1,1,2,1,1
6,1,1,1,6,4,1,1,1,1,5,6,1,1,1,1,6,6,1,1,6
5,6,1,5,6,3,5,1,2,5,4,4,5,1,2,2,1,6,5,1,6
1,6,1,1,6,4,1,1,1,1,5,6,1,1,1,1,1,6,1,4,4
2,1,2,2,6,2,2,1,2,3,1,1,2,1,2,2,1,1,2,1,1
6,6,1,6,6,4,1,1,1,6,5,4,6,1,1,6,1,1,1,4,6
5,6,1,5,6,3,5,1,2,3,1,5,5,1,2,2,1,1,5,4,4
1,2,2,1,2,1,1,1,2,1,5,3,1,1,2,1,6,6,1,6,6
1,1,1,1,1,1,1,1,6,1,5,5,1,1,1,2,6,6,1,1,1
6,6,1,1,6,4,1,1,1,6,4,4,1,1,1,1,1,1,1,4,4
2,1,2,2,6,2,2,4,2,3,1,5,2,1,2,2,1,1,5,1,1
1,1,1,1,6,4,1,1,1,1,5,6,1,1,1,1,6,6,1,6,6
5,6,1,5,6,3,5,1,2,5,4,4,5,1,2,2,1,6,5,1,6
1,6,1,1,6,1,1,1,1,1,5,6,1,1,1,1,1,6,1,4,4
2,1,2,2,4,2,2,1,2,3,1,1,2,1,2,2,1,1,2,1,2
6,6,1,1,6,4,1,1,3,6,4,4,6,1,1,6,1,1,1,4,6
5,6,3,5,1,3,5,1,2,3,4,4,5,1,2,2,1,1,5,4,4
1,2,2,1,2,1,1,1,2,1,5,3,1,1,2,1,6,6,1,6,6
1,1,1,1,1,1,1,1,6,1,1,5,1,1,1,2,6,6,1,1,1
6,6,3,1,6,4,2,1,3,6,4,4,6,1,1,6,1,1,1,4,4
2,6,2,2,4,2,2,1,2,3,1,5,2,1,2,2,1,1,5,1,4
1,6,1,1,6,4,1,1,1,6,5,6,1,1,1,6,1,1,1,4,4
2,1,2,2,6,2,2,4,2,3,1,1,2,1,2,2,1,1,2,1,1
1,1,2,1,2,1,1,1,2,1,5,3,1,1,2,1,6,6,1,6,6
1,1,1,1,1,1,1,1,6,1,5,6,1,1,5,2,6,6,1,1,1
6,1,1,1,6,4,1,1,1,1,5,6,1,1,1,1,6,6,1,6,6
5,6,1,5,6,3,5,1,2,5,4,4,5,1,2,2,1,6,5,1,6
6,6,1,1,6,1,1,1,1,1,5,6,1,1,1,1,1,6,1,4,4
2,1,2,2,4,2,2,1,2,3,1,1,2,1,2,2,1,1,2,1,2
1,6,1,1,6,4,5,1,3,6,4,4,6,1,1,6,1,1,1,4,6
5,6,3,2,4,3,2,1,2,3,4,4,2,1,2,2,1,1,5,4,4
6,6,3,1,6,4,5,1,3,6,4,4,1,1,1,6,1,1,1,4,4
2,1,2,2,4,2,2,1,2,3,1,5,2,1,2,2,1,1,5,1,4
1,6,1,1,6,4,1,1,1,1,5,6,1,1,1,1,1,1,1,4,4
2,1,2,2,1,2,2,4,2,3,1,1,2,1,2,2,1,1,2,1,1
6,6,1,1,6,4,2,1,1,6,4,4,6,1,1,6,1,1,1,4,6
5,6,3,2,1,3,5,1,2,3,4,4,2,1,2,2,1,4,5,4,4
1,1,2,1,2,1,1,1,2,1,5,3,1,1,2,1,6,6,1,6,6
1,1,1,1,1,1,1,1,6,1,5,6,1,1,1,2,6,6,1,1,1
1,6,3,1,6,4,1,1,3,1,4,4,1,1,1,1,1,1,1,4,4
2,6,1,2,4,2,2,1,2,3,1,5,2,1,2,2,1,1,5,1,1
1,6,1,1,6,4,1,1,1,6,5,6,1,1,1,6,1,6,1,4,4
2,1,2,2,1,2,2,4,2,3,1,1,2,1,2,2,1,1,2,1,1
6,1,1,1,6,4,1,1,1,1,5,6,1,1,5,1,6,6,1,6,6
5,6,1,5,6,3,5,1,2,5,4,4,5,1,2,2,1,6,5,1,6
1,6,1,1,6,4,1,1,1,1,5,6,1,1,1,1,1,6,1,4,4
2,1,2,2,4,2,2,1,2,3,1,1,2,1,2,2,1,1,2,1,1
6,1,1,1,6,4,1,1,1,1,5,6,1,1,1,1,6,6,1,6,6
5,6,1,5,6,3,5,1,2,5,4,4,5,1,2,2,1,6,5,1,6
1,6,1,6,6,1,1,1,1,1,5,6,1,1,1,1,1,6,1,4,4
2,1,2,2,4,2,2,1,2,3,1,1,2,1,2,2,1,1,2,1,1
6,6,1,1,6,4,1,1,1,6,4,4,1,1,1,6,1,1,1,4,6
5,6,3,5,4,3,5,1,2,3,4,5,5,1,2,2,1,1,5,4,4
1,1,2,1,2,1,1,1,2,1,5,3,1,1,2,1,6,6,1,6,6
1,1,1,2,1,1,2,1,6,1,5,6,1,1,1,2,6,6,1,1,1
6,6,3,1,6,4,1,1,3,6,4,4,1,1,1,6,1,1,1,4,4
2,6,2,2,1,2,2,1,2,3,1,5,2,1,2,2,1,1,5,1,4
1,6,1,1,6,4,1,1,3,6,5,6,6,1,1,6,1,1,1,4,4
2,1,2,2,1,2,2,4,2,3,1,1,2,1,2,2,1,1,2,1,1
1,6,1,1,6,4,1,1,3,6,5,6,6,1,1,6,1,1,1,4,4
2,1,2,2,1,2,2,4,2,3,1,1,2,1,2,2,1,1,2,1,1
6,1,1,1,6,4,1,1,1,1,5,6,1,1,5,1,6,6,1,6,6
5,6,1,5,6,2,5,1,2,5,4,4,5,1,2,2,1,6,5,1,6
1,6,1,1,6,4,2,1,1,6,5,6,1,1,1,6,1,6,1,4,4
2,1,2,2,1,2,2,1,2,3,1,1,2,1,2,2,1,1,2,1,1
1,6,1,1,6,4,1,1,1,6,4,4,6,1,1,6,1,1,1,4,6
5,6,3,2,4,3,5,1,2,3,4,5,5,1,2,2,1,1,5,4,4
1,2,2,1,2,1,1,1,2,1,5,3,1,1,2,1,6,6,1,6,6
1,1,1,1,1,1,1,1,6,1,5,6,1,1,1,2,6,6,1,1,1
6,6,3,1,6,4,1,1,3,6,4,4,6,1,1,6,1,1,1,4,4
2,1,2,2,4,2,2,1,2,3,1,5,2,1,2,2,1,1,5,1,4
6,6,3,1,6,4,1,1,1,6,4,4,1,1,1,6,1,1,1,4,4
2,6,2,2,1,2,2,1,2,3,1,1,2,1,2,2,1,1,5,1,4
6,6,1,1,6,4,6,1,3,6,5,6,6,1,1,6,1,1,6,4,4
2,1,2,2,1,2,2,4,2,3,1,1,2,1,2,2,1,1,2,1,1
1,2,2,1,2,1,1,1,2,1,5,3,1,1,2,1,6,6,1,6,6
1,1,1,2,1,1,2,1,6,1,5,6,1,1,1,2,6,6,1,1,1
6,5,1,1,6,4,1,1,1,1,5,6,1,1,1,1,6,6,1,1,1
5,6,1,3,6,3,5,1,2,5,4,4,5,1,2,2,1,6,5,1,4
1,1,1,1,6,1,1,1,1,1,5,6,1,1,1,1,1,6,1,4,4
2,1,2,2,1,2,2,1,2,3,1,1,2,1,2,2,1,1,2,1,1
1,6,1,6,6,4,1,1,1,6,5,4,6,1,1,6,1,1,6,1,4
5,6,3,5,6,3,5,1,2,3,1,5,5,1,2,2,1,1,5,4,4
1,2,2,1,2,1,1,1,2,1,5,3,1,1,2,1,6,6,1,6,6
1,1,1,1,1,1,1,1,6,1,1,5,1,1,1,2,6,6,1,1,1
6,6,3,1,6,1,2,1,1,6,4,4,6,1,1,2,1,1,1,4,4
2,1,2,2,6,2,2,5,2,3,1,5,2,1,2,2,1,1,5,1,4
6,6,1,1,6,4,1,1,1,6,5,6,6,1,1,6,1,1,1,1,1
2,1,2,2,1,2,2,4,2,3,1,1,2,1,2,2,1,1,2,1,1
6,1,1,1,6,4,1,1,1,1,5,6,1,1,1,1,6,6,1,6,5
5,6,1,5,6,3,5,1,2,5,4,4,5,1,2,2,1,6,5,1,6
6,1,1,1,6,1,1,1,1,6,5,6,1,1,1,6,1,1,1,4,4
2,1,2,2,4,2,2,1,2,3,1,1,2,1,2,2,1,1,2,1,1
6,6,1,1,6,4,6,1,1,6,5,4,6,1,1,6,1,1,6,1,4
2,6,3,2,1,3,2,1,2,3,4,4,2,1,2,2,1,4,5,4,4
1,1,1,1,6,4,1,1,1,1,5,6,1,1,1,1,1,6,1,1,1
5,6,1,3,6,3,5,1,2,5,4,4,5,1,2,2,1,6,5,1,6
6,6,1,1,6,1,1,1,1,6,5,6,6,1,1,6,1,1,1,4,4
2,1,2,2,6,2,2,1,2,3,1,1,2,5,2,2,1,1,5,1,1
6,6,1,1,6,4,1,1,1,6,4,4,6,1,1,6,1,1,1,4,4
5,6,3,5,1,3,5,1,2,3,4,4,5,1,2,2,1,4,5,4,4
1,2,2,1,2,1,1,1,2,1,5,3,1,1,2,1,6,6,1,6,6
1,1,1,1,1,1,1,1,6,1,5,6,1,1,1,2,6,6,1,1,1
6,6,3,1,6,4,2,1,3,6,4,4,6,1,1,6,1,1,1,4,4
2,1,2,2,4,2,2,1,2,3,1,5,2,1,2,2,1,1,5,1,4
6,6,1,1,6,4,1,1,1,6,5,6,6,1,1,6,1,1,1,4,4
2,1,2,2,1,2,2,4,2,3,1,1,2,1,2,2,1,1,2,1,1
1,5,5,1,5,1,1,5,5,2,5,3,1,5,5,1,2,2,1,2,2
2,6,5,2,1,5,2,6,5,2,5,3,2,5,5,2,5,2,2,5,5
1,1,5,1,1,5,1,1,6,1,4,5,1,4,5,1,6,1,1,5,4
2,3,5,2,4,1,3,1,5,3,1,5,2,4,5,2,5,1,2,5,5
1,1,6,1,1,6,1,1,6,1,4,5,1,4,4,1,6,6,1,6,6
1,5,5,1,5,1,3,5,5,3,1,1,1,5,5,2,1,1,3,1,1
1,6,5,1,4,5,1,6,6,1,5,6,1,5,5,1,6,6,1,5,5
2,1,5,2,5,4,2,1,5,2,1,5,2,5,1,2,5,5,4,5,5
6,6,5,4,1,4,1,1,6,1,4,6,1,1,4,1,6,6,1,5,5
1,5,5,1,4,1,3,2,5,3,1,1,1,4,5,2,1,1,3,1,1
1,1,5,1,1,6,1,1,6,1,4,5,1,4,4,1,6,5,1,5,5
2,3,5,2,4,1,3,1,5,3,1,5,2,4,5,2,5,1,4,5,5
1,1,5,1,1,6,1,1,6,1,4,5,1,4,4,1,6,6,1,6,5
3,5,5,3,5,1,3,5,5,3,1,1,3,5,5,2,1,1,3,1,1
6,6,5,4,4,5,5,6,6,1,5,6,1,5,5,2,6,6,1,5,5
2,6,5,1,1,4,2,1,5,4,1,5,2,4,1,2,5,5,4,5,5
6,6,5,4,1,6,5,1,6,1,4,6,1,1,4,2,6,6,1,5,5
2,5,5,2,4,1,3,5,5,3,1,1,2,5,5,2,1,1,3,1,1
1,1,5,1,1,6,1,1,6,1,4,5,1,4,4,1,5,5,1,5,5
2,3,5,2,4,1,2,1,5,3,1,5,2,4,5,2,5,1,2,5,5
1,5,5,1,5,5,1,5,5,2,5,3,1,5,5,1,2,2,1,2,2
4,6,5,4,1,4,4,5,5,2,5,3,4,5,5,2,5,5,4,5,5
1,1,5,1,1,6,1,1,6,1,4,5,1,4,4,1,5,1,1,5,5
1,3,5,1,4,1,3,1,5,3,1,5,1,4,5,2,5,1,2,5,5
6,6,5,4,4,5,1,6,6,1,6,6,1,6,5,1,6,6,1,5,6
2,6,5,1,1,4,4,1,5,2,5,5,2,5,5,2,5,5,4,6,5
6,6,5,4,1,4,5,1,6,1,4,6,1,1,4,2,6,6,1,5,5
1,6,5,1,4,1,3,2,5,3,1,1,1,4,5,2,1,1,3,1,1
1,1,5,1,1,6,1,1,6,1,4,5,1,4,4,1,6,1,1,5,5
2,3,5,2,4,1,2,1,5,3,1,5,2,4,5,2,5,1,2,5,5
1,5,5,1,3,5,1,5,5,2,5,3,1,5,5,1,2,2,1,2,2
4,6,5,4,1,4,4,6,5,2,5,3,4,5,5,4,5,2,4,5,5
1,1,5,1,1,5,1,1,6,1,4,5,1,4,5,1,5,1,1,5,5
2,3,5,2,4,1,2,1,5,3,1,5,2,4,5,2,5,1,4,1,5
1,1,5,1,1,6,1,1,6,1,4,5,1,4,4,1,6,6,1,6,6
3,5,5,1,4,1,3,2,5,3,1,1,1,4,5,2,1,1,3,5,1
1,5,5,1,5,5,1,5,5,2,5,3,1,5,5,1,2,2,1,2,2
2,6,5,4,1,5,2,5,5,2,5,3,2,5,5,2,2,2,2,5,5
1,6,5,1,4,5,1,6,6,1,6,6,1,6,6,1,6,6,1,6,6
2,6,5,1,1,4,2,1,5,2,5,5,2,4,1,2,5,5,4,6,5
6,6,5,1,1,4,1,1,6,1,4,6,1,6,4,1,6,6,1,5,5
1,6,5,1,4,1,3,2,5,3,1,1,1,4,5,2,1,1,3,1,1
1,1,5,1,1,6,1,1,6,1,4,5,1,4,4,2,6,1,1,5,5
2,3,5,2,4,1,2,1,5,3,1,5,2,4,5,2,5,1,4,5,5
1,3,5,1,4,6,1,1,6,1,4,5,1,4,4,1,5,1,1,5,5
1,3,5,1,4,1,3,1,5,3,1,5,2,4,5,2,5,1,2,5,5
6,1,5,1,1,6,5,1,6,1,4,5,1,4,4,2,6,6,1,6,6
1,6,5,1,4,1,3,2,5,3,1,1,1,4,5,2,1,1,3,5,1
1,1,5,1,1,6,1,1,6,1,4,5,1,4,5,1,6,1,1,5,5
2,3,5,2,4,1,2,1,5,3,1,5,2,4,5,2,5,1,2,5,5
1,5,5,1,5,5,1,5,5,2,5,3,1,5,5,2,2,2,1,2,2
1,6,5,4,1,5,4,6,5,2,5,3,4,5,5,2,5,2,4,5,5
1,1,5,1,1,6,1,1,6,1,4,5,1,4,4,1,5,1,1,5,5
2,3,5,2,4,1,3,1,5,3,1,5,2,4,5,2,1,1,2,1,5
1,1,5,1,1,6,1,1,6,1,4,5,1,4,4,2,6,6,1,6,6
1,6,5,1,4,1,3,2,1,3,1,1,1,4,5,2,1,1,3,5,1
6,6,5,4,4,5,5,6,6,1,6,6,1,6,6,1,6,6,1,5,6
2,6,5,1,1,4,2,1,5,2,1,5,2,4,1,2,5,5,4,6,5
6,6,5,4,1,4,1,1,6,1,4,6,1,1,4,2,6,6,1,5,5
1,6,5,1,4,1,3,2,5,3,1,1,1,4,5,2,1,1,3,1,1
6,6,5,4,4,5,1,6,6,1,6,6,1,6,6,1,6,6,1,5,6
2,6,5,1,4,4,2,1,5,2,1,5,2,4,1,2,5,5,4,5,5
1,6,5,1,1,4,1,1,6,1,4,6,1,1,4,1,6,6,1,5,5
1,6,5,1,4,1,3,2,5,3,1,1,1,4,5,2,1,1,3,1,1
1,1,5,1,1,6,1,1,6,1,4,5,1,4,4,1,6,1,1,5,5
2,3,5,2,4,1,2,1,5,3,1,5,2,4,5,2,5,1,2,5,5
1,5,5,1,5,5,1,5,5,2,5,3,1,5,5,1,2,2,1,2,2
2,6,5,4,5,5,2,5,5,2,5,3,2,5,5,2,2,2,2,5,5
1,1,5,1,1,5,1,1,6,1,4,5,1,4,5,1,6,1,1,5,4
2,3,5,2,4,1,3,1,5,3,1,5,2,4,5,2,5,1,4,1,5
1,1,6,1,1,6,1,1,6,1,4,5,1,4,4,1,6,6,1,6,6
1,6,5,1,4,1,3,2,5,3,1,1,1,4,5,2,1,1,3,5,1
6,1,5,1,1,6,1,1,6,1,4,5,1,4,4,1,6,6,1,6,6
1,6,5,1,4,1,3,2,5,3,1,1,1,4,5,2,1,1,3,5,1
6,6,5,1,4,5,1,6,6,1,5,6,1,6,6,1,6,6,1,5,6
2,6,5,1,4,4,2,1,5,2,1,5,2,5,5,2,5,5,4,5,5
6,6,5,4,1,6,1,1,6,1,4,6,1,6,4,1,6,6,1,5,5
2,6,5,2,4,1,3,2,5,3,1,1,2,4,5,2,1,1,3,1,1
1,1,5,1,1,6,1,1,6,1,4,5,1,4,4,1,6,1,1,5,5
2,3,5,2,4,1,2,1,5,3,1,5,2,4,5,2,5,1,4,5,5
1,5,5,1,5,5,1,5,5,2,5,3,1,5,5,1,2,2,1,2,2
1,6,5,4,1,4,4,6,5,2,5,3,4,5,5,2,5,2,4,5,5
1,1,5,2,1,5,2,1,6,1,4,5,1,4,5,2,5,1,1,5,5
2,3,5,2,4,1,3,1,5,3,1,5,2,4,5,2,5,1,2,1,5
1,1,5,1,1,6,1,1,6,1,4,5,1,4,4,2,5,1,1,5,5
1,3,5,1,4,3,3,4,1,3,1,5,1,4,5,2,5,1,3,5,5
6,1,5,4,1,6,1,1,6,1,4,5,1,4,4,2,6,6,1,6,6
1,6,5,1,4,1,3,2,5,3,1,1,1,4,5,2,1,1,3,5,1
1,1,5,1,6,5,1,1,5,2,5,3,1,6,5,1,2,2,1,2,2
2,6,5,2,1,4,2,6,5,2,5,5,2,5,5,2,5,5,2,5,5
6,6,5,4,4,5,1,6,6,1,4,6,1,5,6,1,6,6,1,6,6
2,6,5,1,4,4,2,1,5,2,1,5,2,4,1,2,5,5,4,5,5
5,6,5,4,1,6,1,1,6,1,4,5,1,1,4,2,6,6,1,5,5
2,5,5,2,4,1,3,5,5,3,1,1,2,5,5,2,1,1,3,1,1
1,1,5,1,1,6,1,1,6,1,4,5,1,4,4,2,5,5,1,5,5
2,3,5,2,4,1,2,1,5,3,1,5,2,4,2,2,5,1,2,4,5
1,1,5,1,5,5,1,1,5,2,5,3,1,5,5,1,2,2,1,2,2
2,6,5,4,1,4,2,6,5,2,5,3,2,5,5,2,5,5,4,5,5
1,3,5,1,4,6,1,1,6,1,4,5,1,4,5,1,5,1,1,5,5
2,5,5,2,4,1,3,5,5,3,1,5,2,5,5,2,1,1,3,1,1
1,1,5,1,1,6,1,1,6,1,4,5,1,4,4,1,6,6,1,6,5
3,6,5,4,4,1,3,2,5,3,1,1,3,4,5,2,1,1,3,5,1
1,6,5,1,4,5,1,6,6,1,5,6,1,6,6,1,6,6,1,5,5
2,1,5,2,5,4,2,1,5,2,5,5,2,5,1,2,5,5,4,5,5
1,1,5,1,1,6,1,1,6,1,4,6,1,6,4,1,6,6,1,5,5
2,5,5,2,5,1,2,5,5,3,1,1,2,5,5,2,1,1,3,1,1
1,1,5,1,1,6,1,1,6,1,4,5,1,4,4,1,5,5,1,5,5
2,3,5,2,4,1,2,1,5,3,1,5,2,4,5,2,5,1,2,5,5
6,6,5,4,4,5,5,6,6,1,6,6,1,6,6,2,6,6,1,5,6
2,1,5,2,5,4,2,1,5,2,5,5,2,5,1,2,5,5,2,5,5
6,1,6,1,4,6,1,1,6,1,4,6,1,6,4,1,6,6,1,5,5
3,6,5,2,4,1,3,2,5,3,1,1,2,4,5,2,1,1,3,1,1
1,1,5,1,1,6,1,1,6,1,4,5,1,4,4,2,6,1,1,5,5
2,3,5,2,4,1,2,1,5,3,1,5,2,4,5,2,5,1,2,5,5
1,5,6,1,5,5,1,5,5,2,5,3,1,5,5,2,2,2,1,2,2
2,6,5,2,5,4,2,5,5,2,5,3,2,5,5,2,5,2,2,5,5
1,1,5,1,1,6,1,1,6,1,4,5,1,4,4,1,5,1,1,5,5
2,5,5,2,4,1,2,5,5,3,1,5,2,5,5,2,1,1,3,1,5
6,1,6,4,1,6,1,1,6,1,4,5,1,4,4,2,6,6,1,6,6
3,6,5,4,4,1,3,2,5,3,1,1,3,4,5,2,1,1,3,5,1
6,2,2,1,2,1,1,2,2,2,5,3,1,2,2,1,2,2,1,2,2
6,4,2,6,6,2,6,6,2,6,6,3,6,6,1,2,2,2,6,5,5
6,6,5,1,1,4,6,1,6,4,4,6,6,1,1,6,1,1,6,1,1
5,2,3,3,2,2,3,2,3,3,2,2,3,2,3,2,2,2,4,2,2
6,6,5,1,1,6,6,1,6,4,6,6,6,1,6,6,1,1,6,6,1
3,2,1,4,2,2,4,2,2,3,2,1,4,2,2,3,2,2,4,2,2
1,1,5,1,1,6,1,6,6,4,6,3,1,6,1,1,6,6,2,6,6
5,2,3,5,2,1,5,1,2,3,4,3,5,2,3,3,2,3,5,2,2
1,1,6,1,1,1,6,1,6,4,6,6,6,1,6,6,1,1,6,1,1
3,2,3,3,2,2,3,2,3,3,2,2,3,2,2,3,2,2,4,2,2
1,6,6,1,1,6,6,6,4,4,4,6,1,1,4,6,1,1,6,1,1
3,2,3,3,3,3,3,3,1,3,3,3,3,2,3,3,3,3,3,2,3
6,6,5,1,1,6,6,1,6,4,6,6,6,1,1,6,1,1,6,1,1
3,2,2,3,2,2,3,2,2,3,2,1,3,2,2,2,2,2,4,2,2
6,1,5,1,1,6,6,6,6,4,6,3,6,6,1,6,6,6,6,6,6
5,2,3,5,2,1,5,1,3,3,4,3,5,2,2,5,2,3,5,2,2
1,1,5,1,1,6,1,1,6,4,6,6,1,1,6,6,6,6,6,6,6
3,2,3,3,2,2,3,2,3,3,2,2,3,2,2,3,2,2,3,2,2
6,6,6,1,1,6,1,1,4,4,4,6,1,1,1,6,1,1,6,1,1
3,2,3,3,3,3,3,3,1,3,3,3,3,3,3,3,3,3,3,2,3
1,2,2,1,4,1,1,2,3,2,5,3,1,2,2,1,2,2,1,2,2
4,2,2,5,6,5,1,2,2,2,6,3,6,2,2,1,2,2,1,5,5
6,6,6,1,1,4,6,6,4,4,4,6,6,1,4,6,1,1,6,1,1
3,2,3,3,2,2,3,2,3,3,2,4,3,2,3,3,2,2,3,2,2
1,1,5,1,1,6,1,6,6,4,6,3,1,6,1,2,6,6,6,6,6
5,2,3,5,2,1,5,2,3,3,4,3,5,2,3,5,3,3,5,2,2
1,1,5,1,1,6,6,1,6,4,6,6,1,1,6,6,6,6,6,6,6
3,2,2,3,2,2,3,2,1,3,2,1,3,2,2,3,2,2,3,2,2
2,6,5,1,1,6,6,1,6,4,4,6,2,1,1,6,1,1,6,6,6
3,3,3,3,3,4,3,3,3,3,3,3,3,3,3,3,3,3,3,3,3
1,2,2,1,6,3,1,2,2,1,5,3,1,2,2,1,2,2,1,2,2
4,2,2,5,6,1,1,2,2,2,6,3,6,6,2,1,2,2,6,5,5
6,6,5,1,1,1,6,1,4,4,4,6,6,1,1,6,1,1,6,4,4
3,2,3,3,2,2,3,2,3,3,3,3,3,2,3,3,2,2,3,2,3
2,6,5,1,1,6,2,1,4,2,6,6,2,1,1,6,1,1,6,4,4
3,2,3,3,2,2,3,2,1,3,2,2,3,2,2,3,2,2,3,2,2
1,2,2,1,4,1,1,2,2,1,5,3,1,2,2,1,2,2,1,2,2
1,2,2,5,3,1,1,2,2,2,6,3,6,6,2,2,2,2,1,2,2
2,1,5,1,1,4,2,6,1,2,6,3,2,6,1,6,6,6,6,6,6
3,2,3,3,2,1,3,1,3,3,3,3,3,2,3,3,3,3,3,2,2
1,1,5,1,1,6,1,1,6,4,6,6,1,1,1,6,6,6,6,6,1
3,2,3,3,2,2,3,2,3,3,2,2,3,2,2,3,2,2,3,2,2
2,6,6,1,1,6,2,1,6,6,4,6,1,1,1,6,1,1,6,1,1
3,3,3,3,3,3,3,3,3,3,3,3,3,3,3,3,3,3,3,3,3
6,6,4,1,1,1,6,1,4,6,4,6,6,1,4,6,1,1,6,4,4
3,2,3,3,2,4,3,2,3,3,3,3,3,2,3,3,3,3,3,3,3
2,6,6,1,1,6,2,1,6,2,4,6,2,1,1,6,1,1,6,4,4
3,2,2,3,2,2,3,2,1,3,2,2,3,2,2,2,2,2,3,2,2
2,6,6,1,1,6,2,1,6,2,4,6,2,1,4,6,1,1,6,1,1
3,3,3,3,3,3,3,3,1,3,3,3,3,3,3,3,3,3,3,3,3
6,2,2,1,4,1,1,2,2,1,5,3,1,2,2,1,2,2,1,2,2
1,2,2,5,6,1,1,2,2,2,6,3,6,2,2,2,2,2,1,2,2
2,6,4,1,1,1,2,1,4,2,4,6,2,1,4,6,1,1,6,4,4
3,2,3,3,2,4,3,2,3,3,3,3,3,2,3,3,3,3,3,3,3
6,6,6,1,1,6,6,1,6,6,4,6,6,1,1,6,1,1,6,4,4
3,2,3,3,2,2,3,2,1,3,2,2,3,2,2,2,2,2,3,2,2
2,1,5,1,1,4,2,6,1,2,6,3,2,1,1,1,6,6,2,6,6
3,2,3,3,2,1,3,1,3,3,3,3,3,2,3,3,3,3,3,2,3
1,1,5,1,1,6,1,1,6,4,6,6,1,1,1,6,1,1,6,1,1
3,2,3,3,2,2,3,2,1,3,3,2,3,2,2,3,2,2,3,2,2
2,1,5,1,1,4,2,6,6,4,6,3,2,1,1,6,6,6,6,6,6
3,2,3,3,2,1,3,1,3,3,3,3,3,2,3,3,3,3,3,2,2
1,1,5,1,1,6,1,1,6,4,6,6,6,1,1,6,1,6,6,6,1
3,2,3,3,2,2,3,2,3,3,2,2,3,2,2,3,2,2,3,2,2
6,6,4,1,1,1,6,1,4,4,4,6,6,1,1,6,1,1,6,1,1
3,3,3,3,3,3,3,3,2,3,3,3,3,3,3,3,3,3,3,3,3
1,2,2,1,4,1,1,2,2,2,5,3,1,2,2,1,2,2,1,2,2
4,2,2,5,6,1,1,2,2,2,6,3,6,2,2,1,2,2,1,2,2
6,6,4,1,1,4,6,1,4,4,4,6,6,1,4,6,1,1,6,4,4
3,2,3,3,2,4,3,2,3,3,3,3,3,2,2,3,3,3,3,2,3
1,6,6,1,1,6,1,1,6,4,4,6,6,1,1,6,1,1,6,4,4
3,2,3,3,2,2,3,2,1,3,2,2,3,2,2,2,2,2,3,2,2
1,6,6,1,1,6,6,1,6,4,4,6,6,1,1,6,1,1,6,4,4
3,2,3,3,2,2,3,2,1,3,2,2,3,2,2,2,2,2,3,2,2
1,1,1,1,1,4,1,6,6,4,6,3,6,1,1,6,6,6,6,6,6
3,2,3,3,2,1,3,1,2,3,3,3,3,2,3,3,3,3,3,2,2
2,1,6,1,1,1,6,1,6,4,6,6,6,1,1,6,1,1,6,1,1
3,2,3,3,2,2,3,2,3,3,2,2,3,2,2,2,2,2,3,2,2
6,6,4,1,1,1,6,1,4,4,4,6,6,1,1,6,1,1,6,1,1
3,3,3,3,3,3,3,3,2,3,3,3,3,3,3,3,3,3,3,3,3
1,2,2,1,4,1,1,2,2,2,5,3,1,2,2,1,2,2,1,2,2
4,2,2,5,6,1,1,2,2,2,6,3,6,2,2,1,2,2,1,2,2
6,6,4,1,1,4,6,1,4,6,4,6,6,1,1,6,1,1,6,1,1
3,2,3,3,2,4,3,2,3,3,3,3,3,2,3,3,2,3,3,2,3
6,6,4,1,1,1,6,1,4,6,4,6,6,1,1,6,1,1,6,4,4
3,2,3,3,2,4,3,2,3,3,3,3,3,2,3,3,3,3,3,3,3
6,6,6,1,1,6,6,1,6,6,4,6,6,1,1,6,1,1,6,4,4
3,2,3,3,2,2,3,2,1,3,2,2,3,2,2,2,2,2,3,2,2
1,2,2,1,4,1,1,2,2,2,5,3,1,2,2,1,2,2,1,2,2
4,2,2,5,6,1,1,2,2,2,6,3,1,2,2,1,2,2,1,2,2
1,1,1,1,1,4,1,6,6,4,6,3,1,1,1,6,6,6,6,6,6
3,2,3,3,2,1,3,1,3,3,4,3,3,2,3,3,2,3,3,2,2
1,1,5,1,1,6,1,1,6,4,6,6,1,1,1,6,1,1,6,1,1
3,2,3,3,2,2,3,2,3,3,2,2,3,2,2,2,2,2,3,2,2
6,6,4,1,1,1,6,1,6,4,4,6,6,1,1,6,1,1,6,1,1
3,3,3,3,3,3,3,3,2,3,3,3,3,3,3,3,3,3,3,2,3
1,2,2,1,4,1,1,2,2,2,5,3,1,2,2,1,2,2,1,2,2
4,2,2,5,6,1,1,2,2,2,6,3,6,2,2,1,2,2,1,2,2
1,6,4,1,1,1,6,1,4,4,4,6,6,1,1,6,1,1,6,1,1
3,2,3,3,2,4,3,2,2,3,2,3,3,2,2,3,2,2,4,2,2
6,6,6,1,1,6,6,1,4,6,4,6,6,1,4,6,1,1,6,1,1
3,2,3,4,2,2,4,2,2,3,2,2,4,2,2,2,2,2,4,2,2
1,1,1,1,1,6,1,6,6,4,6,3,6,1,1,6,6,6,6,6,6
3,2,3,3,1,2,3,1,2,3,4,3,3,2,2,3,2,3,3,2,2
1,1,6,1,1,1,6,1,6,4,6,6,6,1,1,6,1,6,6,1,1
3,2,3,4,2,2,3,2,3,3,2,2,4,2,2,2,2,2,4,2,2
6,6,6,1,1,1,6,1,6,4,4,6,6,1,1,6,1,1,6,1,1
3,2,3,4,3,3,4,3,2,3,3,3,4,2,3,4,3,3,3,2,2
1,1,1,1,1,6,1,6,6,4,6,3,1,1,1,6,6,6,6,6,6
5,2,2,3,2,2,4,1,2,3,4,3,5,2,2,5,2,2,3,2,2
1,6,6,1,1,1,6,1,6,4,6,6,6,1,1,6,1,6,6,1,1
3,2,3,4,2,2,3,2,3,3,2,2,4,2,2,2,2,2,4,2,2
1,6,6,1,1,1,6,1,6,4,4,6,6,1,1,6,1,1,6,1,1
3,2,3,3,3,3,4,3,2,3,2,3,3,2,3,3,2,3,3,2,2
1,2,2,1,4,1,1,2,2,2,5,3,1,2,2,1,2,2,1,2,2
4,2,2,4,6,1,1,2,2,2,6,3,1,2,2,4,2,2,1,2,2
6,6,4,1,1,1,6,1,1,4,4,6,1,1,1,6,1,1,6,1,1
3,2,3,4,2,4,4,2,2,3,2,3,4,2,2,3,2,2,4,2,2
1,6,6,1,1,6,1,1,6,4,4,6,6,1,1,6,1,1,6,1,1
3,2,3,4,2,2,3,2,2,3,1,2,4,2,2,2,2,2,4,2,2
1,2,3,1,4,1,1,2,3,2,5,3,1,2,2,1,2,2,1,2,2
1,4,2,1,3,5,1,1,2,2,6,3,1,1,2,1,2,2,1,5,5
1,6,4,1,1,1,1,1,1,1,4,6,1,1,1,1,1,1,1,1,1
1,2,3,1,2,3,1,2,2,2,2,2,1,2,2,2,3,2,2,3,3
6,6,6,1,1,4,1,6,4,1,4,6,1,1,1,1,1,1,1,1,1
1,2,3,1,2,3,1,2,2,2,1,2,1,2,2,2,3,3,1,3,3
6,1,1,1,1,6,1,1,6,1,6,3,6,6,1,1,6,1,1,6,6
4,3,3,4,4,2,4,3,2,2,3,3,4,3,2,4,3,3,4,3,3
6,6,6,1,1,1,1,1,6,1,6,6,6,1,1,1,1,1,1,1,1
1,2,3,2,2,2,1,2,2,1,1,2,1,2,2,2,3,3,1,3,3
6,6,1,1,1,1,1,6,4,1,4,6,1,1,1,1,1,1,1,4,4
1,3,3,1,3,2,4,3,2,2,3,3,4,3,2,1,3,3,1,3,3
6,6,6,1,1,4,1,6,4,1,4,6,1,1,1,1,1,1,1,1,1
1,2,2,2,2,2,1,2,2,1,1,2,1,2,2,2,3,3,1,3,3
6,1,1,1,1,6,1,6,6,1,6,3,1,1,1,1,6,1,1,6,6
1,3,3,4,4,2,1,3,2,2,3,3,1,3,2,1,3,3,4,3,3
6,1,6,6,1,1,1,1,6,6,6,6,6,1,1,1,1,1,6,1,6
1,2,3,2,2,2,4,2,2,1,1,2,4,2,2,2,3,3,1,3,3
6,6,1,1,1,1,1,6,4,1,4,6,1,1,1,1,1,1,1,4,1
4,3,3,1,3,2,4,3,2,2,3,3,4,3,2,1,3,3,4,3,3
1,2,2,1,4,1,1,2,2,1,5,3,1,2,2,1,2,2,1,2,2
4,2,2,5,3,1,1,2,2,2,6,3,1,2,2,1,2,2,1,2,2
6,6,4,1,1,1,1,1,1,1,4,6,1,1,1,1,1,1,1,1,1
4,2,3,2,2,3,1,2,2,4,1,2,1,2,2,2,3,2,4,3,3
6,1,1,1,1,1,1,6,6,1,6,3,1,1,1,1,6,1,1,6,6
4,3,3,4,4,1,4,3,2,2,3,3,4,2,2,1,3,3,4,3,3
6,6,6,1,1,1,1,1,6,1,6,6,6,1,1,1,1,1,1,1,1
1,2,3,2,2,3,1,2,2,1,1,2,1,2,2,2,2,2,4,3,3
6,6,6,1,1,1,1,6,4,1,4,6,1,1,1,1,1,1,1,4,4
4,3,3,2,3,3,4,3,2,2,3,3,4,3,2,2,3,3,1,3,3
1,2,2,1,4,1,1,2,2,2,5,3,1,2,2,1,2,2,1,2,2
1,2,2,5,6,1,1,2,2,2,6,3,1,2,2,1,2,2,1,2,5
6,6,1,1,1,1,1,1,1,1,4,6,1,1,1,1,1,1,1,1,1
1,2,3,2,2,3,4,2,2,1,1,2,4,2,2,2,3,3,1,3,3
6,6,4,1,1,5,1,6,4,1,4,6,1,1,1,1,1,1,1,1,1
1,2,2,2,2,2,4,2,2,1,1,2,4,2,2,2,3,3,1,3,3
1,2,2,1,4,1,1,2,3,2,6,3,1,2,2,1,2,2,1,2,2
1,2,2,4,1,1,1,2,2,2,6,3,1,2,2,1,2,2,1,2,2
6,1,1,1,1,1,1,1,6,1,6,3,6,1,1,1,6,1,1,6,6
1,2,3,4,3,2,4,3,2,4,3,3,4,3,2,4,3,3,4,3,3
6,6,6,1,1,1,6,6,6,1,6,6,6,1,1,6,1,1,6,6,6
1,2,3,2,2,2,4,2,2,1,1,2,4,2,2,2,3,3,1,3,3
6,6,4,1,1,1,1,6,4,1,4,6,1,1,1,1,1,1,1,4,4
4,3,3,1,3,2,4,3,2,2,3,3,4,3,2,1,3,3,1,3,3
6,6,4,1,1,1,1,6,1,1,4,6,1,1,1,1,1,1,1,4,1
4,2,3,2,2,2,4,2,2,1,3,2,4,2,2,2,3,3,1,3,3
6,6,4,1,1,5,1,6,4,1,4,6,1,1,1,1,1,1,1,1,1
1,2,2,1,2,2,1,2,2,1,1,2,1,2,2,2,3,3,1,3,3
6,6,4,1,1,1,1,6,4,1,4,6,1,1,1,1,1,1,1,4,4
4,3,3,1,3,2,4,3,2,2,3,3,4,3,3,1,3,3,4,3,3
1,2,2,1,4,1,1,2,2,1,5,3,1,2,2,1,2,2,1,2,2
1,2,2,1,6,1,1,2,2,2,6,3,1,2,2,1,2,2,1,2,2
6,6,4,1,1,1,1,1,1,1,4,6,1,1,1,1,1,1,1,1,1
4,2,3,2,2,2,4,2,2,1,1,2,4,2,2,2,3,3,1,3,3
6,6,4,1,1,5,1,6,4,1,4,6,6,1,1,1,1,1,1,1,1
1,2,2,2,2,2,1,2,2,1,1,2,1,2,2,2,3,3,1,3,3
1,1,1,1,1,6,1,1,6,1,6,3,6,6,1,1,6,1,1,6,6
1,3,2,4,3,2,1,3,2,2,3,3,1,3,2,1,3,3,4,3,3
6,6,6,1,1,1,6,1,6,6,6,6,6,1,1,6,1,1,6,6,6
1,2,3,2,2,2,1,2,2,1,1,2,4,2,2,2,3,3,1,3,3
6,1,1,1,1,1,1,6,6,1,6,3,6,6,1,1,6,1,1,6,6
1,3,2,1,3,2,1,3,2,2,3,3,1,3,2,1,3,3,4,3,3
6,6,6,1,1,1,1,1,6,1,6,6,6,1,1,1,1,1,1,6,6
1,2,3,2,2,2,4,2,2,1,1,2,4,2,2,2,3,3,1,3,3
6,6,1,1,1,1,1,6,4,1,4,6,6,1,1,1,1,1,1,4,4
1,3,3,4,3,2,1,3,2,2,3,3,1,3,3,1,3,3,1,3,3
1,2,2,1,4,1,1,2,2,2,6,3,1,2,2,1,2,2,1,2,2
1,2,2,5,1,1,1,2,2,2,6,3,1,2,2,1,2,2,1,2,2
6,6,4,1,1,1,1,1,1,1,4,6,1,1,1,1,1,1,1,1,1
4,2,3,2,2,2,4,2,2,1,1,2,4,2,2,2,3,3,1,3,3
6,6,4,1,1,4,6,6,6,6,4,6,6,1,1,1,1,1,6,1,1
1,2,2,2,2,2,4,2,2,1,1,2,4,2,2,2,3,3,1,3,3
6,6,4,1,1,4,1,6,6,1,4,6,6,1,1,1,1,1,1,1,1
1,2,2,2,2,2,4,2,2,1,1,2,4,2,2,2,3,3,1,3,3
6,1,1,1,1,1,1,1,6,1,6,3,6,6,1,1,6,1,1,6,6
1,3,2,4,3,2,1,3,2,4,3,3,1,3,2,1,2,3,4,3,3
6,6,6,1,1,1,1,6,6,1,6,6,6,1,1,1,1,1,6,6,6
1,2,3,2,2,2,4,2,2,1,1,2,4,2,2,2,3,3,1,3,3
6,6,4,1,1,1,1,6,4,1,4,6,1,1,1,1,1,1,1,4,4
1,3,3,1,3,2,1,3,2,2,3,3,1,3,2,1,3,3,1,3,3
1,2,2,1,4,1,1,2,2,1,5,3,1,2,2,1,2,2,1,2,2
1,2,2,1,1,1,1,2,2,2,6,3,1,2,2,1,2,2,1,2,2
6,6,1,1,1,1,1,6,1,1,4,6,1,1,1,1,1,1,1,1,1
1,2,3,2,2,2,4,3,2,1,3,2,4,2,2,2,3,3,1,3,3
6,6,4,1,1,1,1,6,1,1,4,6,1,1,1,1,1,1,1,4,4
1,2,3,1,2,2,1,3,2,2,3,3,1,3,2,1,3,3,1,3,3
6,6,4,1,1,4,1,1,6,1,4,6,1,1,1,1,1,1,1,1,1
1,2,2,1,2,2,1,2,2,1,1,2,1,2,2,2,3,3,1,3,3
1,2,2,1,4,1,1,2,2,2,5,3,1,2,2,1,2,2,1,2,2
1,2,2,1,6,1,1,2,2,2,6,3,1,2,2,1,2,2,1,2,2
6,1,1,1,1,1,1,6,6,1,6,3,1,6,1,1,6,1,1,6,6
1,3,2,1,4,2,1,3,2,2,3,3,1,2,2,1,3,3,1,3,3
6,1,6,1,1,1,6,1,6,1,6,6,6,1,1,1,1,1,6,6,6
1,2,3,1,2,2,1,2,2,1,3,2,1,2,2,1,3,3,1,3,3
6,6,4,1,1,4,1,1,4,1,4,6,1,1,1,1,1,1,1,4,4
1,3,3,1,3,2,1,3,2,2,3,3,1,3,3,1,3,3,1,3,3
1,2,2,1,4,1,1,2,2,2,5,3,1,2,2,1,2,2,1,2,2
1,2,2,1,6,1,1,2,2,2,6,3,1,2,2,1,2,2,1,2,2
6,6,1,1,1,1,1,6,1,1,4,6,6,1,1,1,1,1,1,4,1
1,2,3,1,2,2,1,3,2,2,3,3,1,3,2,1,3,3,1,3,3
6,6,6,1,1,4,1,1,6,1,4,6,1,1,4,1,1,1,1,4,1
1,2,3,1,2,2,1,2,2,1,1,2,1,2,2,1,3,3,1,3,3
6,1,5,1,1,4,1,1,6,1,6,3,6,1,1,1,6,1,1,6,6
1,3,3,5,4,2,1,3,2,2,3,3,1,3,2,1,3,3,1,3,3
6,1,6,1,1,4,1,1,6,1,6,6,6,1,1,1,6,1,6,6,6
1,2,3,1,2,2,1,2,2,1,3,2,1,2,2,1,3,3,1,3,3
6,6,6,1,1,1,1,1,4,1,4,6,6,1,1,1,1,1,6,4,4
1,3,3,1,3,2,3,3,2,2,3,3,1,3,3,1,3,3,1,3,3
6,1,5,1,1,4,1,1,6,1,6,3,6,1,1,1,6,1,1,6,6
4,3,3,5,4,2,1,3,2,2,3,3,6,3,2,1,3,3,1,3,3
6,1,6,1,1,4,1,1,6,2,6,6,6,1,1,2,1,1,1,4,4
1,2,3,1,2,2,1,2,2,1,3,2,1,2,2,1,3,3,1,3,3
6,6,1,1,1,1,1,1,4,1,4,6,6,1,1,1,1,1,6,4,4
6,3,3,1,3,2,3,3,2,2,3,3,1,3,3,1,3,3,1,3,3
1,2,2,1,4,1,1,2,2,1,5,3,1,2,2,1,2,2,1,2,2
1,2,2,5,3,1,1,2,2,2,6,3,1,2,2,1,2,2,1,2,2
6,6,4,1,1,1,1,1,4,1,4,6,6,1,4,1,1,1,6,4,4
1,2,3,1,2,2,3,3,2,2,3,3,1,3,2,1,3,3,1,3,3
6,6,6,1,1,5,6,1,6,2,4,6,6,1,4,6,1,1,6,6,4
1,2,3,1,2,2,1,2,2,1,3,2,1,2,2,1,3,3,1,3,3
6,2,2,1,4,1,1,2,2,2,5,3,1,2,2,1,2,2,1,2,2
6,4,2,5,3,1,6,6,2,6,6,3,6,6,1,2,2,2,2,5,5
6,6,1,1,1,1,1,6,1,1,4,6,6,1,1,1,1,1,1,4,4
2,2,1,2,2,2,2,2,2,2,3,2,2,2,2,2,2,2,2,2,2
6,6,1,1,1,1,6,1,4,4,4,6,6,1,1,1,1,1,6,4,4
2,2,2,1,2,2,2,2,2,1,1,2,2,2,2,2,3,2,1,3,3
6,1,5,1,1,4,6,6,1,2,6,3,6,6,1,1,6,1,1,6,6
6,3,2,6,4,2,6,3,2,2,3,3,6,3,3,2,3,3,6,3,3
6,1,1,1,1,1,6,1,6,1,6,6,6,1,1,1,1,1,6,6,6
1,2,3,1,2,2,1,2,2,1,1,2,1,2,2,1,3,3,1,3,3
6,6,4,1,1,1,1,1,4,1,4,6,6,1,1,1,1,1,6,4,4
6,3,3,6,3,3,1,3,2,2,3,3,1,3,3,2,3,3,1,3,3
6,1,4,1,1,1,1,1,4,1,4,6,6,1,1,1,1,1,6,4,4
1,2,2,1,2,2,2,2,2,1,1,2,1,2,2,1,3,3,1,3,3
6,1,5,1,1,4,1,6,1,2,6,3,1,6,1,2,6,1,6,6,6
4,3,2,5,4,2,1,3,2,2,3,3,6,3,3,1,3,3,1,3,3
6,1,1,1,1,1,1,1,6,2,6,6,6,1,1,2,6,1,1,6,6
2,2,2,1,2,2,2,2,2,1,1,2,2,2,2,2,3,3,2,3,3
6,6,1,1,1,1,1,6,4,1,4,6,1,1,1,1,1,1,1,4,4
6,3,3,6,3,2,1,3,2,2,3,3,1,3,3,6,3,3,6,3,3
6,2,2,1,4,1,1,2,2,2,5,3,1,2,2,1,2,2,1,2,2
1,2,2,6,6,1,1,2,2,2,6,3,6,6,2,1,2,2,1,5,5
6,6,4,1,1,1,6,1,4,6,4,6,6,1,4,6,1,1,6,4,4
2,2,3,1,2,2,2,2,2,2,3,2,2,2,2,2,3,3,2,2,3
6,1,5,6,1,4,1,6,1,2,6,3,6,6,1,1,6,1,6,6,6
6,3,3,6,4,2,2,3,2,2,3,3,2,3,3,2,3,3,6,3,3
6,1,1,1,1,1,6,1,6,6,6,6,6,1,1,6,1,1,6,6,6
2,2,2,1,2,2,2,2,2,1,1,2,2,2,2,2,2,2,2,2,3
6,6,5,1,1,4,1,1,4,6,4,6,6,1,1,1,1,1,6,4,4
6,3,3,6,3,3,2,3,2,2,3,3,2,3,3,2,3,3,6,3,3
6,2,2,1,4,1,1,2,2,1,5,3,1,2,2,1,2,2,1,2,2
1,2,2,5,6,1,1,2,2,2,6,3,6,6,2,2,2,2,1,5,5
6,6,1,1,1,1,1,1,4,1,4,6,6,1,4,1,1,1,6,4,4
2,2,3,1,2,2,2,2,2,2,3,2,2,2,2,2,3,3,2,2,3
6,6,1,1,1,1,1,1,1,1,4,6,1,1,1,1,1,1,1,4,4
1,2,2,1,2,2,1,2,2,1,1,2,1,2,2,1,3,3,1,3,3
1,2,2,1,4,1,1,2,2,1,5,3,1,2,2,1,2,2,1,2,2
4,2,2,5,6,1,1,2,2,2,6,3,1,6,2,1,2,2,1,2,5
6,1,5,1,1,4,1,1,1,2,6,3,6,1,1,1,1,1,6,6,6
6,3,2,6,4,2,6,3,2,2,3,3,6,3,3,2,3,3,6,3,3
6,1,1,6,1,1,1,1,4,6,4,6,6,1,1,1,1,1,6,4,6
1,2,3,1,2,2,1,2,2,1,1,2,1,2,2,1,3,3,2,3,3
6,6,4,1,1,1,6,1,4,2,4,6,6,1,1,6,1,1,6,4,4
6,3,3,6,3,3,6,3,2,2,3,3,2,3,3,2,3,3,1,3,3
6,6,4,1,1,1,6,1,4,6,4,6,6,1,4,6,1,1,6,4,4
1,2,3,1,2,2,1,2,2,2,3,2,1,2,2,1,3,3,2,3,3
6,1,4,1,1,1,6,1,4,6,4,6,6,1,1,1,1,1,6,4,4
1,2,2,1,2,2,1,2,2,1,1,2,1,2,2,1,3,3,1,3,3
6,6,4,1,1,1,1,1,4,1,4,6,6,1,1,1,1,1,1,4,4
6,3,3,6,3,3,2,3,2,2,3,3,2,3,3,2,3,3,2,3,3
6,2,2,1,4,1,1,2,2,1,5,3,1,2,2,1,2,2,1,2,2
1,2,2,5,6,1,1,2,2,2,6,3,6,6,2,1,2,2,1,2,5
6,6,4,1,1,1,1,1,1,1,4,4,1,1,4,1,1,1,6,4,4
6,2,3,1,2,2,1,2,2,2,3,2,1,2,2,1,3,3,2,3,3
6,6,4,6,1,4,1,1,4,6,4,6,6,1,4,6,1,1,6,4,4
1,2,2,1,2,2,1,2,2,1,1,2,1,2,2,1,3,3,1,3,3
6,1,5,1,1,4,1,1,6,2,6,3,1,4,1,2,6,1,6,6,6
4,2,3,5,1,2,1,1,2,2,3,3,6,3,3,2,3,3,1,3,3
6,1,1,1,4,1,1,1,1,1,4,6,1,1,1,1,1,1,1,4,4
1,2,3,1,2,2,1,2,2,2,3,2,1,2,2,1,3,3,2,3,3
6,1,5,1,1,4,6,4,6,6,5,3,6,1,1,6,6,1,6,6,6
4,2,3,5,1,2,1,1,2,2,3,3,6,2,3,2,3,3,2,3,3
6,1,1,1,4,1,1,1,4,6,4,6,6,1,1,6,1,1,6,4,4
1,2,3,1,2,2,1,2,2,2,3,2,1,2,2,1,3,3,1,3,3
6,6,4,1,1,1,1,1,4,1,4,6,6,1,1,1,1,1,1,4,4
1,3,3,6,3,2,1,3,2,2,3,3,1,3,3,2,3,3,1,3,3
6,2,2,1,4,1,1,2,2,1,5,3,1,2,2,1,2,2,1,2,2
4,2,2,5,6,1,1,2,2,2,6,3,1,6,2,1,2,2,1,2,5
6,6,4,1,1,1,1,1,4,1,4,4,6,1,4,1,1,1,1,4,4
6,2,3,1,2,2,3,2,2,2,3,3,1,2,2,1,3,3,2,3,3
6,1,4,1,1,1,6,1,4,6,4,6,6,1,4,6,1,1,6,4,4
1,2,2,1,2,2,1,2,2,2,1,2,1,2,2,1,3,3,1,3,3
6,1,1,1,4,1,1,1,1,1,4,6,6,1,1,1,1,1,1,4,4
1,2,2,1,2,2,1,2,2,2,1,2,1,2,2,1,3,3,1,3,3
6,1,5,1,1,4,1,4,6,1,6,3,1,4,1,1,6,1,1,6,6
6,2,3,6,1,2,6,1,2,2,3,3,6,3,3,2,3,3,6,3,3
6,1,1,1,1,1,1,1,6,2,4,6,1,1,1,2,1,1,1,4,4
1,2,3,1,2,2,3,2,2,2,3,2,1,2,2,1,3,3,1,3,3
6,6,4,1,1,1,1,1,4,1,4,6,6,1,1,1,1,1,6,4,4
1,3,3,1,3,2,3,3,2,2,3,3,1,3,3,2,3,3,1,3,3
1,2,2,1,4,1,1,2,2,1,5,3,1,2,2,1,2,2,1,2,2
6,2,2,6,6,1,1,2,2,2,6,3,1,6,2,1,2,2,1,2,2
6,6,4,1,1,1,1,1,1,1,4,4,1,1,4,2,1,1,1,1,1
1,2,3,1,2,2,3,2,2,2,3,3,1,2,2,1,3,3,2,3,3
6,6,4,1,1,1,1,1,4,6,4,4,1,1,4,1,1,1,6,1,4
1,2,3,1,2,2,1,3,2,2,3,3,1,2,2,1,3,3,2,3,3
6,1,4,1,1,1,6,1,4,6,4,6,6,1,4,6,1,1,6,4,4
1,2,2,1,2,2,1,2,2,1,1,2,1,2,2,1,3,3,1,3,3
1,2,2,1,4,1,1,2,2,1,5,3,1,2,2,1,2,2,1,2,2
1,2,2,5,6,1,1,2,2,2,6,3,6,2,2,2,2,2,1,2,2
6,2,1,1,1,4,1,4,6,1,6,3,1,1,1,1,1,1,6,1,6
4,3,3,5,4,2,1,3,2,2,3,3,6,3,3,2,3,3,1,3,3
6,1,1,1,1,1,1,1,6,1,4,6,1,1,1,2,1,1,1,4,4
1,2,3,1,2,2,1,2,2,2,3,2,1,2,2,1,3,3,1,3,3
6,1,4,1,1,1,1,1,1,1,4,6,6,1,1,1,1,1,6,4,4
1,3,3,1,3,2,3,3,2,2,3,3,1,3,3,1,3,3,1,3,3
1,2,2,1,4,1,1,2,2,1,5,3,1,2,2,1,2,2,1,2,2
6,2,2,1,6,1,1,2,2,2,6,3,1,6,2,1,2,2,1,2,2
6,6,4,1,1,1,1,1,4,1,4,4,1,1,4,1,1,1,1,4,4
1,2,3,1,2,2,3,3,2,2,3,3,1,2,2,1,3,3,1,3,3
6,1,4,1,1,1,6,1,4,6,4,6,6,1,1,1,1,1,6,4,4
1,2,2,1,2,2,1,2,2,1,1,2,1,2,2,1,3,3,1,3,3
6,2,5,6,1,4,6,1,6,6,6,3,6,4,1,1,1,1,6,6,6
6,3,3,6,3,2,6,3,2,2,3,3,6,3,3,2,3,3,6,3,3
6,1,1,1,1,1,6,1,6,1,4,6,6,1,4,1,1,1,6,4,4
1,2,3,1,2,2,1,2,2,2,3,2,1,2,2,1,3,3,1,3,3
6,1,4,1,1,1,1,1,4,1,4,6,1,1,1,1,1,1,6,4,4
6,3,3,1,3,2,3,3,2,2,3,3,1,3,3,1,3,3,1,3,3
6,2,5,1,1,4,1,1,6,1,6,3,1,4,1,1,6,1,1,6,6
3,3,3,5,3,2,3,3,2,2,3,3,1,3,3,3,3,3,3,3,3
6,1,1,1,1,1,1,1,6,1,4,6,1,1,1,1,1,1,1,4,4
1,2,3,1,2,2,1,2,2,2,3,2,1,2,2,1,3,3,1,3,3
6,1,4,1,1,1,1,1,4,1,4,6,1,1,1,1,1,1,6,4,4
1,3,3,5,3,2,3,3,2,2,3,3,1,3,3,1,3,3,1,3,3
1,2,2,1,4,1,1,2,1,1,5,3,1,2,2,1,2,2,1,2,2
6,2,2,1,6,1,1,2,2,2,6,3,1,6,2,1,2,2,1,2,5
6,1,4,1,1,1,1,1,1,1,4,4,1,1,4,1,1,1,1,4,4
1,2,3,1,2,2,1,2,2,2,2,2,1,2,2,2,2,2,2,2,3
6,1,4,1,1,1,1,1,4,1,4,6,1,1,1,1,1,1,1,4,4
1,2,2,1,2,2,1,2,2,1,1,2,1,2,2,1,3,3,1,3,3
1,1,2,1,2,3,1,1,2,2,5,3,1,2,2,1,2,2,1,2,2
1,4,5,5,1,1,1,6,5,2,6,3,6,1,1,2,2,2,1,5,5
6,1,5,6,1,4,6,6,6,6,4,6,6,4,1,6,6,1,6,4,4
4,2,3,2,2,3,4,2,2,1,3,2,4,2,2,2,2,2,1,2,2
6,4,6,6,1,1,6,6,6,6,4,6,6,1,6,6,6,1,6,6,6
1,2,2,1,2,3,1,2,2,1,1,1,1,2,2,2,2,2,1,3,3
6,4,5,1,4,6,1,6,6,6,6,3,1,6,1,1,6,6,1,6,6
1,3,3,4,3,1,1,3,3,4,3,3,1,3,3,4,3,3,4,3,3
6,4,5,1,4,1,1,6,6,6,4,6,1,1,1,6,6,6,6,6,6
2,2,3,2,2,3,2,2,2,2,1,2,2,2,2,2,2,3,2,3,3
6,6,6,6,1,4,6,6,6,6,4,6,6,1,4,6,6,1,6,6,6
4,3,3,4,3,1,4,3,3,4,3,3,4,3,3,4,3,3,4,3,3
6,6,6,6,4,4,6,6,6,6,4,6,6,1,6,6,6,6,6,6,6
1,2,2,2,2,3,4,2,2,1,1,1,4,2,2,2,3,2,1,3,3
6,4,5,1,4,6,1,6,6,6,5,3,1,6,1,1,6,6,6,6,6
4,3,3,4,3,1,4,3,2,4,3,3,4,3,3,4,3,3,4,3,3
6,4,5,6,4,1,6,1,6,6,6,6,6,1,1,6,6,1,6,6,6
1,2,3,2,2,3,4,2,2,1,1,2,4,2,2,2,2,2,1,3,3
6,1,6,6,1,4,6,6,6,6,4,6,6,1,4,6,6,1,6,6,6
1,3,3,1,3,1,4,1,3,4,3,3,4,3,3,1,3,3,4,3,3
1,2,2,1,4,1,1,2,2,1,5,3,1,2,2,1,2,2,1,2,2
1,2,2,5,1,5,1,6,2,2,5,3,1,2,2,1,2,2,1,5,5
6,1,6,6,1,4,6,6,6,6,4,6,6,1,4,6,6,1,6,6,6
1,2,3,2,2,3,1,2,2,1,3,2,1,2,2,1,3,3,1,3,3
6,4,5,1,4,6,1,6,6,6,6,3,1,6,1,1,6,6,6,6,6
1,3,3,4,4,1,4,3,3,4,3,3,4,3,3,4,3,3,4,3,3
6,1,6,1,4,1,6,6,6,6,4,6,6,6,1,6,6,6,6,6,6
1,2,3,2,2,3,1,2,2,1,1,1,1,2,2,2,2,2,1,2,2
6,1,5,6,1,4,6,6,6,6,4,6,6,6,1,6,6,6,6,6,6
1,3,3,4,3,4,1,1,3,2,3,2,1,3,2,1,3,3,4,3,3
6,2,2,1,6,1,1,2,2,2,5,3,1,2,2,1,2,2,1,2,2
6,4,2,6,1,1,6,6,2,2,5,3,6,1,2,1,2,2,6,5,5
6,1,5,6,4,3,6,6,6,6,4,6,6,6,1,6,6,1,6,6,6
1,2,3,2,2,3,1,2,2,1,3,2,4,2,2,2,2,2,1,2,3
6,1,5,6,4,4,6,6,6,6,4,6,6,6,6,6,6,6,6,6,6
1,2,2,2,2,3,4,2,2,1,1,1,1,2,2,2,2,2,1,3,3
6,2,2,1,6,3,1,2,2,2,5,3,1,2,2,1,2,2,1,2,2
6,2,2,6,1,1,1,2,2,2,5,3,1,2,2,2,2,2,1,5,5
6,4,5,5,4,6,5,6,6,6,6,3,6,6,1,2,6,6,6,6,6
1,3,3,4,4,1,4,3,3,4,3,3,4,3,3,4,3,3,4,3,3
6,1,5,6,4,6,6,1,6,6,4,6,6,6,1,6,6,6,6,6,6
1,2,3,2,2,3,1,2,2,1,1,2,1,2,2,2,3,3,1,3,3
6,1,6,6,1,4,6,6,6,6,4,6,6,1,4,6,6,6,6,6,6
1,3,3,1,3,1,1,3,2,2,3,3,1,3,3,1,3,3,1,3,3
6,1,6,6,1,3,2,6,6,6,4,6,6,6,4,6,6,1,6,6,6
1,2,3,1,2,4,1,2,2,2,3,2,1,2,2,1,3,3,1,3,3
6,1,6,6,4,4,1,6,6,6,4,6,6,1,6,6,6,6,6,6,6
1,2,2,6,2,3,1,2,2,1,1,1,1,2,2,2,3,3,1,3,3
6,1,6,6,4,4,6,6,6,6,4,6,6,1,4,6,6,1,6,6,6
1,3,3,4,3,1,1,3,2,4,3,3,1,3,3,1,3,3,4,3,3
6,2,2,1,6,3,1,2,2,1,5,3,1,2,2,1,2,2,1,2,2
1,2,2,6,1,1,1,2,2,2,5,3,1,2,2,2,2,2,1,5,5
6,1,6,6,4,3,6,6,4,6,4,6,6,4,4,6,6,6,6,6,6
1,2,3,2,2,4,4,2,2,1,3,2,4,2,2,2,3,3,1,3,3
6,1,6,6,4,4,6,6,6,6,4,6,6,1,6,6,6,6,6,6,6
1,2,2,6,2,3,1,2,2,1,1,1,1,2,2,2,3,3,1,3,3
6,4,5,1,4,6,1,6,6,6,5,3,5,6,1,1,6,6,1,6,6
1,3,3,4,3,1,1,3,2,2,3,3,1,3,3,1,3,3,4,3,3
6,1,5,6,4,6,6,6,6,6,4,6,6,6,1,6,6,6,6,6,6
1,2,3,1,2,3,1,2,2,1,1,2,1,2,2,2,3,3,1,3,3
6,4,5,1,4,6,1,6,6,1,5,3,1,6,1,1,6,6,1,6,6
1,3,2,4,3,2,4,3,2,2,3,3,4,3,3,4,3,3,4,3,3
6,1,5,1,4,1,1,1,6,6,4,6,1,6,1,6,6,6,1,6,6
1,2,3,1,2,3,1,2,2,1,1,2,1,2,2,1,3,3,1,3,3
6,1,6,6,4,3,6,6,6,6,4,6,6,6,4,6,6,6,6,6,6
1,3,3,4,3,3,1,3,2,2,3,3,1,3,3,1,3,3,1,3,3
1,2,2,1,6,3,1,2,2,1,5,3,1,2,2,1,2,2,1,2,2
4,2,2,5,2,1,1,2,2,2,6,3,1,2,2,1,2,2,1,5,5
6,1,6,6,4,3,6,6,4,6,4,6,6,6,4,6,6,6,6,6,6
1,2,3,2,2,4,4,2,2,1,3,2,4,2,2,2,3,3,1,3,3
6,1,6,6,4,4,6,6,6,6,4,6,6,6,6,6,6,6,6,6,6
1,2,2,2,2,3,1,2,2,1,1,1,1,2,2,2,3,3,1,3,3
6,1,6,6,4,4,6,6,6,6,4,6,6,6,6,6,6,6,6,6,6
1,2,2,6,2,3,1,2,2,1,1,1,1,2,2,2,3,3,1,3,3
6,4,5,1,4,6,1,6,6,1,6,3,1,6,1,1,6,6,6,6,6
1,3,3,1,3,1,1,3,2,2,3,3,1,3,3,1,3,3,1,3,3
6,1,6,6,4,1,6,6,6,6,4,6,6,6,1,6,6,6,6,6,6
1,2,3,2,2,2,1,2,2,1,1,2,1,2,2,2,3,3,1,3,3
6,1,4,6,1,4,6,6,6,6,4,6,6,1,4,6,1,1,6,6,6
1,3,3,4,3,2,1,3,2,2,3,3,1,3,3,1,3,3,1,3,3
1,2,2,1,4,1,1,2,2,2,5,3,1,2,2,1,2,2,1,2,2
1,2,2,5,6,1,1,2,2,2,6,3,1,2,2,1,2,2,1,2,5
6,1,6,6,4,3,6,6,6,6,4,6,6,4,4,6,6,1,6,6,6
1,2,3,1,2,2,1,2,2,2,3,2,1,2,2,1,3,3,1,3,3
6,1,6,6,1,4,6,6,6,6,4,6,6,1,4,6,6,1,6,6,6
1,2,3,1,2,4,1,3,2,1,3,2,1,2,2,1,3,3,1,3,3
6,1,6,6,4,4,6,6,6,6,4,6,6,6,6,6,6,6,6,6,6
1,2,2,6,2,3,1,2,2,1,1,1,1,2,2,2,3,3,1,3,3
1,2,2,1,6,1,1,2,2,2,5,3,1,2,2,1,2,2,1,2,2
4,2,2,5,2,1,1,2,2,2,5,3,1,2,2,2,2,2,1,2,5
6,4,5,6,4,6,6,6,6,6,6,3,6,6,1,6,6,6,6,6,6
1,3,2,4,3,2,4,3,2,4,3,3,4,3,3,4,3,3,4,3,3
6,6,6,6,4,6,6,6,6,6,4,6,6,6,1,6,6,6,6,6,6
1,2,3,2,2,2,4,2,2,1,1,2,4,2,2,2,3,3,1,3,3
6,1,6,6,1,4,6,6,6,6,4,6,6,1,4,6,6,6,6,6,6
1,3,3,4,3,1,1,3,2,2,3,3,1,3,3,1,3,3,1,3,3
1,2,2,1,6,3,1,2,2,2,5,3,1,2,2,1,2,2,1,2,2
4,2,2,5,5,1,1,2,2,2,6,3,1,2,2,1,2,2,1,2,5
6,1,6,6,4,4,6,6,4,6,4,6,6,4,4,6,6,1,6,4,6
1,2,3,1,2,2,1,2,2,1,3,2,1,2,2,1,3,3,1,3,3
6,4,6,1,4,5,1,6,6,6,4,6,1,1,1,6,6,1,6,6,6
1,2,2,2,2,2,1,2,2,1,1,2,1,2,2,2,3,3,1,3,3
6,4,5,1,4,6,1,6,6,1,6,3,1,6,1,1,6,6,1,6,6
1,3,2,1,3,2,1,3,2,2,3,3,1,3,3,1,3,3,4,3,3
6,4,6,1,4,5,1,6,6,6,4,6,1,1,1,1,6,6,1,6,6
1,2,3,2,2,2,1,2,2,1,1,2,4,2,2,2,3,3,1,3,3
6,1,6,6,4,4,6,6,6,6,4,6,6,1,4,6,4,1,6,6,6
1,3,3,4,3,2,1,3,2,4,3,3,1,3,3,1,3,3,4,3,3
6,4,5,6,4,6,1,6,6,6,6,3,6,6,1,1,6,6,6,6,6
1,3,2,4,3,2,1,3,2,4,3,3,1,3,3,4,3,3,4,3,3
6,4,6,6,4,1,1,1,6,6,4,6,1,1,1,6,6,1,6,6,6
1,2,3,2,2,2,1,2,2,1,1,2,4,2,2,2,3,3,1,3,3
6,1,6,6,1,4,6,6,6,6,4,6,6,1,1,6,6,1,6,6,6
1,3,3,1,3,2,4,3,2,4,3,3,4,3,3,1,3,3,4,3,3
1,2,2,1,4,1,1,2,2,2,5,3,1,2,2,1,2,2,1,2,2
4,2,2,5,1,1,1,2,2,2,6,3,1,2,2,1,2,2,1,2,5
6,1,6,6,4,4,6,6,4,6,4,6,6,4,4,6,4,1,6,4,4
1,2,3,1,2,2,1,2,2,1,3,2,1,2,2,2,3,3,1,3,3
6,4,6,6,4,4,1,6,6,6,4,6,6,1,1,6,6,1,6,6,6
1,2,2,6,2,2,1,2,2,1,1,2,1,2,2,2,3,3,1,3,3
1,2,2,1,4,1,1,2,2,2,5,3,1,2,2,1,2,2,1,2,2
1,2,2,4,1,2,1,2,2,2,6,3,1,6,2,1,2,2,1,5,5
6,6,6,1,1,4,6,6,6,6,4,6,6,1,1,6,1,1,6,1,1
1,2,3,2,2,3,4,2,2,2,3,2,4,2,2,2,3,3,4,3,3
6,1,6,6,1,4,6,1,6,6,4,6,6,1,1,6,1,1,6,1,6
1,2,2,2,2,3,1,2,2,2,1,1,1,2,2,2,3,2,4,3,3
6,1,3,6,1,5,6,6,6,2,6,3,6,6,1,1,6,6,6,6,6
1,3,3,4,4,2,4,3,2,2,3,3,4,3,3,4,3,3,4,3,3
6,1,6,6,4,1,6,1,6,6,6,6,6,1,1,6,1,6,6,1,1
1,2,3,2,2,2,4,2,2,1,1,2,4,2,2,2,3,3,4,3,3
6,6,4,1,1,4,6,1,4,6,4,6,6,1,1,6,1,1,6,1,1
4,3,3,1,3,2,4,3,2,2,3,3,4,3,3,1,3,3,4,3,3
6,1,6,1,4,4,6,1,6,6,4,6,6,1,1,6,1,1,6,1,6
1,2,2,2,2,2,4,2,2,1,1,2,4,2,2,2,3,3,1,3,3
6,1,3,6,1,5,6,6,6,2,6,3,6,6,1,1,1,1,6,6,6
1,3,3,4,4,2,1,3,2,4,3,3,4,3,3,4,3,3,4,3,3
6,1,6,6,4,1,5,1,6,6,6,6,6,1,1,6,1,1,6,1,1
1,2,3,2,2,3,1,2,2,2,1,2,1,2,2,2,3,3,1,3,3
6,1,4,1,1,4,6,1,6,6,4,6,6,1,1,6,1,1,6,4,1
1,3,3,4,3,2,3,3,2,2,3,3,1,3,3,1,3,3,1,3,3
1,2,2,1,4,1,1,2,2,1,5,3,1,2,2,1,2,2,1,2,2
4,2,2,5,1,1,1,2,2,2,6,3,1,2,2,1,2,2,1,5,5
6,6,4,6,1,4,6,6,4,6,4,6,6,1,1,6,1,1,6,1,1
1,2,3,2,2,4,4,2,2,4,3,2,4,2,2,2,3,3,4,3,3
6,4,3,6,1,5,6,6,6,2,6,3,6,6,5,1,6,6,6,6,6
4,3,3,4,3,2,4,3,2,4,3,3,4,3,3,4,3,3,4,3,3
6,1,6,6,4,1,6,1,6,6,6,6,6,1,1,6,1,6,6,1,1
1,2,3,2,2,3,4,2,2,2,1,2,4,2,2,2,3,2,4,3,3
6,1,6,1,1,4,6,1,6,6,4,6,6,1,1,6,1,1,6,4,1
4,3,3,1,3,1,4,3,2,2,3,3,4,3,2,1,3,3,4,3,3
1,2,2,1,4,1,1,2,2,2,5,3,1,2,2,1,2,2,1,2,2
1,2,2,5,1,1,1,2,2,2,6,3,1,2,2,1,2,2,1,2,5
6,6,4,1,1,4,6,6,4,6,4,6,6,1,1,6,1,1,6,1,1
1,2,3,2,2,3,4,2,2,2,3,2,4,2,2,2,3,3,4,3,3
6,1,6,1,1,4,6,1,6,6,4,6,6,1,1,6,1,1,6,1,1
1,2,2,1,2,3,1,2,2,2,1,1,1,2,2,2,3,3,1,3,3
1,2,2,1,4,1,1,2,2,2,5,3,1,2,2,1,2,2,1,2,2
1,2,2,5,6,1,1,2,2,2,6,3,1,2,2,1,2,2,1,2,2
6,4,3,1,4,5,6,6,6,6,6,3,6,6,1,6,1,1,6,6,6
4,3,3,4,4,2,4,3,2,2,3,3,4,3,3,4,3,3,4,3,3
6,1,6,6,4,1,6,1,6,6,6,6,6,1,1,6,1,1,6,1,1
1,2,3,2,2,2,1,2,2,1,1,2,1,2,2,2,3,3,1,3,3
6,1,6,6,1,4,6,1,6,6,4,6,6,1,1,6,1,1,6,4,1
4,3,3,1,3,2,4,3,2,4,3,3,4,3,2,4,3,3,4,3,3
6,1,6,6,1,4,6,1,4,6,4,6,6,1,1,6,1,1,6,1,1
4,2,3,2,2,2,4,2,2,2,3,2,4,2,2,2,3,3,1,3,3
6,1,6,6,1,4,6,1,6,6,4,6,6,1,1,6,1,1,6,1,1
1,2,2,2,2,2,4,2,2,1,1,2,4,2,2,2,3,3,1,3,3
6,1,6,6,1,4,6,1,6,6,4,6,6,1,1,6,1,1,6,4,1
4,3,3,1,3,2,4,3,2,2,3,3,4,3,3,1,3,3,4,3,3
6,2,2,1,4,1,1,2,2,2,5,3,1,2,2,1,2,2,1,2,2
4,2,2,5,1,1,1,2,2,2,6,3,1,2,2,1,2,2,1,2,5
6,1,4,1,1,4,6,1,4,6,4,6,6,1,1,6,1,1,6,1,1
1,2,3,2,2,2,4,2,2,2,3,2,4,2,2,2,3,3,1,3,3
6,1,6,6,1,4,6,1,6,6,4,6,6,1,1,6,1,1,6,1,1
1,2,2,2,2,2,1,2,2,1,1,2,1,2,2,2,3,3,1,3,3
6,1,3,6,1,5,6,6,6,1,6,3,6,6,1,1,1,1,6,6,6
1,3,3,1,4,2,1,3,2,2,3,3,1,3,3,1,3,3,1,3,3
6,1,6,1,4,4,1,1,6,6,6,6,6,1,1,6,1,1,6,1,1
1,2,3,2,2,2,1,2,2,1,1,2,1,2,2,2,3,3,1,3,3
6,4,3,6,5,5,6,6,6,1,6,3,6,6,1,6,1,6,6,6,6
1,3,2,4,4,2,1,3,2,2,3,3,1,3,3,1,3,3,4,3,3
6,1,6,1,4,4,6,1,6,4,6,6,6,1,1,6,1,1,6,1,1
1,2,3,2,2,2,4,2,2,1,1,2,4,2,2,2,3,3,4,3,3
6,1,6,1,1,4,6,1,6,6,4,6,6,1,1,6,1,1,6,1,1
4,3,3,1,3,2,4,3,2,4,3,3,4,3,3,1,3,3,4,3,3
1,2,2,1,4,1,1,2,2,2,5,3,6,2,2,1,2,2,1,2,2
4,2,2,4,6,1,1,2,2,2,6,3,1,6,2,1,2,2,1,2,5
6,6,4,1,1,4,6,1,6,6,4,6,6,1,1,6,1,1,6,1,1
4,2,3,2,2,2,4,2,2,1,3,2,4,2,2,2,3,3,1,3,3
6,1,6,6,1,4,6,1,6,6,4,6,6,1,1,6,1,1,6,1,6
1,2,2,2,2,2,4,2,2,1,1,2,4,2,2,2,3,3,1,3,3
6,1,6,6,1,4,6,1,6,6,4,6,6,1,1,6,1,1,6,1,1
1,2,2,2,2,2,1,2,2,1,1,2,4,2,2,2,3,3,1,3,3
6,4,3,1,5,5,6,6,6,1,6,3,6,6,5,6,6,6,6,6,6
1,3,2,4,4,2,1,3,2,2,3,3,1,3,3,1,3,3,4,3,3
6,1,6,6,4,4,6,1,6,6,4,6,6,1,1,6,1,1,6,1,1
1,2,3,2,2,2,4,2,2,1,1,2,4,2,2,2,3,3,1,3,3
6,1,4,6,1,4,6,6,6,6,4,6,6,1,1,6,1,1,6,1,1
1,3,3,4,3,2,1,3,2,2,3,3,1,3,3,1,3,3,1,3,3
1,2,2,1,4,1,1,2,2,2,5,3,1,2,2,1,2,2,1,2,2
1,2,2,5,1,1,1,2,2,2,6,3,1,2,2,1,2,2,1,2,5
6,6,6,6,1,4,6,6,6,6,4,6,6,1,1,6,1,1,6,1,1
4,2,3,2,2,2,4,2,2,1,3,2,4,2,2,2,3,3,1,3,3
6,6,4,6,1,4,6,1,6,6,4,6,6,1,1,6,1,1,6,1,1
4,2,3,2,2,2,4,2,2,4,3,2,4,2,2,2,3,3,4,3,3
6,1,6,6,1,4,6,1,6,6,4,6,6,1,1,6,1,6,6,1,6
1,2,2,6,2,2,1,2,2,1,1,2,1,2,2,2,3,3,1,3,3
1,2,2,1,4,1,1,2,2,2,5,3,1,2,2,1,2,2,1,2,2
4,2,2,5,1,1,1,2,2,2,6,3,1,2,2,2,2,2,1,2,2
6,1,3,6,4,5,6,6,6,6,6,3,6,6,1,6,1,6,6,6,6
1,2,2,4,4,2,1,3,2,4,3,3,4,3,3,4,3,3,4,3,3
6,1,6,1,4,1,6,1,6,6,4,6,6,1,1,6,1,6,6,1,1
1,2,3,2,2,2,4,2,2,1,1,2,4,2,2,2,3,3,1,3,3
6,6,4,6,1,4,6,1,6,6,4,6,6,1,1,6,1,1,6,1,1
1,3,3,1,3,2,4,3,2,2,3,3,4,3,3,1,3,3,1,3,3
1,2,2,1,4,1,1,2,2,2,5,3,1,2,2,1,2,2,1,2,2
1,2,2,5,6,1,1,2,2,2,6,3,1,2,2,1,2,2,1,2,5
6,6,6,6,1,4,6,6,6,6,4,6,6,1,1,6,1,1,6,1,1
4,2,3,2,2,2,4,2,2,4,3,2,4,2,2,2,3,3,4,3,3
6,1,6,6,1,4,6,6,6,6,4,6,6,1,1,6,1,6,6,1,1
1,2,2,2,2,2,1,2,2,1,1,2,1,2,2,2,3,3,1,3,3
6,4,3,6,4,6,1,6,6,6,6,3,6,6,5,1,6,6,6,6,6
1,3,2,4,4,2,1,3,2,2,3,3,1,3,2,1,3,3,4,3,3
6,1,6,6,4,4,6,1,6,6,4,6,6,1,1,6,1,6,6,1,1
1,2,3,2,2,2,4,2,2,1,1,2,4,2,2,2,3,3,1,3,3
6,6,6,1,1,4,6,1,6,6,4,6,6,1,1,6,1,1,6,1,1
4,3,3,1,3,2,4,3,2,2,3,3,4,3,3,1,3,3,4,3,3
6,4,3,6,4,5,6,6,6,1,6,3,6,6,5,1,6,6,6,6,6
1,3,2,4,4,2,1,3,2,2,3,3,1,3,3,1,3,3,4,3,3
6,1,6,6,4,4,6,1,6,6,4,6,6,1,1,6,1,6,6,1,1
1,2,3,2,2,2,4,2,2,1,1,2,4,2,2,2,3,3,1,3,3
6,6,6,6,1,4,6,6,6,6,4,6,6,1,1,6,1,1,6,1,1
1,3,3,1,3,2,4,3,2,2,3,3,4,3,3,1,3,3,4,3,3
1,2,2,1,4,1,1,2,2,1,5,3,1,2,2,1,2,2,1,2,2
1,2,2,5,1,1,1,2,2,2,6,3,1,2,2,2,2,2,1,2,5
6,6,4,6,4,4,6,6,6,6,4,6,6,1,1,6,1,1,6,1,1
1,2,3,2,2,2,1,2,2,2,3,2,4,2,2,2,3,3,1,3,3
6,1,6,6,1,4,6,1,6,6,4,6,6,1,1,6,1,6,6,1,6
1,2,2,2,2,2,4,2,2,1,1,2,4,2,2,2,3,3,1,3,3
1,2,2,1,2,1,1,1,2,2,5,3,1,2,2,1,2,2,1,2,2
5,4,1,5,6,1,5,6,2,5,6,3,5,6,1,5,5,6,5,5,5
1,6,5,1,1,4,6,1,1,4,4,6,6,1,1,6,1,1,6,6,6
2,1,4,2,1,3,2,1,2,3,1,1,2,1,2,2,1,1,5,1,1
1,6,1,5,4,1,1,1,1,4,5,6,6,1,1,6,1,1,6,6,6
2,1,2,2,1,3,2,1,2,3,1,1,2,1,2,2,1,1,2,1,1
1,4,2,1,1,5,1,6,6,2,6,3,1,6,5,1,2,2,1,5,5
5,6,6,5,5,2,5,1,2,5,4,6,5,1,3,2,1,6,5,1,1
1,1,1,1,4,4,1,6,1,4,6,3,6,6,1,1,1,1,1,6,6
2,1,2,2,1,3,2,1,2,3,1,1,2,1,2,2,1,1,2,1,2
1,6,5,1,4,1,1,1,1,4,5,6,6,1,1,1,1,1,1,6,6
5,1,1,5,1,3,5,1,2,3,1,4,5,1,3,2,1,1,5,1,1
1,6,1,1,1,1,1,1,1,4,5,6,6,1,1,1,1,1,1,6,6
2,1,2,2,1,3,2,4,2,3,1,1,2,1,2,2,1,1,2,1,1
1,4,2,1,1,5,1,6,6,2,6,3,6,6,5,1,2,2,1,5,5
5,6,6,5,5,2,5,1,2,5,4,6,5,1,3,2,1,6,5,1,1
1,1,1,1,4,4,1,6,1,4,6,6,1,6,1,1,1,1,1,6,6
2,1,1,2,1,3,2,1,2,3,1,1,2,1,2,2,1,1,2,1,2
1,6,5,1,1,1,1,1,1,4,5,6,1,1,1,1,1,1,4,6,6
5,1,1,5,1,3,5,1,2,3,1,4,5,1,3,2,1,1,5,1,1
1,2,2,1,2,1,1,1,2,2,5,3,1,2,2,1,2,2,1,2,2
5,4,1,5,6,1,5,6,2,5,6,3,5,6,1,5,5,6,5,5,5
1,6,3,4,1,1,1,1,1,4,4,6,2,1,1,2,1,1,4,4,4
2,1,4,2,1,3,2,1,2,3,1,1,2,1,2,2,1,1,5,1,1
1,4,2,1,1,5,1,6,6,2,6,3,1,6,5,1,2,6,1,5,5
5,6,6,5,1,2,5,1,2,5,4,6,5,1,3,2,1,6,5,1,1
1,1,1,6,4,4,6,6,1,4,6,6,6,6,1,1,1,1,6,6,6
2,1,2,2,1,3,2,1,2,3,1,1,2,1,2,2,1,1,2,1,2
1,6,5,1,1,1,1,1,1,4,5,6,6,1,1,1,1,1,6,6,6
5,6,3,5,1,3,5,1,2,3,1,4,5,1,1,2,1,4,5,1,1
1,2,2,1,2,1,1,2,2,2,5,3,1,2,2,1,2,2,1,2,2
5,4,1,5,6,1,5,6,2,5,6,3,5,6,1,5,5,6,5,5,5
1,6,5,4,1,4,1,1,3,4,4,6,4,1,1,2,1,1,4,4,4
2,1,4,2,1,3,2,1,2,3,1,1,2,1,2,2,1,1,5,1,1
1,6,1,1,4,1,1,1,1,4,5,6,6,1,1,1,1,1,1,6,6
2,1,2,2,1,3,2,1,2,3,1,1,2,1,2,2,1,1,2,1,1
6,1,2,1,2,1,1,1,2,2,5,3,1,2,2,1,2,2,1,2,2
5,4,1,5,6,1,5,6,2,5,6,3,5,6,1,5,5,6,5,5,5
1,4,5,1,1,1,1,6,1,4,6,3,1,6,5,1,2,1,1,5,5
5,6,6,5,5,2,5,1,2,5,4,6,5,1,3,2,1,1,5,1,1
1,1,1,1,4,4,1,6,1,4,6,6,1,6,1,1,1,1,4,6,6
2,1,2,2,1,3,2,1,2,3,1,1,2,1,2,2,1,1,2,1,2
1,6,5,1,4,1,1,1,1,4,5,6,6,1,1,1,1,1,6,6,6
5,6,1,2,1,3,5,1,2,3,1,4,5,1,1,2,1,4,5,1,1
1,6,5,1,4,4,1,1,3,2,4,6,1,1,1,2,1,1,2,4,4
2,1,1,2,1,3,2,1,2,3,1,1,2,1,2,2,1,1,5,1,1
1,6,1,1,4,1,1,1,1,4,5,6,6,1,1,1,1,1,1,6,6
2,1,2,2,1,3,2,4,2,3,1,1,2,1,2,2,1,1,2,1,1
1,6,5,1,1,1,1,1,4,4,5,6,4,1,1,1,1,1,4,6,4
5,6,4,5,1,3,5,1,2,3,1,4,5,1,1,2,1,4,5,1,1
6,2,2,1,2,1,1,2,2,1,5,3,1,2,2,1,2,2,1,2,2
5,4,1,5,6,1,5,6,2,6,6,3,5,6,1,5,1,6,5,5,5
4,6,5,1,4,4,1,1,3,2,4,6,2,1,1,2,1,1,2,4,4
2,1,1,2,1,3,2,1,2,3,1,1,2,1,2,2,1,1,5,1,1
1,1,1,1,4,1,1,1,1,4,5,6,1,1,1,1,1,1,1,6,6
2,1,2,2,1,3,2,4,2,3,1,1,2,1,2,2,1,1,2,1,1
1,4,2,1,1,5,1,6,3,2,6,3,1,6,5,1,2,2,1,5,5
5,6,6,5,5,2,2,1,2,5,4,6,5,1,3,2,1,6,5,1,1
1,1,1,1,4,1,1,6,1,4,6,6,4,6,1,1,1,1,4,6,6
2,1,2,2,1,3,2,1,2,3,1,1,2,1,2,2,1,1,2,1,2
6,4,2,1,1,5,1,6,3,2,6,3,1,6,5,1,2,1,1,5,5
5,6,6,5,5,2,2,1,2,5,4,6,5,1,3,2,1,1,5,1,1
1,1,1,1,4,4,1,6,1,4,6,6,6,6,1,1,1,1,1,6,6
2,1,2,2,1,3,2,1,2,3,1,1,2,1,2,2,1,1,2,2,2
1,6,5,1,1,1,1,1,5,4,5,6,6,1,1,1,1,1,1,6,4
2,6,3,2,1,3,2,1,2,3,1,4,2,1,1,2,1,4,5,1,1
6,2,2,1,2,1,1,2,2,2,5,3,1,2,2,1,2,2,1,2,2
5,4,1,5,6,1,5,6,2,5,6,3,5,6,1,5,5,6,5,1,5
2,6,5,1,1,4,1,1,3,2,4,6,6,1,1,2,1,1,2,4,4
2,1,1,2,1,3,2,1,2,3,1,1,2,1,2,2,1,1,5,1,1
1,1,1,1,4,1,1,1,1,4,5,6,4,1,1,1,1,1,4,6,6
2,1,2,2,1,3,2,1,2,3,1,1,2,1,2,2,1,1,2,1,1
1,4,1,1,4,1,1,1,1,4,6,6,6,1,1,1,1,1,1,6,6
2,1,2,2,1,3,2,1,2,3,1,1,2,1,2,2,1,1,2,1,1
6,4,2,1,1,5,6,6,3,2,6,3,6,6,1,1,2,2,1,5,5
5,6,6,5,5,2,2,1,2,5,4,6,5,1,3,2,1,6,5,1,1
1,1,1,1,4,4,1,6,1,4,6,6,1,6,1,1,1,1,1,6,6
2,1,2,2,1,3,2,1,2,3,1,1,2,1,2,2,1,1,2,1,2
1,6,5,4,1,1,1,1,3,4,5,6,4,1,1,4,1,1,4,4,4
5,1,4,2,1,3,5,1,2,3,1,4,5,1,3,2,1,4,5,1,1
6,2,2,1,2,1,1,2,2,2,5,3,1,2,2,1,2,2,1,2,2
5,4,1,5,6,1,5,6,2,5,6,3,5,6,1,5,1,6,5,1,5
6,6,5,1,1,4,1,1,4,2,4,6,1,1,1,1,1,1,1,4,4
2,1,1,2,1,3,2,1,2,3,1,1,2,1,2,2,1,1,5,1,1
1,6,3,1,1,1,1,1,1,4,4,6,1,1,1,1,1,1,1,4,4
2,1,1,2,1,3,2,1,2,3,1,1,2,1,2,2,1,1,2,1,1
1,1,1,1,4,1,1,1,1,4,5,6,6,1,1,1,1,1,1,6,6
2,1,2,2,1,3,2,4,2,3,1,1,2,1,2,2,1,1,2,1,1
1,2,2,1,2,1,1,2,2,2,5,3,1,2,2,1,2,2,1,2,2
5,4,1,5,6,1,5,6,2,6,6,3,5,6,1,5,1,6,5,5,5
6,4,2,1,1,5,1,6,1,1,6,3,6,6,5,1,6,1,1,6,5
5,6,6,5,5,2,2,1,2,5,4,6,5,1,3,2,1,1,5,1,1
1,4,1,1,4,4,1,6,1,4,6,6,6,6,1,1,1,1,1,6,6
2,1,2,2,1,3,2,1,2,3,1,1,2,1,2,2,1,1,2,1,2
1,6,5,1,1,1,1,1,3,4,5,6,6,1,1,1,1,1,1,6,4
5,1,4,2,1,3,5,1,2,3,1,4,5,1,3,2,1,4,5,1,1
1,2,2,1,2,1,1,2,2,2,5,3,1,2,2,1,2,2,1,2,2
5,4,1,5,6,1,5,6,2,5,6,3,5,6,1,5,5,6,5,1,5
1,6,5,1,1,4,1,1,4,2,4,6,1,1,1,2,1,1,1,4,4
2,1,1,2,1,3,2,1,2,3,1,1,2,1,2,2,1,1,5,1,1
1,1,1,1,4,1,1,1,1,4,5,6,6,1,1,1,1,1,1,6,6
2,1,2,2,1,3,2,4,2,3,1,1,2,1,2,2,1,1,2,1,1
6,4,2,1,1,5,1,6,1,1,6,3,6,6,5,1,2,1,1,5,5
5,6,6,5,5,2,2,1,2,3,4,6,5,1,3,2,1,1,5,1,1
6,1,1,1,4,4,1,6,1,4,6,6,6,6,1,1,1,1,1,6,6
2,1,2,2,1,3,2,1,2,3,1,1,2,1,2,2,1,1,2,2,2
1,6,5,1,4,1,1,1,3,4,5,6,6,1,1,1,1,1,1,6,4
5,1,4,5,1,3,5,1,2,3,1,4,5,1,2,2,1,4,5,1,1
1,4,2,1,1,5,1,6,1,1,6,3,1,6,5,1,6,1,1,6,5
5,6,6,5,5,2,2,1,2,3,4,6,5,1,3,2,1,1,5,1,1
1,1,1,1,4,1,1,6,1,4,6,6,6,1,1,1,1,1,1,6,6
2,1,2,2,1,3,2,1,2,3,1,1,2,1,2,2,1,1,2,1,2
1,6,3,1,4,1,1,1,1,4,5,6,4,1,1,1,1,1,4,4,4
5,1,4,5,1,3,5,1,2,3,1,4,5,1,4,2,1,4,5,1,1
1,2,2,1,2,1,1,2,2,1,5,3,1,2,2,1,2,2,1,2,2
5,4,1,5,6,1,5,6,2,5,6,3,5,6,1,5,5,6,5,5,5
1,6,3,1,1,4,1,1,4,4,4,6,1,1,1,2,1,1,4,4,4
2,1,1,2,1,3,2,1,2,3,1,1,2,1,2,2,1,1,2,1,1
1,1,1,1,4,1,1,1,1,4,5,6,6,1,1,1,1,1,1,6,6
2,1,2,2,1,3,2,4,2,3,1,1,2,1,2,2,1,1,2,1,1
6,5,2,1,2,3,1,6,2,2,5,3,1,2,2,1,2,2,1,2,2
5,6,5,5,6,5,5,6,5,5,6,3,5,6,5,5,5,5,5,5,5
6,4,5,1,1,4,1,1,1,1,4,6,1,1,1,1,4,1,1,6,4
5,1,5,5,1,5,5,1,5,5,1,1,5,5,5,2,5,1,5,5,5
6,1,1,1,1,1,6,1,1,6,6,6,6,1,1,6,1,1,6,6,6
5,6,5,5,3,5,5,2,5,5,1,1,5,5,5,2,1,1,5,5,5
6,4,5,6,1,3,1,6,1,2,6,3,6,6,1,1,2,1,1,6,5
5,6,5,5,4,5,5,1,5,5,4,5,5,1,5,6,6,5,5,1,1
1,1,1,1,1,4,1,6,1,4,6,6,1,6,1,1,6,1,1,6,6
5,6,5,5,3,5,5,4,1,5,1,1,5,5,5,2,1,1,5,5,5
1,4,5,1,4,4,1,1,1,4,5,6,1,4,1,1,1,1,1,6,6
5,6,4,3,1,5,5,1,5,5,4,5,5,1,5,5,1,5,5,1,5
1,6,6,1,4,1,1,6,1,4,6,6,6,6,1,1,6,1,1,6,6
5,6,5,5,3,5,5,2,5,5,1,1,5,5,5,2,1,1,5,5,5
1,4,5,1,1,3,1,6,3,2,6,3,1,6,1,1,2,1,1,6,5
5,6,5,5,4,5,5,1,5,5,4,5,5,1,5,6,6,4,5,1,1
1,4,1,1,1,1,1,6,1,4,6,6,6,6,1,1,6,1,1,6,6
5,6,5,2,3,5,5,4,1,5,1,1,5,5,5,2,1,1,5,5,5
6,4,5,1,4,4,1,1,1,1,5,6,1,1,1,1,1,1,1,6,6
2,6,5,2,1,5,2,1,5,5,4,5,2,1,5,2,1,5,5,1,5
1,5,2,1,2,3,1,6,2,2,5,3,1,2,2,1,2,2,1,2,2
5,6,5,5,6,5,5,6,5,5,6,3,5,6,5,5,5,5,5,5,5
6,4,5,1,1,4,1,1,1,1,4,6,1,4,1,1,4,1,1,6,4
5,6,5,5,3,5,5,1,5,5,1,1,5,4,5,2,1,1,5,5,5
6,4,5,1,1,3,1,6,5,2,6,3,1,6,1,1,2,1,1,6,5
5,6,5,5,4,5,5,1,5,5,4,5,5,1,5,5,6,5,5,1,1
1,6,1,5,1,1,1,6,1,2,6,6,1,6,1,1,6,1,1,6,6
5,6,5,5,3,5,5,4,5,5,1,1,5,5,5,2,5,1,5,5,5
1,4,5,1,4,4,1,1,1,1,5,6,1,1,1,1,1,1,1,6,6
5,6,4,5,1,5,5,1,5,5,4,5,5,1,5,5,1,5,5,1,5
6,5,2,1,2,3,1,6,2,2,5,3,1,2,2,1,2,2,1,2,2
5,6,5,5,6,5,5,6,5,5,6,3,5,6,5,5,5,5,5,5,5
1,4,5,1,1,4,1,4,1,1,4,6,1,4,1,1,1,1,1,6,4
5,1,5,5,1,5,5,1,5,5,1,1,5,5,5,2,5,1,5,5,5
1,4,5,1,4,4,1,6,1,1,6,6,1,1,1,1,6,1,1,6,6
5,6,5,2,3,5,2,2,5,5,1,1,2,5,5,2,1,1,5,5,5
6,5,2,1,2,3,1,6,2,2,5,3,1,5,2,1,2,2,1,2,2
5,6,5,5,6,5,5,6,5,5,6,3,5,6,5,5,5,5,5,5,5
6,4,5,1,1,1,1,6,1,2,6,3,1,6,1,1,6,1,1,6,6
5,6,5,5,4,5,5,1,5,5,4,5,5,1,5,5,6,5,5,1,1
6,6,1,1,1,1,1,6,1,1,6,6,6,6,1,1,6,1,1,6,6
5,6,5,5,3,5,5,5,5,5,1,1,5,5,5,2,5,1,5,5,5
1,4,5,1,4,4,1,1,1,1,5,6,1,1,1,1,1,1,1,6,6
5,6,5,5,1,5,5,1,5,5,4,5,5,1,5,5,5,5,5,5,5
1,4,5,1,1,4,1,1,1,2,5,6,1,4,1,1,1,4,5,6,4
5,6,5,5,3,5,5,1,5,5,1,1,5,5,5,2,5,1,5,5,5
1,4,5,1,4,4,1,6,1,1,6,6,1,6,1,1,6,1,1,6,6
5,6,5,5,3,5,5,2,5,5,1,1,5,5,5,2,1,1,5,5,5
1,4,5,1,4,4,1,1,1,1,5,6,1,4,1,1,6,1,1,6,6
5,6,4,5,1,5,5,1,5,5,4,5,5,1,5,5,5,5,5,1,5
1,5,2,1,2,3,1,6,2,2,5,3,1,5,2,1,2,2,1,2,2
5,6,5,5,6,5,5,6,5,5,6,3,5,6,5,5,5,5,5,5,5
2,4,1,2,1,1,2,4,1,2,4,6,2,4,1,2,4,4,2,6,4
5,6,5,5,3,5,5,1,5,5,1,1,5,5,5,2,5,1,5,5,5
6,4,5,1,4,4,1,6,1,1,6,6,1,6,1,1,6,1,1,6,6
5,6,5,2,3,5,5,2,5,5,1,1,5,5,5,2,1,1,5,5,5
6,4,5,1,6,1,1,6,3,1,6,3,1,6,1,1,2,2,1,6,5
5,6,5,5,4,5,5,1,5,5,4,5,5,1,5,5,6,5,5,1,1
1,4,1,1,1,1,1,6,1,1,6,6,1,6,1,1,6,1,1,6,6
5,6,5,5,3,5,5,5,5,5,1,1,5,5,5,2,1,1,5,5,5
1,4,5,1,1,1,1,6,1,1,6,3,1,6,1,1,5,1,1,6,5
5,6,5,5,4,5,5,1,5,5,4,5,5,1,5,5,6,5,5,1,1
1,6,1,1,1,1,1,6,5,2,6,6,1,6,1,1,6,1,1,6,6
5,6,5,5,3,5,5,5,5,5,1,1,5,5,5,2,1,1,5,5,5
1,4,5,1,4,4,1,6,1,1,5,6,1,4,1,1,6,1,1,6,6
5,6,4,5,1,5,5,1,5,5,4,5,5,1,5,5,5,5,5,5,5
6,5,2,1,2,3,1,1,2,2,5,3,1,2,2,1,2,2,1,2,2
5,6,5,5,6,5,5,6,5,5,6,3,5,6,5,5,5,5,5,5,5
1,4,5,1,1,4,1,4,1,1,4,6,1,4,1,1,1,1,1,6,4
5,6,5,5,3,5,5,1,5,5,1,1,5,5,5,2,5,1,5,5,5
1,4,5,1,4,4,1,6,1,1,5,6,1,6,1,1,6,1,1,6,6
5,6,5,5,4,5,5,2,5,5,1,1,5,5,5,2,1,1,5,5,5
1,4,5,1,4,4,1,6,1,1,6,6,1,6,1,1,6,1,1,6,6
5,6,5,5,4,5,5,2,5,5,1,1,5,5,5,2,1,1,5,5,5
6,4,5,6,1,1,1,6,3,2,6,3,6,6,1,1,2,2,1,5,5
5,6,5,5,4,5,5,1,5,5,4,5,5,1,5,5,6,5,5,1,5
1,6,1,1,4,1,1,6,5,1,6,6,1,6,1,1,6,1,1,6,6
5,6,5,2,3,5,5,5,5,5,1,1,5,5,5,2,1,1,5,5,5
6,4,5,1,4,4,1,6,1,1,5,6,1,4,1,1,6,1,1,6,6
5,6,5,5,1,5,5,1,5,5,4,5,5,5,5,5,5,5,5,5,5
1,5,2,1,2,3,1,6,2,2,5,3,1,2,2,1,2,2,1,2,2
5,6,5,5,6,5,5,6,5,5,6,3,5,6,5,5,5,5,5,5,5
1,4,5,1,1,4,1,4,1,1,4,6,1,4,1,1,1,1,1,6,4
5,6,5,5,3,5,5,1,5,5,1,1,5,4,5,2,5,1,5,5,5
1,4,5,1,1,4,1,4,1,1,4,6,1,4,1,1,1,4,1,6,4
5,6,5,5,3,5,5,1,5,5,1,1,5,4,5,2,5,1,5,5,5
1,4,5,1,4,4,1,6,1,1,5,6,1,6,1,1,6,1,1,6,6
2,6,5,2,4,5,2,2,5,5,1,1,2,5,5,2,1,1,2,5,5
1,5,2,1,2,3,1,1,2,2,5,3,1,2,2,1,2,2,1,2,2
5,6,5,5,6,5,5,6,5,5,6,3,5,6,5,5,5,5,5,5,5
1,4,5,1,1,1,1,6,5,2,6,3,1,6,1,1,6,1,1,6,6
5,6,5,5,4,5,5,1,5,5,4,5,5,1,5,5,6,5,5,1,1
1,6,1,1,1,1,1,6,5,1,6,6,1,6,1,1,6,1,1,6,6
5,6,5,2,3,5,5,5,5,5,1,1,5,5,5,2,1,1,5,5,5
6,4,5,1,4,4,1,1,1,1,5,6,1,4,1,1,6,1,1,6,6
5,6,4,2,1,5,5,1,5,5,4,5,2,1,5,5,5,5,5,5,5
6,5,2,1,2,3,1,1,2,2,5,3,1,2,2,1,2,2,1,2,2
5,6,5,5,6,5,5,6,5,5,6,3,5,6,5,5,5,5,5,5,5
1,4,5,1,1,4,1,4,1,1,4,6,1,4,1,1,1,1,1,6,4
5,6,5,5,3,5,5,5,5,5,1,1,5,4,5,2,5,1,5,5,5
1,4,5,1,4,4,1,6,1,1,6,6,1,6,1,1,6,1,1,6,6
5,6,5,5,4,5,5,2,5,6,1,1,5,5,5,2,1,1,5,5,5
1,4,5,1,1,1,1,6,1,1,6,3,1,6,1,1,5,1,1,6,5
5,6,5,5,4,5,5,1,5,5,4,5,5,1,5,5,6,5,5,1,1
1,6,1,1,1,1,1,6,1,1,6,6,1,6,1,1,6,1,1,6,6
5,6,5,5,3,5,5,4,5,5,1,1,5,5,5,2,5,1,5,5,5
1,4,5,1,4,4,1,1,1,1,5,6,1,4,1,1,6,1,1,6,6
5,6,4,5,1,5,5,1,5,5,1,5,5,1,5,5,5,5,5,5,5
6,4,5,1,1,1,1,6,1,1,6,3,1,6,1,1,5,1,1,6,5
5,6,5,5,4,5,5,1,5,5,4,5,5,1,5,5,6,5,5,1,1
1,6,1,1,6,1,1,6,1,1,6,6,1,6,1,1,6,1,1,6,6
5,6,5,5,3,5,5,5,5,5,1,1,5,5,5,2,1,1,5,5,5
1,4,5,1,1,4,1,6,1,1,5,6,1,4,1,1,6,1,1,6,6
5,6,4,2,1,5,5,1,5,5,4,5,2,5,5,2,5,5,5,5,5
1,5,2,1,2,3,1,1,2,2,5,3,1,2,2,1,2,2,1,2,2
5,6,5,5,6,5,5,6,5,5,6,3,5,6,5,5,5,5,5,5,5
1,4,5,1,1,4,1,4,1,1,4,6,1,4,1,1,1,1,1,6,4
5,6,5,5,3,5,5,5,5,5,1,1,5,4,5,2,5,1,5,5,5
1,4,5,1,4,4,1,6,1,1,6,6,1,6,1,1,6,1,1,6,6
5,6,5,5,4,6,5,2,5,5,1,1,5,5,5,2,1,1,5,5,5
1,2,2,1,2,3,1,2,2,2,5,3,1,2,2,1,2,2,1,2,2
5,6,5,5,6,5,5,6,6,6,6,6,5,6,1,5,6,6,5,6,5
6,4,5,1,4,4,1,1,1,2,4,6,1,4,1,2,1,4,1,6,4
5,6,5,5,4,5,5,5,5,5,1,5,5,4,5,2,5,5,5,5,5
1,4,1,1,4,1,1,6,1,2,6,6,1,6,1,1,6,1,1,6,6
5,4,1,5,4,5,5,5,5,5,1,1,5,5,5,2,5,1,5,5,5
1,4,5,1,1,1,1,6,3,2,6,3,1,6,1,1,2,2,1,5,5
5,6,5,5,4,5,5,1,5,5,5,5,5,1,5,5,6,5,5,5,5
1,4,5,1,1,4,1,6,3,2,6,6,1,6,1,1,6,1,1,6,6
5,6,5,5,4,5,5,5,5,5,1,1,5,5,5,2,5,5,5,5,5
1,4,5,1,4,4,1,6,1,2,5,6,1,6,5,1,6,4,1,6,6
5,6,4,5,5,4,5,1,5,5,5,5,5,5,5,5,5,5,5,5,5
1,4,5,1,4,4,1,6,5,2,6,6,1,6,1,1,6,1,1,6,6
5,5,5,5,5,5,5,5,5,5,1,1,5,5,5,2,5,1,5,5,5
1,4,5,1,6,3,1,6,1,2,6,3,1,6,1,1,2,2,1,5,5
5,6,5,5,4,5,5,6,5,5,5,5,5,1,5,5,6,5,5,5,5
1,4,5,1,1,5,1,6,3,2,6,6,1,6,1,1,6,1,1,6,6
5,6,5,5,4,5,5,5,5,5,1,1,5,5,5,2,5,1,5,5,5
1,4,5,1,4,4,1,6,1,1,5,6,1,6,5,2,6,4,1,6,5
5,6,4,5,4,5,5,1,5,5,5,5,5,5,5,5,5,5,5,5,5
1,5,2,1,2,3,1,1,2,2,5,3,1,2,2,1,2,2,1,2,2
6,6,5,5,6,5,5,6,5,6,6,6,5,6,5,5,6,6,5,6,5
2,1,5,2,1,3,2,6,6,2,4,4,2,4,1,2,6,1,1,6,6
5,5,5,5,4,5,5,5,5,5,1,5,5,5,5,2,5,1,5,5,5
6,4,5,1,6,5,1,6,5,2,5,3,1,6,5,1,6,6,1,6,6
5,6,5,5,4,5,5,1,5,5,5,5,5,5,5,5,5,5,5,5,5
1,4,5,1,4,6,1,6,5,2,5,6,1,6,1,1,6,6,1,6,6
5,5,5,5,5,5,5,5,5,5,1,1,5,5,5,2,5,1,5,5,5
1,4,5,1,4,4,1,6,1,1,5,6,1,6,5,1,6,1,1,6,5
5,6,4,5,4,5,5,5,5,5,1,5,5,5,5,5,5,5,5,5,5
1,5,2,1,2,3,1,6,2,1,5,3,1,2,2,1,2,2,1,2,2
5,6,5,5,6,5,5,6,5,6,6,6,5,6,5,5,6,6,5,6,5
1,4,5,1,1,1,1,6,5,2,5,4,1,4,5,2,6,1,1,6,6
5,5,5,5,4,5,5,5,5,5,1,5,5,5,5,2,5,1,5,5,5
1,4,5,1,4,4,1,6,1,1,5,6,1,5,5,1,6,6,1,6,6
5,5,5,5,5,5,5,5,5,5,1,1,5,5,5,2,1,1,5,5,5
1,2,2,1,2,3,1,6,2,2,5,3,1,2,2,1,2,2,1,2,2
6,6,5,5,6,4,5,6,5,6,6,6,5,6,5,5,6,6,5,6,5
1,4,5,1,6,5,1,6,5,2,5,3,1,6,5,1,6,6,1,6,6
5,6,5,5,4,5,5,1,5,5,5,5,5,5,5,5,5,5,5,5,5
1,6,5,1,4,6,1,6,5,2,5,6,1,6,1,1,6,6,1,6,6
5,5,5,5,4,5,5,5,5,5,1,1,5,5,5,2,5,1,5,5,5
1,4,5,1,4,4,1,6,1,2,5,6,1,6,5,2,6,1,1,6,5
5,6,4,5,4,5,5,1,5,5,1,5,5,5,5,5,5,5,5,5,5
1,1,5,1,4,1,1,6,5,1,4,4,1,4,5,2,6,1,1,6,1
5,6,5,5,4,5,5,5,5,5,1,1,5,5,5,2,5,1,5,5,5
1,4,5,5,4,4,5,6,1,2,5,6,1,5,5,1,6,6,5,6,6
5,5,5,5,5,5,5,5,5,5,1,1,5,5,5,2,1,1,5,5,5
1,4,5,1,4,4,1,6,1,1,5,6,1,6,5,1,6,1,5,6,5
5,6,4,5,4,5,5,1,5,5,1,5,5,5,5,5,5,5,5,5,5
1,2,2,1,4,3,1,2,2,2,5,3,1,2,2,1,2,2,1,2,2
6,6,5,5,6,4,5,6,5,6,6,6,5,6,5,5,6,6,5,6,5
1,4,5,1,4,1,1,6,1,2,4,4,1,4,5,2,6,1,1,6,1
5,5,5,5,4,5,5,5,5,5,1,5,5,5,5,2,5,1,5,5,5
1,4,5,1,4,4,1,6,1,2,5,6,1,5,5,1,6,1,1,6,6
5,5,5,5,5,5,5,5,1,5,1,1,5,5,5,2,1,1,5,5,5
1,4,5,1,6,5,5,6,5,2,5,3,1,6,5,1,6,6,1,6,6
5,6,5,5,4,5,5,1,5,5,5,5,5,5,5,5,5,5,5,5,5
1,6,5,1,6,6,1,6,1,2,5,6,1,6,5,2,6,6,1,6,6
5,5,5,5,5,5,5,5,5,5,1,1,5,5,5,2,5,1,5,5,5
6,4,5,1,6,5,1,6,5,2,5,3,1,6,5,1,6,6,1,6,6
5,6,5,5,5,5,5,1,5,5,5,5,5,5,5,5,5,5,5,5,5
1,6,5,1,4,6,1,6,5,2,5,6,1,6,5,1,6,6,1,6,6
5,5,5,5,5,5,5,5,5,5,1,1,5,5,5,2,1,1,5,5,5
1,4,5,1,4,1,1,6,5,2,5,6,1,6,5,1,6,5,1,6,5
5,5,4,5,5,5,5,5,5,5,1,5,5,5,5,5,5,5,5,5,5
1,5,2,1,4,3,1,6,2,2,5,3,1,2,2,1,2,2,1,2,2
6,6,5,5,6,4,5,6,5,6,6,6,5,6,5,6,6,6,5,6,5
1,4,5,1,1,1,1,6,5,1,5,4,1,6,5,2,6,1,5,6,1
5,5,5,5,5,5,5,5,5,5,1,5,5,5,5,2,5,1,5,5,5
1,4,5,1,4,4,1,6,1,1,5,6,1,5,5,1,6,5,5,6,5
5,5,5,5,5,5,5,5,5,5,1,1,5,5,5,2,1,1,5,5,5
1,4,5,5,4,4,1,6,1,2,5,6,1,5,5,2,6,6,1,6,5
5,5,5,5,5,5,5,5,5,5,1,1,5,5,5,2,1,1,5,5,5
1,4,5,1,6,5,1,6,5,2,5,3,1,6,5,1,6,6,1,6,6
5,6,5,5,5,5,5,1,5,5,5,5,5,5,5,5,5,5,5,5,5
1,4,5,1,4,6,1,6,5,2,5,6,1,6,1,2,6,6,1,6,6
5,5,5,5,5,5,5,5,5,5,1,1,5,5,5,2,5,1,5,5,5
1,4,5,1,4,4,1,6,1,1,5,6,1,6,5,1,6,1,1,6,5
5,5,4,5,4,5,5,5,5,5,1,5,5,5,5,2,5,5,5,5,5
1,5,2,1,4,3,1,1,2,2,5,3,1,2,2,1,2,2,1,2,2
6,6,5,5,6,4,5,6,5,6,6,6,5,6,5,5,6,6,5,5,5
2,4,5,2,4,4,2,6,1,1,5,6,2,4,1,2,6,4,1,6,4
5,6,5,5,4,5,5,5,5,5,1,5,5,5,5,2,5,5,5,5,5
1,4,5,1,4,4,1,6,1,1,5,6,1,4,1,1,6,4,1,6,4
5,5,5,5,4,5,5,5,5,5,1,1,5,5,5,2,5,5,5,5,5
1,4,5,1,6,4,1,6,5,1,6,6,1,6,5,1,6,1,5,6,6
5,5,5,5,5,5,5,5,5,5,1,1,5,5,5,2,1,1,5,5,5
1,5,2,1,2,3,1,6,2,2,5,3,1,2,2,1,2,2,1,2,2
5,6,5,5,6,5,5,6,5,6,6,6,5,6,5,6,6,5,5,5,5
1,4,5,1,1,1,1,6,5,2,6,3,1,6,1,1,5,1,1,6,6
5,6,5,5,1,5,5,1,5,5,5,5,5,1,5,5,6,5,5,5,5
1,4,1,1,1,4,1,1,1,2,6,6,1,6,1,1,6,1,1,6,6
5,6,5,5,4,5,5,5,5,5,1,1,5,5,5,2,5,5,5,5,5
1,4,5,1,4,4,1,6,1,2,5,6,1,4,1,1,6,4,1,6,6
5,6,4,5,4,5,5,1,5,5,5,5,5,5,5,5,5,5,5,5,5
1,5,2,1,2,3,1,6,2,2,5,3,1,5,2,1,2,2,1,2,2
5,6,5,5,6,5,5,6,5,5,6,6,5,6,5,5,6,5,5,5,5
1,4,5,1,1,4,1,4,1,2,5,4,1,4,1,2,6,4,1,6,4
5,6,5,5,4,5,5,5,5,5,1,1,5,5,5,2,5,5,5,5,5
1,4,5,1,4,4,1,6,1,2,6,6,1,6,5,1,6,1,1,6,6
5,5,5,5,5,5,5,5,5,5,1,1,5,5,5,2,1,1,5,5,5
1,4,5,1,1,1,1,6,5,2,6,3,1,6,1,1,5,1,1,6,6
5,6,5,5,4,5,5,1,5,5,5,5,5,1,5,5,6,5,5,5,5
1,4,1,1,1,4,1,6,5,2,6,6,1,6,1,1,6,1,1,6,6
5,5,5,5,4,5,5,5,5,5,1,1,5,5,5,2,5,5,5,5,5
1,4,5,1,4,4,1,6,1,1,5,6,1,6,1,1,6,4,5,6,6
5,6,4,5,4,5,5,1,5,5,5,5,5,5,5,5,5,5,5,5,5
1,4,5,1,1,1,1,6,5,2,6,3,1,6,5,1,5,1,1,6,6
5,6,5,5,1,5,5,1,5,5,5,5,5,1,5,5,6,5,5,5,5
1,4,6,1,6,4,1,6,5,2,6,6,1,6,1,1,6,1,1,6,6
5,6,5,5,4,5,5,5,5,5,1,1,5,5,5,2,5,5,5,5,5
1,4,5,1,4,4,1,6,1,2,5,6,1,4,1,1,6,4,1,6,6
5,6,4,5,4,5,5,1,5,5,5,5,5,5,5,5,5,5,5,5,5
1,5,2,1,4,3,1,6,2,2,5,3,1,5,2,1,2,2,1,2,2
5,6,5,5,6,5,5,6,5,5,6,6,5,6,5,5,6,5,5,5,5
2,4,5,2,4,4,2,6,1,2,5,4,2,4,1,2,6,4,1,6,4
5,6,5,5,4,5,5,5,5,5,1,1,5,4,5,2,5,5,5,5,5
1,4,5,1,4,4,1,6,1,2,6,6,1,6,5,1,6,1,1,6,6
5,5,5,5,5,5,5,5,1,5,1,1,5,5,5,2,1,1,5,5,5
